Execution ID,Run ID,Run Correlative,Run Total,Scenario,Seed,Tasks,Method,Normalized Mission Value,Weighted Impact Coverage,Impact Coverage,Physical Completed Tasks,Physical Completion Rate,Medical Evacuees,Personnel Transported,Cargo Delivered kg,Medical Impact Coverage,Personnel Impact Coverage,Cargo Impact Coverage,Average Response Time,Maximum Response Time,Makespan,Total Flight Time,Task Flight Time,Return Flight Time,Value per Flight Minute,Runtime sec,Solver Time sec,Graph Time sec,Matrix Time sec,End-to-end sec,Optimal Certified,MIP Gap,Primal Bound,Dual Bound,Variables,Constraints,Nonzeros,Solver Message,MIP Nodes,Time Limit sec
20260731_124647-0400,20260731_124647-0400-0001,1,150,A4x4_T20_S1,1,20,Greedy-Benefit,0.4562900666450066,0.6551181102362205,0.6342105263157897,13.0,0.65,13.0,9.0,350.0,0.6842105263157895,0.6923076923076923,0.35,44.53846153846154,82.0,102.0,243.4748223309835,126.86355396094426,116.61126837003928,0.0018740749547594647,0.001956625026650727,,,,0.0019568330608308315,False,,,,,,,Constructive heuristic,,
20260731_124647-0400,20260731_124647-0400-0001,1,150,A4x4_T20_S1,1,20,Greedy-Density-Operational,0.4708142531806667,0.7653543307086613,0.7394736842105266,15.0,0.75,15.0,11.0,350.0,0.7894736842105263,0.8461538461538461,0.35,48.86666666666667,93.0,105.0,273.69514542900066,142.1014750263801,131.59367040262055,0.0017202141179475205,0.005318249925039709,,,,0.00531912490259856,False,,,,,,,Constructive heuristic,,
20260731_124647-0400,20260731_124647-0400-0001,1,150,A4x4_T20_S1,1,20,Greedy-Density-Cycle,0.4622666815444112,0.7039370078740157,0.7157894736842108,15.0,0.75,12.0,11.0,700.0,0.631578947368421,0.8461538461538461,0.7,45.06666666666667,85.0,101.0,261.40469275463306,132.07388031695598,129.33081243767705,0.0017683947318356554,0.0037867079954594374,,,,0.003787333029322326,False,,,,,,,Constructive heuristic,,
20260731_124647-0400,20260731_124647-0400-0001,1,150,A4x4_T20_S1,1,20,HiGHS-1s,,,,,,,,,,,,,,,,,,,3.650952582946047,3.650952582946047,0.10259016696363688,0.05398258403874934,3.8075253339484334,False,,,,29318.0,11620.0,76358.0,Time limit reached. (HiGHS Status 13: model_status is Time limit reached; primal_status is At lower/fixed bound),,1.0
20260731_124647-0400,20260731_124647-0400-0001,1,150,A4x4_T20_S1,1,20,HiGHS-5s,0.5269807318306424,0.7181102362204724,0.6868421052631583,14.0,0.7,15.0,9.0,350.0,0.7894736842105263,0.6923076923076923,0.35,45.42857142857143,84.0,96.0,244.3097911628172,123.55080084259983,120.75899032021738,0.00215701846955222,3.603085167007521,3.603085167007521,0.10259016696363688,0.05398258403874934,3.759657918009907,True,0.0,0.5269807318306425,0.5269807318306425,29318.0,11620.0,76358.0,Optimization terminated successfully. (HiGHS Status 7: Optimal),1.0,5.0
20260731_124647-0400,20260731_124647-0400-0001,1,150,A4x4_T20_S1,1,20,HiGHS-15s,0.5269807318306424,0.7181102362204724,0.6868421052631583,14.0,0.7,15.0,9.0,350.0,0.7894736842105263,0.6923076923076923,0.35,45.42857142857143,84.0,96.0,244.3097911628172,123.55080084259983,120.75899032021738,0.00215701846955222,3.6424378330120817,3.6424378330120817,0.10259016696363688,0.05398258403874934,3.799010584014468,True,0.0,0.5269807318306425,0.5269807318306425,29318.0,11620.0,76358.0,Optimization terminated successfully. (HiGHS Status 7: Optimal),1.0,15.0
20260731_124647-0400,20260731_124647-0400-0001,1,150,A4x4_T20_S1,1,20,HiGHS-60s,0.5269807318306424,0.7181102362204724,0.6868421052631583,14.0,0.7,15.0,9.0,350.0,0.7894736842105263,0.6923076923076923,0.35,45.42857142857143,84.0,96.0,244.3097911628172,123.55080084259983,120.75899032021738,0.00215701846955222,3.4991847499040887,3.4991847499040887,0.10259016696363688,0.05398258403874934,3.655757500906475,True,0.0,0.5269807318306425,0.5269807318306425,29318.0,11620.0,76358.0,Optimization terminated successfully. (HiGHS Status 7: Optimal),1.0,60.0
20260731_124647-0400,20260731_124647-0400-0001,1,150,A4x4_T20_S1,1,20,HiGHS-600s,0.5269807318306424,0.7181102362204724,0.6868421052631583,14.0,0.7,15.0,9.0,350.0,0.7894736842105263,0.6923076923076923,0.35,45.42857142857143,84.0,96.0,244.3097911628172,123.55080084259983,120.75899032021738,0.00215701846955222,3.590755166951567,3.590755166951567,0.10259016696363688,0.05398258403874934,3.747327917953953,True,0.0,0.5269807318306425,0.5269807318306425,29318.0,11620.0,76358.0,Optimization terminated successfully. (HiGHS Status 7: Optimal),1.0,600.0
20260731_124647-0400,20260731_124647-0400-0002,2,150,A4x4_T20_S2,2,20,Greedy-Benefit,0.45696011054276614,0.6821561338289964,0.6463414634146343,11.0,0.55,11.0,9.0,200.0,0.7857142857142857,0.6428571428571429,0.25,45.81818181818182,83.0,101.0,255.0683471016,128.70657437681777,126.36177272478224,0.0017915202561796023,0.001762000028975308,,,,0.0017622499726712704,False,,,,,,,Constructive heuristic,,
20260731_124647-0400,20260731_124647-0400-0002,2,150,A4x4_T20_S2,2,20,Greedy-Density-Operational,0.46099565189121045,0.6356877323420076,0.6310975609756098,11.0,0.55,9.0,9.0,450.0,0.6428571428571429,0.6428571428571429,0.5625,40.81818181818182,68.0,86.0,231.64425736797432,116.02440357516022,115.61985379281413,0.0019901017928491277,0.0010797500144690275,,,,0.0010800410527735949,False,,,,,,,Constructive heuristic,,
20260731_124647-0400,20260731_124647-0400-0002,2,150,A4x4_T20_S2,2,20,Greedy-Density-Cycle,0.46099565189121045,0.6356877323420076,0.6310975609756098,11.0,0.55,9.0,9.0,450.0,0.6428571428571429,0.6428571428571429,0.5625,40.81818181818182,68.0,86.0,231.64425736797432,116.02440357516022,115.61985379281413,0.0019901017928491277,0.0010805840138345957,,,,0.0010808339575305581,False,,,,,,,Constructive heuristic,,
20260731_124647-0400,20260731_124647-0400-0002,2,150,A4x4_T20_S2,2,20,HiGHS-1s,0.4895958408403565,0.6635687732342009,0.6615853658536586,12.0,0.6,9.0,10.0,450.0,0.6428571428571429,0.7142857142857143,0.5625,37.5,68.0,84.0,210.38409363403886,105.35970342541177,105.02439020862707,0.0023271523639615257,0.8135880829067901,0.8135880829067901,0.019304499961435795,0.004487917060032487,0.8373804999282584,True,0.0,0.4895958408403565,0.4895958408403565,5576.0,2586.0,14166.0,Optimization terminated successfully. (HiGHS Status 7: Optimal),1.0,1.0
20260731_124647-0400,20260731_124647-0400-0002,2,150,A4x4_T20_S2,2,20,HiGHS-5s,0.4895958408403565,0.6635687732342009,0.6615853658536586,12.0,0.6,9.0,10.0,450.0,0.6428571428571429,0.7142857142857143,0.5625,37.5,68.0,84.0,210.38409363403886,105.35970342541177,105.02439020862707,0.0023271523639615257,0.8099691669922322,0.8099691669922322,0.019304499961435795,0.004487917060032487,0.8337615840137005,True,0.0,0.4895958408403565,0.4895958408403565,5576.0,2586.0,14166.0,Optimization terminated successfully. (HiGHS Status 7: Optimal),1.0,5.0
20260731_124647-0400,20260731_124647-0400-0002,2,150,A4x4_T20_S2,2,20,HiGHS-15s,0.4895958408403565,0.6635687732342009,0.6615853658536586,12.0,0.6,9.0,10.0,450.0,0.6428571428571429,0.7142857142857143,0.5625,37.5,68.0,84.0,210.38409363403886,105.35970342541177,105.02439020862707,0.0023271523639615257,0.8081222919281572,0.8081222919281572,0.019304499961435795,0.004487917060032487,0.8319147089496255,True,0.0,0.4895958408403565,0.4895958408403565,5576.0,2586.0,14166.0,Optimization terminated successfully. (HiGHS Status 7: Optimal),1.0,15.0
20260731_124647-0400,20260731_124647-0400-0002,2,150,A4x4_T20_S2,2,20,HiGHS-60s,0.4895958408403565,0.6635687732342009,0.6615853658536586,12.0,0.6,9.0,10.0,450.0,0.6428571428571429,0.7142857142857143,0.5625,37.5,68.0,84.0,210.38409363403886,105.35970342541177,105.02439020862707,0.0023271523639615257,0.8074689999921247,0.8074689999921247,0.019304499961435795,0.004487917060032487,0.831261417013593,True,0.0,0.4895958408403565,0.4895958408403565,5576.0,2586.0,14166.0,Optimization terminated successfully. (HiGHS Status 7: Optimal),1.0,60.0
20260731_124647-0400,20260731_124647-0400-0002,2,150,A4x4_T20_S2,2,20,HiGHS-600s,0.4895958408403565,0.6635687732342009,0.6615853658536586,12.0,0.6,9.0,10.0,450.0,0.6428571428571429,0.7142857142857143,0.5625,37.5,68.0,84.0,210.38409363403886,105.35970342541177,105.02439020862707,0.0023271523639615257,0.806104207993485,0.806104207993485,0.019304499961435795,0.004487917060032487,0.8298966250149533,True,0.0,0.4895958408403565,0.4895958408403565,5576.0,2586.0,14166.0,Optimization terminated successfully. (HiGHS Status 7: Optimal),1.0,600.0
20260731_124647-0400,20260731_124647-0400-0003,3,150,A4x4_T20_S3,3,20,Greedy-Benefit,0.4808597526744022,0.7448979591836735,0.7107438016528926,12.0,0.6,15.0,6.0,800.0,0.8333333333333334,0.6666666666666666,0.5161290322580645,44.833333333333336,87.0,107.0,283.2820732777394,147.42500333856452,135.85706993917495,0.0016974591689144793,0.001135250087827444,,,,0.0011354160960763693,False,,,,,,,Constructive heuristic,,
20260731_124647-0400,20260731_124647-0400-0003,3,150,A4x4_T20_S3,3,20,Greedy-Density-Operational,0.49890349341298806,0.7908163265306122,0.7713498622589531,14.0,0.7,15.0,7.0,1000.0,0.8333333333333334,0.7777777777777778,0.6451612903225806,43.214285714285715,87.0,107.0,286.6216282950312,156.79314925513663,129.82847903989463,0.0017406344956614598,0.000940375030040741,,,,0.0009406249737367034,False,,,,,,,Constructive heuristic,,
20260731_124647-0400,20260731_124647-0400-0003,3,150,A4x4_T20_S3,3,20,Greedy-Density-Cycle,0.4885196661724558,0.7482993197278912,0.7162534435261707,14.0,0.7,16.0,4.0,1000.0,0.8888888888888888,0.4444444444444444,0.6451612903225806,39.214285714285715,80.0,102.0,252.95161842804248,134.36578517439585,118.58583325364661,0.0019312770924666991,0.0009202079381793737,,,,0.0009204999078065157,False,,,,,,,Constructive heuristic,,
20260731_124647-0400,20260731_124647-0400-0003,3,150,A4x4_T20_S3,3,20,HiGHS-1s,,,,,,,,,,,,,,,,,,,1.7652574590174481,1.7652574590174481,0.03239566704723984,0.006707124994136393,1.8043602510588244,False,,,,8917.0,3876.0,22899.0,Time limit reached. (HiGHS Status 13: model_status is Time limit reached; primal_status is At lower/fixed bound),,1.0
20260731_124647-0400,20260731_124647-0400-0003,3,150,A4x4_T20_S3,3,20,HiGHS-5s,0.5314324057024237,0.7142857142857142,0.6887052341597796,13.0,0.65,15.0,4.0,1000.0,0.8333333333333334,0.4444444444444444,0.6451612903225806,37.84615384615385,75.0,100.0,234.487675362034,117.31293957628054,117.17473578575344,0.002266355384699541,1.8119909160304815,1.8119909160304815,0.03239566704723984,0.006707124994136393,1.8510937080718577,True,0.0,0.5314324057024236,0.5314324057024236,8917.0,3876.0,22899.0,Optimization terminated successfully. (HiGHS Status 7: Optimal),1.0,5.0
20260731_124647-0400,20260731_124647-0400-0003,3,150,A4x4_T20_S3,3,20,HiGHS-15s,0.5314324057024237,0.7142857142857142,0.6887052341597796,13.0,0.65,15.0,4.0,1000.0,0.8333333333333334,0.4444444444444444,0.6451612903225806,37.84615384615385,75.0,100.0,234.487675362034,117.31293957628054,117.17473578575344,0.002266355384699541,1.7984670409932733,1.7984670409932733,0.03239566704723984,0.006707124994136393,1.8375698330346495,True,0.0,0.5314324057024236,0.5314324057024236,8917.0,3876.0,22899.0,Optimization terminated successfully. (HiGHS Status 7: Optimal),1.0,15.0
20260731_124647-0400,20260731_124647-0400-0003,3,150,A4x4_T20_S3,3,20,HiGHS-60s,0.5314324057024237,0.7142857142857142,0.6887052341597796,13.0,0.65,15.0,4.0,1000.0,0.8333333333333334,0.4444444444444444,0.6451612903225806,37.84615384615385,75.0,100.0,234.487675362034,117.31293957628054,117.17473578575344,0.002266355384699541,1.8114583749556914,1.8114583749556914,0.03239566704723984,0.006707124994136393,1.8505611669970676,True,0.0,0.5314324057024236,0.5314324057024236,8917.0,3876.0,22899.0,Optimization terminated successfully. (HiGHS Status 7: Optimal),1.0,60.0
20260731_124647-0400,20260731_124647-0400-0003,3,150,A4x4_T20_S3,3,20,HiGHS-600s,0.5314324057024237,0.7142857142857142,0.6887052341597796,13.0,0.65,15.0,4.0,1000.0,0.8333333333333334,0.4444444444444444,0.6451612903225806,37.84615384615385,75.0,100.0,234.487675362034,117.31293957628054,117.17473578575344,0.002266355384699541,1.8127615000121295,1.8127615000121295,0.03239566704723984,0.006707124994136393,1.8518642920535058,True,0.0,0.5314324057024236,0.5314324057024236,8917.0,3876.0,22899.0,Optimization terminated successfully. (HiGHS Status 7: Optimal),1.0,600.0
20260731_124647-0400,20260731_124647-0400-0004,4,150,A4x4_T20_S4,4,20,Greedy-Benefit,0.616615091190854,0.8970840480274442,0.8622589531680441,16.0,0.8,20.0,2.0,1550.0,1.0,0.5,0.7560975609756098,41.6875,79.0,91.0,224.6104212532938,113.24917792391682,111.36124332937698,0.0027452648356662643,0.0011859580408781767,,,,0.0011861660750582814,False,,,,,,,Constructive heuristic,,
20260731_124647-0400,20260731_124647-0400-0004,4,150,A4x4_T20_S4,4,20,Greedy-Density-Operational,0.5839602324083769,0.8970840480274441,0.8622589531680441,16.0,0.8,20.0,2.0,1550.0,1.0,0.5,0.7560975609756098,40.875,87.0,102.0,226.5891009879078,118.00113816070557,108.5879628272022,0.002577177056894456,0.0010867919772863388,,,,0.0010870419209823012,False,,,,,,,Constructive heuristic,,
20260731_124647-0400,20260731_124647-0400-0004,4,150,A4x4_T20_S4,4,20,Greedy-Density-Cycle,0.5839602324083769,0.8970840480274441,0.8622589531680441,16.0,0.8,20.0,2.0,1550.0,1.0,0.5,0.7560975609756098,40.875,87.0,102.0,226.5891009879078,118.00113816070557,108.5879628272022,0.002577177056894456,0.0009977500885725021,,,,0.000997958006337285,False,,,,,,,Constructive heuristic,,
20260731_124647-0400,20260731_124647-0400-0004,4,150,A4x4_T20_S4,4,20,HiGHS-1s,,,,,,,,,,,,,,,,,,,2.113258707919158,2.113258707919158,0.06076341704465449,0.07445587497204542,2.248477999935858,False,,,,18714.0,7093.0,49073.0,Time limit reached. (HiGHS Status 13: model_status is Time limit reached; primal_status is At lower/fixed bound),,1.0
20260731_124647-0400,20260731_124647-0400-0004,4,150,A4x4_T20_S4,4,20,HiGHS-5s,0.6766667296780762,0.8970840480274442,0.8622589531680441,16.0,0.8,20.0,2.0,1550.0,1.0,0.5,0.7560975609756098,36.625,68.0,86.0,205.17532918854042,103.44220771036056,101.73312147817988,0.003297992660005781,2.4571670000441372,2.4571670000441372,0.06076341704465449,0.07445587497204542,2.592386292060837,True,0.0,0.6766667296780763,0.6766667296780763,18714.0,7093.0,49073.0,Optimization terminated successfully. (HiGHS Status 7: Optimal),1.0,5.0
20260731_124647-0400,20260731_124647-0400-0004,4,150,A4x4_T20_S4,4,20,HiGHS-15s,0.6766667296780762,0.8970840480274442,0.8622589531680441,16.0,0.8,20.0,2.0,1550.0,1.0,0.5,0.7560975609756098,36.625,68.0,86.0,205.17532918854042,103.44220771036056,101.73312147817988,0.003297992660005781,2.4291628340724856,2.4291628340724856,0.06076341704465449,0.07445587497204542,2.5643821260891855,True,0.0,0.6766667296780763,0.6766667296780763,18714.0,7093.0,49073.0,Optimization terminated successfully. (HiGHS Status 7: Optimal),1.0,15.0
20260731_124647-0400,20260731_124647-0400-0004,4,150,A4x4_T20_S4,4,20,HiGHS-60s,0.6766667296780762,0.8970840480274442,0.8622589531680441,16.0,0.8,20.0,2.0,1550.0,1.0,0.5,0.7560975609756098,36.625,68.0,86.0,205.17532918854042,103.44220771036056,101.73312147817988,0.003297992660005781,2.413561583030969,2.413561583030969,0.06076341704465449,0.07445587497204542,2.548780875047669,True,0.0,0.6766667296780763,0.6766667296780763,18714.0,7093.0,49073.0,Optimization terminated successfully. (HiGHS Status 7: Optimal),1.0,60.0
20260731_124647-0400,20260731_124647-0400-0004,4,150,A4x4_T20_S4,4,20,HiGHS-600s,0.6766667296780762,0.8970840480274442,0.8622589531680441,16.0,0.8,20.0,2.0,1550.0,1.0,0.5,0.7560975609756098,36.625,68.0,86.0,205.17532918854042,103.44220771036056,101.73312147817988,0.003297992660005781,2.403429792029783,2.403429792029783,0.06076341704465449,0.07445587497204542,2.538649084046483,True,0.0,0.6766667296780763,0.6766667296780763,18714.0,7093.0,49073.0,Optimization terminated successfully. (HiGHS Status 7: Optimal),1.0,600.0
20260731_124647-0400,20260731_124647-0400-0005,5,150,A4x4_T20_S5,5,20,Greedy-Benefit,0.3893496930383553,0.6309523809523809,0.6277173913043477,12.0,0.6,10.0,8.0,850.0,0.6666666666666666,0.5714285714285714,0.6538461538461539,43.75,77.0,90.0,242.93513570248754,136.05100109882622,106.88413460366132,0.0016026899193172927,0.0012001671129837632,,,,0.0012004170566797256,False,,,,,,,Constructive heuristic,,
20260731_124647-0400,20260731_124647-0400-0005,5,150,A4x4_T20_S5,5,20,Greedy-Density-Operational,0.44620731213478576,0.6037414965986394,0.5706521739130433,12.0,0.6,11.0,7.0,500.0,0.7333333333333333,0.5,0.38461538461538464,38.833333333333336,71.0,79.0,213.40726245423716,107.10394931465075,106.30331313958638,0.0020908721990212024,0.000897624995559454,,,,0.0008978749392554164,False,,,,,,,Constructive heuristic,,
20260731_124647-0400,20260731_124647-0400-0005,5,150,A4x4_T20_S5,5,20,Greedy-Density-Cycle,0.4375641369312614,0.6258503401360543,0.6195652173913042,12.0,0.6,10.0,8.0,800.0,0.6666666666666666,0.5714285714285714,0.6153846153846154,40.666666666666664,84.0,97.0,218.4764949605854,115.4387713874262,103.0377235731592,0.002002797312407455,0.0009678329806774855,,,,0.0009680420625954866,False,,,,,,,Constructive heuristic,,
20260731_124647-0400,20260731_124647-0400-0005,5,150,A4x4_T20_S5,5,20,HiGHS-1s,,,,,,,,,,,,,,,,,,,2.7969169170828536,2.7969169170828536,0.025242916075512767,0.0059752080123871565,2.8281350411707535,False,,,,7123.0,3005.0,18388.0,Time limit reached. (HiGHS Status 13: model_status is Time limit reached; primal_status is At lower/fixed bound),,1.0
20260731_124647-0400,20260731_124647-0400-0005,5,150,A4x4_T20_S5,5,20,HiGHS-5s,0.5040429085609498,0.7397959183673469,0.720108695652174,14.0,0.7,12.0,10.0,750.0,0.8,0.7142857142857143,0.5769230769230769,42.642857142857146,76.0,98.0,225.03748988416606,112.81146526779348,112.22602461637256,0.002239817502498791,3.1218011669116095,3.1218011669116095,0.025242916075512767,0.0059752080123871565,3.1530192909995094,True,0.0,0.5040429085609498,0.5040429085609498,7123.0,3005.0,18388.0,Optimization terminated successfully. (HiGHS Status 7: Optimal),1.0,5.0
20260731_124647-0400,20260731_124647-0400-0005,5,150,A4x4_T20_S5,5,20,HiGHS-15s,0.5040429085609498,0.7397959183673469,0.720108695652174,14.0,0.7,12.0,10.0,750.0,0.8,0.7142857142857143,0.5769230769230769,42.642857142857146,76.0,98.0,225.03748988416606,112.81146526779348,112.22602461637256,0.002239817502498791,3.039319167030044,3.039319167030044,0.025242916075512767,0.0059752080123871565,3.070537291117944,True,0.0,0.5040429085609498,0.5040429085609498,7123.0,3005.0,18388.0,Optimization terminated successfully. (HiGHS Status 7: Optimal),1.0,15.0
20260731_124647-0400,20260731_124647-0400-0005,5,150,A4x4_T20_S5,5,20,HiGHS-60s,0.5040429085609498,0.7397959183673469,0.720108695652174,14.0,0.7,12.0,10.0,750.0,0.8,0.7142857142857143,0.5769230769230769,42.642857142857146,76.0,98.0,225.03748988416606,112.81146526779348,112.22602461637256,0.002239817502498791,3.048486291896552,3.048486291896552,0.025242916075512767,0.0059752080123871565,3.0797044159844518,True,0.0,0.5040429085609498,0.5040429085609498,7123.0,3005.0,18388.0,Optimization terminated successfully. (HiGHS Status 7: Optimal),1.0,60.0
20260731_124647-0400,20260731_124647-0400-0005,5,150,A4x4_T20_S5,5,20,HiGHS-600s,0.5040429085609498,0.7397959183673469,0.720108695652174,14.0,0.7,12.0,10.0,750.0,0.8,0.7142857142857143,0.5769230769230769,42.642857142857146,76.0,98.0,225.03748988416606,112.81146526779348,112.22602461637256,0.002239817502498791,3.052552832989022,3.052552832989022,0.025242916075512767,0.0059752080123871565,3.083770957076922,True,0.0,0.5040429085609498,0.5040429085609498,7123.0,3005.0,18388.0,Optimization terminated successfully. (HiGHS Status 7: Optimal),1.0,600.0
20260731_124647-0400,20260731_124647-0400-0006,6,150,A4x4_T20_S6,6,20,Greedy-Benefit,0.4511808320437851,0.7110694183864915,0.7195467422096316,14.0,0.7,8.0,9.0,1400.0,0.6153846153846154,0.9,0.6829268292682927,43.0,92.0,104.0,223.37802813706531,113.57714742979894,109.80088070726637,0.002019808464630816,0.0010948339477181435,,,,0.0010952090378850698,False,,,,,,,Constructive heuristic,,
20260731_124647-0400,20260731_124647-0400-0006,6,150,A4x4_T20_S6,6,20,Greedy-Density-Operational,0.414073694316237,0.6923076923076923,0.705382436260623,15.0,0.75,9.0,6.0,1650.0,0.6923076923076923,0.6,0.8048780487804879,46.13333333333333,93.0,105.0,239.72327351971768,120.87009915937475,118.85317436034293,0.0017272986816700493,0.0009297080105170608,,,,0.000929958070628345,False,,,,,,,Constructive heuristic,,
20260731_124647-0400,20260731_124647-0400-0006,6,150,A4x4_T20_S6,6,20,Greedy-Density-Cycle,0.4024711781695245,0.6923076923076923,0.705382436260623,14.0,0.7,9.0,6.0,1650.0,0.6923076923076923,0.6,0.8048780487804879,42.714285714285715,78.0,93.0,219.21461304859815,110.6808769707552,108.53373607784295,0.0018359687457528198,0.0009376250673085451,,,,0.0009379580151289701,False,,,,,,,Constructive heuristic,,
20260731_124647-0400,20260731_124647-0400-0006,6,150,A4x4_T20_S6,6,20,HiGHS-1s,0.5056808382580804,0.722326454033771,0.7082152974504247,14.0,0.7,11.0,5.0,1500.0,0.8461538461538461,0.5,0.7317073170731707,39.0,79.0,92.0,212.14136571344943,107.95881621799099,104.18254949545843,0.0023836974771866523,0.7228850000537932,0.7228850000537932,0.01537974993698299,0.0034965829690918326,0.741761332959868,True,0.0,0.5056808382580804,0.5056808382580804,4470.0,2223.0,11211.0,Optimization terminated successfully. (HiGHS Status 7: Optimal),1.0,1.0
20260731_124647-0400,20260731_124647-0400-0006,6,150,A4x4_T20_S6,6,20,HiGHS-5s,0.5056808382580804,0.722326454033771,0.7082152974504247,14.0,0.7,11.0,5.0,1500.0,0.8461538461538461,0.5,0.7317073170731707,39.0,79.0,92.0,212.14136571344943,107.95881621799099,104.18254949545843,0.0023836974771866523,0.7465177919948474,0.7465177919948474,0.01537974993698299,0.0034965829690918326,0.7653941249009222,True,0.0,0.5056808382580804,0.5056808382580804,4470.0,2223.0,11211.0,Optimization terminated successfully. (HiGHS Status 7: Optimal),1.0,5.0
20260731_124647-0400,20260731_124647-0400-0006,6,150,A4x4_T20_S6,6,20,HiGHS-15s,0.5056808382580804,0.722326454033771,0.7082152974504247,14.0,0.7,11.0,5.0,1500.0,0.8461538461538461,0.5,0.7317073170731707,39.0,79.0,92.0,212.14136571344943,107.95881621799099,104.18254949545843,0.0023836974771866523,0.7201522499090061,0.7201522499090061,0.01537974993698299,0.0034965829690918326,0.7390285828150809,True,0.0,0.5056808382580804,0.5056808382580804,4470.0,2223.0,11211.0,Optimization terminated successfully. (HiGHS Status 7: Optimal),1.0,15.0
20260731_124647-0400,20260731_124647-0400-0006,6,150,A4x4_T20_S6,6,20,HiGHS-60s,0.5056808382580804,0.722326454033771,0.7082152974504247,14.0,0.7,11.0,5.0,1500.0,0.8461538461538461,0.5,0.7317073170731707,39.0,79.0,92.0,212.14136571344943,107.95881621799099,104.18254949545843,0.0023836974771866523,0.7196556250564754,0.7196556250564754,0.01537974993698299,0.0034965829690918326,0.7385319579625502,True,0.0,0.5056808382580804,0.5056808382580804,4470.0,2223.0,11211.0,Optimization terminated successfully. (HiGHS Status 7: Optimal),1.0,60.0
20260731_124647-0400,20260731_124647-0400-0006,6,150,A4x4_T20_S6,6,20,HiGHS-600s,0.5056808382580804,0.722326454033771,0.7082152974504247,14.0,0.7,11.0,5.0,1500.0,0.8461538461538461,0.5,0.7317073170731707,39.0,79.0,92.0,212.14136571344943,107.95881621799099,104.18254949545843,0.0023836974771866523,0.7174907079897821,0.7174907079897821,0.01537974993698299,0.0034965829690918326,0.7363670408958569,True,0.0,0.5056808382580804,0.5056808382580804,4470.0,2223.0,11211.0,Optimization terminated successfully. (HiGHS Status 7: Optimal),1.0,600.0
20260731_124647-0400,20260731_124647-0400-0007,7,150,A4x4_T20_S7,7,20,Greedy-Benefit,0.6244546918848795,0.8560975609756095,0.8655172413793101,16.0,0.8,6.0,8.0,1850.0,0.8571428571428571,0.8,0.925,39.375,82.0,107.0,222.87081944609784,115.07639689162636,107.79442255447148,0.002801868335374009,0.0010946659604087472,,,,0.0010949160205200315,False,,,,,,,Constructive heuristic,,
20260731_124647-0400,20260731_124647-0400-0007,7,150,A4x4_T20_S7,7,20,Greedy-Density-Operational,0.5879155955393572,0.7390243902439023,0.7344827586206895,15.0,0.75,6.0,6.0,1550.0,0.8571428571428571,0.6,0.775,30.2,65.0,75.0,168.92284423849716,84.76076804327825,84.16207619521889,0.003480379448911579,0.0009634590242058039,,,,0.0009637089679017663,False,,,,,,,Constructive heuristic,,
20260731_124647-0400,20260731_124647-0400-0007,7,150,A4x4_T20_S7,7,20,Greedy-Density-Cycle,0.6058482474437636,0.8121951219512192,0.8034482758620688,16.0,0.8,6.0,8.0,1550.0,0.8571428571428571,0.8,0.775,33.25,70.0,86.0,178.38200337427523,93.34257088297142,85.03943249130381,0.003396352972741274,0.0010408749803900719,,,,0.0010411250405013561,False,,,,,,,Constructive heuristic,,
20260731_124647-0400,20260731_124647-0400-0007,7,150,A4x4_T20_S7,7,20,HiGHS-1s,,,,,,,,,,,,,,,,,,,4.0023809999693185,4.0023809999693185,0.24614320800174028,0.041586415958590806,4.29011062392965,False,,,,57261.0,15597.0,156210.0,Time limit reached. (HiGHS Status 13: model_status is Time limit reached; primal_status is At lower/fixed bound),,1.0
20260731_124647-0400,20260731_124647-0400-0007,7,150,A4x4_T20_S7,7,20,HiGHS-5s,,,,,,,,,,,,,,,,,,,5.019153333967552,5.019153333967552,0.24614320800174028,0.041586415958590806,5.306882957927883,False,,,,57261.0,15597.0,156210.0,Time limit reached. (HiGHS Status 13: model_status is Time limit reached; primal_status is At lower/fixed bound),,5.0
20260731_124647-0400,20260731_124647-0400-0007,7,150,A4x4_T20_S7,7,20,HiGHS-15s,0.5982766679920795,0.7024390243902437,0.6827586206896551,14.0,0.7,6.0,6.0,1300.0,0.8571428571428571,0.6,0.65,30.214285714285715,62.0,84.0,129.9450840247831,68.31062635411332,61.634457670669796,0.0046040731165942084,15.844233499956317,15.844233499956317,0.24614320800174028,0.041586415958590806,16.13196312391665,False,0.1742936863219344,0.5982766679920795,0.702552513896823,57261.0,15597.0,156210.0,Time limit reached. (HiGHS Status 13: Time limit reached),0.0,15.0
20260731_124647-0400,20260731_124647-0400-0007,7,150,A4x4_T20_S7,7,20,HiGHS-60s,0.7023826173201497,0.948780487804878,0.9448275862068964,18.0,0.9,7.0,9.0,1900.0,1.0,0.9,0.95,37.55555555555556,80.0,102.0,183.77429737218165,95.26850588128845,88.50579149089319,0.0038219850510307057,16.341281582950614,16.341281582950614,0.24614320800174028,0.041586415958590806,16.629011206910945,True,0.0,0.7023826173201497,0.7023826173201497,57261.0,15597.0,156210.0,Optimization terminated successfully. (HiGHS Status 7: Optimal),1.0,60.0
20260731_124647-0400,20260731_124647-0400-0007,7,150,A4x4_T20_S7,7,20,HiGHS-600s,0.7023826173201497,0.948780487804878,0.9448275862068964,18.0,0.9,7.0,9.0,1900.0,1.0,0.9,0.95,37.55555555555556,80.0,102.0,183.77429737218165,95.26850588128845,88.50579149089319,0.0038219850510307057,16.956256665987894,16.956256665987894,0.24614320800174028,0.041586415958590806,17.243986289948225,True,0.0,0.7023826173201497,0.7023826173201497,57261.0,15597.0,156210.0,Optimization terminated successfully. (HiGHS Status 7: Optimal),1.0,600.0
20260731_124647-0400,20260731_124647-0400-0008,8,150,A4x4_T20_S8,8,20,Greedy-Benefit,0.4616275291446092,0.6517189835575485,0.6037735849056605,12.0,0.6,11.0,14.0,100.0,0.7333333333333333,0.7368421052631579,0.07142857142857142,41.583333333333336,78.0,97.0,251.16406677827277,125.58203338913637,125.5820333891364,0.0018379521205640185,0.0012056250125169754,,,,0.0012059579603374004,False,,,,,,,Constructive heuristic,,
20260731_124647-0400,20260731_124647-0400-0008,8,150,A4x4_T20_S8,8,20,Greedy-Density-Operational,0.4017778799464968,0.6831091180866966,0.6533018867924527,13.0,0.65,11.0,14.0,450.0,0.7333333333333333,0.7368421052631579,0.32142857142857145,46.30769230769231,87.0,106.0,288.10597145233316,149.50112944057517,138.60484201175797,0.0013945489498921077,0.0009310420136898756,,,,0.000931291957385838,False,,,,,,,Constructive heuristic,,
20260731_124647-0400,20260731_124647-0400-0008,8,150,A4x4_T20_S8,8,20,Greedy-Density-Cycle,0.4017778799464968,0.6831091180866966,0.6533018867924527,13.0,0.65,11.0,14.0,450.0,0.7333333333333333,0.7368421052631579,0.32142857142857145,46.30769230769231,87.0,106.0,288.10597145233316,149.50112944057517,138.60484201175797,0.0013945489498921077,0.0009168339893221855,,,,0.0009171250276267529,False,,,,,,,Constructive heuristic,,
20260731_124647-0400,20260731_124647-0400-0008,8,150,A4x4_T20_S8,8,20,HiGHS-1s,,,,,,,,,,,,,,,,,,,1.480389125063084,1.480389125063084,0.017452916014008224,0.06949229096062481,1.567334332037717,False,,,,5187.0,2323.0,13262.0,Time limit reached. (HiGHS Status 13: model_status is Time limit reached; primal_status is At lower/fixed bound),,1.0
20260731_124647-0400,20260731_124647-0400-0008,8,150,A4x4_T20_S8,8,20,HiGHS-5s,0.5672282385442592,0.7414050822122571,0.6745283018867924,13.0,0.65,14.0,14.0,100.0,0.9333333333333333,0.7368421052631579,0.07142857142857142,41.0,78.0,97.0,229.65932673336079,115.42964894060347,114.22967779275734,0.002469868072037078,1.4746329169720411,1.4746329169720411,0.017452916014008224,0.06949229096062481,1.5615781239466742,True,0.0,0.5672282385442593,0.5672282385442593,5187.0,2323.0,13262.0,Optimization terminated successfully. (HiGHS Status 7: Optimal),1.0,5.0
20260731_124647-0400,20260731_124647-0400-0008,8,150,A4x4_T20_S8,8,20,HiGHS-15s,0.5672282385442592,0.7414050822122571,0.6745283018867924,13.0,0.65,14.0,14.0,100.0,0.9333333333333333,0.7368421052631579,0.07142857142857142,41.0,78.0,97.0,229.65932673336079,115.42964894060347,114.22967779275734,0.002469868072037078,1.4879125420702621,1.4879125420702621,0.017452916014008224,0.06949229096062481,1.5748577490448952,True,0.0,0.5672282385442593,0.5672282385442593,5187.0,2323.0,13262.0,Optimization terminated successfully. (HiGHS Status 7: Optimal),1.0,15.0
20260731_124647-0400,20260731_124647-0400-0008,8,150,A4x4_T20_S8,8,20,HiGHS-60s,0.5672282385442592,0.7414050822122571,0.6745283018867924,13.0,0.65,14.0,14.0,100.0,0.9333333333333333,0.7368421052631579,0.07142857142857142,41.0,78.0,97.0,229.65932673336079,115.42964894060347,114.22967779275734,0.002469868072037078,1.5824689998989925,1.5824689998989925,0.017452916014008224,0.06949229096062481,1.6694142068736255,True,0.0,0.5672282385442593,0.5672282385442593,5187.0,2323.0,13262.0,Optimization terminated successfully. (HiGHS Status 7: Optimal),1.0,60.0
20260731_124647-0400,20260731_124647-0400-0008,8,150,A4x4_T20_S8,8,20,HiGHS-600s,0.5672282385442592,0.7414050822122571,0.6745283018867924,13.0,0.65,14.0,14.0,100.0,0.9333333333333333,0.7368421052631579,0.07142857142857142,41.0,78.0,97.0,229.65932673336079,115.42964894060347,114.22967779275734,0.002469868072037078,1.461728124995716,1.461728124995716,0.017452916014008224,0.06949229096062481,1.548673331970349,True,0.0,0.5672282385442593,0.5672282385442593,5187.0,2323.0,13262.0,Optimization terminated successfully. (HiGHS Status 7: Optimal),1.0,600.0
20260731_124647-0400,20260731_124647-0400-0009,9,150,A4x4_T20_S9,9,20,Greedy-Benefit,0.49893326703504215,0.6782449725776966,0.7002967359050444,13.0,0.65,10.0,7.0,1100.0,0.5882352941176471,0.875,0.7586206896551724,40.53846153846154,101.0,116.0,214.21192167546067,114.33973858965284,99.87218308580785,0.0023291573276250483,0.0013771250378340483,,,,0.0013773749815300107,False,,,,,,,Constructive heuristic,,
20260731_124647-0400,20260731_124647-0400-0009,9,150,A4x4_T20_S9,9,20,Greedy-Density-Operational,0.5017999360123715,0.6965265082266912,0.7002967359050443,14.0,0.7,12.0,5.0,1100.0,0.7058823529411765,0.625,0.7586206896551724,35.857142857142854,87.0,102.0,211.58644224896767,111.03605782502733,100.55038442394033,0.002371607229077173,0.0011058750096708536,,,,0.0011061250697821379,False,,,,,,,Constructive heuristic,,
20260731_124647-0400,20260731_124647-0400-0009,9,150,A4x4_T20_S9,9,20,Greedy-Density-Cycle,0.5017999360123715,0.6965265082266912,0.7002967359050443,14.0,0.7,12.0,5.0,1100.0,0.7058823529411765,0.625,0.7586206896551724,35.857142857142854,87.0,102.0,211.58644224896767,111.03605782502733,100.55038442394033,0.002371607229077173,0.0009305420098826289,,,,0.0009307920699939132,False,,,,,,,Constructive heuristic,,
20260731_124647-0400,20260731_124647-0400-0009,9,150,A4x4_T20_S9,9,20,HiGHS-1s,,,,,,,,,,,,,,,,,,,1.911022917018272,1.911022917018272,0.04458887502551079,0.009081416996195912,1.9646932090399787,False,,,,11295.0,4843.0,29066.0,Time limit reached. (HiGHS Status 13: model_status is Time limit reached; primal_status is At lower/fixed bound),,1.0
20260731_124647-0400,20260731_124647-0400-0009,9,150,A4x4_T20_S9,9,20,HiGHS-5s,0.5666630688575884,0.7605118829981717,0.7448071216617208,14.0,0.7,13.0,7.0,850.0,0.7647058823529411,0.875,0.5862068965517241,38.857142857142854,93.0,113.0,222.40246676570655,116.65278061848058,105.749686147226,0.0025479171930882795,1.9233430000022054,1.9233430000022054,0.04458887502551079,0.009081416996195912,1.977013292023912,True,0.0,0.5666630688575885,0.5666630688575885,11295.0,4843.0,29066.0,Optimization terminated successfully. (HiGHS Status 7: Optimal),1.0,5.0
20260731_124647-0400,20260731_124647-0400-0009,9,150,A4x4_T20_S9,9,20,HiGHS-15s,0.5666630688575884,0.7605118829981717,0.7448071216617208,14.0,0.7,13.0,7.0,850.0,0.7647058823529411,0.875,0.5862068965517241,38.857142857142854,93.0,113.0,222.40246676570655,116.65278061848058,105.749686147226,0.0025479171930882795,1.9269055840559304,1.9269055840559304,0.04458887502551079,0.009081416996195912,1.980575876077637,True,0.0,0.5666630688575885,0.5666630688575885,11295.0,4843.0,29066.0,Optimization terminated successfully. (HiGHS Status 7: Optimal),1.0,15.0
20260731_124647-0400,20260731_124647-0400-0009,9,150,A4x4_T20_S9,9,20,HiGHS-60s,0.5666630688575884,0.7605118829981717,0.7448071216617208,14.0,0.7,13.0,7.0,850.0,0.7647058823529411,0.875,0.5862068965517241,38.857142857142854,93.0,113.0,222.40246676570655,116.65278061848058,105.749686147226,0.0025479171930882795,1.9845137919764966,1.9845137919764966,0.04458887502551079,0.009081416996195912,2.0381840839982033,True,0.0,0.5666630688575885,0.5666630688575885,11295.0,4843.0,29066.0,Optimization terminated successfully. (HiGHS Status 7: Optimal),1.0,60.0
20260731_124647-0400,20260731_124647-0400-0009,9,150,A4x4_T20_S9,9,20,HiGHS-600s,0.5666630688575884,0.7605118829981717,0.7448071216617208,14.0,0.7,13.0,7.0,850.0,0.7647058823529411,0.875,0.5862068965517241,38.857142857142854,93.0,113.0,222.40246676570655,116.65278061848058,105.749686147226,0.0025479171930882795,1.9607845830032602,1.9607845830032602,0.04458887502551079,0.009081416996195912,2.014454875024967,True,0.0,0.5666630688575885,0.5666630688575885,11295.0,4843.0,29066.0,Optimization terminated successfully. (HiGHS Status 7: Optimal),1.0,600.0
20260731_124647-0400,20260731_124647-0400-0010,10,150,A4x4_T20_S10,10,20,Greedy-Benefit,0.4787438180864308,0.7226277372262774,0.7471264367816092,15.0,0.75,9.0,16.0,1250.0,0.6428571428571429,0.7272727272727273,1.0,43.4,83.0,90.0,200.61793081273788,109.29538116032207,91.32254965241579,0.0023863461064868776,0.0013183749979361892,,,,0.001318583032116294,False,,,,,,,Constructive heuristic,,
20260731_124647-0400,20260731_124647-0400-0010,10,150,A4x4_T20_S10,10,20,Greedy-Density-Operational,0.4925106747112438,0.7503649635036498,0.7448275862068966,15.0,0.75,11.0,16.0,900.0,0.7857142857142857,0.7272727272727273,0.72,39.733333333333334,81.0,103.0,210.49150200753502,106.1693960151214,104.32210599241363,0.002339812629079977,0.0009955000132322311,,,,0.000995666952803731,False,,,,,,,Constructive heuristic,,
20260731_124647-0400,20260731_124647-0400-0010,10,150,A4x4_T20_S10,10,20,Greedy-Density-Cycle,0.4925106747112438,0.7503649635036498,0.7448275862068966,15.0,0.75,11.0,16.0,900.0,0.7857142857142857,0.7272727272727273,0.72,39.733333333333334,81.0,103.0,210.49150200753502,106.1693960151214,104.32210599241363,0.002339812629079977,0.000998334027826786,,,,0.0009986249497160316,False,,,,,,,Constructive heuristic,,
20260731_124647-0400,20260731_124647-0400-0010,10,150,A4x4_T20_S10,10,20,HiGHS-1s,,,,,,,,,,,,,,,,,,,1.1870168329915032,1.1870168329915032,0.017841125023551285,0.003952707978896797,1.2088106659939513,False,,,,4908.0,2216.0,12532.0,Time limit reached. (HiGHS Status 13: model_status is Time limit reached; primal_status is At lower/fixed bound),,1.0
20260731_124647-0400,20260731_124647-0400-0010,10,150,A4x4_T20_S10,10,20,HiGHS-5s,0.5519342707212379,0.8613138686131387,0.8620689655172413,17.0,0.85,13.0,17.0,1250.0,0.9285714285714286,0.7727272727272727,1.0,46.35294117647059,83.0,98.0,234.14389365188893,126.27871518301505,107.86517846887384,0.0023572439242930702,1.190059999935329,1.190059999935329,0.017841125023551285,0.003952707978896797,1.211853832937777,True,0.0,0.5519342707212379,0.5519342707212379,4908.0,2216.0,12532.0,Optimization terminated successfully. (HiGHS Status 7: Optimal),1.0,5.0
20260731_124647-0400,20260731_124647-0400-0010,10,150,A4x4_T20_S10,10,20,HiGHS-15s,0.5519342707212379,0.8613138686131387,0.8620689655172413,17.0,0.85,13.0,17.0,1250.0,0.9285714285714286,0.7727272727272727,1.0,46.35294117647059,83.0,98.0,234.14389365188893,126.27871518301505,107.86517846887384,0.0023572439242930702,1.2951486670644954,1.2951486670644954,0.017841125023551285,0.003952707978896797,1.3169425000669435,True,0.0,0.5519342707212379,0.5519342707212379,4908.0,2216.0,12532.0,Optimization terminated successfully. (HiGHS Status 7: Optimal),1.0,15.0
20260731_124647-0400,20260731_124647-0400-0010,10,150,A4x4_T20_S10,10,20,HiGHS-60s,0.5519342707212379,0.8613138686131387,0.8620689655172413,17.0,0.85,13.0,17.0,1250.0,0.9285714285714286,0.7727272727272727,1.0,46.35294117647059,83.0,98.0,234.14389365188893,126.27871518301505,107.86517846887384,0.0023572439242930702,1.1881959999445826,1.1881959999445826,0.017841125023551285,0.003952707978896797,1.2099898329470307,True,0.0,0.5519342707212379,0.5519342707212379,4908.0,2216.0,12532.0,Optimization terminated successfully. (HiGHS Status 7: Optimal),1.0,60.0
20260731_124647-0400,20260731_124647-0400-0010,10,150,A4x4_T20_S10,10,20,HiGHS-600s,0.5519342707212379,0.8613138686131387,0.8620689655172413,17.0,0.85,13.0,17.0,1250.0,0.9285714285714286,0.7727272727272727,1.0,46.35294117647059,83.0,98.0,234.14389365188893,126.27871518301505,107.86517846887384,0.0023572439242930702,1.1826640840154141,1.1826640840154141,0.017841125023551285,0.003952707978896797,1.2044579170178622,True,0.0,0.5519342707212379,0.5519342707212379,4908.0,2216.0,12532.0,Optimization terminated successfully. (HiGHS Status 7: Optimal),1.0,600.0
20260731_124647-0400,20260731_124647-0400-0011,11,150,A4x4_T20_S11,11,20,Greedy-Benefit,0.36491444504371184,0.5191815856777494,0.5462012320328542,11.0,0.55,11.0,6.0,1600.0,0.44,0.6666666666666666,0.6530612244897959,44.54545454545455,81.0,103.0,231.308174175673,119.21578986000519,112.09238431566781,0.0015776115407256125,0.0011412500170990825,,,,0.0011414160253480077,False,,,,,,,Constructive heuristic,,
20260731_124647-0400,20260731_124647-0400-0011,11,150,A4x4_T20_S11,11,20,Greedy-Density-Operational,0.3936155733753226,0.5959079283887468,0.6078028747433266,12.0,0.6,14.0,6.0,1600.0,0.56,0.6666666666666666,0.6530612244897959,42.666666666666664,79.0,98.0,233.5761327767055,122.28297479970024,111.29315797700525,0.0016851703497960209,0.0010049999691545963,,,,0.0010052500292658806,False,,,,,,,Constructive heuristic,,
20260731_124647-0400,20260731_124647-0400-0011,11,150,A4x4_T20_S11,11,20,Greedy-Density-Cycle,0.41851005802905583,0.653452685421995,0.6694045174537989,13.0,0.65,14.0,9.0,1600.0,0.56,1.0,0.6530612244897959,43.92307692307692,79.0,98.0,242.42167198479945,122.90515710133529,119.51651488346414,0.0017263722942035382,0.0009820000268518925,,,,0.000982334022410214,False,,,,,,,Constructive heuristic,,
20260731_124647-0400,20260731_124647-0400-0011,11,150,A4x4_T20_S11,11,20,HiGHS-1s,0.44785325245034174,0.6061381074168798,0.6344969199178645,11.0,0.55,12.0,9.0,1650.0,0.48,1.0,0.673469387755102,36.27272727272727,71.0,84.0,203.23865715321028,105.18095506285003,98.05770209036025,0.0022035830128159634,0.14886554097756743,0.14886554097756743,0.010781958000734448,0.002507957979105413,0.1621554569574073,True,0.0,0.4478532524503417,0.4478532524503417,3017.0,1520.0,7555.0,Optimization terminated successfully. (HiGHS Status 7: Optimal),1.0,1.0
20260731_124647-0400,20260731_124647-0400-0011,11,150,A4x4_T20_S11,11,20,HiGHS-5s,0.44785325245034174,0.6061381074168798,0.6344969199178645,11.0,0.55,12.0,9.0,1650.0,0.48,1.0,0.673469387755102,36.27272727272727,71.0,84.0,203.23865715321028,105.18095506285003,98.05770209036025,0.0022035830128159634,0.14969983301125467,0.14969983301125467,0.010781958000734448,0.002507957979105413,0.16298974899109453,True,0.0,0.4478532524503417,0.4478532524503417,3017.0,1520.0,7555.0,Optimization terminated successfully. (HiGHS Status 7: Optimal),1.0,5.0
20260731_124647-0400,20260731_124647-0400-0011,11,150,A4x4_T20_S11,11,20,HiGHS-15s,0.44785325245034174,0.6061381074168798,0.6344969199178645,11.0,0.55,12.0,9.0,1650.0,0.48,1.0,0.673469387755102,36.27272727272727,71.0,84.0,203.23865715321028,105.18095506285003,98.05770209036025,0.0022035830128159634,0.1481686249608174,0.1481686249608174,0.010781958000734448,0.002507957979105413,0.16145854094065726,True,0.0,0.4478532524503417,0.4478532524503417,3017.0,1520.0,7555.0,Optimization terminated successfully. (HiGHS Status 7: Optimal),1.0,15.0
20260731_124647-0400,20260731_124647-0400-0011,11,150,A4x4_T20_S11,11,20,HiGHS-60s,0.44785325245034174,0.6061381074168798,0.6344969199178645,11.0,0.55,12.0,9.0,1650.0,0.48,1.0,0.673469387755102,36.27272727272727,71.0,84.0,203.23865715321028,105.18095506285003,98.05770209036025,0.0022035830128159634,0.14832762500736862,0.14832762500736862,0.010781958000734448,0.002507957979105413,0.16161754098720849,True,0.0,0.4478532524503417,0.4478532524503417,3017.0,1520.0,7555.0,Optimization terminated successfully. (HiGHS Status 7: Optimal),1.0,60.0
20260731_124647-0400,20260731_124647-0400-0011,11,150,A4x4_T20_S11,11,20,HiGHS-600s,0.44785325245034174,0.6061381074168798,0.6344969199178645,11.0,0.55,12.0,9.0,1650.0,0.48,1.0,0.673469387755102,36.27272727272727,71.0,84.0,203.23865715321028,105.18095506285003,98.05770209036025,0.0022035830128159634,0.14852387504652143,0.14852387504652143,0.010781958000734448,0.002507957979105413,0.1618137910263613,True,0.0,0.4478532524503417,0.4478532524503417,3017.0,1520.0,7555.0,Optimization terminated successfully. (HiGHS Status 7: Optimal),1.0,600.0
20260731_124647-0400,20260731_124647-0400-0012,12,150,A4x4_T20_S12,12,20,Greedy-Benefit,0.6472078651392905,0.8091603053435114,0.8205128205128207,17.0,0.85,16.0,10.0,1000.0,0.8,0.7692307692307693,1.0,35.411764705882355,71.0,82.0,164.53480383443116,90.51361316845087,74.02119066598024,0.003933562079610621,0.001116708037443459,,,,0.001116915955208242,False,,,,,,,Constructive heuristic,,
20260731_124647-0400,20260731_124647-0400-0012,12,150,A4x4_T20_S12,12,20,Greedy-Density-Operational,0.6522023216532258,0.8091603053435115,0.8205128205128207,17.0,0.85,16.0,10.0,1000.0,0.8,0.7692307692307693,1.0,34.294117647058826,71.0,81.0,164.4655672688698,82.26740191721557,82.19816535165418,0.003965585821298385,0.000868750037625432,,,,0.0008689170936122537,False,,,,,,,Constructive heuristic,,
20260731_124647-0400,20260731_124647-0400-0012,12,150,A4x4_T20_S12,12,20,Greedy-Density-Cycle,0.6522023216532258,0.8091603053435115,0.8205128205128207,17.0,0.85,16.0,10.0,1000.0,0.8,0.7692307692307693,1.0,34.294117647058826,71.0,81.0,164.4655672688698,82.26740191721557,82.19816535165418,0.003965585821298385,0.0008481250843033195,,,,0.0008483330020681024,False,,,,,,,Constructive heuristic,,
20260731_124647-0400,20260731_124647-0400-0012,12,150,A4x4_T20_S12,12,20,HiGHS-1s,,,,,,,,,,,,,,,,,,,2.2203743749996647,2.2203743749996647,0.1664972910657525,0.019973000045865774,2.406844666111283,False,,,,24050.0,9197.0,62977.0,Time limit reached. (HiGHS Status 13: model_status is Time limit reached; primal_status is At lower/fixed bound),,1.0
20260731_124647-0400,20260731_124647-0400-0012,12,150,A4x4_T20_S12,12,20,HiGHS-5s,0.6752865152074445,0.8244274809160307,0.8205128205128207,17.0,0.85,18.0,8.0,1000.0,0.9,0.6153846153846154,1.0,35.529411764705884,72.0,80.0,161.2987455448019,80.68646378966595,80.6122817551359,0.0041865577622851305,3.3230519159696996,3.3230519159696996,0.1664972910657525,0.019973000045865774,3.509522207081318,True,0.0,0.6752865152074445,0.6752865152074445,24050.0,9197.0,62977.0,Optimization terminated successfully. (HiGHS Status 7: Optimal),1.0,5.0
20260731_124647-0400,20260731_124647-0400-0012,12,150,A4x4_T20_S12,12,20,HiGHS-15s,0.6752865152074445,0.8244274809160307,0.8205128205128207,17.0,0.85,18.0,8.0,1000.0,0.9,0.6153846153846154,1.0,35.529411764705884,72.0,80.0,161.2987455448019,80.68646378966595,80.6122817551359,0.0041865577622851305,3.388100540963933,3.388100540963933,0.1664972910657525,0.019973000045865774,3.574570832075551,True,0.0,0.6752865152074445,0.6752865152074445,24050.0,9197.0,62977.0,Optimization terminated successfully. (HiGHS Status 7: Optimal),1.0,15.0
20260731_124647-0400,20260731_124647-0400-0012,12,150,A4x4_T20_S12,12,20,HiGHS-60s,0.6752865152074445,0.8244274809160307,0.8205128205128207,17.0,0.85,18.0,8.0,1000.0,0.9,0.6153846153846154,1.0,35.529411764705884,72.0,80.0,161.2987455448019,80.68646378966595,80.6122817551359,0.0041865577622851305,3.3211399170104414,3.3211399170104414,0.1664972910657525,0.019973000045865774,3.5076102081220597,True,0.0,0.6752865152074445,0.6752865152074445,24050.0,9197.0,62977.0,Optimization terminated successfully. (HiGHS Status 7: Optimal),1.0,60.0
20260731_124647-0400,20260731_124647-0400-0012,12,150,A4x4_T20_S12,12,20,HiGHS-600s,0.6752865152074445,0.8244274809160307,0.8205128205128207,17.0,0.85,18.0,8.0,1000.0,0.9,0.6153846153846154,1.0,35.529411764705884,72.0,80.0,161.2987455448019,80.68646378966595,80.6122817551359,0.0041865577622851305,3.382285250001587,3.382285250001587,0.1664972910657525,0.019973000045865774,3.5687555411132053,True,0.0,0.6752865152074445,0.6752865152074445,24050.0,9197.0,62977.0,Optimization terminated successfully. (HiGHS Status 7: Optimal),1.0,600.0
20260731_124647-0400,20260731_124647-0400-0013,13,150,A4x4_T20_S13,13,20,Greedy-Benefit,0.4818623775076568,0.782991202346041,0.7783375314861462,14.0,0.7,18.0,9.0,650.0,0.782608695652174,0.8181818181818182,0.6842105263157895,43.5,81.0,93.0,218.60100478030432,112.8611256879887,105.73987909231562,0.0022043008356339997,0.0012177079916000366,,,,0.0012179160257801414,False,,,,,,,Constructive heuristic,,
20260731_124647-0400,20260731_124647-0400-0013,13,150,A4x4_T20_S13,13,20,Greedy-Density-Operational,0.4733909682817611,0.7536656891495601,0.7531486146095719,14.0,0.7,17.0,9.0,650.0,0.7391304347826086,0.8181818181818182,0.6842105263157895,40.214285714285715,81.0,93.0,215.11125332201766,111.17671411720099,103.93453920481667,0.0022006796993233233,0.0009483749745413661,,,,0.0009485830087214708,False,,,,,,,Constructive heuristic,,
20260731_124647-0400,20260731_124647-0400-0013,13,150,A4x4_T20_S13,13,20,Greedy-Density-Cycle,0.4733909682817611,0.7536656891495601,0.7531486146095719,14.0,0.7,17.0,9.0,650.0,0.7391304347826086,0.8181818181818182,0.6842105263157895,40.214285714285715,81.0,93.0,215.11125332201766,111.17671411720099,103.93453920481667,0.0022006796993233233,0.0008861670503392816,,,,0.0008863330585882068,False,,,,,,,Constructive heuristic,,
20260731_124647-0400,20260731_124647-0400-0013,13,150,A4x4_T20_S13,13,20,HiGHS-1s,,,,,,,,,,,,,,,,,,,1.9442655829479918,1.9442655829479918,0.03788479103241116,0.008671874995343387,1.9908222489757463,False,,,,11167.0,5151.0,28374.0,Time limit reached. (HiGHS Status 13: model_status is Time limit reached; primal_status is At lower/fixed bound),,1.0
20260731_124647-0400,20260731_124647-0400-0013,13,150,A4x4_T20_S13,13,20,HiGHS-5s,0.5717259427306152,0.8416422287390029,0.8287153652392948,15.0,0.75,20.0,9.0,650.0,0.8695652173913043,0.8181818181818182,0.6842105263157895,40.46666666666667,75.0,100.0,209.58539187555817,108.54492678806403,101.04046508749414,0.0027278902294396493,3.694099875050597,3.694099875050597,0.03788479103241116,0.008671874995343387,3.7406565410783514,True,0.0,0.571725942730615,0.571725942730615,11167.0,5151.0,28374.0,Optimization terminated successfully. (HiGHS Status 7: Optimal),1.0,5.0
20260731_124647-0400,20260731_124647-0400-0013,13,150,A4x4_T20_S13,13,20,HiGHS-15s,0.5717259427306152,0.8416422287390029,0.8287153652392948,15.0,0.75,20.0,9.0,650.0,0.8695652173913043,0.8181818181818182,0.6842105263157895,40.46666666666667,75.0,100.0,209.58539187555817,108.54492678806403,101.04046508749414,0.0027278902294396493,3.743153415969573,3.743153415969573,0.03788479103241116,0.008671874995343387,3.7897100819973275,True,0.0,0.571725942730615,0.571725942730615,11167.0,5151.0,28374.0,Optimization terminated successfully. (HiGHS Status 7: Optimal),1.0,15.0
20260731_124647-0400,20260731_124647-0400-0013,13,150,A4x4_T20_S13,13,20,HiGHS-60s,0.5717259427306152,0.8416422287390029,0.8287153652392948,15.0,0.75,20.0,9.0,650.0,0.8695652173913043,0.8181818181818182,0.6842105263157895,40.46666666666667,75.0,100.0,209.58539187555817,108.54492678806403,101.04046508749414,0.0027278902294396493,3.7034992499975488,3.7034992499975488,0.03788479103241116,0.008671874995343387,3.7500559160253033,True,0.0,0.571725942730615,0.571725942730615,11167.0,5151.0,28374.0,Optimization terminated successfully. (HiGHS Status 7: Optimal),1.0,60.0
20260731_124647-0400,20260731_124647-0400-0013,13,150,A4x4_T20_S13,13,20,HiGHS-600s,0.5717259427306152,0.8416422287390029,0.8287153652392948,15.0,0.75,20.0,9.0,650.0,0.8695652173913043,0.8181818181818182,0.6842105263157895,40.46666666666667,75.0,100.0,209.58539187555817,108.54492678806403,101.04046508749414,0.0027278902294396493,3.705779582960531,3.705779582960531,0.03788479103241116,0.008671874995343387,3.7523362489882857,True,0.0,0.571725942730615,0.571725942730615,11167.0,5151.0,28374.0,Optimization terminated successfully. (HiGHS Status 7: Optimal),1.0,600.0
20260731_124647-0400,20260731_124647-0400-0014,14,150,A4x4_T20_S14,14,20,Greedy-Benefit,0.4833245434773366,0.756711409395973,0.7755610972568578,15.0,0.75,5.0,18.0,1350.0,0.7142857142857143,0.72,1.0,41.86666666666667,92.0,99.0,217.69154197434133,113.64133907299355,104.05020290134777,0.002220226560452701,0.0010879579931497574,,,,0.0010881249327212572,False,,,,,,,Constructive heuristic,,
20260731_124647-0400,20260731_124647-0400-0014,14,150,A4x4_T20_S14,14,20,Greedy-Density-Operational,0.4855771136125094,0.7399328859060401,0.7506234413965088,15.0,0.75,6.0,16.0,1350.0,0.8571428571428571,0.64,1.0,38.53333333333333,81.0,93.0,217.54041764681878,109.93116858336437,107.60924906345443,0.002232123661731925,0.0009328749729320407,,,,0.0009330830071121454,False,,,,,,,Constructive heuristic,,
20260731_124647-0400,20260731_124647-0400-0014,14,150,A4x4_T20_S14,14,20,Greedy-Density-Cycle,0.4369834685919636,0.6560402684563759,0.7007481296758106,14.0,0.7,2.0,18.0,1350.0,0.2857142857142857,0.72,1.0,35.857142857142854,71.0,81.0,197.87904141188906,102.71480364120647,95.16423777068262,0.002208336292080443,0.0009832499781623483,,,,0.0009833750082179904,False,,,,,,,Constructive heuristic,,
20260731_124647-0400,20260731_124647-0400-0014,14,150,A4x4_T20_S14,14,20,HiGHS-1s,,,,,,,,,,,,,,,,,,,4.414108791970648,4.414108791970648,0.0709580829134211,0.06598054198548198,4.551047416869551,False,,,,21557.0,9061.0,55634.0,Time limit reached. (HiGHS Status 13: model_status is Time limit reached; primal_status is At lower/fixed bound),,1.0
20260731_124647-0400,20260731_124647-0400-0014,14,150,A4x4_T20_S14,14,20,HiGHS-5s,0.5787113165814224,0.8825503355704697,0.9002493765586036,17.0,0.85,5.0,23.0,1350.0,0.7142857142857143,0.92,1.0,43.529411764705884,87.0,102.0,234.68690011237538,120.75063629317302,113.93626381920238,0.0024658867465730617,4.77365337498486,4.77365337498486,0.0709580829134211,0.06598054198548198,4.9105919998837635,True,0.0,0.5787113165814224,0.5787113165814224,21557.0,9061.0,55634.0,Optimization terminated successfully. (HiGHS Status 7: Optimal),1.0,5.0
20260731_124647-0400,20260731_124647-0400-0014,14,150,A4x4_T20_S14,14,20,HiGHS-15s,0.5787113165814224,0.8825503355704697,0.9002493765586036,17.0,0.85,5.0,23.0,1350.0,0.7142857142857143,0.92,1.0,43.529411764705884,87.0,102.0,234.68690011237538,120.75063629317302,113.93626381920238,0.0024658867465730617,4.666344915982336,4.666344915982336,0.0709580829134211,0.06598054198548198,4.803283540881239,True,0.0,0.5787113165814224,0.5787113165814224,21557.0,9061.0,55634.0,Optimization terminated successfully. (HiGHS Status 7: Optimal),1.0,15.0
20260731_124647-0400,20260731_124647-0400-0014,14,150,A4x4_T20_S14,14,20,HiGHS-60s,0.5787113165814224,0.8825503355704697,0.9002493765586036,17.0,0.85,5.0,23.0,1350.0,0.7142857142857143,0.92,1.0,43.529411764705884,87.0,102.0,234.68690011237538,120.75063629317302,113.93626381920238,0.0024658867465730617,4.5436240419512615,4.5436240419512615,0.0709580829134211,0.06598054198548198,4.6805626668501645,True,0.0,0.5787113165814224,0.5787113165814224,21557.0,9061.0,55634.0,Optimization terminated successfully. (HiGHS Status 7: Optimal),1.0,60.0
20260731_124647-0400,20260731_124647-0400-0014,14,150,A4x4_T20_S14,14,20,HiGHS-600s,0.5787113165814224,0.8825503355704697,0.9002493765586036,17.0,0.85,5.0,23.0,1350.0,0.7142857142857143,0.92,1.0,43.529411764705884,87.0,102.0,234.68690011237538,120.75063629317302,113.93626381920238,0.0024658867465730617,4.6197202920448035,4.6197202920448035,0.0709580829134211,0.06598054198548198,4.756658916943707,True,0.0,0.5787113165814224,0.5787113165814224,21557.0,9061.0,55634.0,Optimization terminated successfully. (HiGHS Status 7: Optimal),1.0,600.0
20260731_124647-0400,20260731_124647-0400-0015,15,150,A4x4_T20_S15,15,20,Greedy-Benefit,0.5167610689967786,0.7635726795096323,0.772079772079772,14.0,0.7,11.0,11.0,850.0,0.7857142857142857,0.6875,1.0,41.357142857142854,88.0,103.0,204.6278510510068,108.53338293015014,96.09446812085665,0.00252537016023282,0.0012064999900758266,,,,0.0012067909119650722,False,,,,,,,Constructive heuristic,,
20260731_124647-0400,20260731_124647-0400-0015,15,150,A4x4_T20_S15,15,20,Greedy-Density-Operational,0.5609286511059149,0.809106830122592,0.7891737891737892,15.0,0.75,12.0,13.0,450.0,0.8571428571428571,0.8125,0.5294117647058824,34.93333333333333,71.0,78.0,158.2312155744423,79.97015090331149,78.2610646711308,0.0035449936289089394,0.0010914580198004842,,,,0.0010917080799117684,False,,,,,,,Constructive heuristic,,
20260731_124647-0400,20260731_124647-0400-0015,15,150,A4x4_T20_S15,15,20,Greedy-Density-Cycle,0.5844853970935734,0.798598949211909,0.7578347578347576,15.0,0.75,12.0,14.0,100.0,0.8571428571428571,0.875,0.11764705882352941,35.733333333333334,83.0,98.0,177.97369951391443,89.90185703140317,88.07184248251127,0.0032841110719726138,0.0010412909323349595,,,,0.0010415409924462438,False,,,,,,,Constructive heuristic,,
20260731_124647-0400,20260731_124647-0400-0015,15,150,A4x4_T20_S15,15,20,HiGHS-1s,,,,,,,,,,,,,,,,,,,1.7903725419891998,1.7903725419891998,0.034202000009827316,0.007607375038787723,1.8321819170378149,False,,,,9812.0,4546.0,24914.0,Time limit reached. (HiGHS Status 13: model_status is Time limit reached; primal_status is At lower/fixed bound),,1.0
20260731_124647-0400,20260731_124647-0400-0015,15,150,A4x4_T20_S15,15,20,HiGHS-5s,0.6197135663448015,0.8003502626970227,0.7891737891737892,15.0,0.75,11.0,14.0,450.0,0.7857142857142857,0.875,0.5294117647058824,37.2,83.0,98.0,188.68445038502014,94.40268935086567,94.28176103415447,0.0032843912949914243,1.809753374895081,1.809753374895081,0.034202000009827316,0.007607375038787723,1.851562749943696,True,0.0,0.6197135663448013,0.6197135663448013,9812.0,4546.0,24914.0,Optimization terminated successfully. (HiGHS Status 7: Optimal),1.0,5.0
20260731_124647-0400,20260731_124647-0400-0015,15,150,A4x4_T20_S15,15,20,HiGHS-15s,0.6197135663448015,0.8003502626970227,0.7891737891737892,15.0,0.75,11.0,14.0,450.0,0.7857142857142857,0.875,0.5294117647058824,37.2,83.0,98.0,188.68445038502014,94.40268935086567,94.28176103415447,0.0032843912949914243,1.8148936668876559,1.8148936668876559,0.034202000009827316,0.007607375038787723,1.856703041936271,True,0.0,0.6197135663448013,0.6197135663448013,9812.0,4546.0,24914.0,Optimization terminated successfully. (HiGHS Status 7: Optimal),1.0,15.0
20260731_124647-0400,20260731_124647-0400-0015,15,150,A4x4_T20_S15,15,20,HiGHS-60s,0.6197135663448015,0.8003502626970227,0.7891737891737892,15.0,0.75,11.0,14.0,450.0,0.7857142857142857,0.875,0.5294117647058824,37.2,83.0,98.0,188.68445038502014,94.40268935086567,94.28176103415447,0.0032843912949914243,1.9043146671028808,1.9043146671028808,0.034202000009827316,0.007607375038787723,1.9461240421514958,True,0.0,0.6197135663448013,0.6197135663448013,9812.0,4546.0,24914.0,Optimization terminated successfully. (HiGHS Status 7: Optimal),1.0,60.0
20260731_124647-0400,20260731_124647-0400-0015,15,150,A4x4_T20_S15,15,20,HiGHS-600s,0.6197135663448015,0.8003502626970227,0.7891737891737892,15.0,0.75,11.0,14.0,450.0,0.7857142857142857,0.875,0.5294117647058824,37.2,83.0,98.0,188.68445038502014,94.40268935086567,94.28176103415447,0.0032843912949914243,1.8260649169096723,1.8260649169096723,0.034202000009827316,0.007607375038787723,1.8678742919582874,True,0.0,0.6197135663448013,0.6197135663448013,9812.0,4546.0,24914.0,Optimization terminated successfully. (HiGHS Status 7: Optimal),1.0,600.0
20260731_124647-0400,20260731_124647-0400-0016,16,150,A4x4_T20_S16,16,20,Greedy-Benefit,0.48370336466253505,0.7591125198098255,0.7487046632124351,15.0,0.75,13.0,12.0,650.0,0.7647058823529411,0.8,0.5909090909090909,43.266666666666666,92.0,114.0,264.52502579041317,133.6452325345249,130.87979325588833,0.0018285731688985067,0.001174959004856646,,,,0.0011751670390367508,False,,,,,,,Constructive heuristic,,
20260731_124647-0400,20260731_124647-0400-0016,16,150,A4x4_T20_S16,16,20,Greedy-Density-Operational,0.44460672684497204,0.6957210776545165,0.6968911917098446,14.0,0.7,11.0,12.0,650.0,0.6470588235294118,0.8,0.5909090909090909,36.285714285714285,78.0,103.0,238.1682456791805,120.28800876329001,117.88023691589049,0.0018667758398148095,0.0010075829923152924,,,,0.0010077919578179717,False,,,,,,,Constructive heuristic,,
20260731_124647-0400,20260731_124647-0400-0016,16,150,A4x4_T20_S16,16,20,Greedy-Density-Cycle,0.44460672684497204,0.6957210776545165,0.6968911917098446,14.0,0.7,11.0,12.0,650.0,0.6470588235294118,0.8,0.5909090909090909,36.285714285714285,78.0,103.0,238.1682456791805,120.28800876329001,117.88023691589049,0.0018667758398148095,0.0009297080105170608,,,,0.0009299169760197401,False,,,,,,,Constructive heuristic,,
20260731_124647-0400,20260731_124647-0400-0016,16,150,A4x4_T20_S16,16,20,HiGHS-1s,,,,,,,,,,,,,,,,,,,1.1376441669417545,1.1376441669417545,0.06542516592890024,0.014851875021122396,1.2179212078917772,False,,,,19721.0,8498.0,50689.0,Time limit reached. (HiGHS Status 13: model_status is Time limit reached; primal_status is At lower/fixed bound),,1.0
20260731_124647-0400,20260731_124647-0400-0016,16,150,A4x4_T20_S16,16,20,HiGHS-5s,0.5016628075584586,0.6719492868462756,0.6580310880829017,13.0,0.65,11.0,12.0,400.0,0.6470588235294118,0.8,0.36363636363636365,39.30769230769231,76.0,101.0,228.94908050981087,114.62426102797644,114.3248194818344,0.002191154497940696,1.275851457961835,1.275851457961835,0.06542516592890024,0.014851875021122396,1.3561284989118576,True,0.0,0.5016628075584585,0.5016628075584585,19721.0,8498.0,50689.0,Optimization terminated successfully. (HiGHS Status 7: Optimal),1.0,5.0
20260731_124647-0400,20260731_124647-0400-0016,16,150,A4x4_T20_S16,16,20,HiGHS-15s,0.5016628075584586,0.6719492868462756,0.6580310880829017,13.0,0.65,11.0,12.0,400.0,0.6470588235294118,0.8,0.36363636363636365,39.30769230769231,76.0,101.0,228.94908050981087,114.62426102797644,114.3248194818344,0.002191154497940696,1.2779872079845518,1.2779872079845518,0.06542516592890024,0.014851875021122396,1.3582642489345744,True,0.0,0.5016628075584585,0.5016628075584585,19721.0,8498.0,50689.0,Optimization terminated successfully. (HiGHS Status 7: Optimal),1.0,15.0
20260731_124647-0400,20260731_124647-0400-0016,16,150,A4x4_T20_S16,16,20,HiGHS-60s,0.5016628075584586,0.6719492868462756,0.6580310880829017,13.0,0.65,11.0,12.0,400.0,0.6470588235294118,0.8,0.36363636363636365,39.30769230769231,76.0,101.0,228.94908050981087,114.62426102797644,114.3248194818344,0.002191154497940696,1.291578417061828,1.291578417061828,0.06542516592890024,0.014851875021122396,1.3718554580118507,True,0.0,0.5016628075584585,0.5016628075584585,19721.0,8498.0,50689.0,Optimization terminated successfully. (HiGHS Status 7: Optimal),1.0,60.0
20260731_124647-0400,20260731_124647-0400-0016,16,150,A4x4_T20_S16,16,20,HiGHS-600s,0.5016628075584586,0.6719492868462756,0.6580310880829017,13.0,0.65,11.0,12.0,400.0,0.6470588235294118,0.8,0.36363636363636365,39.30769230769231,76.0,101.0,228.94908050981087,114.62426102797644,114.3248194818344,0.002191154497940696,1.301772415987216,1.301772415987216,0.06542516592890024,0.014851875021122396,1.3820494569372386,True,0.0,0.5016628075584585,0.5016628075584585,19721.0,8498.0,50689.0,Optimization terminated successfully. (HiGHS Status 7: Optimal),1.0,600.0
20260731_124647-0400,20260731_124647-0400-0017,17,150,A4x4_T20_S17,17,20,Greedy-Benefit,0.45248975362057264,0.6584615384615384,0.6394736842105262,12.0,0.6,16.0,5.0,550.0,0.7272727272727273,0.5,0.55,40.0,81.0,101.0,229.4677847581217,137.07415739134188,92.3936273667798,0.0019719097131544404,0.0011580829741433263,,,,0.0011583749437704682,False,,,,,,,Constructive heuristic,,
20260731_124647-0400,20260731_124647-0400-0017,17,150,A4x4_T20_S17,17,20,Greedy-Density-Operational,0.4707517930719438,0.6276923076923078,0.613157894736842,12.0,0.6,15.0,5.0,550.0,0.6818181818181818,0.5,0.55,32.083333333333336,65.0,84.0,191.38058488293936,102.084481673661,89.29610320927833,0.0024597677625443864,0.0009022909216582775,,,,0.0009025409817695618,False,,,,,,,Constructive heuristic,,
20260731_124647-0400,20260731_124647-0400-0017,17,150,A4x4_T20_S17,17,20,Greedy-Density-Cycle,0.4707517930719438,0.6276923076923078,0.613157894736842,12.0,0.6,15.0,5.0,550.0,0.6818181818181818,0.5,0.55,32.083333333333336,65.0,84.0,191.38058488293936,102.084481673661,89.29610320927833,0.0024597677625443864,0.0009270840091630816,,,,0.0009273339528590441,False,,,,,,,Constructive heuristic,,
20260731_124647-0400,20260731_124647-0400-0017,17,150,A4x4_T20_S17,17,20,HiGHS-1s,,,,,,,,,,,,,,,,,,,2.2482780409045517,2.2482780409045517,0.14581012504640967,0.01728595793247223,2.4113741238834336,False,,,,21990.0,8993.0,57001.0,Time limit reached. (HiGHS Status 13: model_status is Time limit reached; primal_status is At lower/fixed bound),,1.0
20260731_124647-0400,20260731_124647-0400-0017,17,150,A4x4_T20_S17,17,20,HiGHS-5s,0.5132784641341023,0.7184615384615385,0.7026315789473684,13.0,0.65,16.0,8.0,450.0,0.7272727272727273,0.8,0.45,34.0,71.0,90.0,227.7887361326002,114.11791021082323,113.67082592177698,0.0022533092410474283,3.567234667018056,3.567234667018056,0.14581012504640967,0.01728595793247223,3.730330749996938,True,0.0,0.5132784641341023,0.5132784641341023,21990.0,8993.0,57001.0,Optimization terminated successfully. (HiGHS Status 7: Optimal),1.0,5.0
20260731_124647-0400,20260731_124647-0400-0017,17,150,A4x4_T20_S17,17,20,HiGHS-15s,0.5132784641341023,0.7184615384615385,0.7026315789473684,13.0,0.65,16.0,8.0,450.0,0.7272727272727273,0.8,0.45,34.0,71.0,90.0,227.7887361326002,114.11791021082323,113.67082592177698,0.0022533092410474283,3.5679335000459105,3.5679335000459105,0.14581012504640967,0.01728595793247223,3.7310295830247924,True,0.0,0.5132784641341023,0.5132784641341023,21990.0,8993.0,57001.0,Optimization terminated successfully. (HiGHS Status 7: Optimal),1.0,15.0
20260731_124647-0400,20260731_124647-0400-0017,17,150,A4x4_T20_S17,17,20,HiGHS-60s,0.5132784641341023,0.7184615384615385,0.7026315789473684,13.0,0.65,16.0,8.0,450.0,0.7272727272727273,0.8,0.45,34.0,71.0,90.0,227.7887361326002,114.11791021082323,113.67082592177698,0.0022533092410474283,3.5375147910090163,3.5375147910090163,0.14581012504640967,0.01728595793247223,3.7006108739878982,True,0.0,0.5132784641341023,0.5132784641341023,21990.0,8993.0,57001.0,Optimization terminated successfully. (HiGHS Status 7: Optimal),1.0,60.0
20260731_124647-0400,20260731_124647-0400-0017,17,150,A4x4_T20_S17,17,20,HiGHS-600s,0.5132784641341023,0.7184615384615385,0.7026315789473684,13.0,0.65,16.0,8.0,450.0,0.7272727272727273,0.8,0.45,34.0,71.0,90.0,227.7887361326002,114.11791021082323,113.67082592177698,0.0022533092410474283,3.5292080839863047,3.5292080839863047,0.14581012504640967,0.01728595793247223,3.6923041669651866,True,0.0,0.5132784641341023,0.5132784641341023,21990.0,8993.0,57001.0,Optimization terminated successfully. (HiGHS Status 7: Optimal),1.0,600.0
20260731_124647-0400,20260731_124647-0400-0018,18,150,A4x4_T20_S18,18,20,Greedy-Benefit,0.4486172179364898,0.6129032258064517,0.5639269406392694,12.0,0.6,16.0,6.0,450.0,0.8421052631578947,0.35294117647058826,0.34615384615384615,43.333333333333336,93.0,113.0,243.6439673388636,122.08022038265939,121.56374695620417,0.0018412818623682414,0.0011513750068843365,,,,0.0011516250669956207,False,,,,,,,Constructive heuristic,,
20260731_124647-0400,20260731_124647-0400-0018,18,150,A4x4_T20_S18,18,20,Greedy-Density-Operational,0.44945287102421144,0.6521739130434783,0.5821917808219179,12.0,0.6,18.0,6.0,250.0,0.9473684210526315,0.35294117647058826,0.19230769230769232,40.833333333333336,93.0,113.0,242.5511306043178,121.31018358493961,121.24094701937821,0.0018530231951687736,0.0010138340294361115,,,,0.0010140839731320739,False,,,,,,,Constructive heuristic,,
20260731_124647-0400,20260731_124647-0400-0018,18,150,A4x4_T20_S18,18,20,Greedy-Density-Cycle,0.44945287102421144,0.6521739130434783,0.5821917808219179,12.0,0.6,18.0,6.0,250.0,0.9473684210526315,0.35294117647058826,0.19230769230769232,40.833333333333336,93.0,113.0,242.5511306043178,121.31018358493961,121.24094701937821,0.0018530231951687736,0.0009624999947845936,,,,0.0009627920808270574,False,,,,,,,Constructive heuristic,,
20260731_124647-0400,20260731_124647-0400-0018,18,150,A4x4_T20_S18,18,20,HiGHS-1s,0.49820014291583,0.6690042075736325,0.6095890410958905,13.0,0.65,18.0,6.0,450.0,0.9473684210526315,0.35294117647058826,0.34615384615384615,42.92307692307692,98.0,120.0,235.49125101338848,117.95433604177806,117.53691497161047,0.002115578140469879,0.8497800000477582,0.8497800000477582,0.018952167010866106,0.004018165986053646,0.872750333044678,True,0.0,0.4982001429158299,0.4982001429158299,5287.0,2571.0,13314.0,Optimization terminated successfully. (HiGHS Status 7: Optimal),1.0,1.0
20260731_124647-0400,20260731_124647-0400-0018,18,150,A4x4_T20_S18,18,20,HiGHS-5s,0.49820014291583,0.6690042075736325,0.6095890410958905,13.0,0.65,18.0,6.0,450.0,0.9473684210526315,0.35294117647058826,0.34615384615384615,42.92307692307692,98.0,120.0,235.49125101338848,117.95433604177806,117.53691497161047,0.002115578140469879,0.8416633749147877,0.8416633749147877,0.018952167010866106,0.004018165986053646,0.8646337079117075,True,0.0,0.4982001429158299,0.4982001429158299,5287.0,2571.0,13314.0,Optimization terminated successfully. (HiGHS Status 7: Optimal),1.0,5.0
20260731_124647-0400,20260731_124647-0400-0018,18,150,A4x4_T20_S18,18,20,HiGHS-15s,0.49820014291583,0.6690042075736325,0.6095890410958905,13.0,0.65,18.0,6.0,450.0,0.9473684210526315,0.35294117647058826,0.34615384615384615,42.92307692307692,98.0,120.0,235.49125101338848,117.95433604177806,117.53691497161047,0.002115578140469879,0.8489473330555484,0.8489473330555484,0.018952167010866106,0.004018165986053646,0.8719176660524681,True,0.0,0.4982001429158299,0.4982001429158299,5287.0,2571.0,13314.0,Optimization terminated successfully. (HiGHS Status 7: Optimal),1.0,15.0
20260731_124647-0400,20260731_124647-0400-0018,18,150,A4x4_T20_S18,18,20,HiGHS-60s,0.49820014291583,0.6690042075736325,0.6095890410958905,13.0,0.65,18.0,6.0,450.0,0.9473684210526315,0.35294117647058826,0.34615384615384615,42.92307692307692,98.0,120.0,235.49125101338848,117.95433604177806,117.53691497161047,0.002115578140469879,0.848698207992129,0.848698207992129,0.018952167010866106,0.004018165986053646,0.8716685409890488,True,0.0,0.4982001429158299,0.4982001429158299,5287.0,2571.0,13314.0,Optimization terminated successfully. (HiGHS Status 7: Optimal),1.0,60.0
20260731_124647-0400,20260731_124647-0400-0018,18,150,A4x4_T20_S18,18,20,HiGHS-600s,0.49820014291583,0.6690042075736325,0.6095890410958905,13.0,0.65,18.0,6.0,450.0,0.9473684210526315,0.35294117647058826,0.34615384615384615,42.92307692307692,98.0,120.0,235.49125101338848,117.95433604177806,117.53691497161047,0.002115578140469879,0.8462367909960449,0.8462367909960449,0.018952167010866106,0.004018165986053646,0.8692071239929646,True,0.0,0.4982001429158299,0.4982001429158299,5287.0,2571.0,13314.0,Optimization terminated successfully. (HiGHS Status 7: Optimal),1.0,600.0
20260731_124647-0400,20260731_124647-0400-0019,19,150,A4x4_T20_S19,19,20,Greedy-Benefit,0.5104082187076706,0.7725752508361203,0.7401960784313726,14.0,0.7,12.0,8.0,1700.0,0.8571428571428571,0.8,0.6071428571428571,45.142857142857146,82.0,103.0,275.86891838438834,147.71746880180882,128.1514495825795,0.001850183854335056,0.0010509159183129668,,,,0.0010512499138712883,False,,,,,,,Constructive heuristic,,
20260731_124647-0400,20260731_124647-0400-0019,19,150,A4x4_T20_S19,19,20,Greedy-Density-Operational,0.5177144322478632,0.7692307692307693,0.7598039215686275,14.0,0.7,11.0,8.0,2000.0,0.7857142857142857,0.8,0.7142857142857143,39.785714285714285,93.0,113.0,238.48440135678086,119.51137537182981,118.97302598495102,0.002170852388258906,0.0009558340534567833,,,,0.000956042087636888,False,,,,,,,Constructive heuristic,,
20260731_124647-0400,20260731_124647-0400-0019,19,150,A4x4_T20_S19,19,20,Greedy-Density-Cycle,0.5276373302990646,0.8361204013377926,0.8088235294117647,15.0,0.75,13.0,8.0,2000.0,0.9285714285714286,0.8,0.7142857142857143,44.733333333333334,97.0,122.0,295.9902869331072,158.60942824836877,137.38085868473843,0.0017826170438434313,0.0009507080540060997,,,,0.0009509579977020621,False,,,,,,,Constructive heuristic,,
20260731_124647-0400,20260731_124647-0400-0019,19,150,A4x4_T20_S19,19,20,HiGHS-1s,,,,,,,,,,,,,,,,,,,2.026747207972221,2.026747207972221,0.023498249938711524,0.005184707930311561,2.055430165841244,False,,,,6838.0,3064.0,17474.0,Time limit reached. (HiGHS Status 13: model_status is Time limit reached; primal_status is At lower/fixed bound),,1.0
20260731_124647-0400,20260731_124647-0400-0019,19,150,A4x4_T20_S19,19,20,HiGHS-5s,0.5794800906690856,0.7792642140468228,0.7745098039215688,14.0,0.7,11.0,8.0,2100.0,0.7857142857142857,0.8,0.75,43.5,99.0,124.0,283.00810499961864,148.3524752045264,134.65562979509218,0.0020475741875656405,2.1295583329629153,2.1295583329629153,0.023498249938711524,0.005184707930311561,2.1582412908319384,True,0.0,0.5794800906690857,0.5794800906690857,6838.0,3064.0,17474.0,Optimization terminated successfully. (HiGHS Status 7: Optimal),1.0,5.0
20260731_124647-0400,20260731_124647-0400-0019,19,150,A4x4_T20_S19,19,20,HiGHS-15s,0.5794800906690856,0.7792642140468228,0.7745098039215688,14.0,0.7,11.0,8.0,2100.0,0.7857142857142857,0.8,0.75,43.5,99.0,124.0,283.00810499961864,148.3524752045264,134.65562979509218,0.0020475741875656405,2.132620458956808,2.132620458956808,0.023498249938711524,0.005184707930311561,2.161303416825831,True,0.0,0.5794800906690857,0.5794800906690857,6838.0,3064.0,17474.0,Optimization terminated successfully. (HiGHS Status 7: Optimal),1.0,15.0
20260731_124647-0400,20260731_124647-0400-0019,19,150,A4x4_T20_S19,19,20,HiGHS-60s,0.5794800906690856,0.7792642140468228,0.7745098039215688,14.0,0.7,11.0,8.0,2100.0,0.7857142857142857,0.8,0.75,43.5,99.0,124.0,283.00810499961864,148.3524752045264,134.65562979509218,0.0020475741875656405,2.1726071250159293,2.1726071250159293,0.023498249938711524,0.005184707930311561,2.2012900828849524,True,0.0,0.5794800906690857,0.5794800906690857,6838.0,3064.0,17474.0,Optimization terminated successfully. (HiGHS Status 7: Optimal),1.0,60.0
20260731_124647-0400,20260731_124647-0400-0019,19,150,A4x4_T20_S19,19,20,HiGHS-600s,0.5794800906690856,0.7792642140468228,0.7745098039215688,14.0,0.7,11.0,8.0,2100.0,0.7857142857142857,0.8,0.75,43.5,99.0,124.0,283.00810499961864,148.3524752045264,134.65562979509218,0.0020475741875656405,2.106567208073102,2.106567208073102,0.023498249938711524,0.005184707930311561,2.135250165942125,True,0.0,0.5794800906690857,0.5794800906690857,6838.0,3064.0,17474.0,Optimization terminated successfully. (HiGHS Status 7: Optimal),1.0,600.0
20260731_124647-0400,20260731_124647-0400-0020,20,150,A4x4_T20_S20,20,20,Greedy-Benefit,0.5408550844343583,0.7566302652106086,0.7672634271099745,14.0,0.7,16.0,5.0,1500.0,0.7272727272727273,0.8333333333333334,0.8108108108108109,39.285714285714285,75.0,94.0,226.048616027804,125.58679239365193,100.46182363415207,0.002392649395242628,0.0012404159642755985,,,,0.0012406250461935997,False,,,,,,,Constructive heuristic,,
20260731_124647-0400,20260731_124647-0400-0020,20,150,A4x4_T20_S20,20,20,Greedy-Density-Operational,0.4967986034585863,0.7067082683307334,0.7109974424552429,12.0,0.6,15.0,5.0,1300.0,0.6818181818181818,0.8333333333333334,0.7027027027027027,33.75,72.0,91.0,183.3085406136932,94.01855731860346,89.28998329508974,0.00271017706973919,0.00113866594620049,,,,0.0011389160063117743,False,,,,,,,Constructive heuristic,,
20260731_124647-0400,20260731_124647-0400-0020,20,150,A4x4_T20_S20,20,20,Greedy-Density-Cycle,0.5398489415602715,0.6942277691107647,0.7161125319693095,12.0,0.6,14.0,5.0,1500.0,0.6363636363636364,0.8333333333333334,0.8108108108108109,32.166666666666664,71.0,86.0,180.1618642406126,91.5618299884223,88.60003425219031,0.0029964662268330217,0.0010658340761438012,,,,0.0010660419939085841,False,,,,,,,Constructive heuristic,,
20260731_124647-0400,20260731_124647-0400-0020,20,150,A4x4_T20_S20,20,20,HiGHS-1s,,,,,,,,,,,,,,,,,,,1.9394907910609618,1.9394907910609618,0.03164312499575317,0.058053166954778135,2.029187083011493,False,,,,8102.0,3798.0,20532.0,Time limit reached. (HiGHS Status 13: model_status is Time limit reached; primal_status is At lower/fixed bound),,1.0
20260731_124647-0400,20260731_124647-0400-0020,20,150,A4x4_T20_S20,20,20,HiGHS-5s,0.5767794925756548,0.7550702028081124,0.7391304347826088,12.0,0.6,17.0,5.0,1150.0,0.7727272727272727,0.8333333333333334,0.6216216216216216,33.0,74.0,90.0,187.64319599879818,94.94182119164591,92.70137480715226,0.0030738097883354584,3.2876968750497326,3.2876968750497326,0.03164312499575317,0.058053166954778135,3.377393167000264,True,0.0,0.5767794925756548,0.5767794925756548,8102.0,3798.0,20532.0,Optimization terminated successfully. (HiGHS Status 7: Optimal),1.0,5.0
20260731_124647-0400,20260731_124647-0400-0020,20,150,A4x4_T20_S20,20,20,HiGHS-15s,0.5767794925756548,0.7550702028081124,0.7391304347826088,12.0,0.6,17.0,5.0,1150.0,0.7727272727272727,0.8333333333333334,0.6216216216216216,33.0,74.0,90.0,187.64319599879818,94.94182119164591,92.70137480715226,0.0030738097883354584,3.2959119169972837,3.2959119169972837,0.03164312499575317,0.058053166954778135,3.385608208947815,True,0.0,0.5767794925756548,0.5767794925756548,8102.0,3798.0,20532.0,Optimization terminated successfully. (HiGHS Status 7: Optimal),1.0,15.0
20260731_124647-0400,20260731_124647-0400-0020,20,150,A4x4_T20_S20,20,20,HiGHS-60s,0.5767794925756548,0.7550702028081124,0.7391304347826088,12.0,0.6,17.0,5.0,1150.0,0.7727272727272727,0.8333333333333334,0.6216216216216216,33.0,74.0,90.0,187.64319599879818,94.94182119164591,92.70137480715226,0.0030738097883354584,3.3970917080296203,3.3970917080296203,0.03164312499575317,0.058053166954778135,3.4867879999801517,True,0.0,0.5767794925756548,0.5767794925756548,8102.0,3798.0,20532.0,Optimization terminated successfully. (HiGHS Status 7: Optimal),1.0,60.0
20260731_124647-0400,20260731_124647-0400-0020,20,150,A4x4_T20_S20,20,20,HiGHS-600s,0.5767794925756548,0.7550702028081124,0.7391304347826088,12.0,0.6,17.0,5.0,1150.0,0.7727272727272727,0.8333333333333334,0.6216216216216216,33.0,74.0,90.0,187.64319599879818,94.94182119164591,92.70137480715226,0.0030738097883354584,3.1785664580529556,3.1785664580529556,0.03164312499575317,0.058053166954778135,3.268262750003487,True,0.0,0.5767794925756548,0.5767794925756548,8102.0,3798.0,20532.0,Optimization terminated successfully. (HiGHS Status 7: Optimal),1.0,600.0
20260731_124647-0400,20260731_124647-0400-0021,21,150,A4x4_T20_S21,21,20,Greedy-Benefit,0.4931212175482532,0.7392120075046904,0.7514792899408285,14.0,0.7,11.0,6.0,1400.0,0.6875,0.8571428571428571,0.7777777777777778,40.857142857142854,88.0,106.0,242.72598496331705,122.25215388052955,120.47383108278747,0.002031596318881055,0.001305249985307455,,,,0.00130558293312788,False,,,,,,,Constructive heuristic,,
20260731_124647-0400,20260731_124647-0400-0021,21,150,A4x4_T20_S21,21,20,Greedy-Density-Operational,0.5313290459622351,0.7298311444652908,0.7218934911242604,14.0,0.7,13.0,3.0,1400.0,0.8125,0.42857142857142855,0.7777777777777778,37.285714285714285,88.0,106.0,225.8427729161585,113.8105478569503,112.03222505920823,0.0023526502048373484,0.0011452909093350172,,,,0.001145582995377481,False,,,,,,,Constructive heuristic,,
20260731_124647-0400,20260731_124647-0400-0021,21,150,A4x4_T20_S21,21,20,Greedy-Density-Cycle,0.5313290459622351,0.7298311444652908,0.7218934911242604,14.0,0.7,13.0,3.0,1400.0,0.8125,0.42857142857142855,0.7777777777777778,37.285714285714285,88.0,106.0,225.8427729161585,113.8105478569503,112.03222505920823,0.0023526502048373484,0.0010259579867124557,,,,0.0010262910509482026,False,,,,,,,Constructive heuristic,,
20260731_124647-0400,20260731_124647-0400-0021,21,150,A4x4_T20_S21,21,20,HiGHS-1s,,,,,,,,,,,,,,,,,,,2.0829903329722583,2.0829903329722583,0.05568879202473909,0.012224041973240674,2.150903166970238,False,,,,15715.0,7244.0,39925.0,Time limit reached. (HiGHS Status 13: model_status is Time limit reached; primal_status is At lower/fixed bound),,1.0
20260731_124647-0400,20260731_124647-0400-0021,21,150,A4x4_T20_S21,21,20,HiGHS-5s,0.6327520939358248,0.8893058161350845,0.8698224852071007,16.0,0.8,15.0,6.0,1400.0,0.9375,0.8571428571428571,0.7777777777777778,40.3125,80.0,96.0,216.683798626404,109.71157454407751,106.97222408232646,0.0029201633806816636,2.7168792500160635,2.7168792500160635,0.05568879202473909,0.012224041973240674,2.784792084014043,True,0.0,0.6327520939358248,0.6327520939358248,15715.0,7244.0,39925.0,Optimization terminated successfully. (HiGHS Status 7: Optimal),1.0,5.0
20260731_124647-0400,20260731_124647-0400-0021,21,150,A4x4_T20_S21,21,20,HiGHS-15s,0.6327520939358248,0.8893058161350845,0.8698224852071007,16.0,0.8,15.0,6.0,1400.0,0.9375,0.8571428571428571,0.7777777777777778,40.3125,80.0,96.0,216.683798626404,109.71157454407751,106.97222408232646,0.0029201633806816636,2.704100333037786,2.704100333037786,0.05568879202473909,0.012224041973240674,2.772013167035766,True,0.0,0.6327520939358248,0.6327520939358248,15715.0,7244.0,39925.0,Optimization terminated successfully. (HiGHS Status 7: Optimal),1.0,15.0
20260731_124647-0400,20260731_124647-0400-0021,21,150,A4x4_T20_S21,21,20,HiGHS-60s,0.6327520939358248,0.8893058161350845,0.8698224852071007,16.0,0.8,15.0,6.0,1400.0,0.9375,0.8571428571428571,0.7777777777777778,40.3125,80.0,96.0,216.683798626404,109.71157454407751,106.97222408232646,0.0029201633806816636,2.7926889170194045,2.7926889170194045,0.05568879202473909,0.012224041973240674,2.8606017510173842,True,0.0,0.6327520939358248,0.6327520939358248,15715.0,7244.0,39925.0,Optimization terminated successfully. (HiGHS Status 7: Optimal),1.0,60.0
20260731_124647-0400,20260731_124647-0400-0021,21,150,A4x4_T20_S21,21,20,HiGHS-600s,0.6327520939358248,0.8893058161350845,0.8698224852071007,16.0,0.8,15.0,6.0,1400.0,0.9375,0.8571428571428571,0.7777777777777778,40.3125,80.0,96.0,216.683798626404,109.71157454407751,106.97222408232646,0.0029201633806816636,2.8655092500848696,2.8655092500848696,0.05568879202473909,0.012224041973240674,2.9334220840828493,True,0.0,0.6327520939358248,0.6327520939358248,15715.0,7244.0,39925.0,Optimization terminated successfully. (HiGHS Status 7: Optimal),1.0,600.0
20260731_124647-0400,20260731_124647-0400-0022,22,150,A4x4_T20_S22,22,20,Greedy-Benefit,0.5426946355356634,0.774052478134111,0.7887323943661972,14.0,0.7,12.0,15.0,1100.0,0.75,0.75,1.0,39.57142857142857,71.0,88.0,199.0298479402705,99.51492397013524,99.51492397013524,0.0027266997445454908,0.0012395409867167473,,,,0.0012397910468280315,False,,,,,,,Constructive heuristic,,
20260731_124647-0400,20260731_124647-0400-0022,22,150,A4x4_T20_S22,22,20,Greedy-Density-Operational,0.5002785762942162,0.7230320699708457,0.7652582159624414,14.0,0.7,8.0,18.0,1100.0,0.5,0.9,1.0,39.214285714285715,73.0,88.0,186.1605679156122,93.08028395780609,93.0802839578061,0.002687349860906074,0.0010605419520288706,,,,0.0010607920121401548,False,,,,,,,Constructive heuristic,,
20260731_124647-0400,20260731_124647-0400-0022,22,150,A4x4_T20_S22,22,20,Greedy-Density-Cycle,0.5002785762942162,0.7230320699708457,0.7652582159624414,14.0,0.7,8.0,18.0,1100.0,0.5,0.9,1.0,39.214285714285715,73.0,88.0,186.1605679156122,93.08028395780609,93.0802839578061,0.002687349860906074,0.0011179170105606318,,,,0.0011182089801877737,False,,,,,,,Constructive heuristic,,
20260731_124647-0400,20260731_124647-0400-0022,22,150,A4x4_T20_S22,22,20,HiGHS-1s,0.6579762737408984,0.8469387755102042,0.8591549295774649,15.0,0.75,13.0,17.0,1100.0,0.8125,0.85,1.0,34.733333333333334,82.0,102.0,198.30421215053158,99.15210607526578,99.15210607526579,0.003318014613030168,0.5537751249503344,0.5537751249503344,0.011587209068238735,0.0036680420162156224,0.5690303760347888,True,0.0,0.6579762737408984,0.6579762737408984,3224.0,1582.0,8114.0,Optimization terminated successfully. (HiGHS Status 7: Optimal),1.0,1.0
20260731_124647-0400,20260731_124647-0400-0022,22,150,A4x4_T20_S22,22,20,HiGHS-5s,0.6579762737408984,0.8469387755102042,0.8591549295774649,15.0,0.75,13.0,17.0,1100.0,0.8125,0.85,1.0,34.733333333333334,82.0,102.0,198.30421215053158,99.15210607526578,99.15210607526579,0.003318014613030168,0.5371427499921992,0.5371427499921992,0.011587209068238735,0.0036680420162156224,0.5523980010766536,True,0.0,0.6579762737408984,0.6579762737408984,3224.0,1582.0,8114.0,Optimization terminated successfully. (HiGHS Status 7: Optimal),1.0,5.0
20260731_124647-0400,20260731_124647-0400-0022,22,150,A4x4_T20_S22,22,20,HiGHS-15s,0.6579762737408984,0.8469387755102042,0.8591549295774649,15.0,0.75,13.0,17.0,1100.0,0.8125,0.85,1.0,34.733333333333334,82.0,102.0,198.30421215053158,99.15210607526578,99.15210607526579,0.003318014613030168,0.532028540968895,0.532028540968895,0.011587209068238735,0.0036680420162156224,0.5472837920533493,True,0.0,0.6579762737408984,0.6579762737408984,3224.0,1582.0,8114.0,Optimization terminated successfully. (HiGHS Status 7: Optimal),1.0,15.0
20260731_124647-0400,20260731_124647-0400-0022,22,150,A4x4_T20_S22,22,20,HiGHS-60s,0.6579762737408984,0.8469387755102042,0.8591549295774649,15.0,0.75,13.0,17.0,1100.0,0.8125,0.85,1.0,34.733333333333334,82.0,102.0,198.30421215053158,99.15210607526578,99.15210607526579,0.003318014613030168,0.5296472500776872,0.5296472500776872,0.011587209068238735,0.0036680420162156224,0.5449025011621416,True,0.0,0.6579762737408984,0.6579762737408984,3224.0,1582.0,8114.0,Optimization terminated successfully. (HiGHS Status 7: Optimal),1.0,60.0
20260731_124647-0400,20260731_124647-0400-0022,22,150,A4x4_T20_S22,22,20,HiGHS-600s,0.6579762737408984,0.8469387755102042,0.8591549295774649,15.0,0.75,13.0,17.0,1100.0,0.8125,0.85,1.0,34.733333333333334,82.0,102.0,198.30421215053158,99.15210607526578,99.15210607526579,0.003318014613030168,0.5534019160550088,0.5534019160550088,0.011587209068238735,0.0036680420162156224,0.5686571671394631,True,0.0,0.6579762737408984,0.6579762737408984,3224.0,1582.0,8114.0,Optimization terminated successfully. (HiGHS Status 7: Optimal),1.0,600.0
20260731_124647-0400,20260731_124647-0400-0023,23,150,A4x4_T20_S23,23,20,Greedy-Benefit,0.4377183755623244,0.6925418569254186,0.6265356265356267,13.0,0.65,19.0,2.0,750.0,0.9047619047619048,0.25,0.38461538461538464,50.61538461538461,85.0,102.0,273.1602716029394,136.8322075122737,136.32806409066572,0.0016024232696568099,0.001157167018391192,,,,0.0011574170785024762,False,,,,,,,Constructive heuristic,,
20260731_124647-0400,20260731_124647-0400-0023,23,150,A4x4_T20_S23,23,20,Greedy-Density-Operational,0.4392374449086435,0.7382039573820395,0.6633906633906634,14.0,0.7,19.0,5.0,500.0,0.9047619047619048,0.625,0.2564102564102564,41.92857142857143,80.0,96.0,251.85894483714628,126.266193951075,125.5927508860713,0.0017439819149272521,0.0009687499841675162,,,,0.0009690000442788005,False,,,,,,,Constructive heuristic,,
20260731_124647-0400,20260731_124647-0400-0023,23,150,A4x4_T20_S23,23,20,Greedy-Density-Cycle,0.4392374449086435,0.7382039573820395,0.6633906633906634,14.0,0.7,19.0,5.0,500.0,0.9047619047619048,0.625,0.2564102564102564,41.92857142857143,80.0,96.0,251.85894483714628,126.266193951075,125.5927508860713,0.0017439819149272521,0.000914667034521699,,,,0.0009147919481620193,False,,,,,,,Constructive heuristic,,
20260731_124647-0400,20260731_124647-0400-0023,23,150,A4x4_T20_S23,23,20,HiGHS-1s,,,,,,,,,,,,,,,,,,,1.1178130829939619,1.1178130829939619,0.05010820797178894,0.011051041074097157,1.178972332039848,False,,,,14450.0,6186.0,37188.0,Time limit reached. (HiGHS Status 13: model_status is Time limit reached; primal_status is At lower/fixed bound),,1.0
20260731_124647-0400,20260731_124647-0400-0023,23,150,A4x4_T20_S23,23,20,HiGHS-5s,0.5286212342331671,0.6590563165905632,0.5847665847665848,12.0,0.6,17.0,5.0,300.0,0.8095238095238095,0.625,0.15384615384615385,40.416666666666664,73.0,88.0,207.68627457229508,111.91051482176437,95.77575975053071,0.0025452872864217867,1.343345208093524,1.343345208093524,0.05010820797178894,0.011051041074097157,1.40450445713941,True,0.0,0.528621234233167,0.528621234233167,14450.0,6186.0,37188.0,Optimization terminated successfully. (HiGHS Status 7: Optimal),1.0,5.0
20260731_124647-0400,20260731_124647-0400-0023,23,150,A4x4_T20_S23,23,20,HiGHS-15s,0.5286212342331671,0.6590563165905632,0.5847665847665848,12.0,0.6,17.0,5.0,300.0,0.8095238095238095,0.625,0.15384615384615385,40.416666666666664,73.0,88.0,207.68627457229508,111.91051482176437,95.77575975053071,0.0025452872864217867,1.3590814999770373,1.3590814999770373,0.05010820797178894,0.011051041074097157,1.4202407490229234,True,0.0,0.528621234233167,0.528621234233167,14450.0,6186.0,37188.0,Optimization terminated successfully. (HiGHS Status 7: Optimal),1.0,15.0
20260731_124647-0400,20260731_124647-0400-0023,23,150,A4x4_T20_S23,23,20,HiGHS-60s,0.5286212342331671,0.6590563165905632,0.5847665847665848,12.0,0.6,17.0,5.0,300.0,0.8095238095238095,0.625,0.15384615384615385,40.416666666666664,73.0,88.0,207.68627457229508,111.91051482176437,95.77575975053071,0.0025452872864217867,1.424055750016123,1.424055750016123,0.05010820797178894,0.011051041074097157,1.4852149990620092,True,0.0,0.528621234233167,0.528621234233167,14450.0,6186.0,37188.0,Optimization terminated successfully. (HiGHS Status 7: Optimal),1.0,60.0
20260731_124647-0400,20260731_124647-0400-0023,23,150,A4x4_T20_S23,23,20,HiGHS-600s,0.5286212342331671,0.6590563165905632,0.5847665847665848,12.0,0.6,17.0,5.0,300.0,0.8095238095238095,0.625,0.15384615384615385,40.416666666666664,73.0,88.0,207.68627457229508,111.91051482176437,95.77575975053071,0.0025452872864217867,1.3656688750488684,1.3656688750488684,0.05010820797178894,0.011051041074097157,1.4268281240947545,True,0.0,0.528621234233167,0.528621234233167,14450.0,6186.0,37188.0,Optimization terminated successfully. (HiGHS Status 7: Optimal),1.0,600.0
20260731_124647-0400,20260731_124647-0400-0024,24,150,A4x4_T20_S24,24,20,Greedy-Benefit,0.4552482776841018,0.7011661807580174,0.7007481296758103,13.0,0.65,17.0,6.0,850.0,0.68,0.8571428571428571,0.6296296296296297,43.0,83.0,101.0,271.28427344192954,157.87617248103862,113.40810096089092,0.0016781226272652003,0.0011986669851467013,,,,0.0011987920152023435,False,,,,,,,Constructive heuristic,,
20260731_124647-0400,20260731_124647-0400-0024,24,150,A4x4_T20_S24,24,20,Greedy-Density-Operational,0.43952131203261896,0.7259475218658893,0.7306733167082293,14.0,0.7,18.0,5.0,1050.0,0.72,0.7142857142857143,0.7777777777777778,41.07142857142857,90.0,115.0,279.19919691778694,140.32935839171904,138.86983852606792,0.0015742212616823555,0.000848792027682066,,,,0.0008489999454468489,False,,,,,,,Constructive heuristic,,
20260731_124647-0400,20260731_124647-0400-0024,24,150,A4x4_T20_S24,24,20,Greedy-Density-Cycle,0.43952131203261896,0.7259475218658893,0.7306733167082293,14.0,0.7,18.0,5.0,1050.0,0.72,0.7142857142857143,0.7777777777777778,41.07142857142857,90.0,115.0,279.19919691778694,140.32935839171904,138.86983852606792,0.0015742212616823555,0.000826750067062676,,,,0.0008269159588962793,False,,,,,,,Constructive heuristic,,
20260731_124647-0400,20260731_124647-0400-0024,24,150,A4x4_T20_S24,24,20,HiGHS-1s,,,,,,,,,,,,,,,,,,,3.0567880829330534,3.0567880829330534,0.14117729209829122,0.015876082936301827,3.2138414579676464,False,,,,20131.0,8728.0,51689.0,Time limit reached. (HiGHS Status 13: model_status is Time limit reached; primal_status is At lower/fixed bound),,1.0
20260731_124647-0400,20260731_124647-0400-0024,24,150,A4x4_T20_S24,24,20,HiGHS-5s,0.5159557359181334,0.7230320699708453,0.7256857855361595,14.0,0.7,17.0,7.0,850.0,0.68,1.0,0.6296296296296297,41.714285714285715,92.0,112.0,249.7458461046358,139.15195602551435,110.59389007912145,0.0020659231933810177,2.877899667015299,2.877899667015299,0.14117729209829122,0.015876082936301827,3.0349530420498922,True,0.0,0.5159557359181335,0.5159557359181335,20131.0,8728.0,51689.0,Optimization terminated successfully. (HiGHS Status 7: Optimal),1.0,5.0
20260731_124647-0400,20260731_124647-0400-0024,24,150,A4x4_T20_S24,24,20,HiGHS-15s,0.5159557359181334,0.7230320699708453,0.7256857855361595,14.0,0.7,17.0,7.0,850.0,0.68,1.0,0.6296296296296297,41.714285714285715,92.0,112.0,249.7458461046358,139.15195602551435,110.59389007912145,0.0020659231933810177,2.939323832979426,2.939323832979426,0.14117729209829122,0.015876082936301827,3.096377208014019,True,0.0,0.5159557359181335,0.5159557359181335,20131.0,8728.0,51689.0,Optimization terminated successfully. (HiGHS Status 7: Optimal),1.0,15.0
20260731_124647-0400,20260731_124647-0400-0024,24,150,A4x4_T20_S24,24,20,HiGHS-60s,0.5159557359181334,0.7230320699708453,0.7256857855361595,14.0,0.7,17.0,7.0,850.0,0.68,1.0,0.6296296296296297,41.714285714285715,92.0,112.0,249.7458461046358,139.15195602551435,110.59389007912145,0.0020659231933810177,2.906019457965158,2.906019457965158,0.14117729209829122,0.015876082936301827,3.063072832999751,True,0.0,0.5159557359181335,0.5159557359181335,20131.0,8728.0,51689.0,Optimization terminated successfully. (HiGHS Status 7: Optimal),1.0,60.0
20260731_124647-0400,20260731_124647-0400-0024,24,150,A4x4_T20_S24,24,20,HiGHS-600s,0.5159557359181334,0.7230320699708453,0.7256857855361595,14.0,0.7,17.0,7.0,850.0,0.68,1.0,0.6296296296296297,41.714285714285715,92.0,112.0,249.7458461046358,139.15195602551435,110.59389007912145,0.0020659231933810177,2.952492375043221,2.952492375043221,0.14117729209829122,0.015876082936301827,3.109545750077814,True,0.0,0.5159557359181335,0.5159557359181335,20131.0,8728.0,51689.0,Optimization terminated successfully. (HiGHS Status 7: Optimal),1.0,600.0
20260731_124647-0400,20260731_124647-0400-0025,25,150,A4x4_T20_S25,25,20,Greedy-Benefit,0.47652049943783853,0.6551724137931035,0.5928753180661579,12.0,0.6,17.0,3.0,550.0,0.8947368421052632,0.2727272727272727,0.3548387096774194,42.5,73.0,84.0,211.33177011784852,120.20826437981526,91.12350573803327,0.0022548455406023824,0.0016587920254096389,,,,0.0016589999431744218,False,,,,,,,Constructive heuristic,,
20260731_124647-0400,20260731_124647-0400-0025,25,150,A4x4_T20_S25,25,20,Greedy-Density-Operational,0.45114975662858325,0.6786833855799373,0.6564885496183208,13.0,0.65,14.0,7.0,800.0,0.7368421052631579,0.6363636363636364,0.5161290322580645,42.92307692307692,87.0,102.0,244.02639670069104,127.79413292734824,116.23226377334277,0.001848774406081724,0.0011838329955935478,,,,0.0011840829392895103,False,,,,,,,Constructive heuristic,,
20260731_124647-0400,20260731_124647-0400-0025,25,150,A4x4_T20_S25,25,20,Greedy-Density-Cycle,0.45114975662858325,0.6786833855799373,0.6564885496183208,13.0,0.65,14.0,7.0,800.0,0.7368421052631579,0.6363636363636364,0.5161290322580645,42.92307692307692,87.0,102.0,244.02639670069104,127.79413292734824,116.23226377334277,0.001848774406081724,0.0009558340534567833,,,,0.0009560419712215662,False,,,,,,,Constructive heuristic,,
20260731_124647-0400,20260731_124647-0400-0025,25,150,A4x4_T20_S25,25,20,HiGHS-1s,,,,,,,,,,,,,,,,,,,2.033127333037555,2.033127333037555,0.038862999994307756,0.009348749998025596,2.0813390830298886,False,,,,11817.0,5599.0,29876.0,Time limit reached. (HiGHS Status 13: model_status is Time limit reached; primal_status is At lower/fixed bound),,1.0
20260731_124647-0400,20260731_124647-0400-0025,25,150,A4x4_T20_S25,25,20,HiGHS-5s,0.532485455709867,0.7257053291536051,0.6692111959287533,13.0,0.65,17.0,6.0,550.0,0.8947368421052632,0.5454545454545454,0.3548387096774194,45.46153846153846,78.0,90.0,224.5919907696367,112.29599538481835,112.29599538481834,0.002370901357101535,2.089026791974902,2.089026791974902,0.038862999994307756,0.009348749998025596,2.1372385419672355,True,0.0,0.532485455709867,0.532485455709867,11817.0,5599.0,29876.0,Optimization terminated successfully. (HiGHS Status 7: Optimal),1.0,5.0
20260731_124647-0400,20260731_124647-0400-0025,25,150,A4x4_T20_S25,25,20,HiGHS-15s,0.532485455709867,0.7257053291536051,0.6692111959287533,13.0,0.65,17.0,6.0,550.0,0.8947368421052632,0.5454545454545454,0.3548387096774194,45.46153846153846,78.0,90.0,224.5919907696367,112.29599538481835,112.29599538481834,0.002370901357101535,2.0267737910617143,2.0267737910617143,0.038862999994307756,0.009348749998025596,2.0749855410540476,True,0.0,0.532485455709867,0.532485455709867,11817.0,5599.0,29876.0,Optimization terminated successfully. (HiGHS Status 7: Optimal),1.0,15.0
20260731_124647-0400,20260731_124647-0400-0025,25,150,A4x4_T20_S25,25,20,HiGHS-60s,0.532485455709867,0.7257053291536051,0.6692111959287533,13.0,0.65,17.0,6.0,550.0,0.8947368421052632,0.5454545454545454,0.3548387096774194,45.46153846153846,78.0,90.0,224.5919907696367,112.29599538481835,112.29599538481834,0.002370901357101535,2.0132878330769017,2.0132878330769017,0.038862999994307756,0.009348749998025596,2.061499583069235,True,0.0,0.532485455709867,0.532485455709867,11817.0,5599.0,29876.0,Optimization terminated successfully. (HiGHS Status 7: Optimal),1.0,60.0
20260731_124647-0400,20260731_124647-0400-0025,25,150,A4x4_T20_S25,25,20,HiGHS-600s,0.532485455709867,0.7257053291536051,0.6692111959287533,13.0,0.65,17.0,6.0,550.0,0.8947368421052632,0.5454545454545454,0.3548387096774194,45.46153846153846,78.0,90.0,224.5919907696367,112.29599538481835,112.29599538481834,0.002370901357101535,2.014600291964598,2.014600291964598,0.038862999994307756,0.009348749998025596,2.0628120419569314,True,0.0,0.532485455709867,0.532485455709867,11817.0,5599.0,29876.0,Optimization terminated successfully. (HiGHS Status 7: Optimal),1.0,600.0
20260731_124647-0400,20260731_124647-0400-0026,26,150,A4x4_T20_S26,26,20,Greedy-Benefit,0.5517252492500637,0.776094276094276,0.754874651810585,15.0,0.75,16.0,6.0,850.0,0.8888888888888888,0.5454545454545454,0.7391304347826086,38.93333333333333,72.0,85.0,195.77605466156885,109.489946372865,86.28610828870386,0.002818144691922675,0.0013099999632686377,,,,0.0013101670192554593,False,,,,,,,Constructive heuristic,,
20260731_124647-0400,20260731_124647-0400-0026,26,150,A4x4_T20_S26,26,20,Greedy-Density-Operational,0.5616442913201629,0.7424242424242423,0.7270194986072421,15.0,0.75,15.0,6.0,850.0,0.8333333333333334,0.5454545454545454,0.7391304347826086,36.666666666666664,81.0,93.0,205.49979550456914,111.03059261600274,94.46920288856639,0.0027330649645715835,0.0008965840097516775,,,,0.0008968339534476399,False,,,,,,,Constructive heuristic,,
20260731_124647-0400,20260731_124647-0400-0026,26,150,A4x4_T20_S26,26,20,Greedy-Density-Cycle,0.48980918265803197,0.702020202020202,0.6601671309192199,13.0,0.65,15.0,6.0,450.0,0.8333333333333334,0.5454545454545454,0.391304347826087,31.923076923076923,72.0,91.0,191.396506480326,95.97606567051031,95.42044080981566,0.0025591333492201458,0.0008759170304983854,,,,0.0008760420605540276,False,,,,,,,Constructive heuristic,,
20260731_124647-0400,20260731_124647-0400-0026,26,150,A4x4_T20_S26,26,20,HiGHS-1s,,,,,,,,,,,,,,,,,,,2.8858570409938693,2.8858570409938693,0.11808129108976573,0.01188695803284645,3.0158252901164815,False,,,,15338.0,6241.0,39797.0,Time limit reached. (HiGHS Status 13: model_status is Time limit reached; primal_status is At lower/fixed bound),,1.0
20260731_124647-0400,20260731_124647-0400-0026,26,150,A4x4_T20_S26,26,20,HiGHS-5s,0.6087881526432877,0.808080808080808,0.7938718662952643,15.0,0.75,15.0,9.0,750.0,0.8333333333333334,0.8181818181818182,0.6521739130434783,38.46666666666667,78.0,91.0,213.72292455167505,107.13927470618485,106.58364984549017,0.0028484925233001465,3.028916790965013,3.028916790965013,0.11808129108976573,0.01188695803284645,3.1588850400876254,True,0.0,0.6087881526432879,0.6087881526432879,15338.0,6241.0,39797.0,Optimization terminated successfully. (HiGHS Status 7: Optimal),1.0,5.0
20260731_124647-0400,20260731_124647-0400-0026,26,150,A4x4_T20_S26,26,20,HiGHS-15s,0.6087881526432877,0.808080808080808,0.7938718662952643,15.0,0.75,15.0,9.0,750.0,0.8333333333333334,0.8181818181818182,0.6521739130434783,38.46666666666667,78.0,91.0,213.72292455167505,107.13927470618485,106.58364984549017,0.0028484925233001465,3.1625124169513583,3.1625124169513583,0.11808129108976573,0.01188695803284645,3.2924806660739705,True,0.0,0.6087881526432879,0.6087881526432879,15338.0,6241.0,39797.0,Optimization terminated successfully. (HiGHS Status 7: Optimal),1.0,15.0
20260731_124647-0400,20260731_124647-0400-0026,26,150,A4x4_T20_S26,26,20,HiGHS-60s,0.6087881526432877,0.808080808080808,0.7938718662952643,15.0,0.75,15.0,9.0,750.0,0.8333333333333334,0.8181818181818182,0.6521739130434783,38.46666666666667,78.0,91.0,213.72292455167505,107.13927470618485,106.58364984549017,0.0028484925233001465,3.1308690829901025,3.1308690829901025,0.11808129108976573,0.01188695803284645,3.2608373321127146,True,0.0,0.6087881526432879,0.6087881526432879,15338.0,6241.0,39797.0,Optimization terminated successfully. (HiGHS Status 7: Optimal),1.0,60.0
20260731_124647-0400,20260731_124647-0400-0026,26,150,A4x4_T20_S26,26,20,HiGHS-600s,0.6087881526432877,0.808080808080808,0.7938718662952643,15.0,0.75,15.0,9.0,750.0,0.8333333333333334,0.8181818181818182,0.6521739130434783,38.46666666666667,78.0,91.0,213.72292455167505,107.13927470618485,106.58364984549017,0.0028484925233001465,3.128535749972798,3.128535749972798,0.11808129108976573,0.01188695803284645,3.25850399909541,True,0.0,0.6087881526432879,0.6087881526432879,15338.0,6241.0,39797.0,Optimization terminated successfully. (HiGHS Status 7: Optimal),1.0,600.0
20260731_124647-0400,20260731_124647-0400-0027,27,150,A4x4_T20_S27,27,20,Greedy-Benefit,0.5460533490176123,0.7118193891102258,0.7286324786324787,15.0,0.75,16.0,7.0,1850.0,0.6666666666666666,0.7777777777777778,0.8043478260869565,36.0,66.0,85.0,176.35151650884666,88.40604266384507,87.9454738450016,0.0030963915696762354,0.0014858749927952886,,,,0.001486124936491251,False,,,,,,,Constructive heuristic,,
20260731_124647-0400,20260731_124647-0400-0027,27,150,A4x4_T20_S27,27,20,Greedy-Density-Operational,0.5263631244443451,0.6918990703851262,0.6965811965811968,14.0,0.7,16.0,7.0,1600.0,0.6666666666666666,0.7777777777777778,0.6956521739130435,32.42857142857143,57.0,81.0,170.65583858568638,85.66051676174365,84.99532182394273,0.00308435462159742,0.0009298749500885606,,,,0.0009299999801442027,False,,,,,,,Constructive heuristic,,
20260731_124647-0400,20260731_124647-0400-0027,27,150,A4x4_T20_S27,27,20,Greedy-Density-Cycle,0.5388750696959322,0.7078353253652059,0.7435897435897438,15.0,0.75,16.0,5.0,2300.0,0.6666666666666666,0.5555555555555556,1.0,35.86666666666667,72.0,84.0,190.19553344925788,95.4303641935294,94.76516925572848,0.002833268794083949,0.0008500419789925218,,,,0.0008501670090481639,False,,,,,,,Constructive heuristic,,
20260731_124647-0400,20260731_124647-0400-0027,27,150,A4x4_T20_S27,27,20,HiGHS-1s,,,,,,,,,,,,,,,,,,,1.8617113750660792,1.8617113750660792,0.06203683407511562,0.01667470799293369,1.9404229171341285,False,,,,19548.0,7297.0,51371.0,Time limit reached. (HiGHS Status 13: model_status is Time limit reached; primal_status is At lower/fixed bound),,1.0
20260731_124647-0400,20260731_124647-0400-0027,27,150,A4x4_T20_S27,27,20,HiGHS-5s,0.5823142375682047,0.7915006640106241,0.7927350427350427,16.0,0.8,19.0,7.0,1850.0,0.7916666666666666,0.7777777777777778,0.8043478260869565,36.75,68.0,87.0,175.28991242614038,87.84062233971123,87.44929008642913,0.00332200655193759,2.1270016659982502,2.1270016659982502,0.06203683407511562,0.01667470799293369,2.2057132080662996,True,0.0,0.5823142375682047,0.5823142375682047,19548.0,7297.0,51371.0,Optimization terminated successfully. (HiGHS Status 7: Optimal),1.0,5.0
20260731_124647-0400,20260731_124647-0400-0027,27,150,A4x4_T20_S27,27,20,HiGHS-15s,0.5823142375682047,0.7915006640106241,0.7927350427350427,16.0,0.8,19.0,7.0,1850.0,0.7916666666666666,0.7777777777777778,0.8043478260869565,36.75,68.0,87.0,175.28991242614038,87.84062233971123,87.44929008642913,0.00332200655193759,2.1458322079852223,2.1458322079852223,0.06203683407511562,0.01667470799293369,2.2245437500532717,True,0.0,0.5823142375682047,0.5823142375682047,19548.0,7297.0,51371.0,Optimization terminated successfully. (HiGHS Status 7: Optimal),1.0,15.0
20260731_124647-0400,20260731_124647-0400-0027,27,150,A4x4_T20_S27,27,20,HiGHS-60s,0.5823142375682047,0.7915006640106241,0.7927350427350427,16.0,0.8,19.0,7.0,1850.0,0.7916666666666666,0.7777777777777778,0.8043478260869565,36.75,68.0,87.0,175.28991242614038,87.84062233971123,87.44929008642913,0.00332200655193759,2.1062643750337884,2.1062643750337884,0.06203683407511562,0.01667470799293369,2.1849759171018377,True,0.0,0.5823142375682047,0.5823142375682047,19548.0,7297.0,51371.0,Optimization terminated successfully. (HiGHS Status 7: Optimal),1.0,60.0
20260731_124647-0400,20260731_124647-0400-0027,27,150,A4x4_T20_S27,27,20,HiGHS-600s,0.5823142375682047,0.7915006640106241,0.7927350427350427,16.0,0.8,19.0,7.0,1850.0,0.7916666666666666,0.7777777777777778,0.8043478260869565,36.75,68.0,87.0,175.28991242614038,87.84062233971123,87.44929008642913,0.00332200655193759,2.135407540947199,2.135407540947199,0.06203683407511562,0.01667470799293369,2.214119083015248,True,0.0,0.5823142375682047,0.5823142375682047,19548.0,7297.0,51371.0,Optimization terminated successfully. (HiGHS Status 7: Optimal),1.0,600.0
20260731_124647-0400,20260731_124647-0400-0028,28,150,A4x4_T20_S28,28,20,Greedy-Benefit,0.47335042938093613,0.6948640483383686,0.7178841309823677,14.0,0.7,14.0,7.0,1250.0,0.6363636363636364,0.7777777777777778,0.8620689655172413,42.785714285714285,86.0,108.0,215.14012156953123,125.51168054515438,89.62844102437688,0.0022001959742685828,0.0010580000234767795,,,,0.0010582089889794588,False,,,,,,,Constructive heuristic,,
20260731_124647-0400,20260731_124647-0400-0028,28,150,A4x4_T20_S28,28,20,Greedy-Density-Operational,0.46143386998401315,0.6691842900302114,0.6498740554156169,13.0,0.65,16.0,5.0,800.0,0.7272727272727273,0.5555555555555556,0.5517241379310345,36.15384615384615,71.0,84.0,177.99712985286905,101.80267313509991,76.19445671776911,0.0025923669126880337,0.0008622920140624046,,,,0.0008625000482425094,False,,,,,,,Constructive heuristic,,
20260731_124647-0400,20260731_124647-0400-0028,28,150,A4x4_T20_S28,28,20,Greedy-Density-Cycle,0.46223334160569246,0.6691842900302114,0.6498740554156169,13.0,0.65,16.0,5.0,800.0,0.7272727272727273,0.5555555555555556,0.5517241379310345,37.0,71.0,84.0,196.908367608484,105.67085857352909,91.23750903495491,0.0023474540326531893,0.0008985419990494847,,,,0.0008988330373540521,False,,,,,,,Constructive heuristic,,
20260731_124647-0400,20260731_124647-0400-0028,28,150,A4x4_T20_S28,28,20,HiGHS-1s,,,,,,,,,,,,,,,,,,,2.8992463330505416,2.8992463330505416,0.10833650000859052,0.015115416026674211,3.0226982490858063,False,,,,19710.0,8257.0,50897.0,Time limit reached. (HiGHS Status 13: model_status is Time limit reached; primal_status is At lower/fixed bound),,1.0
20260731_124647-0400,20260731_124647-0400-0028,28,150,A4x4_T20_S28,28,20,HiGHS-5s,0.55243486907541,0.7779456193353473,0.7556675062972291,15.0,0.75,19.0,5.0,1000.0,0.8636363636363636,0.5555555555555556,0.6896551724137931,37.0,79.0,94.0,210.62715168324257,106.34695267333014,104.28019900991245,0.002622809379800209,5.287552124937065,5.287552124937065,0.10833650000859052,0.015115416026674211,5.41100404097233,False,6.097599923487421e-05,0.55243486907541,0.552468554343564,19710.0,8257.0,50897.0,Time limit reached. (HiGHS Status 13: Time limit reached),0.0,5.0
20260731_124647-0400,20260731_124647-0400-0028,28,150,A4x4_T20_S28,28,20,HiGHS-15s,0.55243486907541,0.7779456193353473,0.7556675062972291,15.0,0.75,19.0,5.0,1000.0,0.8636363636363636,0.5555555555555556,0.6896551724137931,37.0,79.0,94.0,210.62715168324257,106.34695267333014,104.28019900991245,0.002622809379800209,5.268092208076268,5.268092208076268,0.10833650000859052,0.015115416026674211,5.391544124111533,True,0.0,0.55243486907541,0.55243486907541,19710.0,8257.0,50897.0,Optimization terminated successfully. (HiGHS Status 7: Optimal),1.0,15.0
20260731_124647-0400,20260731_124647-0400-0028,28,150,A4x4_T20_S28,28,20,HiGHS-60s,0.55243486907541,0.7779456193353473,0.7556675062972291,15.0,0.75,19.0,5.0,1000.0,0.8636363636363636,0.5555555555555556,0.6896551724137931,37.0,79.0,94.0,210.62715168324257,106.34695267333014,104.28019900991245,0.002622809379800209,5.327501832973212,5.327501832973212,0.10833650000859052,0.015115416026674211,5.450953749008477,True,0.0,0.55243486907541,0.55243486907541,19710.0,8257.0,50897.0,Optimization terminated successfully. (HiGHS Status 7: Optimal),1.0,60.0
20260731_124647-0400,20260731_124647-0400-0028,28,150,A4x4_T20_S28,28,20,HiGHS-600s,0.55243486907541,0.7779456193353473,0.7556675062972291,15.0,0.75,19.0,5.0,1000.0,0.8636363636363636,0.5555555555555556,0.6896551724137931,37.0,79.0,94.0,210.62715168324257,106.34695267333014,104.28019900991245,0.002622809379800209,5.343162666074932,5.343162666074932,0.10833650000859052,0.015115416026674211,5.466614582110196,True,0.0,0.55243486907541,0.55243486907541,19710.0,8257.0,50897.0,Optimization terminated successfully. (HiGHS Status 7: Optimal),1.0,600.0
20260731_124647-0400,20260731_124647-0400-0029,29,150,A4x4_T20_S29,29,20,Greedy-Benefit,0.5289271440853978,0.7663230240549829,0.7840909090909093,14.0,0.7,13.0,8.0,1100.0,0.7222222222222222,0.8,0.9166666666666666,39.857142857142854,75.0,87.0,200.05932804833188,100.17477800421939,99.88455004411249,0.002643851447694633,0.001277750008739531,,,,0.0012779589742422104,False,,,,,,,Constructive heuristic,,
20260731_124647-0400,20260731_124647-0400-0029,29,150,A4x4_T20_S29,29,20,Greedy-Density-Operational,0.5597122857098376,0.88659793814433,0.8977272727272728,17.0,0.85,15.0,10.0,1100.0,0.8333333333333334,1.0,0.9166666666666666,40.588235294117645,89.0,108.0,215.70848015794346,107.93485895677921,107.77362120116425,0.0025947625485099697,0.0010864159557968378,,,,0.0010867079254239798,False,,,,,,,Constructive heuristic,,
20260731_124647-0400,20260731_124647-0400-0029,29,150,A4x4_T20_S29,29,20,Greedy-Density-Cycle,0.5597122857098376,0.88659793814433,0.8977272727272728,17.0,0.85,15.0,10.0,1100.0,0.8333333333333334,1.0,0.9166666666666666,40.588235294117645,89.0,108.0,215.70848015794346,107.93485895677921,107.77362120116425,0.0025947625485099697,0.0010802079923450947,,,,0.001080416957847774,False,,,,,,,Constructive heuristic,,
20260731_124647-0400,20260731_124647-0400-0029,29,150,A4x4_T20_S29,29,20,HiGHS-1s,,,,,,,,,,,,,,,,,,,1.3882170419674367,1.3882170419674367,0.055854624952189624,0.012304208939895034,1.4563758758595213,False,,,,16258.0,7264.0,41534.0,Time limit reached. (HiGHS Status 13: model_status is Time limit reached; primal_status is At lower/fixed bound),,1.0
20260731_124647-0400,20260731_124647-0400-0029,29,150,A4x4_T20_S29,29,20,HiGHS-5s,0.593353423876893,0.7938144329896907,0.7727272727272727,15.0,0.75,15.0,8.0,700.0,0.8333333333333334,0.8,0.5833333333333334,38.333333333333336,76.0,96.0,197.90423869653947,104.19495604881322,93.70928264772624,0.0029981845148184206,3.3900147499516606,3.3900147499516606,0.055854624952189624,0.012304208939895034,3.4581735838437453,True,0.0,0.5933534238768929,0.5933534238768929,16258.0,7264.0,41534.0,Optimization terminated successfully. (HiGHS Status 7: Optimal),1.0,5.0
20260731_124647-0400,20260731_124647-0400-0029,29,150,A4x4_T20_S29,29,20,HiGHS-15s,0.593353423876893,0.7938144329896907,0.7727272727272727,15.0,0.75,15.0,8.0,700.0,0.8333333333333334,0.8,0.5833333333333334,38.333333333333336,76.0,96.0,197.90423869653947,104.19495604881322,93.70928264772624,0.0029981845148184206,3.4394769170321524,3.4394769170321524,0.055854624952189624,0.012304208939895034,3.507635750924237,True,0.0,0.5933534238768929,0.5933534238768929,16258.0,7264.0,41534.0,Optimization terminated successfully. (HiGHS Status 7: Optimal),1.0,15.0
20260731_124647-0400,20260731_124647-0400-0029,29,150,A4x4_T20_S29,29,20,HiGHS-60s,0.593353423876893,0.7938144329896907,0.7727272727272727,15.0,0.75,15.0,8.0,700.0,0.8333333333333334,0.8,0.5833333333333334,38.333333333333336,76.0,96.0,197.90423869653947,104.19495604881322,93.70928264772624,0.0029981845148184206,3.478375250007957,3.478375250007957,0.055854624952189624,0.012304208939895034,3.546534083900042,True,0.0,0.5933534238768929,0.5933534238768929,16258.0,7264.0,41534.0,Optimization terminated successfully. (HiGHS Status 7: Optimal),1.0,60.0
20260731_124647-0400,20260731_124647-0400-0029,29,150,A4x4_T20_S29,29,20,HiGHS-600s,0.593353423876893,0.7938144329896907,0.7727272727272727,15.0,0.75,15.0,8.0,700.0,0.8333333333333334,0.8,0.5833333333333334,38.333333333333336,76.0,96.0,197.90423869653947,104.19495604881322,93.70928264772624,0.0029981845148184206,3.373270499985665,3.373270499985665,0.055854624952189624,0.012304208939895034,3.4414293338777497,True,0.0,0.5933534238768929,0.5933534238768929,16258.0,7264.0,41534.0,Optimization terminated successfully. (HiGHS Status 7: Optimal),1.0,600.0
20260731_124647-0400,20260731_124647-0400-0030,30,150,A4x4_T20_S30,30,20,Greedy-Benefit,0.4894348683542855,0.6880415944540729,0.6918767507002802,14.0,0.7,8.0,14.0,450.0,0.7272727272727273,0.6363636363636364,1.0,37.0,75.0,91.0,209.7781486038825,105.78456632749973,103.99358227638277,0.0023331070066714625,0.001024375087581575,,,,0.0010245420271530747,False,,,,,,,Constructive heuristic,,
20260731_124647-0400,20260731_124647-0400-0030,30,150,A4x4_T20_S30,30,20,Greedy-Density-Operational,0.5113667522348723,0.7053726169844021,0.7198879551820728,14.0,0.7,7.0,16.0,450.0,0.6363636363636364,0.7272727272727273,1.0,37.785714285714285,77.0,97.0,250.84026841892359,126.09182908343057,124.74843933549303,0.002038615073481138,0.0009162499336525798,,,,0.000916499993763864,False,,,,,,,Constructive heuristic,,
20260731_124647-0400,20260731_124647-0400-0030,30,150,A4x4_T20_S30,30,20,Greedy-Density-Cycle,0.5113667522348723,0.7053726169844021,0.7198879551820728,14.0,0.7,7.0,16.0,450.0,0.6363636363636364,0.7272727272727273,1.0,37.785714285714285,77.0,97.0,250.84026841892359,126.09182908343057,124.74843933549303,0.002038615073481138,0.0009652089793235064,,,,0.0009654590394347906,False,,,,,,,Constructive heuristic,,
20260731_124647-0400,20260731_124647-0400-0030,30,150,A4x4_T20_S30,30,20,HiGHS-1s,,,,,,,,,,,,,,,,,,,2.254764416953549,2.254764416953549,0.14845270803198218,0.02112379192840308,2.424340916913934,False,,,,27662.0,10187.0,72823.0,Time limit reached. (HiGHS Status 13: model_status is Time limit reached; primal_status is At lower/fixed bound),,1.0
20260731_124647-0400,20260731_124647-0400-0030,30,150,A4x4_T20_S30,30,20,HiGHS-5s,0.5860092461891768,0.8180242634315426,0.8319327731092437,16.0,0.8,8.0,19.0,450.0,0.7272727272727273,0.8636363636363636,1.0,42.125,87.0,105.0,220.15634488250214,111.24575816896791,108.91058671353423,0.0026617867702242743,2.9195257920073345,2.9195257920073345,0.14845270803198218,0.02112379192840308,3.08910229196772,True,0.0,0.5860092461891768,0.5860092461891768,27662.0,10187.0,72823.0,Optimization terminated successfully. (HiGHS Status 7: Optimal),1.0,5.0
20260731_124647-0400,20260731_124647-0400-0030,30,150,A4x4_T20_S30,30,20,HiGHS-15s,0.5860092461891768,0.8180242634315426,0.8319327731092437,16.0,0.8,8.0,19.0,450.0,0.7272727272727273,0.8636363636363636,1.0,42.125,87.0,105.0,220.15634488250214,111.24575816896791,108.91058671353423,0.0026617867702242743,2.932645917055197,2.932645917055197,0.14845270803198218,0.02112379192840308,3.1022224170155823,True,0.0,0.5860092461891768,0.5860092461891768,27662.0,10187.0,72823.0,Optimization terminated successfully. (HiGHS Status 7: Optimal),1.0,15.0
20260731_124647-0400,20260731_124647-0400-0030,30,150,A4x4_T20_S30,30,20,HiGHS-60s,0.5860092461891768,0.8180242634315426,0.8319327731092437,16.0,0.8,8.0,19.0,450.0,0.7272727272727273,0.8636363636363636,1.0,42.125,87.0,105.0,220.15634488250214,111.24575816896791,108.91058671353423,0.0026617867702242743,2.9914363329298794,2.9914363329298794,0.14845270803198218,0.02112379192840308,3.1610128328902647,True,0.0,0.5860092461891768,0.5860092461891768,27662.0,10187.0,72823.0,Optimization terminated successfully. (HiGHS Status 7: Optimal),1.0,60.0
20260731_124647-0400,20260731_124647-0400-0030,30,150,A4x4_T20_S30,30,20,HiGHS-600s,0.5860092461891768,0.8180242634315426,0.8319327731092437,16.0,0.8,8.0,19.0,450.0,0.7272727272727273,0.8636363636363636,1.0,42.125,87.0,105.0,220.15634488250214,111.24575816896791,108.91058671353423,0.0026617867702242743,2.9886019999394193,2.9886019999394193,0.14845270803198218,0.02112379192840308,3.1581784998998046,True,0.0,0.5860092461891768,0.5860092461891768,27662.0,10187.0,72823.0,Optimization terminated successfully. (HiGHS Status 7: Optimal),1.0,600.0
20260731_124647-0400,20260731_124647-0400-0031,31,150,A4x4_T30_S1,1,30,Greedy-Benefit,0.30243556120068793,0.5149948293691831,0.4991181657848326,15.0,0.5,18.0,7.0,550.0,0.5625,0.4375,0.3793103448275862,51.666666666666664,87.0,103.0,275.6529703271816,152.23337172221613,123.41959860496544,0.001097160537910102,0.0015728339785709977,,,,0.0015731669263914227,False,,,,,,,Constructive heuristic,,
20260731_124647-0400,20260731_124647-0400-0031,31,150,A4x4_T30_S1,1,30,Greedy-Density-Operational,0.309217852907182,0.4974146845915202,0.49559082892416234,15.0,0.5,14.0,12.0,350.0,0.4375,0.75,0.2413793103448276,48.53333333333333,96.0,111.0,263.8670338310661,137.0197626190205,126.84727121204565,0.001171869969573958,0.0013091249857097864,,,,0.0013093750458210707,False,,,,,,,Constructive heuristic,,
20260731_124647-0400,20260731_124647-0400-0031,31,150,A4x4_T30_S1,1,30,Greedy-Density-Cycle,0.3197952898597425,0.45604963805584275,0.4603174603174604,15.0,0.5,12.0,12.0,350.0,0.375,0.75,0.2413793103448276,44.2,91.0,103.0,246.92185002415903,124.9865474177304,121.93530260642865,0.0012951275467458772,0.0011620000004768372,,,,0.001162166940048337,False,,,,,,,Constructive heuristic,,
20260731_124647-0400,20260731_124647-0400-0031,31,150,A4x4_T30_S1,1,30,HiGHS-1s,,,,,,,,,,,,,,,,,,,4.658830958069302,4.658830958069302,0.22317670902702957,0.036398124997504056,4.918405792093836,False,,,,48716.0,17047.0,129135.0,Time limit reached. (HiGHS Status 13: model_status is Time limit reached; primal_status is At lower/fixed bound),,1.0
20260731_124647-0400,20260731_124647-0400-0031,31,150,A4x4_T30_S1,1,30,HiGHS-5s,0.25262204087819207,0.3391933815925543,0.3580246913580248,11.0,0.36666666666666664,8.0,9.0,550.0,0.25,0.5625,0.3793103448275862,34.54545454545455,54.0,66.0,116.8651948569315,61.9932207263023,54.8719741306292,0.0021616533578492432,5.031541666015983,5.031541666015983,0.22317670902702957,0.036398124997504056,5.291116500040516,False,27.638612119543627,0.25262204087819207,7.234744641558037,48716.0,17047.0,129135.0,Time limit reached. (HiGHS Status 13: Time limit reached),0.0,5.0
20260731_124647-0400,20260731_124647-0400-0031,31,150,A4x4_T30_S1,1,30,HiGHS-15s,0.3722342505257882,0.5842812823164426,0.5731922398589065,17.0,0.5666666666666667,17.0,14.0,250.0,0.53125,0.875,0.1724137931034483,47.05882352941177,88.0,102.0,244.11977998839282,126.59713399613621,117.52264599225663,0.0015248016795012958,6.149680249975063,6.149680249975063,0.22317670902702957,0.036398124997504056,6.4092550839995965,True,0.0,0.37223425052578824,0.37223425052578824,48716.0,17047.0,129135.0,Optimization terminated successfully. (HiGHS Status 7: Optimal),1.0,15.0
20260731_124647-0400,20260731_124647-0400-0031,31,150,A4x4_T30_S1,1,30,HiGHS-60s,0.3722342505257882,0.5842812823164426,0.5731922398589065,17.0,0.5666666666666667,17.0,14.0,250.0,0.53125,0.875,0.1724137931034483,47.05882352941177,88.0,102.0,244.11977998839282,126.59713399613621,117.52264599225663,0.0015248016795012958,6.31143462494947,6.31143462494947,0.22317670902702957,0.036398124997504056,6.571009458974004,True,0.0,0.37223425052578824,0.37223425052578824,48716.0,17047.0,129135.0,Optimization terminated successfully. (HiGHS Status 7: Optimal),1.0,60.0
20260731_124647-0400,20260731_124647-0400-0031,31,150,A4x4_T30_S1,1,30,HiGHS-600s,0.3722342505257882,0.5842812823164426,0.5731922398589065,17.0,0.5666666666666667,17.0,14.0,250.0,0.53125,0.875,0.1724137931034483,47.05882352941177,88.0,102.0,244.11977998839282,126.59713399613621,117.52264599225663,0.0015248016795012958,5.930450957966968,5.930450957966968,0.22317670902702957,0.036398124997504056,6.190025791991502,True,0.0,0.37223425052578824,0.37223425052578824,48716.0,17047.0,129135.0,Optimization terminated successfully. (HiGHS Status 7: Optimal),1.0,600.0
20260731_124647-0400,20260731_124647-0400-0032,32,150,A4x4_T30_S2,2,30,Greedy-Benefit,0.34855804296386667,0.5210466439135382,0.5018726591760301,13.0,0.43333333333333335,16.0,6.0,800.0,0.6666666666666666,0.2857142857142857,0.5714285714285714,43.23076923076923,78.0,93.0,254.83432190500545,133.28301796451584,121.5513039404896,0.0013677829593683954,0.0015229160198941827,,,,0.0015232500154525042,False,,,,,,,Constructive heuristic,,
20260731_124647-0400,20260731_124647-0400-0032,32,150,A4x4_T30_S2,2,30,Greedy-Density-Operational,0.348457537116397,0.5722411831626849,0.5674157303370787,15.0,0.5,16.0,8.0,1050.0,0.6666666666666666,0.38095238095238093,0.75,48.06666666666667,88.0,108.0,281.73053230076516,144.05556045045319,137.67497185031198,0.0012368469056963855,0.0014470829628407955,,,,0.0014473749324679375,False,,,,,,,Constructive heuristic,,
20260731_124647-0400,20260731_124647-0400-0032,32,150,A4x4_T30_S2,2,30,Greedy-Density-Cycle,0.34045463746393323,0.5722411831626849,0.5767790262172285,15.0,0.5,13.0,13.0,800.0,0.5416666666666666,0.6190476190476191,0.5714285714285714,49.13333333333333,92.0,106.0,276.85880481692584,151.39445273598102,125.4643520809448,0.0012297049309631328,0.0011542909778654575,,,,0.0011544999433681369,False,,,,,,,Constructive heuristic,,
20260731_124647-0400,20260731_124647-0400-0032,32,150,A4x4_T30_S2,2,30,HiGHS-1s,,,,,,,,,,,,,,,,,,,2.0027003749273717,2.0027003749273717,0.13232266705017537,0.015412583015859127,2.1504356249934062,False,,,,20443.0,8004.0,53359.0,Time limit reached. (HiGHS Status 13: model_status is Time limit reached; primal_status is At lower/fixed bound),,1.0
20260731_124647-0400,20260731_124647-0400-0032,32,150,A4x4_T30_S2,2,30,HiGHS-5s,0.40064044724280157,0.5494880546075086,0.5393258426966293,14.0,0.4666666666666667,15.0,9.0,800.0,0.625,0.42857142857142855,0.5714285714285714,46.0,87.0,101.0,228.8742148559642,129.32152048983352,99.55269436613064,0.0017504831092263224,2.2172370420303196,2.2172370420303196,0.13232266705017537,0.015412583015859127,2.364972292096354,True,0.0,0.40064044724280157,0.40064044724280157,20443.0,8004.0,53359.0,Optimization terminated successfully. (HiGHS Status 7: Optimal),1.0,5.0
20260731_124647-0400,20260731_124647-0400-0032,32,150,A4x4_T30_S2,2,30,HiGHS-15s,0.40064044724280157,0.5494880546075086,0.5393258426966293,14.0,0.4666666666666667,15.0,9.0,800.0,0.625,0.42857142857142855,0.5714285714285714,46.0,87.0,101.0,228.8742148559642,129.32152048983352,99.55269436613064,0.0017504831092263224,2.3352742079878226,2.3352742079878226,0.13232266705017537,0.015412583015859127,2.483009458053857,True,0.0,0.40064044724280157,0.40064044724280157,20443.0,8004.0,53359.0,Optimization terminated successfully. (HiGHS Status 7: Optimal),1.0,15.0
20260731_124647-0400,20260731_124647-0400-0032,32,150,A4x4_T30_S2,2,30,HiGHS-60s,0.40064044724280157,0.5494880546075086,0.5393258426966293,14.0,0.4666666666666667,15.0,9.0,800.0,0.625,0.42857142857142855,0.5714285714285714,46.0,87.0,101.0,228.8742148559642,129.32152048983352,99.55269436613064,0.0017504831092263224,2.347587583004497,2.347587583004497,0.13232266705017537,0.015412583015859127,2.4953228330705315,True,0.0,0.40064044724280157,0.40064044724280157,20443.0,8004.0,53359.0,Optimization terminated successfully. (HiGHS Status 7: Optimal),1.0,60.0
20260731_124647-0400,20260731_124647-0400-0032,32,150,A4x4_T30_S2,2,30,HiGHS-600s,0.40064044724280157,0.5494880546075086,0.5393258426966293,14.0,0.4666666666666667,15.0,9.0,800.0,0.625,0.42857142857142855,0.5714285714285714,46.0,87.0,101.0,228.8742148559642,129.32152048983352,99.55269436613064,0.0017504831092263224,2.5210895830532536,2.5210895830532536,0.13232266705017537,0.015412583015859127,2.668824833119288,True,0.0,0.40064044724280157,0.40064044724280157,20443.0,8004.0,53359.0,Optimization terminated successfully. (HiGHS Status 7: Optimal),1.0,600.0
20260731_124647-0400,20260731_124647-0400-0033,33,150,A4x4_T30_S3,3,30,Greedy-Benefit,0.32057679717777643,0.5153583617747439,0.5064935064935064,12.0,0.4,15.0,6.0,1050.0,0.5555555555555556,0.42857142857142855,0.4883720930232558,48.083333333333336,89.0,107.0,265.8290609290039,143.36919365208988,122.45986727691403,0.001205950907163586,0.0015529170632362366,,,,0.0015532500110566616,False,,,,,,,Constructive heuristic,,
20260731_124647-0400,20260731_124647-0400-0033,33,150,A4x4_T30_S3,3,30,Greedy-Density-Operational,0.3533925954559275,0.5199089874857792,0.504638218923933,14.0,0.4666666666666667,17.0,3.0,1200.0,0.6296296296296297,0.21428571428571427,0.5581395348837209,41.214285714285715,96.0,121.0,270.88748494692584,139.4131562521063,131.47432869481952,0.0013045733564441585,0.0012296249624341726,,,,0.0012299169320613146,False,,,,,,,Constructive heuristic,,
20260731_124647-0400,20260731_124647-0400-0033,33,150,A4x4_T30_S3,3,30,Greedy-Density-Cycle,0.3254129480351184,0.5176336746302616,0.47309833024118725,14.0,0.4666666666666667,19.0,2.0,750.0,0.7037037037037037,0.14285714285714285,0.3488372093023256,39.785714285714285,85.0,104.0,259.3814212988256,133.61016572106968,125.77125557775594,0.0012545730777695902,0.0012887909542769194,,,,0.0012890410143882036,False,,,,,,,Constructive heuristic,,
20260731_124647-0400,20260731_124647-0400-0033,33,150,A4x4_T30_S3,3,30,HiGHS-1s,,,,,,,,,,,,,,,,,,,3.133669040980749,3.133669040980749,0.2333420419599861,0.03501666698139161,3.4020277499221265,False,,,,41279.0,14470.0,109401.0,Time limit reached. (HiGHS Status 13: model_status is Time limit reached; primal_status is At lower/fixed bound),,1.0
20260731_124647-0400,20260731_124647-0400-0033,33,150,A4x4_T30_S3,3,30,HiGHS-5s,0.3959211469712013,0.5824800910125141,0.569573283858998,16.0,0.5333333333333333,19.0,3.0,1450.0,0.7037037037037037,0.21428571428571427,0.6744186046511628,43.1875,89.0,109.0,270.724897737606,140.09104042144602,130.63385731615998,0.0014624482279976293,3.885933000012301,3.885933000012301,0.2333420419599861,0.03501666698139161,4.154291708953679,True,0.0,0.39592114697120134,0.39592114697120134,41279.0,14470.0,109401.0,Optimization terminated successfully. (HiGHS Status 7: Optimal),1.0,5.0
20260731_124647-0400,20260731_124647-0400-0033,33,150,A4x4_T30_S3,3,30,HiGHS-15s,0.3959211469712013,0.5824800910125141,0.569573283858998,16.0,0.5333333333333333,19.0,3.0,1450.0,0.7037037037037037,0.21428571428571427,0.6744186046511628,43.1875,89.0,109.0,270.724897737606,140.09104042144602,130.63385731615998,0.0014624482279976293,3.7641244169790298,3.7641244169790298,0.2333420419599861,0.03501666698139161,4.0324831259204075,True,0.0,0.39592114697120134,0.39592114697120134,41279.0,14470.0,109401.0,Optimization terminated successfully. (HiGHS Status 7: Optimal),1.0,15.0
20260731_124647-0400,20260731_124647-0400-0033,33,150,A4x4_T30_S3,3,30,HiGHS-60s,0.3959211469712013,0.5824800910125141,0.569573283858998,16.0,0.5333333333333333,19.0,3.0,1450.0,0.7037037037037037,0.21428571428571427,0.6744186046511628,43.1875,89.0,109.0,270.724897737606,140.09104042144602,130.63385731615998,0.0014624482279976293,3.880220334045589,3.880220334045589,0.2333420419599861,0.03501666698139161,4.148579042986967,True,0.0,0.39592114697120134,0.39592114697120134,41279.0,14470.0,109401.0,Optimization terminated successfully. (HiGHS Status 7: Optimal),1.0,60.0
20260731_124647-0400,20260731_124647-0400-0033,33,150,A4x4_T30_S3,3,30,HiGHS-600s,0.3959211469712013,0.5824800910125141,0.569573283858998,16.0,0.5333333333333333,19.0,3.0,1450.0,0.7037037037037037,0.21428571428571427,0.6744186046511628,43.1875,89.0,109.0,270.724897737606,140.09104042144602,130.63385731615998,0.0014624482279976293,3.8923777079908177,3.8923777079908177,0.2333420419599861,0.03501666698139161,4.160736416932195,True,0.0,0.39592114697120134,0.39592114697120134,41279.0,14470.0,109401.0,Optimization terminated successfully. (HiGHS Status 7: Optimal),1.0,600.0
20260731_124647-0400,20260731_124647-0400-0034,34,150,A4x4_T30_S4,4,30,Greedy-Benefit,0.44332111838746413,0.6953955135773318,0.6445242369838422,18.0,0.6,20.0,6.0,1650.0,0.8695652173913043,0.5,0.4782608695652174,44.666666666666664,90.0,105.0,218.1640497943586,110.09861829113625,108.06543150322234,0.00203205394658441,0.0015044999308884144,,,,0.0015047499909996986,False,,,,,,,Constructive heuristic,,
20260731_124647-0400,20260731_124647-0400-0034,34,150,A4x4_T30_S4,4,30,Greedy-Density-Operational,0.49008647860012455,0.7001180637544274,0.6517055655296233,18.0,0.6,19.0,8.0,1550.0,0.8260869565217391,0.6666666666666666,0.4492753623188406,37.55555555555556,86.0,102.0,220.0743348186198,111.3267227659431,108.74761205267673,0.002226913369994018,0.001295875059440732,,,,0.0012960419990122318,False,,,,,,,Constructive heuristic,,
20260731_124647-0400,20260731_124647-0400-0034,34,150,A4x4_T30_S4,4,30,Greedy-Density-Cycle,0.49008647860012455,0.7001180637544274,0.6517055655296233,18.0,0.6,19.0,8.0,1550.0,0.8260869565217391,0.6666666666666666,0.4492753623188406,37.55555555555556,86.0,102.0,220.0743348186198,111.3267227659431,108.74761205267673,0.002226913369994018,0.0012437920086085796,,,,0.001244083046913147,False,,,,,,,Constructive heuristic,,
20260731_124647-0400,20260731_124647-0400-0034,34,150,A4x4_T30_S4,4,30,HiGHS-1s,,,,,,,,,,,,,,,,,,,3.900529875070788,3.900529875070788,0.22225949994754046,0.033548332983627915,4.156337708001956,False,,,,45703.0,15515.0,121628.0,Time limit reached. (HiGHS Status 13: model_status is Time limit reached; primal_status is At lower/fixed bound),,1.0
20260731_124647-0400,20260731_124647-0400-0034,34,150,A4x4_T30_S4,4,30,HiGHS-5s,0.29018172101684386,0.43093270365997643,0.4219030520646321,13.0,0.43333333333333335,10.0,6.0,1250.0,0.43478260869565216,0.5,0.36231884057971014,40.15384615384615,80.0,96.0,155.66562284599416,77.8328114229971,77.8328114229971,0.0018641349047498529,5.03594345797319,5.03594345797319,0.22225949994754046,0.033548332983627915,5.291751290904358,False,24.73125928176245,0.2901817210168439,7.466741102312468,45703.0,15515.0,121628.0,Time limit reached. (HiGHS Status 13: Time limit reached),0.0,5.0
20260731_124647-0400,20260731_124647-0400-0034,34,150,A4x4_T30_S4,4,30,HiGHS-15s,0.5454100062218512,0.6717827626918536,0.6265709156193898,18.0,0.6,19.0,6.0,1650.0,0.8260869565217391,0.5,0.4782608695652174,38.72222222222222,82.0,98.0,207.12857059674695,105.39544911856706,101.73312147817988,0.0026331954333991677,5.099257249967195,5.099257249967195,0.22225949994754046,0.033548332983627915,5.3550650828983635,True,0.0,0.5454100062218511,0.5454100062218511,45703.0,15515.0,121628.0,Optimization terminated successfully. (HiGHS Status 7: Optimal),1.0,15.0
20260731_124647-0400,20260731_124647-0400-0034,34,150,A4x4_T30_S4,4,30,HiGHS-60s,0.5454100062218512,0.6717827626918536,0.6265709156193898,18.0,0.6,19.0,6.0,1650.0,0.8260869565217391,0.5,0.4782608695652174,38.72222222222222,82.0,98.0,207.12857059674695,105.39544911856706,101.73312147817988,0.0026331954333991677,5.169707250082865,5.169707250082865,0.22225949994754046,0.033548332983627915,5.425515083014034,True,0.0,0.5454100062218511,0.5454100062218511,45703.0,15515.0,121628.0,Optimization terminated successfully. (HiGHS Status 7: Optimal),1.0,60.0
20260731_124647-0400,20260731_124647-0400-0034,34,150,A4x4_T30_S4,4,30,HiGHS-600s,0.5454100062218512,0.6717827626918536,0.6265709156193898,18.0,0.6,19.0,6.0,1650.0,0.8260869565217391,0.5,0.4782608695652174,38.72222222222222,82.0,98.0,207.12857059674695,105.39544911856706,101.73312147817988,0.0026331954333991677,5.498999167000875,5.498999167000875,0.22225949994754046,0.033548332983627915,5.754806999932043,True,0.0,0.5454100062218511,0.5454100062218511,45703.0,15515.0,121628.0,Optimization terminated successfully. (HiGHS Status 7: Optimal),1.0,600.0
20260731_124647-0400,20260731_124647-0400-0035,35,150,A4x4_T30_S5,5,30,Greedy-Benefit,0.33330747745380634,0.5255712731229597,0.48013816925734015,15.0,0.5,15.0,11.0,300.0,0.6521739130434783,0.5,0.13953488372093023,47.06666666666667,83.0,99.0,238.9369549662358,123.39954204902133,115.53741291721445,0.0013949599278224084,0.0014343330403789878,,,,0.0014346670359373093,False,,,,,,,Constructive heuristic,,
20260731_124647-0400,20260731_124647-0400-0035,35,150,A4x4_T30_S5,5,30,Greedy-Density-Operational,0.30016091363302283,0.4668117519042437,0.44732297063903276,13.0,0.43333333333333335,12.0,10.0,650.0,0.5217391304347826,0.45454545454545453,0.3023255813953488,42.53846153846154,89.0,108.0,237.42843250689808,124.48540911631392,112.94302339058413,0.0012642163807584509,0.0012667090632021427,,,,0.0012670420110225677,False,,,,,,,Constructive heuristic,,
20260731_124647-0400,20260731_124647-0400-0035,35,150,A4x4_T30_S5,5,30,Greedy-Density-Cycle,0.30016091363302283,0.4668117519042437,0.44732297063903276,13.0,0.43333333333333335,12.0,10.0,650.0,0.5217391304347826,0.45454545454545453,0.3023255813953488,42.53846153846154,89.0,108.0,237.42843250689808,124.48540911631392,112.94302339058413,0.0012642163807584509,0.0012145829387009144,,,,0.0012149160029366612,False,,,,,,,Constructive heuristic,,
20260731_124647-0400,20260731_124647-0400-0035,35,150,A4x4_T30_S5,5,30,HiGHS-1s,,,,,,,,,,,,,,,,,,,2.308891125023365,2.308891125023365,0.11980833299458027,0.013726708013564348,2.4424261660315096,False,,,,17280.0,6663.0,45211.0,Time limit reached. (HiGHS Status 13: model_status is Time limit reached; primal_status is At lower/fixed bound),,1.0
20260731_124647-0400,20260731_124647-0400-0035,35,150,A4x4_T30_S5,5,30,HiGHS-5s,0.37123750374553616,0.5342763873775843,0.5112262521588947,14.0,0.4666666666666667,13.0,13.0,600.0,0.5652173913043478,0.5909090909090909,0.27906976744186046,43.714285714285715,90.0,103.0,243.3998152430458,125.1070938585082,118.29272138453757,0.0015252168674608016,2.4005977920023724,2.4005977920023724,0.11980833299458027,0.013726708013564348,2.534132833010517,True,0.0,0.37123750374553605,0.37123750374553605,17280.0,6663.0,45211.0,Optimization terminated successfully. (HiGHS Status 7: Optimal),1.0,5.0
20260731_124647-0400,20260731_124647-0400-0035,35,150,A4x4_T30_S5,5,30,HiGHS-15s,0.37123750374553616,0.5342763873775843,0.5112262521588947,14.0,0.4666666666666667,13.0,13.0,600.0,0.5652173913043478,0.5909090909090909,0.27906976744186046,43.714285714285715,90.0,103.0,243.3998152430458,125.1070938585082,118.29272138453757,0.0015252168674608016,2.4413017919287086,2.4413017919287086,0.11980833299458027,0.013726708013564348,2.574836832936853,True,0.0,0.37123750374553605,0.37123750374553605,17280.0,6663.0,45211.0,Optimization terminated successfully. (HiGHS Status 7: Optimal),1.0,15.0
20260731_124647-0400,20260731_124647-0400-0035,35,150,A4x4_T30_S5,5,30,HiGHS-60s,0.37123750374553616,0.5342763873775843,0.5112262521588947,14.0,0.4666666666666667,13.0,13.0,600.0,0.5652173913043478,0.5909090909090909,0.27906976744186046,43.714285714285715,90.0,103.0,243.3998152430458,125.1070938585082,118.29272138453757,0.0015252168674608016,2.3829779159277678,2.3829779159277678,0.11980833299458027,0.013726708013564348,2.5165129569359124,True,0.0,0.37123750374553605,0.37123750374553605,17280.0,6663.0,45211.0,Optimization terminated successfully. (HiGHS Status 7: Optimal),1.0,60.0
20260731_124647-0400,20260731_124647-0400-0035,35,150,A4x4_T30_S5,5,30,HiGHS-600s,0.37123750374553616,0.5342763873775843,0.5112262521588947,14.0,0.4666666666666667,13.0,13.0,600.0,0.5652173913043478,0.5909090909090909,0.27906976744186046,43.714285714285715,90.0,103.0,243.3998152430458,125.1070938585082,118.29272138453757,0.0015252168674608016,2.463986541959457,2.463986541959457,0.11980833299458027,0.013726708013564348,2.5975215829676017,True,0.0,0.37123750374553605,0.37123750374553605,17280.0,6663.0,45211.0,Optimization terminated successfully. (HiGHS Status 7: Optimal),1.0,600.0
20260731_124647-0400,20260731_124647-0400-0036,36,150,A4x4_T30_S6,6,30,Greedy-Benefit,0.3544706187661201,0.533498759305211,0.5730129390018484,16.0,0.5333333333333333,8.0,8.0,2500.0,0.42105263157894735,0.5333333333333333,0.746268656716418,46.0625,91.0,106.0,244.01282544630087,131.41372540379314,112.59910004250774,0.0014526720803211524,0.0014454999472945929,,,,0.0014457079814746976,False,,,,,,,Constructive heuristic,,
20260731_124647-0400,20260731_124647-0400-0036,36,150,A4x4_T30_S6,6,30,Greedy-Density-Operational,0.3395780841520258,0.543424317617866,0.5600739371534196,17.0,0.5666666666666667,12.0,3.0,2550.0,0.631578947368421,0.2,0.7611940298507462,43.88235294117647,78.0,93.0,223.75811271083504,114.97568243340115,108.78243027743392,0.00151761238972759,0.0012474580435082316,,,,0.001247667009010911,False,,,,,,,Constructive heuristic,,
20260731_124647-0400,20260731_124647-0400-0036,36,150,A4x4_T30_S6,6,30,Greedy-Density-Cycle,0.3395780841520258,0.543424317617866,0.5600739371534196,17.0,0.5666666666666667,12.0,3.0,2550.0,0.631578947368421,0.2,0.7611940298507462,43.88235294117647,78.0,93.0,223.75811271083504,114.97568243340115,108.78243027743392,0.00151761238972759,0.0012338750530034304,,,,0.0012341249966993928,False,,,,,,,Constructive heuristic,,
20260731_124647-0400,20260731_124647-0400-0036,36,150,A4x4_T30_S6,6,30,HiGHS-1s,,,,,,,,,,,,,,,,,,,2.097381875035353,2.097381875035353,0.06469966704025865,0.012947083916515112,2.1750286259921268,False,,,,17208.0,7059.0,44599.0,Time limit reached. (HiGHS Status 13: model_status is Time limit reached; primal_status is At lower/fixed bound),,1.0
20260731_124647-0400,20260731_124647-0400-0036,36,150,A4x4_T30_S6,6,30,HiGHS-5s,0.39256163751778056,0.5645161290322581,0.5637707948243993,17.0,0.5666666666666667,13.0,4.0,2250.0,0.6842105263157895,0.26666666666666666,0.6716417910447762,42.1764705882353,88.0,106.0,229.3615785509291,125.3670579600751,103.99452059085404,0.0017115405291414723,2.203992500086315,2.203992500086315,0.06469966704025865,0.012947083916515112,2.2816392510430887,True,0.0,0.3925616375177805,0.3925616375177805,17208.0,7059.0,44599.0,Optimization terminated successfully. (HiGHS Status 7: Optimal),1.0,5.0
20260731_124647-0400,20260731_124647-0400-0036,36,150,A4x4_T30_S6,6,30,HiGHS-15s,0.39256163751778056,0.5645161290322581,0.5637707948243993,17.0,0.5666666666666667,13.0,4.0,2250.0,0.6842105263157895,0.26666666666666666,0.6716417910447762,42.1764705882353,88.0,106.0,229.3615785509291,125.3670579600751,103.99452059085404,0.0017115405291414723,2.2455632500350475,2.2455632500350475,0.06469966704025865,0.012947083916515112,2.3232100009918213,True,0.0,0.3925616375177805,0.3925616375177805,17208.0,7059.0,44599.0,Optimization terminated successfully. (HiGHS Status 7: Optimal),1.0,15.0
20260731_124647-0400,20260731_124647-0400-0036,36,150,A4x4_T30_S6,6,30,HiGHS-60s,0.39256163751778056,0.5645161290322581,0.5637707948243993,17.0,0.5666666666666667,13.0,4.0,2250.0,0.6842105263157895,0.26666666666666666,0.6716417910447762,42.1764705882353,88.0,106.0,229.3615785509291,125.3670579600751,103.99452059085404,0.0017115405291414723,2.2384320000419393,2.2384320000419393,0.06469966704025865,0.012947083916515112,2.316078750998713,True,0.0,0.3925616375177805,0.3925616375177805,17208.0,7059.0,44599.0,Optimization terminated successfully. (HiGHS Status 7: Optimal),1.0,60.0
20260731_124647-0400,20260731_124647-0400-0036,36,150,A4x4_T30_S6,6,30,HiGHS-600s,0.39256163751778056,0.5645161290322581,0.5637707948243993,17.0,0.5666666666666667,13.0,4.0,2250.0,0.6842105263157895,0.26666666666666666,0.6716417910447762,42.1764705882353,88.0,106.0,229.3615785509291,125.3670579600751,103.99452059085404,0.0017115405291414723,2.2541405830997974,2.2541405830997974,0.06469966704025865,0.012947083916515112,2.331787334056571,True,0.0,0.3925616375177805,0.3925616375177805,17208.0,7059.0,44599.0,Optimization terminated successfully. (HiGHS Status 7: Optimal),1.0,600.0
20260731_124647-0400,20260731_124647-0400-0037,37,150,A4x4_T30_S7,7,30,Greedy-Benefit,0.3589268461585738,0.5820512820512821,0.5666666666666665,17.0,0.5666666666666667,11.0,11.0,1150.0,0.6111111111111112,0.6111111111111112,0.46,40.88235294117647,79.0,99.0,215.6069228323702,118.24844639156242,97.35847644080775,0.001664727836395271,0.0014477500226348639,,,,0.0014479589881375432,False,,,,,,,Constructive heuristic,,
20260731_124647-0400,20260731_124647-0400-0037,37,150,A4x4_T30_S7,7,30,Greedy-Density-Operational,0.4110069764662982,0.6000000000000001,0.5745098039215686,18.0,0.6,12.0,11.0,1050.0,0.6666666666666666,0.6111111111111112,0.42,33.22222222222222,82.0,107.0,204.82799060619908,102.56143209672803,102.26655850947105,0.002006595755052333,0.0013361249584704638,,,,0.0013363329926505685,False,,,,,,,Constructive heuristic,,
20260731_124647-0400,20260731_124647-0400-0037,37,150,A4x4_T30_S7,7,30,Greedy-Density-Cycle,0.4110069764662982,0.6000000000000001,0.5745098039215686,18.0,0.6,12.0,11.0,1050.0,0.6666666666666666,0.6111111111111112,0.42,33.22222222222222,82.0,107.0,204.82799060619908,102.56143209672803,102.26655850947105,0.002006595755052333,0.0014186250045895576,,,,0.00141887494828552,False,,,,,,,Constructive heuristic,,
20260731_124647-0400,20260731_124647-0400-0037,37,150,A4x4_T30_S7,7,30,HiGHS-1s,,,,,,,,,,,,,,,,,,,7.067216582945548,7.067216582945548,0.418952208943665,0.10434283304493874,7.590511624934152,False,,,,91078.0,23511.0,249757.0,Time limit reached. (HiGHS Status 13: model_status is Time limit reached; primal_status is At lower/fixed bound),,1.0
20260731_124647-0400,20260731_124647-0400-0037,37,150,A4x4_T30_S7,7,30,HiGHS-5s,,,,,,,,,,,,,,,,,,,7.1194255410227925,7.1194255410227925,0.418952208943665,0.10434283304493874,7.642720583011396,False,,,,91078.0,23511.0,249757.0,Time limit reached. (HiGHS Status 13: model_status is Time limit reached; primal_status is At lower/fixed bound),,5.0
20260731_124647-0400,20260731_124647-0400-0037,37,150,A4x4_T30_S7,7,30,HiGHS-15s,,,,,,,,,,,,,,,,,,,15.02705974993296,15.02705974993296,0.418952208943665,0.10434283304493874,15.550354791921563,False,,,,91078.0,23511.0,249757.0,Time limit reached. (HiGHS Status 13: model_status is Time limit reached; primal_status is At lower/fixed bound),,15.0
20260731_124647-0400,20260731_124647-0400-0037,37,150,A4x4_T30_S7,7,30,HiGHS-60s,0.49695027493394667,0.7346153846153848,0.7019607843137255,20.0,0.6666666666666666,15.0,13.0,1300.0,0.8333333333333334,0.7222222222222222,0.52,42.25,87.0,112.0,230.8070012214996,118.81329425251725,111.99370696898231,0.00215309878948185,15.960871166898869,15.960871166898869,0.418952208943665,0.10434283304493874,16.484166208887473,True,0.0,0.49695027493394656,0.49695027493394656,91078.0,23511.0,249757.0,Optimization terminated successfully. (HiGHS Status 7: Optimal),1.0,60.0
20260731_124647-0400,20260731_124647-0400-0037,37,150,A4x4_T30_S7,7,30,HiGHS-600s,0.49695027493394667,0.7346153846153848,0.7019607843137255,20.0,0.6666666666666666,15.0,13.0,1300.0,0.8333333333333334,0.7222222222222222,0.52,42.25,87.0,112.0,230.8070012214996,118.81329425251725,111.99370696898231,0.00215309878948185,15.742089958977886,15.742089958977886,0.418952208943665,0.10434283304493874,16.26538500096649,True,0.0,0.49695027493394656,0.49695027493394656,91078.0,23511.0,249757.0,Optimization terminated successfully. (HiGHS Status 7: Optimal),1.0,600.0
20260731_124647-0400,20260731_124647-0400-0038,38,150,A4x4_T30_S8,8,30,Greedy-Benefit,0.3268680293747544,0.529121421520237,0.48726114649681523,13.0,0.43333333333333335,16.0,14.0,100.0,0.5714285714285714,0.6666666666666666,0.043478260869565216,44.69230769230769,78.0,97.0,250.6785246540186,130.48151534204803,120.19700931197056,0.0013039331144376687,0.0020966660231351852,,,,0.0020970830228179693,False,,,,,,,Constructive heuristic,,
20260731_124647-0400,20260731_124647-0400-0038,38,150,A4x4_T30_S8,8,30,Greedy-Density-Operational,0.3271636197520998,0.5182625863770978,0.4936305732484076,13.0,0.43333333333333335,15.0,13.0,500.0,0.5357142857142857,0.6190476190476191,0.21739130434782608,44.30769230769231,86.0,108.0,244.21169797543126,122.10584898771562,122.10584898771562,0.0013396721879597015,0.001236500102095306,,,,0.0012367080198600888,False,,,,,,,Constructive heuristic,,
20260731_124647-0400,20260731_124647-0400-0038,38,150,A4x4_T30_S8,8,30,Greedy-Density-Cycle,0.3271636197520998,0.5182625863770978,0.4936305732484076,13.0,0.43333333333333335,15.0,13.0,500.0,0.5357142857142857,0.6190476190476191,0.21739130434782608,44.30769230769231,86.0,108.0,244.21169797543126,122.10584898771562,122.10584898771562,0.0013396721879597015,0.0012478330172598362,,,,0.0012481249868869781,False,,,,,,,Constructive heuristic,,
20260731_124647-0400,20260731_124647-0400-0038,38,150,A4x4_T30_S8,8,30,HiGHS-1s,,,,,,,,,,,,,,,,,,,2.488028082996607,2.488028082996607,0.0745752080110833,0.01574587495997548,2.5783491659676656,False,,,,20101.0,7675.0,52662.0,Time limit reached. (HiGHS Status 13: model_status is Time limit reached; primal_status is At lower/fixed bound),,1.0
20260731_124647-0400,20260731_124647-0400-0038,38,150,A4x4_T30_S8,8,30,HiGHS-5s,0.42053636896054597,0.5636722606120435,0.5429936305732483,14.0,0.4666666666666667,17.0,12.0,850.0,0.6071428571428571,0.5714285714285714,0.3695652173913043,44.07142857142857,79.0,94.0,237.07663736725652,118.53831868362826,118.53831868362826,0.001773841461691947,4.582029957906343,4.582029957906343,0.0745752080110833,0.01574587495997548,4.672351040877402,True,0.0,0.420536368960546,0.420536368960546,20101.0,7675.0,52662.0,Optimization terminated successfully. (HiGHS Status 7: Optimal),1.0,5.0
20260731_124647-0400,20260731_124647-0400-0038,38,150,A4x4_T30_S8,8,30,HiGHS-15s,0.42053636896054597,0.5636722606120435,0.5429936305732483,14.0,0.4666666666666667,17.0,12.0,850.0,0.6071428571428571,0.5714285714285714,0.3695652173913043,44.07142857142857,79.0,94.0,237.07663736725652,118.53831868362826,118.53831868362826,0.001773841461691947,4.67818458401598,4.67818458401598,0.0745752080110833,0.01574587495997548,4.768505666987039,True,0.0,0.420536368960546,0.420536368960546,20101.0,7675.0,52662.0,Optimization terminated successfully. (HiGHS Status 7: Optimal),1.0,15.0
20260731_124647-0400,20260731_124647-0400-0038,38,150,A4x4_T30_S8,8,30,HiGHS-60s,0.42053636896054597,0.5636722606120435,0.5429936305732483,14.0,0.4666666666666667,17.0,12.0,850.0,0.6071428571428571,0.5714285714285714,0.3695652173913043,44.07142857142857,79.0,94.0,237.07663736725652,118.53831868362826,118.53831868362826,0.001773841461691947,4.679637667024508,4.679637667024508,0.0745752080110833,0.01574587495997548,4.769958749995567,True,0.0,0.420536368960546,0.420536368960546,20101.0,7675.0,52662.0,Optimization terminated successfully. (HiGHS Status 7: Optimal),1.0,60.0
20260731_124647-0400,20260731_124647-0400-0038,38,150,A4x4_T30_S8,8,30,HiGHS-600s,0.42053636896054597,0.5636722606120435,0.5429936305732483,14.0,0.4666666666666667,17.0,12.0,850.0,0.6071428571428571,0.5714285714285714,0.3695652173913043,44.07142857142857,79.0,94.0,237.07663736725652,118.53831868362826,118.53831868362826,0.001773841461691947,4.73586679098662,4.73586679098662,0.0745752080110833,0.01574587495997548,4.826187873957679,True,0.0,0.420536368960546,0.420536368960546,20101.0,7675.0,52662.0,Optimization terminated successfully. (HiGHS Status 7: Optimal),1.0,600.0
20260731_124647-0400,20260731_124647-0400-0039,39,150,A4x4_T30_S9,9,30,Greedy-Benefit,0.3758891749682467,0.5926773455377575,0.5610200364298723,16.0,0.5333333333333333,16.0,10.0,800.0,0.6153846153846154,0.7692307692307693,0.3018867924528302,45.375,92.0,108.0,243.97968747802818,127.7368974262768,116.24279005175137,0.0015406576623396067,0.0015342090046033263,,,,0.0015345000429078937,False,,,,,,,Constructive heuristic,,
20260731_124647-0400,20260731_124647-0400-0039,39,150,A4x4_T30_S9,9,30,Greedy-Density-Operational,0.4134575718378723,0.5983981693363843,0.5792349726775955,17.0,0.5666666666666667,17.0,7.0,1300.0,0.6538461538461539,0.5384615384615384,0.49056603773584906,39.8235294117647,104.0,120.0,215.92676337229008,107.99799996892574,107.92876340336434,0.0019148046558962657,0.0013233330100774765,,,,0.001323582953773439,False,,,,,,,Constructive heuristic,,
20260731_124647-0400,20260731_124647-0400-0039,39,150,A4x4_T30_S9,9,30,Greedy-Density-Cycle,0.4134575718378723,0.5983981693363843,0.5792349726775955,17.0,0.5666666666666667,17.0,7.0,1300.0,0.6538461538461539,0.5384615384615384,0.49056603773584906,39.8235294117647,104.0,120.0,215.92676337229008,107.99799996892574,107.92876340336434,0.0019148046558962657,0.0011867500143125653,,,,0.0011868749279528856,False,,,,,,,Constructive heuristic,,
20260731_124647-0400,20260731_124647-0400-0039,39,150,A4x4_T30_S9,9,30,HiGHS-1s,,,,,,,,,,,,,,,,,,,2.4252820840338245,2.4252820840338245,0.1494181250454858,0.02034579194150865,2.595046001020819,False,,,,26294.0,9978.0,68938.0,Time limit reached. (HiGHS Status 13: model_status is Time limit reached; primal_status is At lower/fixed bound),,1.0
20260731_124647-0400,20260731_124647-0400-0039,39,150,A4x4_T30_S9,9,30,HiGHS-5s,0.4643898011600591,0.5983981693363845,0.5428051001821493,16.0,0.5333333333333333,20.0,5.0,800.0,0.7692307692307693,0.38461538461538464,0.3018867924528302,39.25,92.0,114.0,220.10674189104742,110.13373481626462,109.97300707478283,0.0021098390588595944,2.8181263339938596,2.8181263339938596,0.1494181250454858,0.02034579194150865,2.987890250980854,True,0.0,0.4643898011600591,0.4643898011600591,26294.0,9978.0,68938.0,Optimization terminated successfully. (HiGHS Status 7: Optimal),1.0,5.0
20260731_124647-0400,20260731_124647-0400-0039,39,150,A4x4_T30_S9,9,30,HiGHS-15s,0.4643898011600591,0.5983981693363845,0.5428051001821493,16.0,0.5333333333333333,20.0,5.0,800.0,0.7692307692307693,0.38461538461538464,0.3018867924528302,39.25,92.0,114.0,220.10674189104742,110.13373481626462,109.97300707478283,0.0021098390588595944,2.81759362493176,2.81759362493176,0.1494181250454858,0.02034579194150865,2.9873575419187546,True,0.0,0.4643898011600591,0.4643898011600591,26294.0,9978.0,68938.0,Optimization terminated successfully. (HiGHS Status 7: Optimal),1.0,15.0
20260731_124647-0400,20260731_124647-0400-0039,39,150,A4x4_T30_S9,9,30,HiGHS-60s,0.4643898011600591,0.5983981693363845,0.5428051001821493,16.0,0.5333333333333333,20.0,5.0,800.0,0.7692307692307693,0.38461538461538464,0.3018867924528302,39.25,92.0,114.0,220.10674189104742,110.13373481626462,109.97300707478283,0.0021098390588595944,2.7837679580552503,2.7837679580552503,0.1494181250454858,0.02034579194150865,2.953531875042245,True,0.0,0.4643898011600591,0.4643898011600591,26294.0,9978.0,68938.0,Optimization terminated successfully. (HiGHS Status 7: Optimal),1.0,60.0
20260731_124647-0400,20260731_124647-0400-0039,39,150,A4x4_T30_S9,9,30,HiGHS-600s,0.4643898011600591,0.5983981693363845,0.5428051001821493,16.0,0.5333333333333333,20.0,5.0,800.0,0.7692307692307693,0.38461538461538464,0.3018867924528302,39.25,92.0,114.0,220.10674189104742,110.13373481626462,109.97300707478283,0.0021098390588595944,2.7978962919441983,2.7978962919441983,0.1494181250454858,0.02034579194150865,2.9676602089311928,True,0.0,0.4643898011600591,0.4643898011600591,26294.0,9978.0,68938.0,Optimization terminated successfully. (HiGHS Status 7: Optimal),1.0,600.0
20260731_124647-0400,20260731_124647-0400-0040,40,150,A4x4_T30_S10,10,30,Greedy-Benefit,0.36487625070645,0.5332681017612525,0.5373831775700934,15.0,0.5,13.0,14.0,1250.0,0.52,0.5384615384615384,0.5681818181818182,40.266666666666666,65.0,84.0,201.18757081217643,105.07344692226107,96.11412388991533,0.0018136122884404682,0.0013800000306218863,,,,0.0013804580084979534,False,,,,,,,Constructive heuristic,,
20260731_124647-0400,20260731_124647-0400-0040,40,150,A4x4_T30_S10,10,30,Greedy-Density-Operational,0.3641303766337647,0.5645792563600783,0.5482866043613706,17.0,0.5666666666666667,14.0,17.0,700.0,0.56,0.6538461538461539,0.3181818181818182,37.23529411764706,89.0,102.0,202.2033976887237,102.35342765130963,99.84997003741404,0.001800812354272676,0.0011160839349031448,,,,0.0011162919690832496,False,,,,,,,Constructive heuristic,,
20260731_124647-0400,20260731_124647-0400-0040,40,150,A4x4_T30_S10,10,30,Greedy-Density-Cycle,0.3641303766337647,0.5645792563600783,0.5482866043613706,17.0,0.5666666666666667,14.0,17.0,700.0,0.56,0.6538461538461539,0.3181818181818182,37.23529411764706,89.0,102.0,202.2033976887237,102.35342765130963,99.84997003741404,0.001800812354272676,0.0010998329380527139,,,,0.001099957968108356,False,,,,,,,Constructive heuristic,,
20260731_124647-0400,20260731_124647-0400-0040,40,150,A4x4_T30_S10,10,30,HiGHS-1s,,,,,,,,,,,,,,,,,,,2.9387651659781113,2.9387651659781113,0.11288549995515496,0.016958625055849552,3.068609290989116,False,,,,22177.0,8424.0,58141.0,Time limit reached. (HiGHS Status 13: model_status is Time limit reached; primal_status is At lower/fixed bound),,1.0
20260731_124647-0400,20260731_124647-0400-0040,40,150,A4x4_T30_S10,10,30,HiGHS-5s,0.43793350329349423,0.6193737769080235,0.5887850467289719,17.0,0.5666666666666667,18.0,15.0,800.0,0.72,0.5769230769230769,0.36363636363636365,40.588235294117645,85.0,100.0,199.97467584074406,101.02071475208088,98.95396108866319,0.0021899448090229984,3.186150582972914,3.186150582972914,0.11288549995515496,0.016958625055849552,3.3159947079839185,True,0.0,0.4379335032934942,0.4379335032934942,22177.0,8424.0,58141.0,Optimization terminated successfully. (HiGHS Status 7: Optimal),1.0,5.0
20260731_124647-0400,20260731_124647-0400-0040,40,150,A4x4_T30_S10,10,30,HiGHS-15s,0.43793350329349423,0.6193737769080235,0.5887850467289719,17.0,0.5666666666666667,18.0,15.0,800.0,0.72,0.5769230769230769,0.36363636363636365,40.588235294117645,85.0,100.0,199.97467584074406,101.02071475208088,98.95396108866319,0.0021899448090229984,3.299215666949749,3.299215666949749,0.11288549995515496,0.016958625055849552,3.4290597919607535,True,0.0,0.4379335032934942,0.4379335032934942,22177.0,8424.0,58141.0,Optimization terminated successfully. (HiGHS Status 7: Optimal),1.0,15.0
20260731_124647-0400,20260731_124647-0400-0040,40,150,A4x4_T30_S10,10,30,HiGHS-60s,0.43793350329349423,0.6193737769080235,0.5887850467289719,17.0,0.5666666666666667,18.0,15.0,800.0,0.72,0.5769230769230769,0.36363636363636365,40.588235294117645,85.0,100.0,199.97467584074406,101.02071475208088,98.95396108866319,0.0021899448090229984,3.2695384579710662,3.2695384579710662,0.11288549995515496,0.016958625055849552,3.3993825829820707,True,0.0,0.4379335032934942,0.4379335032934942,22177.0,8424.0,58141.0,Optimization terminated successfully. (HiGHS Status 7: Optimal),1.0,60.0
20260731_124647-0400,20260731_124647-0400-0040,40,150,A4x4_T30_S10,10,30,HiGHS-600s,0.43793350329349423,0.6193737769080235,0.5887850467289719,17.0,0.5666666666666667,18.0,15.0,800.0,0.72,0.5769230769230769,0.36363636363636365,40.588235294117645,85.0,100.0,199.97467584074406,101.02071475208088,98.95396108866319,0.0021899448090229984,3.340482500032522,3.340482500032522,0.11288549995515496,0.016958625055849552,3.4703266250435263,True,0.0,0.4379335032934942,0.4379335032934942,22177.0,8424.0,58141.0,Optimization terminated successfully. (HiGHS Status 7: Optimal),1.0,600.0
20260731_124647-0400,20260731_124647-0400-0041,41,150,A4x4_T30_S11,11,30,Greedy-Benefit,0.2731334099109951,0.4148082069580732,0.4707560627674751,13.0,0.43333333333333335,9.0,9.0,2500.0,0.2647058823529412,0.5625,0.746268656716418,49.38461538461539,96.0,108.0,258.1024013690859,129.90574380063327,128.19665756845262,0.00105823660865679,0.0016781669110059738,,,,0.0016783339669927955,False,,,,,,,Constructive heuristic,,
20260731_124647-0400,20260731_124647-0400-0041,41,150,A4x4_T30_S11,11,30,Greedy-Density-Operational,0.3031852247412716,0.4495985727029439,0.48359486447931527,13.0,0.43333333333333335,12.0,9.0,2150.0,0.35294117647058826,0.5625,0.6417910447761194,46.69230769230769,96.0,108.0,253.55260380504137,127.63084501861101,125.92175878643033,0.0011957488118496827,0.001451042015105486,,,,0.0014512500492855906,False,,,,,,,Constructive heuristic,,
20260731_124647-0400,20260731_124647-0400-0041,41,150,A4x4_T30_S11,11,30,Greedy-Density-Cycle,0.3031852247412716,0.4495985727029439,0.48359486447931527,13.0,0.43333333333333335,12.0,9.0,2150.0,0.35294117647058826,0.5625,0.6417910447761194,46.69230769230769,96.0,108.0,253.55260380504137,127.63084501861101,125.92175878643033,0.0011957488118496827,0.0013587500434368849,,,,0.0013589580776169896,False,,,,,,,Constructive heuristic,,
20260731_124647-0400,20260731_124647-0400-0041,41,150,A4x4_T30_S11,11,30,HiGHS-1s,0.3423610798277758,0.5165031222123105,0.5263908701854495,14.0,0.4666666666666667,18.0,6.0,2150.0,0.5294117647058824,0.375,0.6417910447761194,41.5,84.0,96.0,232.82076897048586,124.36082460397313,108.45994436651272,0.0014704920069702893,0.5750816249055788,0.5750816249055788,0.026238290942274034,0.005478041945025325,0.6067979577928782,True,0.0,0.34236107982777575,0.34236107982777575,6753.0,3052.0,17241.0,Optimization terminated successfully. (HiGHS Status 7: Optimal),1.0,1.0
20260731_124647-0400,20260731_124647-0400-0041,41,150,A4x4_T30_S11,11,30,HiGHS-5s,0.3423610798277758,0.5165031222123105,0.5263908701854495,14.0,0.4666666666666667,18.0,6.0,2150.0,0.5294117647058824,0.375,0.6417910447761194,41.5,84.0,96.0,232.82076897048586,124.36082460397313,108.45994436651272,0.0014704920069702893,0.5633902919944376,0.5633902919944376,0.026238290942274034,0.005478041945025325,0.5951066248817369,True,0.0,0.34236107982777575,0.34236107982777575,6753.0,3052.0,17241.0,Optimization terminated successfully. (HiGHS Status 7: Optimal),1.0,5.0
20260731_124647-0400,20260731_124647-0400-0041,41,150,A4x4_T30_S11,11,30,HiGHS-15s,0.3423610798277758,0.5165031222123105,0.5263908701854495,14.0,0.4666666666666667,18.0,6.0,2150.0,0.5294117647058824,0.375,0.6417910447761194,41.5,84.0,96.0,232.82076897048586,124.36082460397313,108.45994436651272,0.0014704920069702893,0.5580583750270307,0.5580583750270307,0.026238290942274034,0.005478041945025325,0.5897747079143301,True,0.0,0.34236107982777575,0.34236107982777575,6753.0,3052.0,17241.0,Optimization terminated successfully. (HiGHS Status 7: Optimal),1.0,15.0
20260731_124647-0400,20260731_124647-0400-0041,41,150,A4x4_T30_S11,11,30,HiGHS-60s,0.3423610798277758,0.5165031222123105,0.5263908701854495,14.0,0.4666666666666667,18.0,6.0,2150.0,0.5294117647058824,0.375,0.6417910447761194,41.5,84.0,96.0,232.82076897048586,124.36082460397313,108.45994436651272,0.0014704920069702893,0.5611679999856278,0.5611679999856278,0.026238290942274034,0.005478041945025325,0.5928843328729272,True,0.0,0.34236107982777575,0.34236107982777575,6753.0,3052.0,17241.0,Optimization terminated successfully. (HiGHS Status 7: Optimal),1.0,60.0
20260731_124647-0400,20260731_124647-0400-0041,41,150,A4x4_T30_S11,11,30,HiGHS-600s,0.3423610798277758,0.5165031222123105,0.5263908701854495,14.0,0.4666666666666667,18.0,6.0,2150.0,0.5294117647058824,0.375,0.6417910447761194,41.5,84.0,96.0,232.82076897048586,124.36082460397313,108.45994436651272,0.0014704920069702893,0.5613637081114575,0.5613637081114575,0.026238290942274034,0.005478041945025325,0.5930800409987569,True,0.0,0.34236107982777575,0.34236107982777575,6753.0,3052.0,17241.0,Optimization terminated successfully. (HiGHS Status 7: Optimal),1.0,600.0
20260731_124647-0400,20260731_124647-0400-0042,42,150,A4x4_T30_S12,12,30,Greedy-Benefit,0.4908281792978017,0.6583333333333335,0.6407079646017702,19.0,0.6333333333333333,22.0,10.0,700.0,0.7333333333333333,0.5263157894736842,0.56,41.36842105263158,92.0,99.0,201.92008768134667,109.27580074928056,92.64428693206608,0.0024308041113392615,0.0014028330333530903,,,,0.0014030829770490527,False,,,,,,,Constructive heuristic,,
20260731_124647-0400,20260731_124647-0400-0042,42,150,A4x4_T30_S12,12,30,Greedy-Density-Operational,0.49536674140185905,0.7052083333333335,0.6938053097345136,20.0,0.6666666666666666,22.0,13.0,700.0,0.7333333333333333,0.6842105263157895,0.56,42.2,92.0,102.0,211.963262266595,106.0857950734501,105.8774671931449,0.0023370405612026094,0.001304625067859888,,,,0.0013048340333625674,False,,,,,,,Constructive heuristic,,
20260731_124647-0400,20260731_124647-0400-0042,42,150,A4x4_T30_S12,12,30,Greedy-Density-Cycle,0.49536674140185905,0.7052083333333335,0.6938053097345136,20.0,0.6666666666666666,22.0,13.0,700.0,0.7333333333333333,0.6842105263157895,0.56,42.2,92.0,102.0,211.963262266595,106.0857950734501,105.8774671931449,0.0023370405612026094,0.0011869589798152447,,,,0.001187208923511207,False,,,,,,,Constructive heuristic,,
20260731_124647-0400,20260731_124647-0400-0042,42,150,A4x4_T30_S12,12,30,HiGHS-1s,,,,,,,,,,,,,,,,,,,4.351198082906194,4.351198082906194,0.2520100420806557,0.03869754204060882,4.6419056670274585,False,,,,51233.0,16975.0,136758.0,Time limit reached. (HiGHS Status 13: model_status is Time limit reached; primal_status is At lower/fixed bound),,1.0
20260731_124647-0400,20260731_124647-0400-0042,42,150,A4x4_T30_S12,12,30,HiGHS-5s,,,,,,,,,,,,,,,,,,,5.016717416932806,5.016717416932806,0.2520100420806557,0.03869754204060882,5.307425001054071,False,,,,51233.0,16975.0,136758.0,Time limit reached. (HiGHS Status 13: model_status is Time limit reached; primal_status is At lower/fixed bound),,5.0
20260731_124647-0400,20260731_124647-0400-0042,42,150,A4x4_T30_S12,12,30,HiGHS-15s,0.5321406924868753,0.7093750000000003,0.6831858407079648,19.0,0.6333333333333333,24.0,11.0,600.0,0.8,0.5789473684210527,0.48,42.78947368421053,97.0,112.0,211.6866168124453,106.7919120806507,104.89470473179459,0.0025138135820761544,6.3018465409986675,6.3018465409986675,0.2520100420806557,0.03869754204060882,6.592554125119932,True,0.0,0.5321406924868753,0.5321406924868753,51233.0,16975.0,136758.0,Optimization terminated successfully. (HiGHS Status 7: Optimal),1.0,15.0
20260731_124647-0400,20260731_124647-0400-0042,42,150,A4x4_T30_S12,12,30,HiGHS-60s,0.5321406924868753,0.7093750000000003,0.6831858407079648,19.0,0.6333333333333333,24.0,11.0,600.0,0.8,0.5789473684210527,0.48,42.78947368421053,97.0,112.0,211.6866168124453,106.7919120806507,104.89470473179459,0.0025138135820761544,6.4663034999975935,6.4663034999975935,0.2520100420806557,0.03869754204060882,6.757011084118858,True,0.0,0.5321406924868753,0.5321406924868753,51233.0,16975.0,136758.0,Optimization terminated successfully. (HiGHS Status 7: Optimal),1.0,60.0
20260731_124647-0400,20260731_124647-0400-0042,42,150,A4x4_T30_S12,12,30,HiGHS-600s,0.5321406924868753,0.7093750000000003,0.6831858407079648,19.0,0.6333333333333333,24.0,11.0,600.0,0.8,0.5789473684210527,0.48,42.78947368421053,97.0,112.0,211.6866168124453,106.7919120806507,104.89470473179459,0.0025138135820761544,6.389257207978517,6.389257207978517,0.2520100420806557,0.03869754204060882,6.679964792099781,True,0.0,0.5321406924868753,0.5321406924868753,51233.0,16975.0,136758.0,Optimization terminated successfully. (HiGHS Status 7: Optimal),1.0,600.0
20260731_124647-0400,20260731_124647-0400-0043,43,150,A4x4_T30_S13,13,30,Greedy-Benefit,0.389974049202536,0.5587649402390438,0.5667808219178083,16.0,0.5333333333333333,18.0,10.0,850.0,0.5294117647058824,0.625,0.6071428571428571,45.3125,96.0,109.0,250.42963349920302,126.61491701876727,123.81471648043578,0.0015572200611944633,0.0019195829518139362,,,,0.0019198328955098987,False,,,,,,,Constructive heuristic,,
20260731_124647-0400,20260731_124647-0400-0043,43,150,A4x4_T30_S13,13,30,Greedy-Density-Operational,0.39426961506675384,0.6125498007968128,0.6164383561643837,17.0,0.5666666666666667,21.0,9.0,1000.0,0.6176470588235294,0.5625,0.7142857142857143,45.0,95.0,114.0,241.55110921969947,121.04778104010563,120.50332817959388,0.0016322409627527372,0.0014260000316426158,,,,0.0014263340272009373,False,,,,,,,Constructive heuristic,,
20260731_124647-0400,20260731_124647-0400-0043,43,150,A4x4_T30_S13,13,30,Greedy-Density-Cycle,0.39426961506675384,0.6125498007968128,0.6164383561643837,17.0,0.5666666666666667,21.0,9.0,1000.0,0.6176470588235294,0.5625,0.7142857142857143,45.0,95.0,114.0,241.55110921969947,121.04778104010563,120.50332817959388,0.0016322409627527372,0.0013011250412091613,,,,0.0013013340067118406,False,,,,,,,Constructive heuristic,,
20260731_124647-0400,20260731_124647-0400-0043,43,150,A4x4_T30_S13,13,30,HiGHS-1s,,,,,,,,,,,,,,,,,,,3.938158500008285,3.938158500008285,0.22985362506005913,0.06752683292143047,4.235538957989775,False,,,,44895.0,16283.0,118436.0,Time limit reached. (HiGHS Status 13: model_status is Time limit reached; primal_status is At lower/fixed bound),,1.0
20260731_124647-0400,20260731_124647-0400-0043,43,150,A4x4_T30_S13,13,30,HiGHS-5s,0.29559114136386555,0.42629482071713143,0.4589041095890412,13.0,0.43333333333333335,13.0,6.0,1300.0,0.38235294117647056,0.375,0.9285714285714286,41.61538461538461,83.0,107.0,185.81770932760605,93.13239680832613,92.68531251927988,0.0015907587195724351,5.012013792060316,5.012013792060316,0.22985362506005913,0.06752683292143047,5.309394250041805,False,0.6299720607535543,0.2955911413638656,0.4818053018293552,44895.0,16283.0,118436.0,Time limit reached. (HiGHS Status 13: Time limit reached),0.0,5.0
20260731_124647-0400,20260731_124647-0400-0043,43,150,A4x4_T30_S13,13,30,HiGHS-15s,0.47933687245833767,0.6723107569721114,0.6678082191780823,18.0,0.6,24.0,9.0,1000.0,0.7058823529411765,0.5625,0.7142857142857143,45.333333333333336,93.0,115.0,238.55543945522152,119.7172628909412,118.83817656428032,0.0020093311372525314,7.51914008310996,7.51914008310996,0.22985362506005913,0.06752683292143047,7.81652054109145,True,0.0,0.4793368724583376,0.4793368724583376,44895.0,16283.0,118436.0,Optimization terminated successfully. (HiGHS Status 7: Optimal),1.0,15.0
20260731_124647-0400,20260731_124647-0400-0043,43,150,A4x4_T30_S13,13,30,HiGHS-60s,0.47933687245833767,0.6723107569721114,0.6678082191780823,18.0,0.6,24.0,9.0,1000.0,0.7058823529411765,0.5625,0.7142857142857143,45.333333333333336,93.0,115.0,238.55543945522152,119.7172628909412,118.83817656428032,0.0020093311372525314,7.6976049590157345,7.6976049590157345,0.22985362506005913,0.06752683292143047,7.994985416997224,True,0.0,0.4793368724583376,0.4793368724583376,44895.0,16283.0,118436.0,Optimization terminated successfully. (HiGHS Status 7: Optimal),1.0,60.0
20260731_124647-0400,20260731_124647-0400-0043,43,150,A4x4_T30_S13,13,30,HiGHS-600s,0.47933687245833767,0.6723107569721114,0.6678082191780823,18.0,0.6,24.0,9.0,1000.0,0.7058823529411765,0.5625,0.7142857142857143,45.333333333333336,93.0,115.0,238.55543945522152,119.7172628909412,118.83817656428032,0.0020093311372525314,7.735913667012937,7.735913667012937,0.22985362506005913,0.06752683292143047,8.033294124994427,True,0.0,0.4793368724583376,0.4793368724583376,44895.0,16283.0,118436.0,Optimization terminated successfully. (HiGHS Status 7: Optimal),1.0,600.0
20260731_124647-0400,20260731_124647-0400-0044,44,150,A4x4_T30_S14,14,30,Greedy-Benefit,0.40550829797129917,0.633587786259542,0.6575809199318569,18.0,0.6,7.0,25.0,1100.0,0.4375,0.7352941176470589,0.7586206896551724,41.27777777777778,86.0,97.0,215.49856683821827,112.16557458444515,103.33299225377311,0.001881721553516072,0.0016304580494761467,,,,0.001630667014978826,False,,,,,,,Constructive heuristic,,
20260731_124647-0400,20260731_124647-0400-0044,44,150,A4x4_T30_S14,14,30,Greedy-Density-Operational,0.3912016213297399,0.5736095965103599,0.6064735945485521,17.0,0.5666666666666667,5.0,24.0,1100.0,0.3125,0.7058823529411765,0.7586206896551724,38.64705882352941,87.0,103.0,197.5346368050151,102.31070904178458,95.22392776323056,0.0019804203842786923,0.0014175419928506017,,,,0.001417791936546564,False,,,,,,,Constructive heuristic,,
20260731_124647-0400,20260731_124647-0400-0044,44,150,A4x4_T30_S14,14,30,Greedy-Density-Cycle,0.3912016213297399,0.5736095965103599,0.6064735945485521,17.0,0.5666666666666667,5.0,24.0,1100.0,0.3125,0.7058823529411765,0.7586206896551724,38.64705882352941,87.0,103.0,197.5346368050151,102.31070904178458,95.22392776323056,0.0019804203842786923,0.0011052079498767853,,,,0.001105374889448285,False,,,,,,,Constructive heuristic,,
20260731_124647-0400,20260731_124647-0400-0044,44,150,A4x4_T30_S14,14,30,HiGHS-1s,,,,,,,,,,,,,,,,,,,2.7584306249627843,2.7584306249627843,0.2517497920198366,0.0412423339439556,3.0514227509265766,False,,,,52101.0,17632.0,138705.0,Time limit reached. (HiGHS Status 13: model_status is Time limit reached; primal_status is At lower/fixed bound),,1.0
20260731_124647-0400,20260731_124647-0400-0044,44,150,A4x4_T30_S14,14,30,HiGHS-5s,0.39686634050352093,0.569247546346783,0.5911413969335605,17.0,0.5666666666666667,9.0,17.0,1450.0,0.5625,0.5,1.0,40.588235294117645,85.0,92.0,213.49433714357508,106.79044142526342,106.70389571831168,0.0018589080432453253,5.099823750089854,5.099823750089854,0.2517497920198366,0.0412423339439556,5.392815876053646,False,0.09822820023142517,0.3968663405035209,0.4358498068636137,52101.0,17632.0,138705.0,Time limit reached. (HiGHS Status 13: Time limit reached),0.0,5.0
20260731_124647-0400,20260731_124647-0400-0044,44,150,A4x4_T30_S14,14,30,HiGHS-15s,0.43550080124708046,0.6292257360959652,0.6763202725724021,19.0,0.6333333333333333,5.0,26.0,1450.0,0.3125,0.7647058823529411,1.0,45.10526315789474,90.0,102.0,214.64823445354577,110.66220156849464,103.9860328850511,0.0020289046511646554,5.590740874991752,5.590740874991752,0.2517497920198366,0.0412423339439556,5.883733000955544,True,0.0,0.43550080124708046,0.43550080124708046,52101.0,17632.0,138705.0,Optimization terminated successfully. (HiGHS Status 7: Optimal),1.0,15.0
20260731_124647-0400,20260731_124647-0400-0044,44,150,A4x4_T30_S14,14,30,HiGHS-60s,0.43550080124708046,0.6292257360959652,0.6763202725724021,19.0,0.6333333333333333,5.0,26.0,1450.0,0.3125,0.7647058823529411,1.0,45.10526315789474,90.0,102.0,214.64823445354577,110.66220156849464,103.9860328850511,0.0020289046511646554,5.561843166942708,5.561843166942708,0.2517497920198366,0.0412423339439556,5.8548352929065,True,0.0,0.43550080124708046,0.43550080124708046,52101.0,17632.0,138705.0,Optimization terminated successfully. (HiGHS Status 7: Optimal),1.0,60.0
20260731_124647-0400,20260731_124647-0400-0044,44,150,A4x4_T30_S14,14,30,HiGHS-600s,0.43550080124708046,0.6292257360959652,0.6763202725724021,19.0,0.6333333333333333,5.0,26.0,1450.0,0.3125,0.7647058823529411,1.0,45.10526315789474,90.0,102.0,214.64823445354577,110.66220156849464,103.9860328850511,0.0020289046511646554,5.69148104195483,5.69148104195483,0.2517497920198366,0.0412423339439556,5.9844731679186225,True,0.0,0.43550080124708046,0.43550080124708046,52101.0,17632.0,138705.0,Optimization terminated successfully. (HiGHS Status 7: Optimal),1.0,600.0
20260731_124647-0400,20260731_124647-0400-0045,45,150,A4x4_T30_S15,15,30,Greedy-Benefit,0.36387799323458203,0.5454545454545455,0.5544554455445543,15.0,0.5,15.0,12.0,1100.0,0.6,0.41379310344827586,1.0,40.93333333333333,86.0,101.0,240.97324372789512,120.79974287859453,120.1735008493006,0.001510034838745292,0.0015210829442366958,,,,0.0015214160084724426,False,,,,,,,Constructive heuristic,,
20260731_124647-0400,20260731_124647-0400-0045,45,150,A4x4_T30_S15,15,30,Greedy-Density-Operational,0.37607726186985274,0.5954045954045954,0.6039603960396037,17.0,0.5666666666666667,16.0,14.0,1100.0,0.64,0.4827586206896552,1.0,41.1764705882353,91.0,109.0,241.5533795409977,121.98315351484023,119.57022602615747,0.0015569116134267248,0.0013694169465452433,,,,0.0013696668902412057,False,,,,,,,Constructive heuristic,,
20260731_124647-0400,20260731_124647-0400-0045,45,150,A4x4_T30_S15,15,30,Greedy-Density-Cycle,0.37607726186985274,0.5954045954045954,0.6039603960396037,17.0,0.5666666666666667,16.0,14.0,1100.0,0.64,0.4827586206896552,1.0,41.1764705882353,91.0,109.0,241.5533795409977,121.98315351484023,119.57022602615747,0.0015569116134267248,0.0012918750289827585,,,,0.001292124972678721,False,,,,,,,Constructive heuristic,,
20260731_124647-0400,20260731_124647-0400-0045,45,150,A4x4_T30_S15,15,30,HiGHS-1s,,,,,,,,,,,,,,,,,,,1.0522798330057412,1.0522798330057412,0.06986954098101705,0.06847383396234363,1.190623207949102,False,,,,17615.0,7583.0,45296.0,Time limit reached. (HiGHS Status 13: model_status is Time limit reached; primal_status is At lower/fixed bound),,1.0
20260731_124647-0400,20260731_124647-0400-0045,45,150,A4x4_T30_S15,15,30,HiGHS-5s,0.4504725776625106,0.6453546453546455,0.6122112211221119,17.0,0.5666666666666667,20.0,15.0,350.0,0.8,0.5172413793103449,0.3181818181818182,41.35294117647059,84.0,96.0,206.94239251054265,104.64359708128909,102.29879542925354,0.002176801824882552,1.8329056670190766,1.8329056670190766,0.06986954098101705,0.06847383396234363,1.9712490419624373,True,0.0,0.45047257766251053,0.45047257766251053,17615.0,7583.0,45296.0,Optimization terminated successfully. (HiGHS Status 7: Optimal),1.0,5.0
20260731_124647-0400,20260731_124647-0400-0045,45,150,A4x4_T30_S15,15,30,HiGHS-15s,0.4504725776625106,0.6453546453546455,0.6122112211221119,17.0,0.5666666666666667,20.0,15.0,350.0,0.8,0.5172413793103449,0.3181818181818182,41.35294117647059,84.0,96.0,206.94239251054265,104.64359708128909,102.29879542925354,0.002176801824882552,1.73070054105483,1.73070054105483,0.06986954098101705,0.06847383396234363,1.8690439159981906,True,0.0,0.45047257766251053,0.45047257766251053,17615.0,7583.0,45296.0,Optimization terminated successfully. (HiGHS Status 7: Optimal),1.0,15.0
20260731_124647-0400,20260731_124647-0400-0045,45,150,A4x4_T30_S15,15,30,HiGHS-60s,0.4504725776625106,0.6453546453546455,0.6122112211221119,17.0,0.5666666666666667,20.0,15.0,350.0,0.8,0.5172413793103449,0.3181818181818182,41.35294117647059,84.0,96.0,206.94239251054265,104.64359708128909,102.29879542925354,0.002176801824882552,1.7237447910010815,1.7237447910010815,0.06986954098101705,0.06847383396234363,1.8620881659444422,True,0.0,0.45047257766251053,0.45047257766251053,17615.0,7583.0,45296.0,Optimization terminated successfully. (HiGHS Status 7: Optimal),1.0,60.0
20260731_124647-0400,20260731_124647-0400-0045,45,150,A4x4_T30_S15,15,30,HiGHS-600s,0.4504725776625106,0.6453546453546455,0.6122112211221119,17.0,0.5666666666666667,20.0,15.0,350.0,0.8,0.5172413793103449,0.3181818181818182,41.35294117647059,84.0,96.0,206.94239251054265,104.64359708128909,102.29879542925354,0.002176801824882552,1.7231035410659388,1.7231035410659388,0.06986954098101705,0.06847383396234363,1.8614469160092995,True,0.0,0.45047257766251053,0.45047257766251053,17615.0,7583.0,45296.0,Optimization terminated successfully. (HiGHS Status 7: Optimal),1.0,600.0
20260731_124647-0400,20260731_124647-0400-0046,46,150,A4x4_T30_S16,16,30,Greedy-Benefit,0.294488993704644,0.4886792452830188,0.49291338582677163,15.0,0.5,16.0,9.0,1050.0,0.45714285714285713,0.6,0.4666666666666667,47.13333333333333,92.0,100.0,245.30468070083444,139.62512507283867,105.67955562799575,0.0012005029535648898,0.0015293339965865016,,,,0.0015296249184757471,False,,,,,,,Constructive heuristic,,
20260731_124647-0400,20260731_124647-0400-0046,46,150,A4x4_T30_S16,16,30,Greedy-Density-Operational,0.36778517157895757,0.5641509433962262,0.5559055118110235,17.0,0.5666666666666667,20.0,9.0,1050.0,0.5714285714285714,0.6,0.4666666666666667,44.76470588235294,95.0,108.0,277.2733168210947,138.83893330172037,138.4343835193743,0.0013264355034071451,0.0013617920922115445,,,,0.0013621250400319695,False,,,,,,,Constructive heuristic,,
20260731_124647-0400,20260731_124647-0400-0046,46,150,A4x4_T30_S16,16,30,Greedy-Density-Cycle,0.36778517157895757,0.5641509433962262,0.5559055118110235,17.0,0.5666666666666667,20.0,9.0,1050.0,0.5714285714285714,0.6,0.4666666666666667,44.76470588235294,95.0,108.0,277.2733168210947,138.83893330172037,138.4343835193743,0.0013264355034071451,0.0013161670649424195,,,,0.0013163749827072024,False,,,,,,,Constructive heuristic,,
20260731_124647-0400,20260731_124647-0400-0046,46,150,A4x4_T30_S16,16,30,HiGHS-1s,,,,,,,,,,,,,,,,,,,3.3531219580909237,3.3531219580909237,0.12460916698910296,0.02485854201950133,3.502589667099528,False,,,,32216.0,13193.0,83489.0,Time limit reached. (HiGHS Status 13: model_status is Time limit reached; primal_status is At lower/fixed bound),,1.0
20260731_124647-0400,20260731_124647-0400-0046,46,150,A4x4_T30_S16,16,30,HiGHS-5s,0.3934548611797794,0.5358490566037735,0.5322834645669291,16.0,0.5333333333333333,17.0,12.0,800.0,0.4857142857142857,0.8,0.35555555555555557,41.875,90.0,115.0,252.3744590575993,126.47987356858633,125.89458548901297,0.0015590122021419822,4.1481833750149235,4.1481833750149235,0.12460916698910296,0.02485854201950133,4.297651084023528,True,0.0,0.3934548611797794,0.3934548611797794,32216.0,13193.0,83489.0,Optimization terminated successfully. (HiGHS Status 7: Optimal),1.0,5.0
20260731_124647-0400,20260731_124647-0400-0046,46,150,A4x4_T30_S16,16,30,HiGHS-15s,0.3934548611797794,0.5358490566037735,0.5322834645669291,16.0,0.5333333333333333,17.0,12.0,800.0,0.4857142857142857,0.8,0.35555555555555557,41.875,90.0,115.0,252.3744590575993,126.47987356858633,125.89458548901297,0.0015590122021419822,4.1831176249543205,4.1831176249543205,0.12460916698910296,0.02485854201950133,4.332585333962925,True,0.0,0.3934548611797794,0.3934548611797794,32216.0,13193.0,83489.0,Optimization terminated successfully. (HiGHS Status 7: Optimal),1.0,15.0
20260731_124647-0400,20260731_124647-0400-0046,46,150,A4x4_T30_S16,16,30,HiGHS-60s,0.3934548611797794,0.5358490566037735,0.5322834645669291,16.0,0.5333333333333333,17.0,12.0,800.0,0.4857142857142857,0.8,0.35555555555555557,41.875,90.0,115.0,252.3744590575993,126.47987356858633,125.89458548901297,0.0015590122021419822,4.248826791066676,4.248826791066676,0.12460916698910296,0.02485854201950133,4.398294500075281,True,0.0,0.3934548611797794,0.3934548611797794,32216.0,13193.0,83489.0,Optimization terminated successfully. (HiGHS Status 7: Optimal),1.0,60.0
20260731_124647-0400,20260731_124647-0400-0046,46,150,A4x4_T30_S16,16,30,HiGHS-600s,0.3934548611797794,0.5358490566037735,0.5322834645669291,16.0,0.5333333333333333,17.0,12.0,800.0,0.4857142857142857,0.8,0.35555555555555557,41.875,90.0,115.0,252.3744590575993,126.47987356858633,125.89458548901297,0.0015590122021419822,4.544074125005864,4.544074125005864,0.12460916698910296,0.02485854201950133,4.693541834014468,True,0.0,0.3934548611797794,0.3934548611797794,32216.0,13193.0,83489.0,Optimization terminated successfully. (HiGHS Status 7: Optimal),1.0,600.0
20260731_124647-0400,20260731_124647-0400-0047,47,150,A4x4_T30_S17,17,30,Greedy-Benefit,0.30703101389646775,0.5360315893385982,0.524221453287197,15.0,0.5,21.0,6.0,550.0,0.5675675675675675,0.46153846153846156,0.4230769230769231,48.53333333333333,93.0,113.0,277.89331078749274,160.3916986998667,117.50161208762609,0.0011048521212202076,0.0014932499034330249,,,,0.0014935409417375922,False,,,,,,,Constructive heuristic,,
20260731_124647-0400,20260731_124647-0400-0047,47,150,A4x4_T30_S17,17,30,Greedy-Density-Operational,0.3185564693907891,0.5044422507403751,0.5207612456747404,16.0,0.5333333333333333,17.0,8.0,850.0,0.4594594594594595,0.6153846153846154,0.6538461538461539,41.625,98.0,120.0,252.5296206743365,133.43409298684475,119.09552768749175,0.0012614617981848597,0.001335583976469934,,,,0.0013357920106500387,False,,,,,,,Constructive heuristic,,
20260731_124647-0400,20260731_124647-0400-0047,47,150,A4x4_T30_S17,17,30,Greedy-Density-Cycle,0.3185564693907891,0.5044422507403751,0.5207612456747404,16.0,0.5333333333333333,17.0,8.0,850.0,0.4594594594594595,0.6153846153846154,0.6538461538461539,41.625,98.0,120.0,252.5296206743365,133.43409298684475,119.09552768749175,0.0012614617981848597,0.0012589580146595836,,,,0.001259207958355546,False,,,,,,,Constructive heuristic,,
20260731_124647-0400,20260731_124647-0400-0047,47,150,A4x4_T30_S17,17,30,HiGHS-1s,,,,,,,,,,,,,,,,,,,2.8040402920451015,2.8040402920451015,0.1916552500333637,0.026488541974686086,3.0221840840531513,False,,,,32803.0,12793.0,85650.0,Time limit reached. (HiGHS Status 13: model_status is Time limit reached; primal_status is At lower/fixed bound),,1.0
20260731_124647-0400,20260731_124647-0400-0047,47,150,A4x4_T30_S17,17,30,HiGHS-5s,0.39081048309795985,0.6071076011846,0.5968858131487887,17.0,0.5666666666666667,24.0,6.0,750.0,0.6486486486486487,0.46153846153846156,0.5769230769230769,44.588235294117645,98.0,120.0,259.96773109135165,133.58140248082356,126.38632861052808,0.0015033038195060855,3.2162266669329256,3.2162266669329256,0.1916552500333637,0.026488541974686086,3.4343704589409754,True,0.0,0.3908104830979599,0.3908104830979599,32803.0,12793.0,85650.0,Optimization terminated successfully. (HiGHS Status 7: Optimal),1.0,5.0
20260731_124647-0400,20260731_124647-0400-0047,47,150,A4x4_T30_S17,17,30,HiGHS-15s,0.39081048309795985,0.6071076011846,0.5968858131487887,17.0,0.5666666666666667,24.0,6.0,750.0,0.6486486486486487,0.46153846153846156,0.5769230769230769,44.588235294117645,98.0,120.0,259.96773109135165,133.58140248082356,126.38632861052808,0.0015033038195060855,3.383612458012067,3.383612458012067,0.1916552500333637,0.026488541974686086,3.6017562500201166,True,0.0,0.3908104830979599,0.3908104830979599,32803.0,12793.0,85650.0,Optimization terminated successfully. (HiGHS Status 7: Optimal),1.0,15.0
20260731_124647-0400,20260731_124647-0400-0047,47,150,A4x4_T30_S17,17,30,HiGHS-60s,0.39081048309795985,0.6071076011846,0.5968858131487887,17.0,0.5666666666666667,24.0,6.0,750.0,0.6486486486486487,0.46153846153846156,0.5769230769230769,44.588235294117645,98.0,120.0,259.96773109135165,133.58140248082356,126.38632861052808,0.0015033038195060855,3.3902311249403283,3.3902311249403283,0.1916552500333637,0.026488541974686086,3.608374916948378,True,0.0,0.3908104830979599,0.3908104830979599,32803.0,12793.0,85650.0,Optimization terminated successfully. (HiGHS Status 7: Optimal),1.0,60.0
20260731_124647-0400,20260731_124647-0400-0047,47,150,A4x4_T30_S17,17,30,HiGHS-600s,0.39081048309795985,0.6071076011846,0.5968858131487887,17.0,0.5666666666666667,24.0,6.0,750.0,0.6486486486486487,0.46153846153846156,0.5769230769230769,44.588235294117645,98.0,120.0,259.96773109135165,133.58140248082356,126.38632861052808,0.0015033038195060855,3.224595958017744,3.224595958017744,0.1916552500333637,0.026488541974686086,3.442739750025794,True,0.0,0.3908104830979599,0.3908104830979599,32803.0,12793.0,85650.0,Optimization terminated successfully. (HiGHS Status 7: Optimal),1.0,600.0
20260731_124647-0400,20260731_124647-0400-0048,48,150,A4x4_T30_S18,18,30,Greedy-Benefit,0.36287415963613534,0.5047892720306515,0.47261345852895154,15.0,0.5,19.0,7.0,700.0,0.6333333333333333,0.3333333333333333,0.32558139534883723,45.46666666666667,93.0,113.0,275.48306537099927,138.9155417897341,136.56752358126516,0.0013172285532232063,0.0016874170396476984,,,,0.0016877080779522657,False,,,,,,,Constructive heuristic,,
20260731_124647-0400,20260731_124647-0400-0048,48,150,A4x4_T30_S18,18,30,Greedy-Density-Operational,0.34413559879276984,0.5047892720306514,0.47261345852895154,15.0,0.5,19.0,7.0,700.0,0.6333333333333333,0.3333333333333333,0.32558139534883723,43.4,87.0,101.0,239.49191601134095,122.90964131360523,116.5822746977357,0.001436940354915669,0.0015258749481290579,,,,0.0015261250082403421,False,,,,,,,Constructive heuristic,,
20260731_124647-0400,20260731_124647-0400-0048,48,150,A4x4_T30_S18,18,30,Greedy-Density-Cycle,0.34412464924185343,0.5095785440613028,0.47261345852895154,15.0,0.5,20.0,6.0,700.0,0.6666666666666666,0.2857142857142857,0.32558139534883723,43.266666666666666,85.0,97.0,234.5248335600781,120.42610008797381,114.09873347210427,0.001467327122753076,0.0013382919132709503,,,,0.001338458969257772,False,,,,,,,Constructive heuristic,,
20260731_124647-0400,20260731_124647-0400-0048,48,150,A4x4_T30_S18,18,30,HiGHS-1s,,,,,,,,,,,,,,,,,,,2.926619000034407,2.926619000034407,0.14591066597495228,0.017973916954360902,3.09050358296372,False,,,,18308.0,7840.0,47118.0,Time limit reached. (HiGHS Status 13: model_status is Time limit reached; primal_status is At lower/fixed bound),,1.0
20260731_124647-0400,20260731_124647-0400-0048,48,150,A4x4_T30_S18,18,30,HiGHS-5s,0.40585215779134126,0.6053639846743294,0.5665101721439749,17.0,0.5666666666666667,22.0,10.0,700.0,0.7333333333333333,0.47619047619047616,0.32558139534883723,44.76470588235294,94.0,116.0,261.4902486067497,132.57628812356842,128.91396048318126,0.0015520737769525578,2.987193707958795,2.987193707958795,0.14591066597495228,0.017973916954360902,3.1510782908881083,True,0.0,0.40585215779134126,0.40585215779134126,18308.0,7840.0,47118.0,Optimization terminated successfully. (HiGHS Status 7: Optimal),1.0,5.0
20260731_124647-0400,20260731_124647-0400-0048,48,150,A4x4_T30_S18,18,30,HiGHS-15s,0.40585215779134126,0.6053639846743294,0.5665101721439749,17.0,0.5666666666666667,22.0,10.0,700.0,0.7333333333333333,0.47619047619047616,0.32558139534883723,44.76470588235294,94.0,116.0,261.4902486067497,132.57628812356842,128.91396048318126,0.0015520737769525578,2.9282921249978244,2.9282921249978244,0.14591066597495228,0.017973916954360902,3.0921767079271376,True,0.0,0.40585215779134126,0.40585215779134126,18308.0,7840.0,47118.0,Optimization terminated successfully. (HiGHS Status 7: Optimal),1.0,15.0
20260731_124647-0400,20260731_124647-0400-0048,48,150,A4x4_T30_S18,18,30,HiGHS-60s,0.40585215779134126,0.6053639846743294,0.5665101721439749,17.0,0.5666666666666667,22.0,10.0,700.0,0.7333333333333333,0.47619047619047616,0.32558139534883723,44.76470588235294,94.0,116.0,261.4902486067497,132.57628812356842,128.91396048318126,0.0015520737769525578,3.001676582964137,3.001676582964137,0.14591066597495228,0.017973916954360902,3.1655611658934504,True,0.0,0.40585215779134126,0.40585215779134126,18308.0,7840.0,47118.0,Optimization terminated successfully. (HiGHS Status 7: Optimal),1.0,60.0
20260731_124647-0400,20260731_124647-0400-0048,48,150,A4x4_T30_S18,18,30,HiGHS-600s,0.40585215779134126,0.6053639846743294,0.5665101721439749,17.0,0.5666666666666667,22.0,10.0,700.0,0.7333333333333333,0.47619047619047616,0.32558139534883723,44.76470588235294,94.0,116.0,261.4902486067497,132.57628812356842,128.91396048318126,0.0015520737769525578,3.025235833018087,3.025235833018087,0.14591066597495228,0.017973916954360902,3.1891204159474,True,0.0,0.40585215779134126,0.40585215779134126,18308.0,7840.0,47118.0,Optimization terminated successfully. (HiGHS Status 7: Optimal),1.0,600.0
20260731_124647-0400,20260731_124647-0400-0049,49,150,A4x4_T30_S19,19,30,Greedy-Benefit,0.36319767051766555,0.4952481520591342,0.45140032948929154,13.0,0.43333333333333335,14.0,11.0,400.0,0.56,0.6111111111111112,0.13559322033898305,42.61538461538461,79.0,92.0,227.78711103416322,124.64193212442265,103.14517890974055,0.0015944610248961523,0.0016942499205470085,,,,0.0016944999806582928,False,,,,,,,Constructive heuristic,,
20260731_124647-0400,20260731_124647-0400-0049,49,150,A4x4_T30_S19,19,30,Greedy-Density-Operational,0.37170296857509433,0.5871172122492081,0.5617792421746293,17.0,0.5666666666666667,17.0,9.0,1350.0,0.68,0.5,0.4576271186440678,47.470588235294116,99.0,121.0,291.2015519987956,146.0032281454632,145.1983238533324,0.0012764456989454221,0.0014831669395789504,,,,0.0014834169996902347,False,,,,,,,Constructive heuristic,,
20260731_124647-0400,20260731_124647-0400-0049,49,150,A4x4_T30_S19,19,30,Greedy-Density-Cycle,0.3628674364749443,0.5850052798310454,0.558484349258649,16.0,0.5333333333333333,16.0,11.0,1150.0,0.64,0.6111111111111112,0.3898305084745763,45.0,98.0,120.0,269.04407813039415,139.6571425779037,129.38693555249048,0.0013487285763601829,0.0012188750552013516,,,,0.0012190830893814564,False,,,,,,,Constructive heuristic,,
20260731_124647-0400,20260731_124647-0400-0049,49,150,A4x4_T30_S19,19,30,HiGHS-1s,,,,,,,,,,,,,,,,,,,2.191073250025511,2.191073250025511,0.08048766700085253,0.016601040959358215,2.2881619579857215,False,,,,21239.0,8677.0,55074.0,Time limit reached. (HiGHS Status 13: model_status is Time limit reached; primal_status is At lower/fixed bound),,1.0
20260731_124647-0400,20260731_124647-0400-0049,49,150,A4x4_T30_S19,19,30,HiGHS-5s,0.45162897193512413,0.5881731784582895,0.5634266886326195,16.0,0.5333333333333333,16.0,11.0,1200.0,0.64,0.6111111111111112,0.4067796610169492,42.875,99.0,124.0,242.75098839078132,128.48001955480214,114.27096883597918,0.0018604619282047593,2.415243166964501,2.415243166964501,0.08048766700085253,0.016601040959358215,2.512331874924712,True,0.0,0.45162897193512413,0.45162897193512413,21239.0,8677.0,55074.0,Optimization terminated successfully. (HiGHS Status 7: Optimal),1.0,5.0
20260731_124647-0400,20260731_124647-0400-0049,49,150,A4x4_T30_S19,19,30,HiGHS-15s,0.45162897193512413,0.5881731784582895,0.5634266886326195,16.0,0.5333333333333333,16.0,11.0,1200.0,0.64,0.6111111111111112,0.4067796610169492,42.875,99.0,124.0,242.75098839078132,128.48001955480214,114.27096883597918,0.0018604619282047593,2.38333900005091,2.38333900005091,0.08048766700085253,0.016601040959358215,2.4804277080111206,True,0.0,0.45162897193512413,0.45162897193512413,21239.0,8677.0,55074.0,Optimization terminated successfully. (HiGHS Status 7: Optimal),1.0,15.0
20260731_124647-0400,20260731_124647-0400-0049,49,150,A4x4_T30_S19,19,30,HiGHS-60s,0.45162897193512413,0.5881731784582895,0.5634266886326195,16.0,0.5333333333333333,16.0,11.0,1200.0,0.64,0.6111111111111112,0.4067796610169492,42.875,99.0,124.0,242.75098839078132,128.48001955480214,114.27096883597918,0.0018604619282047593,2.445566082955338,2.445566082955338,0.08048766700085253,0.016601040959358215,2.542654790915549,True,0.0,0.45162897193512413,0.45162897193512413,21239.0,8677.0,55074.0,Optimization terminated successfully. (HiGHS Status 7: Optimal),1.0,60.0
20260731_124647-0400,20260731_124647-0400-0049,49,150,A4x4_T30_S19,19,30,HiGHS-600s,0.45162897193512413,0.5881731784582895,0.5634266886326195,16.0,0.5333333333333333,16.0,11.0,1200.0,0.64,0.6111111111111112,0.4067796610169492,42.875,99.0,124.0,242.75098839078132,128.48001955480214,114.27096883597918,0.0018604619282047593,2.396706666913815,2.396706666913815,0.08048766700085253,0.016601040959358215,2.4937953748740256,True,0.0,0.45162897193512413,0.45162897193512413,21239.0,8677.0,55074.0,Optimization terminated successfully. (HiGHS Status 7: Optimal),1.0,600.0
20260731_124647-0400,20260731_124647-0400-0050,50,150,A4x4_T30_S20,20,30,Greedy-Benefit,0.34204648388195796,0.5522813688212929,0.5535420098846787,15.0,0.5,22.0,5.0,1100.0,0.55,0.5555555555555556,0.5641025641025641,43.2,81.0,95.0,213.35785602189938,112.99130421405894,100.36655180784044,0.0016031586099498946,0.0013908749679103494,,,,0.0013911660062149167,False,,,,,,,Constructive heuristic,,
20260731_124647-0400,20260731_124647-0400-0050,50,150,A4x4_T30_S20,20,30,Greedy-Density-Operational,0.3873506873787617,0.5807984790874524,0.6029654036243821,16.0,0.5333333333333333,22.0,5.0,1600.0,0.55,0.5555555555555556,0.8205128205128205,40.625,98.0,120.0,227.7650679872221,115.36343186172707,112.40163612549505,0.00170065888857238,0.0013794590486213565,,,,0.0013797919964417815,False,,,,,,,Constructive heuristic,,
20260731_124647-0400,20260731_124647-0400-0050,50,150,A4x4_T30_S20,20,30,Greedy-Density-Cycle,0.3873506873787617,0.5807984790874524,0.6029654036243821,16.0,0.5333333333333333,22.0,5.0,1600.0,0.55,0.5555555555555556,0.8205128205128205,40.625,98.0,120.0,227.7650679872221,115.36343186172707,112.40163612549505,0.00170065888857238,0.001269125030376017,,,,0.001269291969947517,False,,,,,,,Constructive heuristic,,
20260731_124647-0400,20260731_124647-0400-0050,50,150,A4x4_T30_S20,20,30,HiGHS-1s,,,,,,,,,,,,,,,,,,,2.0342485829023644,2.0342485829023644,0.12433454208076,0.012985666980966926,2.1715687919640914,False,,,,16947.0,7476.0,43399.0,Time limit reached. (HiGHS Status 13: model_status is Time limit reached; primal_status is At lower/fixed bound),,1.0
20260731_124647-0400,20260731_124647-0400-0050,50,150,A4x4_T30_S20,20,30,HiGHS-5s,0.4070398255434814,0.6311787072243346,0.6243822075782536,15.0,0.5,26.0,5.0,1150.0,0.65,0.5555555555555556,0.5897435897435898,42.266666666666666,94.0,114.0,250.9851928380412,126.46921712312385,124.51597571491736,0.0016217682841797804,2.1410853329580277,2.1410853329580277,0.12433454208076,0.012985666980966926,2.2784055420197546,True,0.0,0.40703982554348134,0.40703982554348134,16947.0,7476.0,43399.0,Optimization terminated successfully. (HiGHS Status 7: Optimal),1.0,5.0
20260731_124647-0400,20260731_124647-0400-0050,50,150,A4x4_T30_S20,20,30,HiGHS-15s,0.4070398255434814,0.6311787072243346,0.6243822075782536,15.0,0.5,26.0,5.0,1150.0,0.65,0.5555555555555556,0.5897435897435898,42.266666666666666,94.0,114.0,250.9851928380412,126.46921712312385,124.51597571491736,0.0016217682841797804,2.1512985420413315,2.1512985420413315,0.12433454208076,0.012985666980966926,2.2886187511030585,True,0.0,0.40703982554348134,0.40703982554348134,16947.0,7476.0,43399.0,Optimization terminated successfully. (HiGHS Status 7: Optimal),1.0,15.0
20260731_124647-0400,20260731_124647-0400-0050,50,150,A4x4_T30_S20,20,30,HiGHS-60s,0.4070398255434814,0.6311787072243346,0.6243822075782536,15.0,0.5,26.0,5.0,1150.0,0.65,0.5555555555555556,0.5897435897435898,42.266666666666666,94.0,114.0,250.9851928380412,126.46921712312385,124.51597571491736,0.0016217682841797804,2.15652570896782,2.15652570896782,0.12433454208076,0.012985666980966926,2.2938459180295467,True,0.0,0.40703982554348134,0.40703982554348134,16947.0,7476.0,43399.0,Optimization terminated successfully. (HiGHS Status 7: Optimal),1.0,60.0
20260731_124647-0400,20260731_124647-0400-0050,50,150,A4x4_T30_S20,20,30,HiGHS-600s,0.4070398255434814,0.6311787072243346,0.6243822075782536,15.0,0.5,26.0,5.0,1150.0,0.65,0.5555555555555556,0.5897435897435898,42.266666666666666,94.0,114.0,250.9851928380412,126.46921712312385,124.51597571491736,0.0016217682841797804,2.2947851249482483,2.2947851249482483,0.12433454208076,0.012985666980966926,2.432105334009975,True,0.0,0.40703982554348134,0.40703982554348134,16947.0,7476.0,43399.0,Optimization terminated successfully. (HiGHS Status 7: Optimal),1.0,600.0
20260731_124647-0400,20260731_124647-0400-0051,51,150,A4x4_T30_S21,21,30,Greedy-Benefit,0.37331170656092266,0.5578703703703706,0.5581395348837209,16.0,0.5333333333333333,10.0,14.0,1200.0,0.47619047619047616,0.7368421052631579,0.4528301886792453,40.875,80.0,96.0,223.81501060097554,121.08969358400238,102.72531701697314,0.0016679475856356861,0.001820916892029345,,,,0.0018212079303339124,False,,,,,,,Constructive heuristic,,
20260731_124647-0400,20260731_124647-0400-0051,51,150,A4x4_T30_S21,21,30,Greedy-Density-Operational,0.40781953748985406,0.6087962962962964,0.592128801431127,17.0,0.5666666666666667,14.0,11.0,1350.0,0.6666666666666666,0.5789473684210527,0.5094339622641509,37.76470588235294,74.0,87.0,197.33038171311912,102.36111310948894,94.96926860363018,0.0020666839741015964,0.0014711249386891723,,,,0.001471417024731636,False,,,,,,,Constructive heuristic,,
20260731_124647-0400,20260731_124647-0400-0051,51,150,A4x4_T30_S21,21,30,Greedy-Density-Cycle,0.40781953748985406,0.6087962962962964,0.592128801431127,17.0,0.5666666666666667,14.0,11.0,1350.0,0.6666666666666666,0.5789473684210527,0.5094339622641509,37.76470588235294,74.0,87.0,197.33038171311912,102.36111310948894,94.96926860363018,0.0020666839741015964,0.0013596250209957361,,,,0.0013598330551758409,False,,,,,,,Constructive heuristic,,
20260731_124647-0400,20260731_124647-0400-0051,51,150,A4x4_T30_S21,21,30,HiGHS-1s,,,,,,,,,,,,,,,,,,,3.1498244169633836,3.1498244169633836,0.12420416600070894,0.05851570807863027,3.3325442910427228,False,,,,32240.0,13727.0,83027.0,Time limit reached. (HiGHS Status 13: model_status is Time limit reached; primal_status is At lower/fixed bound),,1.0
20260731_124647-0400,20260731_124647-0400-0051,51,150,A4x4_T30_S21,21,30,HiGHS-5s,0.48984142844027007,0.6909722222222222,0.6475849731663684,18.0,0.6,18.0,11.0,1200.0,0.8571428571428571,0.5789473684210527,0.4528301886792453,41.0,80.0,96.0,202.17253353188212,102.00530498427737,100.16722854760474,0.002422888113844719,3.5171746659325436,3.5171746659325436,0.12420416600070894,0.05851570807863027,3.699894540011883,True,0.0,0.48984142844027007,0.48984142844027007,32240.0,13727.0,83027.0,Optimization terminated successfully. (HiGHS Status 7: Optimal),1.0,5.0
20260731_124647-0400,20260731_124647-0400-0051,51,150,A4x4_T30_S21,21,30,HiGHS-15s,0.48984142844027007,0.6909722222222222,0.6475849731663684,18.0,0.6,18.0,11.0,1200.0,0.8571428571428571,0.5789473684210527,0.4528301886792453,41.0,80.0,96.0,202.17253353188212,102.00530498427737,100.16722854760474,0.002422888113844719,3.612154584028758,3.612154584028758,0.12420416600070894,0.05851570807863027,3.7948744581080973,True,0.0,0.48984142844027007,0.48984142844027007,32240.0,13727.0,83027.0,Optimization terminated successfully. (HiGHS Status 7: Optimal),1.0,15.0
20260731_124647-0400,20260731_124647-0400-0051,51,150,A4x4_T30_S21,21,30,HiGHS-60s,0.48984142844027007,0.6909722222222222,0.6475849731663684,18.0,0.6,18.0,11.0,1200.0,0.8571428571428571,0.5789473684210527,0.4528301886792453,41.0,80.0,96.0,202.17253353188212,102.00530498427737,100.16722854760474,0.002422888113844719,3.5266956250416115,3.5266956250416115,0.12420416600070894,0.05851570807863027,3.7094154991209507,True,0.0,0.48984142844027007,0.48984142844027007,32240.0,13727.0,83027.0,Optimization terminated successfully. (HiGHS Status 7: Optimal),1.0,60.0
20260731_124647-0400,20260731_124647-0400-0051,51,150,A4x4_T30_S21,21,30,HiGHS-600s,0.48984142844027007,0.6909722222222222,0.6475849731663684,18.0,0.6,18.0,11.0,1200.0,0.8571428571428571,0.5789473684210527,0.4528301886792453,41.0,80.0,96.0,202.17253353188212,102.00530498427737,100.16722854760474,0.002422888113844719,3.5031312090577558,3.5031312090577558,0.12420416600070894,0.05851570807863027,3.685851083137095,True,0.0,0.48984142844027007,0.48984142844027007,32240.0,13727.0,83027.0,Optimization terminated successfully. (HiGHS Status 7: Optimal),1.0,600.0
20260731_124647-0400,20260731_124647-0400-0052,52,150,A4x4_T30_S22,22,30,Greedy-Benefit,0.4687247303641449,0.6175024582104229,0.6334355828220859,17.0,0.5666666666666667,14.0,15.0,2050.0,0.5833333333333334,0.6,0.7592592592592593,36.05882352941177,77.0,84.0,162.59532759684205,81.49332992506208,81.10199767177997,0.002882768756592785,0.0015196669846773148,,,,0.0015198750188574195,False,,,,,,,Constructive heuristic,,
20260731_124647-0400,20260731_124647-0400-0052,52,150,A4x4_T30_S22,22,30,Greedy-Density-Operational,0.47601879435451955,0.6912487708947889,0.6947852760736195,18.0,0.6,17.0,16.0,2050.0,0.7083333333333334,0.64,0.7592592592592593,37.55555555555556,80.0,100.0,200.62187493403306,100.31093746701654,100.31093746701654,0.002372716307785681,0.0013170420425012708,,,,0.001317208050750196,False,,,,,,,Constructive heuristic,,
20260731_124647-0400,20260731_124647-0400-0052,52,150,A4x4_T30_S22,22,30,Greedy-Density-Cycle,0.47601879435451955,0.6912487708947889,0.6947852760736195,18.0,0.6,17.0,16.0,2050.0,0.7083333333333334,0.64,0.7592592592592593,37.55555555555556,80.0,100.0,200.62187493403306,100.31093746701654,100.31093746701654,0.002372716307785681,0.00129258306697011,,,,0.0012927500065416098,False,,,,,,,Constructive heuristic,,
20260731_124647-0400,20260731_124647-0400-0052,52,150,A4x4_T30_S22,22,30,HiGHS-1s,,,,,,,,,,,,,,,,,,,1.9340531659545377,1.9340531659545377,0.0355512909591198,0.006968458998017013,1.9765729159116745,False,,,,8995.0,3833.0,23186.0,Time limit reached. (HiGHS Status 13: model_status is Time limit reached; primal_status is At lower/fixed bound),,1.0
20260731_124647-0400,20260731_124647-0400-0052,52,150,A4x4_T30_S22,22,30,HiGHS-5s,0.5045769354546082,0.6470009832841694,0.6641104294478528,18.0,0.6,14.0,17.0,2050.0,0.5833333333333334,0.68,0.7592592592592593,36.77777777777778,82.0,94.0,165.26054776139586,82.82594000733897,82.43460775405687,0.0030532207613345164,2.342784208012745,2.342784208012745,0.0355512909591198,0.006968458998017013,2.3853039579698816,True,0.0,0.5045769354546082,0.5045769354546082,8995.0,3833.0,23186.0,Optimization terminated successfully. (HiGHS Status 7: Optimal),1.0,5.0
20260731_124647-0400,20260731_124647-0400-0052,52,150,A4x4_T30_S22,22,30,HiGHS-15s,0.5045769354546082,0.6470009832841694,0.6641104294478528,18.0,0.6,14.0,17.0,2050.0,0.5833333333333334,0.68,0.7592592592592593,36.77777777777778,82.0,94.0,165.26054776139586,82.82594000733897,82.43460775405687,0.0030532207613345164,2.3434878330444917,2.3434878330444917,0.0355512909591198,0.006968458998017013,2.3860075830016285,True,0.0,0.5045769354546082,0.5045769354546082,8995.0,3833.0,23186.0,Optimization terminated successfully. (HiGHS Status 7: Optimal),1.0,15.0
20260731_124647-0400,20260731_124647-0400-0052,52,150,A4x4_T30_S22,22,30,HiGHS-60s,0.5045769354546082,0.6470009832841694,0.6641104294478528,18.0,0.6,14.0,17.0,2050.0,0.5833333333333334,0.68,0.7592592592592593,36.77777777777778,82.0,94.0,165.26054776139586,82.82594000733897,82.43460775405687,0.0030532207613345164,2.3393736250000075,2.3393736250000075,0.0355512909591198,0.006968458998017013,2.3818933749571443,True,0.0,0.5045769354546082,0.5045769354546082,8995.0,3833.0,23186.0,Optimization terminated successfully. (HiGHS Status 7: Optimal),1.0,60.0
20260731_124647-0400,20260731_124647-0400-0052,52,150,A4x4_T30_S22,22,30,HiGHS-600s,0.5045769354546082,0.6470009832841694,0.6641104294478528,18.0,0.6,14.0,17.0,2050.0,0.5833333333333334,0.68,0.7592592592592593,36.77777777777778,82.0,94.0,165.26054776139586,82.82594000733897,82.43460775405687,0.0030532207613345164,2.338848041021265,2.338848041021265,0.0355512909591198,0.006968458998017013,2.381367790978402,True,0.0,0.5045769354546082,0.5045769354546082,8995.0,3833.0,23186.0,Optimization terminated successfully. (HiGHS Status 7: Optimal),1.0,600.0
20260731_124647-0400,20260731_124647-0400-0053,53,150,A4x4_T30_S23,23,30,Greedy-Benefit,0.3141571262434431,0.5191709844559587,0.47179487179487184,15.0,0.5,21.0,3.0,600.0,0.6774193548387096,0.21428571428571427,0.26666666666666666,49.4,102.0,115.0,246.4047435818656,123.33193784455194,123.07280573731363,0.0012749637919980523,0.0015024170279502869,,,,0.0015027080662548542,False,,,,,,,Constructive heuristic,,
20260731_124647-0400,20260731_124647-0400-0053,53,150,A4x4_T30_S23,23,30,Greedy-Density-Operational,0.35195250975153586,0.6041450777202072,0.5863247863247862,17.0,0.5666666666666667,20.0,8.0,1050.0,0.6451612903225806,0.5714285714285714,0.4666666666666667,38.470588235294116,75.0,91.0,211.54581696840904,106.04758851787713,105.49822845053193,0.0016637176513118871,0.0014209169894456863,,,,0.0014212089590728283,False,,,,,,,Constructive heuristic,,
20260731_124647-0400,20260731_124647-0400-0053,53,150,A4x4_T30_S23,23,30,Greedy-Density-Cycle,0.35027829411764466,0.5917098445595855,0.5658119658119658,16.0,0.5333333333333333,20.0,8.0,850.0,0.6451612903225806,0.5714285714285714,0.37777777777777777,35.5625,77.0,97.0,210.41888213698073,105.48412110216297,104.93476103481775,0.0016646713952677345,0.0013679580297321081,,,,0.0013682079734280705,False,,,,,,,Constructive heuristic,,
20260731_124647-0400,20260731_124647-0400-0053,53,150,A4x4_T30_S23,23,30,HiGHS-1s,,,,,,,,,,,,,,,,,,,2.812655459041707,2.812655459041707,0.18977762490976602,0.027497250004671514,3.0299303339561448,False,,,,35370.0,12730.0,93414.0,Time limit reached. (HiGHS Status 13: model_status is Time limit reached; primal_status is At lower/fixed bound),,1.0
20260731_124647-0400,20260731_124647-0400-0053,53,150,A4x4_T30_S23,23,30,HiGHS-5s,0.4101679645584762,0.6176165803108807,0.5743589743589744,16.0,0.5333333333333333,22.0,8.0,600.0,0.7096774193548387,0.5714285714285714,0.26666666666666666,42.0,96.0,121.0,247.01315045049455,123.77880165550314,123.2343487949914,0.001660510640062787,4.015658500022255,4.015658500022255,0.18977762490976602,0.027497250004671514,4.232933374936692,True,0.0,0.4101679645584762,0.4101679645584762,35370.0,12730.0,93414.0,Optimization terminated successfully. (HiGHS Status 7: Optimal),1.0,5.0
20260731_124647-0400,20260731_124647-0400-0053,53,150,A4x4_T30_S23,23,30,HiGHS-15s,0.4101679645584762,0.6176165803108807,0.5743589743589744,16.0,0.5333333333333333,22.0,8.0,600.0,0.7096774193548387,0.5714285714285714,0.26666666666666666,42.0,96.0,121.0,247.01315045049455,123.77880165550314,123.2343487949914,0.001660510640062787,3.806637541973032,3.806637541973032,0.18977762490976602,0.027497250004671514,4.02391241688747,True,0.0,0.4101679645584762,0.4101679645584762,35370.0,12730.0,93414.0,Optimization terminated successfully. (HiGHS Status 7: Optimal),1.0,15.0
20260731_124647-0400,20260731_124647-0400-0053,53,150,A4x4_T30_S23,23,30,HiGHS-60s,0.4101679645584762,0.6176165803108807,0.5743589743589744,16.0,0.5333333333333333,22.0,8.0,600.0,0.7096774193548387,0.5714285714285714,0.26666666666666666,42.0,96.0,121.0,247.01315045049455,123.77880165550314,123.2343487949914,0.001660510640062787,3.919257292058319,3.919257292058319,0.18977762490976602,0.027497250004671514,4.136532166972756,True,0.0,0.4101679645584762,0.4101679645584762,35370.0,12730.0,93414.0,Optimization terminated successfully. (HiGHS Status 7: Optimal),1.0,60.0
20260731_124647-0400,20260731_124647-0400-0053,53,150,A4x4_T30_S23,23,30,HiGHS-600s,0.4101679645584762,0.6176165803108807,0.5743589743589744,16.0,0.5333333333333333,22.0,8.0,600.0,0.7096774193548387,0.5714285714285714,0.26666666666666666,42.0,96.0,121.0,247.01315045049455,123.77880165550314,123.2343487949914,0.001660510640062787,3.8098139169160277,3.8098139169160277,0.18977762490976602,0.027497250004671514,4.027088791830465,True,0.0,0.4101679645584762,0.4101679645584762,35370.0,12730.0,93414.0,Optimization terminated successfully. (HiGHS Status 7: Optimal),1.0,600.0
20260731_124647-0400,20260731_124647-0400-0054,54,150,A4x4_T30_S24,24,30,Greedy-Benefit,0.34166142822431905,0.5309548793284367,0.521505376344086,14.0,0.4666666666666667,19.0,5.0,850.0,0.5588235294117647,0.45454545454545453,0.4722222222222222,42.785714285714285,84.0,101.0,238.87248917357155,146.68291205140503,92.1895771221665,0.0014303088204354003,0.0014583750162273645,,,,0.0014587079640477896,False,,,,,,,Constructive heuristic,,
20260731_124647-0400,20260731_124647-0400-0054,54,150,A4x4_T30_S24,24,30,Greedy-Density-Operational,0.2858472366698293,0.4795383001049318,0.49641577060931913,15.0,0.5,14.0,8.0,950.0,0.4117647058823529,0.7272727272727273,0.5277777777777778,42.666666666666664,89.0,114.0,285.02139053580885,151.5802073776852,133.4411831581236,0.0010028974882638386,0.0012536250287666917,,,,0.0012538329465314746,False,,,,,,,Constructive heuristic,,
20260731_124647-0400,20260731_124647-0400-0054,54,150,A4x4_T30_S24,24,30,Greedy-Density-Cycle,0.2858472366698293,0.4795383001049318,0.49641577060931913,15.0,0.5,14.0,8.0,950.0,0.4117647058823529,0.7272727272727273,0.5277777777777778,42.666666666666664,89.0,114.0,285.02139053580885,151.5802073776852,133.4411831581236,0.0010028974882638386,0.001195542048662901,,,,0.0011957919923588634,False,,,,,,,Constructive heuristic,,
20260731_124647-0400,20260731_124647-0400-0054,54,150,A4x4_T30_S24,24,30,HiGHS-1s,,,,,,,,,,,,,,,,,,,3.8342714580940083,3.8342714580940083,0.24105262500233948,0.037952834041789174,4.113276917138137,False,,,,49180.0,16172.0,131402.0,Time limit reached. (HiGHS Status 13: model_status is Time limit reached; primal_status is At lower/fixed bound),,1.0
20260731_124647-0400,20260731_124647-0400-0054,54,150,A4x4_T30_S24,24,30,HiGHS-5s,0.2690481124905543,0.36411332633788035,0.3620071684587814,12.0,0.4,13.0,3.0,700.0,0.38235294117647056,0.2727272727272727,0.3888888888888889,38.083333333333336,65.0,80.0,138.1571852818025,69.53514693639704,68.62203834540547,0.0019474058619663574,5.0226309589343145,5.0226309589343145,0.24105262500233948,0.037952834041789174,5.301636417978443,False,0.467453589688676,0.2690481124905543,0.39481561847322666,49180.0,16172.0,131402.0,Time limit reached. (HiGHS Status 13: Time limit reached),0.0,5.0
20260731_124647-0400,20260731_124647-0400-0054,54,150,A4x4_T30_S24,24,30,HiGHS-15s,0.39304820176260163,0.5697796432318994,0.5609318996415771,15.0,0.5,18.0,10.0,550.0,0.5294117647058824,0.9090909090909091,0.3055555555555556,40.8,87.0,102.0,223.2569841456966,122.08864941005764,101.16833473563895,0.0017605191759918245,5.569884040975012,5.569884040975012,0.24105262500233948,0.037952834041789174,5.8488895000191405,True,0.0,0.3930482017626016,0.3930482017626016,49180.0,16172.0,131402.0,Optimization terminated successfully. (HiGHS Status 7: Optimal),1.0,15.0
20260731_124647-0400,20260731_124647-0400-0054,54,150,A4x4_T30_S24,24,30,HiGHS-60s,0.39304820176260163,0.5697796432318994,0.5609318996415771,15.0,0.5,18.0,10.0,550.0,0.5294117647058824,0.9090909090909091,0.3055555555555556,40.8,87.0,102.0,223.2569841456966,122.08864941005764,101.16833473563895,0.0017605191759918245,5.591852625017054,5.591852625017054,0.24105262500233948,0.037952834041789174,5.870858084061183,True,0.0,0.3930482017626016,0.3930482017626016,49180.0,16172.0,131402.0,Optimization terminated successfully. (HiGHS Status 7: Optimal),1.0,60.0
20260731_124647-0400,20260731_124647-0400-0054,54,150,A4x4_T30_S24,24,30,HiGHS-600s,0.39304820176260163,0.5697796432318994,0.5609318996415771,15.0,0.5,18.0,10.0,550.0,0.5294117647058824,0.9090909090909091,0.3055555555555556,40.8,87.0,102.0,223.2569841456966,122.08864941005764,101.16833473563895,0.0017605191759918245,5.5595047500682995,5.5595047500682995,0.24105262500233948,0.037952834041789174,5.838510209112428,True,0.0,0.3930482017626016,0.3930482017626016,49180.0,16172.0,131402.0,Optimization terminated successfully. (HiGHS Status 7: Optimal),1.0,600.0
20260731_124647-0400,20260731_124647-0400-0055,55,150,A4x4_T30_S25,25,30,Greedy-Benefit,0.4178720681430811,0.6028955532574974,0.5780730897009969,17.0,0.5666666666666667,20.0,7.0,1300.0,0.6896551724137931,0.4666666666666667,0.48148148148148145,47.23529411764706,87.0,98.0,232.58064904781716,116.41931472840055,116.16133431941662,0.0017966759911189737,0.0025588750140741467,,,,0.0025591669837012887,False,,,,,,,Constructive heuristic,,
20260731_124647-0400,20260731_124647-0400-0055,55,150,A4x4_T30_S25,25,30,Greedy-Density-Operational,0.39327575591272446,0.5398138572905895,0.5099667774086382,16.0,0.5333333333333333,18.0,7.0,950.0,0.6206896551724138,0.4666666666666667,0.35185185185185186,41.5,84.0,97.0,225.5198894237353,112.8290466071312,112.69084281660409,0.001743862844725807,0.001335916924290359,,,,0.0013362079625949264,False,,,,,,,Constructive heuristic,,
20260731_124647-0400,20260731_124647-0400-0055,55,150,A4x4_T30_S25,25,30,Greedy-Density-Cycle,0.39327575591272446,0.5398138572905895,0.5099667774086382,16.0,0.5333333333333333,18.0,7.0,950.0,0.6206896551724138,0.4666666666666667,0.35185185185185186,41.5,84.0,97.0,225.5198894237353,112.8290466071312,112.69084281660409,0.001743862844725807,0.0012699579820036888,,,,0.0012702079256996512,False,,,,,,,Constructive heuristic,,
20260731_124647-0400,20260731_124647-0400-0055,55,150,A4x4_T30_S25,25,30,HiGHS-1s,,,,,,,,,,,,,,,,,,,2.777044584043324,2.777044584043324,0.13003258302342147,0.016301415977068245,2.9233785830438137,False,,,,20630.0,8949.0,52975.0,Time limit reached. (HiGHS Status 13: model_status is Time limit reached; primal_status is At lower/fixed bound),,1.0
20260731_124647-0400,20260731_124647-0400-0055,55,150,A4x4_T30_S25,25,30,HiGHS-5s,0.46520385755125226,0.6235780765253361,0.5531561461794021,16.0,0.5333333333333333,24.0,6.0,550.0,0.8275862068965517,0.4,0.2037037037037037,44.4375,86.0,101.0,226.72746568418037,113.44435171989767,113.2831139642827,0.0020518195982451334,2.878117375075817,2.878117375075817,0.13003258302342147,0.016301415977068245,3.024451374076307,True,0.0,0.4652038575512522,0.4652038575512522,20630.0,8949.0,52975.0,Optimization terminated successfully. (HiGHS Status 7: Optimal),1.0,5.0
20260731_124647-0400,20260731_124647-0400-0055,55,150,A4x4_T30_S25,25,30,HiGHS-15s,0.46520385755125226,0.6235780765253361,0.5531561461794021,16.0,0.5333333333333333,24.0,6.0,550.0,0.8275862068965517,0.4,0.2037037037037037,44.4375,86.0,101.0,226.72746568418037,113.44435171989767,113.2831139642827,0.0020518195982451334,2.8639937500702217,2.8639937500702217,0.13003258302342147,0.016301415977068245,3.0103277490707114,True,0.0,0.4652038575512522,0.4652038575512522,20630.0,8949.0,52975.0,Optimization terminated successfully. (HiGHS Status 7: Optimal),1.0,15.0
20260731_124647-0400,20260731_124647-0400-0055,55,150,A4x4_T30_S25,25,30,HiGHS-60s,0.46520385755125226,0.6235780765253361,0.5531561461794021,16.0,0.5333333333333333,24.0,6.0,550.0,0.8275862068965517,0.4,0.2037037037037037,44.4375,86.0,101.0,226.72746568418037,113.44435171989767,113.2831139642827,0.0020518195982451334,2.9717503749998286,2.9717503749998286,0.13003258302342147,0.016301415977068245,3.1180843740003183,True,0.0,0.4652038575512522,0.4652038575512522,20630.0,8949.0,52975.0,Optimization terminated successfully. (HiGHS Status 7: Optimal),1.0,60.0
20260731_124647-0400,20260731_124647-0400-0055,55,150,A4x4_T30_S25,25,30,HiGHS-600s,0.46520385755125226,0.6235780765253361,0.5531561461794021,16.0,0.5333333333333333,24.0,6.0,550.0,0.8275862068965517,0.4,0.2037037037037037,44.4375,86.0,101.0,226.72746568418037,113.44435171989767,113.2831139642827,0.0020518195982451334,2.88950833294075,2.88950833294075,0.13003258302342147,0.016301415977068245,3.0358423319412395,True,0.0,0.4652038575512522,0.4652038575512522,20630.0,8949.0,52975.0,Optimization terminated successfully. (HiGHS Status 7: Optimal),1.0,600.0
20260731_124647-0400,20260731_124647-0400-0056,56,150,A4x4_T30_S26,26,30,Greedy-Benefit,0.4720679901323531,0.6619385342789599,0.6377079482439927,18.0,0.6,16.0,11.0,1250.0,0.7619047619047619,0.5789473684210527,0.5319148936170213,39.333333333333336,81.0,96.0,204.1812625596608,110.79874517023727,93.38251738942355,0.0023120044621842664,0.0014245830243453383,,,,0.0014248749939724803,False,,,,,,,Constructive heuristic,,
20260731_124647-0400,20260731_124647-0400-0056,56,150,A4x4_T30_S26,26,30,Greedy-Density-Operational,0.4373518781665733,0.624113475177305,0.5970425138632163,18.0,0.6,15.0,11.0,1050.0,0.7142857142857143,0.5789473684210527,0.44680851063829785,37.27777777777778,81.0,96.0,203.28601021340373,101.75077306242372,101.53523715098004,0.0021514115885665425,0.0012255830224603415,,,,0.0012258329661563039,False,,,,,,,Constructive heuristic,,
20260731_124647-0400,20260731_124647-0400-0056,56,150,A4x4_T30_S26,26,30,Greedy-Density-Cycle,0.4373518781665733,0.624113475177305,0.5970425138632163,18.0,0.6,15.0,11.0,1050.0,0.7142857142857143,0.5789473684210527,0.44680851063829785,37.27777777777778,81.0,96.0,203.28601021340373,101.75077306242372,101.53523715098004,0.0021514115885665425,0.001217916957102716,,,,0.0012181670172140002,False,,,,,,,Constructive heuristic,,
20260731_124647-0400,20260731_124647-0400-0056,56,150,A4x4_T30_S26,26,30,HiGHS-1s,,,,,,,,,,,,,,,,,,,2.8204752090387046,2.8204752090387046,0.110867541981861,0.055031458963640034,2.9863742099842057,False,,,,28769.0,10548.0,75793.0,Time limit reached. (HiGHS Status 13: model_status is Time limit reached; primal_status is At lower/fixed bound),,1.0
20260731_124647-0400,20260731_124647-0400-0056,56,150,A4x4_T30_S26,26,30,HiGHS-5s,0.5026221523185872,0.7009456264775412,0.6709796672828097,19.0,0.6333333333333333,16.0,14.0,1050.0,0.7619047619047619,0.7368421052631579,0.44680851063829785,40.21052631578947,82.0,94.0,213.87601157546914,110.81745442337686,103.05855715209229,0.002350063238116959,3.7643665838986635,3.7643665838986635,0.110867541981861,0.055031458963640034,3.9302655848441646,True,0.0,0.5026221523185874,0.5026221523185874,28769.0,10548.0,75793.0,Optimization terminated successfully. (HiGHS Status 7: Optimal),1.0,5.0
20260731_124647-0400,20260731_124647-0400-0056,56,150,A4x4_T30_S26,26,30,HiGHS-15s,0.5026221523185872,0.7009456264775412,0.6709796672828097,19.0,0.6333333333333333,16.0,14.0,1050.0,0.7619047619047619,0.7368421052631579,0.44680851063829785,40.21052631578947,82.0,94.0,213.87601157546914,110.81745442337686,103.05855715209229,0.002350063238116959,3.9113087910227478,3.9113087910227478,0.110867541981861,0.055031458963640034,4.077207791968249,True,0.0,0.5026221523185874,0.5026221523185874,28769.0,10548.0,75793.0,Optimization terminated successfully. (HiGHS Status 7: Optimal),1.0,15.0
20260731_124647-0400,20260731_124647-0400-0056,56,150,A4x4_T30_S26,26,30,HiGHS-60s,0.5026221523185872,0.7009456264775412,0.6709796672828097,19.0,0.6333333333333333,16.0,14.0,1050.0,0.7619047619047619,0.7368421052631579,0.44680851063829785,40.21052631578947,82.0,94.0,213.87601157546914,110.81745442337686,103.05855715209229,0.002350063238116959,3.7610062499297783,3.7610062499297783,0.110867541981861,0.055031458963640034,3.9269052508752793,True,0.0,0.5026221523185874,0.5026221523185874,28769.0,10548.0,75793.0,Optimization terminated successfully. (HiGHS Status 7: Optimal),1.0,60.0
20260731_124647-0400,20260731_124647-0400-0056,56,150,A4x4_T30_S26,26,30,HiGHS-600s,0.5026221523185872,0.7009456264775412,0.6709796672828097,19.0,0.6333333333333333,16.0,14.0,1050.0,0.7619047619047619,0.7368421052631579,0.44680851063829785,40.21052631578947,82.0,94.0,213.87601157546914,110.81745442337686,103.05855715209229,0.002350063238116959,3.637762041995302,3.637762041995302,0.110867541981861,0.055031458963640034,3.803661042940803,True,0.0,0.5026221523185874,0.5026221523185874,28769.0,10548.0,75793.0,Optimization terminated successfully. (HiGHS Status 7: Optimal),1.0,600.0
20260731_124647-0400,20260731_124647-0400-0057,57,150,A4x4_T30_S27,27,30,Greedy-Benefit,0.36617657361659683,0.5923507462686567,0.5877976190476191,18.0,0.6,19.0,10.0,1750.0,0.59375,0.625,0.546875,44.72222222222222,89.0,109.0,227.17898813941153,123.79439564119056,103.38459249822094,0.0016118417315596437,0.0015259999781847,,,,0.0015262080123648047,False,,,,,,,Constructive heuristic,,
20260731_124647-0400,20260731_124647-0400-0057,57,150,A4x4_T30_S27,27,30,Greedy-Density-Operational,0.35228690398681217,0.5363805970149252,0.5580357142857143,17.0,0.5666666666666667,16.0,8.0,2250.0,0.5,0.5,0.703125,40.470588235294116,95.0,120.0,248.40050563075124,124.23487109815633,124.16563453259494,0.001418221364293391,0.0013634999049827456,,,,0.00136374996509403,False,,,,,,,Constructive heuristic,,
20260731_124647-0400,20260731_124647-0400-0057,57,150,A4x4_T30_S27,27,30,Greedy-Density-Cycle,0.37469087687200486,0.564365671641791,0.5729166666666669,17.0,0.5666666666666667,19.0,6.0,2250.0,0.59375,0.375,0.703125,39.76470588235294,95.0,120.0,227.35497456576567,113.78381486570925,113.57115970005643,0.0016480434509411632,0.0012157500023022294,,,,0.001216040924191475,False,,,,,,,Constructive heuristic,,
20260731_124647-0400,20260731_124647-0400-0057,57,150,A4x4_T30_S27,27,30,HiGHS-1s,,,,,,,,,,,,,,,,,,,3.9360499170143157,3.9360499170143157,0.16820029204245657,0.096390875056386,4.200641084113158,False,,,,45661.0,15399.0,121618.0,Time limit reached. (HiGHS Status 13: model_status is Time limit reached; primal_status is At lower/fixed bound),,1.0
20260731_124647-0400,20260731_124647-0400-0057,57,150,A4x4_T30_S27,27,30,HiGHS-5s,0.44715786023339393,0.6063432835820894,0.5952380952380951,18.0,0.6,19.0,12.0,1500.0,0.59375,0.75,0.46875,40.666666666666664,86.0,108.0,204.1251015810334,111.60920070706617,92.51590087396723,0.002190606920804797,4.547584500047378,4.547584500047378,0.16820029204245657,0.096390875056386,4.812175667146221,True,0.0,0.44715786023339393,0.44715786023339393,45661.0,15399.0,121618.0,Optimization terminated successfully. (HiGHS Status 7: Optimal),1.0,5.0
20260731_124647-0400,20260731_124647-0400-0057,57,150,A4x4_T30_S27,27,30,HiGHS-15s,0.44715786023339393,0.6063432835820894,0.5952380952380951,18.0,0.6,19.0,12.0,1500.0,0.59375,0.75,0.46875,40.666666666666664,86.0,108.0,204.1251015810334,111.60920070706617,92.51590087396723,0.002190606920804797,4.638651665998623,4.638651665998623,0.16820029204245657,0.096390875056386,4.903242833097465,True,0.0,0.44715786023339393,0.44715786023339393,45661.0,15399.0,121618.0,Optimization terminated successfully. (HiGHS Status 7: Optimal),1.0,15.0
20260731_124647-0400,20260731_124647-0400-0057,57,150,A4x4_T30_S27,27,30,HiGHS-60s,0.44715786023339393,0.6063432835820894,0.5952380952380951,18.0,0.6,19.0,12.0,1500.0,0.59375,0.75,0.46875,40.666666666666664,86.0,108.0,204.1251015810334,111.60920070706617,92.51590087396723,0.002190606920804797,4.665541124995798,4.665541124995798,0.16820029204245657,0.096390875056386,4.93013229209464,True,0.0,0.44715786023339393,0.44715786023339393,45661.0,15399.0,121618.0,Optimization terminated successfully. (HiGHS Status 7: Optimal),1.0,60.0
20260731_124647-0400,20260731_124647-0400-0057,57,150,A4x4_T30_S27,27,30,HiGHS-600s,0.44715786023339393,0.6063432835820894,0.5952380952380951,18.0,0.6,19.0,12.0,1500.0,0.59375,0.75,0.46875,40.666666666666664,86.0,108.0,204.1251015810334,111.60920070706617,92.51590087396723,0.002190606920804797,4.601708374917507,4.601708374917507,0.16820029204245657,0.096390875056386,4.86629954201635,True,0.0,0.44715786023339393,0.44715786023339393,45661.0,15399.0,121618.0,Optimization terminated successfully. (HiGHS Status 7: Optimal),1.0,600.0
20260731_124647-0400,20260731_124647-0400-0058,58,150,A4x4_T30_S28,28,30,Greedy-Benefit,0.3211022566035075,0.5173992673992673,0.5572998430141287,16.0,0.5333333333333333,14.0,14.0,1250.0,0.3888888888888889,0.7368421052631579,0.8620689655172413,47.4375,94.0,116.0,261.01918450597884,154.39308164334324,106.62610286263558,0.0012301864217806274,0.0016247499734163284,,,,0.0016250000335276127,False,,,,,,,Constructive heuristic,,
20260731_124647-0400,20260731_124647-0400-0058,58,150,A4x4_T30_S28,28,30,Greedy-Density-Operational,0.33608237544055974,0.4468864468864468,0.45211930926216637,15.0,0.5,16.0,8.0,800.0,0.4444444444444444,0.42105263157894735,0.5517241379310345,35.93333333333333,76.0,83.0,171.2432845424106,98.50636935767817,72.73691518473242,0.0019626017822458003,0.0012876250548288226,,,,0.001287874998524785,False,,,,,,,Constructive heuristic,,
20260731_124647-0400,20260731_124647-0400-0058,58,150,A4x4_T30_S28,28,30,Greedy-Density-Cycle,0.3370975309447864,0.4468864468864468,0.45211930926216637,15.0,0.5,16.0,8.0,800.0,0.4444444444444444,0.42105263157894735,0.5517241379310345,36.13333333333333,72.0,84.0,171.6995260759065,98.9626108911741,72.73691518473242,0.0019632991345343563,0.001151000033132732,,,,0.0011512499768286943,False,,,,,,,Constructive heuristic,,
20260731_124647-0400,20260731_124647-0400-0058,58,150,A4x4_T30_S28,28,30,HiGHS-1s,,,,,,,,,,,,,,,,,,,3.386219208012335,3.386219208012335,0.10559162509161979,0.05905020795762539,3.55086104106158,False,,,,27010.0,11057.0,70007.0,Time limit reached. (HiGHS Status 13: model_status is Time limit reached; primal_status is At lower/fixed bound),,1.0
20260731_124647-0400,20260731_124647-0400-0058,58,150,A4x4_T30_S28,28,30,HiGHS-5s,0.38430729299056443,0.5430402930402929,0.5463108320251178,15.0,0.5,19.0,11.0,800.0,0.5277777777777778,0.5789473684210527,0.5517241379310345,38.8,72.0,84.0,194.65126009437893,110.35525161782066,84.29600847655827,0.001974337555298787,3.7868946249363944,3.7868946249363944,0.10559162509161979,0.05905020795762539,3.9515364579856396,True,0.0,0.38430729299056443,0.38430729299056443,27010.0,11057.0,70007.0,Optimization terminated successfully. (HiGHS Status 7: Optimal),1.0,5.0
20260731_124647-0400,20260731_124647-0400-0058,58,150,A4x4_T30_S28,28,30,HiGHS-15s,0.38430729299056443,0.5430402930402929,0.5463108320251178,15.0,0.5,19.0,11.0,800.0,0.5277777777777778,0.5789473684210527,0.5517241379310345,38.8,72.0,84.0,194.65126009437893,110.35525161782066,84.29600847655827,0.001974337555298787,3.7537348329788074,3.7537348329788074,0.10559162509161979,0.05905020795762539,3.9183766660280526,True,0.0,0.38430729299056443,0.38430729299056443,27010.0,11057.0,70007.0,Optimization terminated successfully. (HiGHS Status 7: Optimal),1.0,15.0
20260731_124647-0400,20260731_124647-0400-0058,58,150,A4x4_T30_S28,28,30,HiGHS-60s,0.38430729299056443,0.5430402930402929,0.5463108320251178,15.0,0.5,19.0,11.0,800.0,0.5277777777777778,0.5789473684210527,0.5517241379310345,38.8,72.0,84.0,194.65126009437893,110.35525161782066,84.29600847655827,0.001974337555298787,3.8470928330207244,3.8470928330207244,0.10559162509161979,0.05905020795762539,4.0117346660699695,True,0.0,0.38430729299056443,0.38430729299056443,27010.0,11057.0,70007.0,Optimization terminated successfully. (HiGHS Status 7: Optimal),1.0,60.0
20260731_124647-0400,20260731_124647-0400-0058,58,150,A4x4_T30_S28,28,30,HiGHS-600s,0.38430729299056443,0.5430402930402929,0.5463108320251178,15.0,0.5,19.0,11.0,800.0,0.5277777777777778,0.5789473684210527,0.5517241379310345,38.8,72.0,84.0,194.65126009437893,110.35525161782066,84.29600847655827,0.001974337555298787,3.8255547910230234,3.8255547910230234,0.10559162509161979,0.05905020795762539,3.9901966240722686,True,0.0,0.38430729299056443,0.38430729299056443,27010.0,11057.0,70007.0,Optimization terminated successfully. (HiGHS Status 7: Optimal),1.0,600.0
20260731_124647-0400,20260731_124647-0400-0059,59,150,A4x4_T30_S29,29,30,Greedy-Benefit,0.3713739078190086,0.6067538126361656,0.6058394160583942,17.0,0.5666666666666667,19.0,7.0,1200.0,0.6333333333333333,0.5,0.6666666666666666,49.11764705882353,96.0,103.0,253.8197820645105,143.1352027648627,110.68457929964777,0.00146314012563694,0.0014802500372752547,,,,0.0014804579550400376,False,,,,,,,Constructive heuristic,,
20260731_124647-0400,20260731_124647-0400-0059,59,150,A4x4_T30_S29,29,30,Greedy-Density-Operational,0.37937739687213057,0.6372549019607844,0.6386861313868611,18.0,0.6,21.0,5.0,1500.0,0.7,0.35714285714285715,0.8333333333333334,41.166666666666664,88.0,109.0,258.3403347629532,132.65797249626937,125.6823622666838,0.0014685178650876876,0.0014220420271158218,,,,0.0014222500612959266,False,,,,,,,Constructive heuristic,,
20260731_124647-0400,20260731_124647-0400-0059,59,150,A4x4_T30_S29,29,30,Greedy-Density-Cycle,0.35351644310633906,0.5795206971677561,0.6058394160583941,19.0,0.6333333333333333,17.0,6.0,1700.0,0.5666666666666667,0.42857142857142855,0.9444444444444444,40.05263157894737,88.0,107.0,212.48003279158735,109.72321471756888,102.75681807401844,0.0016637631238182666,0.001374333049170673,,,,0.0013745829928666353,False,,,,,,,Constructive heuristic,,
20260731_124647-0400,20260731_124647-0400-0059,59,150,A4x4_T30_S29,29,30,HiGHS-1s,,,,,,,,,,,,,,,,,,,3.2342996660154313,3.2342996660154313,0.11582262499723583,0.06050379201769829,3.4106260830303654,False,,,,31205.0,12520.0,81129.0,Time limit reached. (HiGHS Status 13: model_status is Time limit reached; primal_status is At lower/fixed bound),,1.0
20260731_124647-0400,20260731_124647-0400-0059,59,150,A4x4_T30_S29,29,30,HiGHS-5s,0.4557976836165998,0.6546840958605665,0.6496350364963503,19.0,0.6333333333333333,20.0,9.0,1100.0,0.6666666666666666,0.6428571428571429,0.6111111111111112,43.26315789473684,92.0,114.0,239.15738102620907,123.30697041933344,115.85041060687564,0.0019058482814153634,3.7776211659656838,3.7776211659656838,0.11582262499723583,0.06050379201769829,3.953947582980618,True,0.0,0.4557976836165999,0.4557976836165999,31205.0,12520.0,81129.0,Optimization terminated successfully. (HiGHS Status 7: Optimal),1.0,5.0
20260731_124647-0400,20260731_124647-0400-0059,59,150,A4x4_T30_S29,29,30,HiGHS-15s,0.4557976836165998,0.6546840958605665,0.6496350364963503,19.0,0.6333333333333333,20.0,9.0,1100.0,0.6666666666666666,0.6428571428571429,0.6111111111111112,43.26315789473684,92.0,114.0,239.15738102620907,123.30697041933344,115.85041060687564,0.0019058482814153634,3.6306057919282466,3.6306057919282466,0.11582262499723583,0.06050379201769829,3.8069322089431807,True,0.0,0.4557976836165999,0.4557976836165999,31205.0,12520.0,81129.0,Optimization terminated successfully. (HiGHS Status 7: Optimal),1.0,15.0
20260731_124647-0400,20260731_124647-0400-0059,59,150,A4x4_T30_S29,29,30,HiGHS-60s,0.4557976836165998,0.6546840958605665,0.6496350364963503,19.0,0.6333333333333333,20.0,9.0,1100.0,0.6666666666666666,0.6428571428571429,0.6111111111111112,43.26315789473684,92.0,114.0,239.15738102620907,123.30697041933344,115.85041060687564,0.0019058482814153634,3.54381858301349,3.54381858301349,0.11582262499723583,0.06050379201769829,3.720145000028424,True,0.0,0.4557976836165999,0.4557976836165999,31205.0,12520.0,81129.0,Optimization terminated successfully. (HiGHS Status 7: Optimal),1.0,60.0
20260731_124647-0400,20260731_124647-0400-0059,59,150,A4x4_T30_S29,29,30,HiGHS-600s,0.4557976836165998,0.6546840958605665,0.6496350364963503,19.0,0.6333333333333333,20.0,9.0,1100.0,0.6666666666666666,0.6428571428571429,0.6111111111111112,43.26315789473684,92.0,114.0,239.15738102620907,123.30697041933344,115.85041060687564,0.0019058482814153634,3.5956496249418706,3.5956496249418706,0.11582262499723583,0.06050379201769829,3.7719760419568047,True,0.0,0.4557976836165999,0.4557976836165999,31205.0,12520.0,81129.0,Optimization terminated successfully. (HiGHS Status 7: Optimal),1.0,600.0
20260731_124647-0400,20260731_124647-0400-0060,60,150,A4x4_T30_S30,30,30,Greedy-Benefit,0.3605876216824431,0.4983922829581994,0.5017006802721089,14.0,0.4666666666666667,9.0,16.0,750.0,0.42857142857142855,0.5925925925925926,0.4166666666666667,40.714285714285715,76.0,91.0,235.6355406486501,123.46498368659338,112.17055696205671,0.001530276887305832,0.0014728750102221966,,,,0.0014731250703334808,False,,,,,,,Constructive heuristic,,
20260731_124647-0400,20260731_124647-0400-0060,60,150,A4x4_T30_S30,30,30,Greedy-Density-Operational,0.3957741576645591,0.5080385852090032,0.5000000000000002,16.0,0.5333333333333333,12.0,12.0,900.0,0.5714285714285714,0.4444444444444444,0.5,39.3125,93.0,115.0,230.89482495069456,115.94681436376555,114.94801058692899,0.0017140884718792333,0.0011416251072660089,,,,0.0011419170768931508,False,,,,,,,Constructive heuristic,,
20260731_124647-0400,20260731_124647-0400-0060,60,150,A4x4_T30_S30,30,30,Greedy-Density-Cycle,0.3957741576645591,0.5080385852090032,0.5000000000000002,16.0,0.5333333333333333,12.0,12.0,900.0,0.5714285714285714,0.4444444444444444,0.5,39.3125,93.0,115.0,230.89482495069456,115.94681436376555,114.94801058692899,0.0017140884718792333,0.0010870000114664435,,,,0.0010872080456465483,False,,,,,,,Constructive heuristic,,
20260731_124647-0400,20260731_124647-0400-0060,60,150,A4x4_T30_S30,30,30,HiGHS-1s,,,,,,,,,,,,,,,,,,,5.298551167012192,5.298551167012192,0.2620694590732455,0.04258529201615602,5.603205918101594,False,,,,56387.0,16115.0,153080.0,Time limit reached. (HiGHS Status 13: model_status is Time limit reached; primal_status is At lower/fixed bound),,1.0
20260731_124647-0400,20260731_124647-0400-0060,60,150,A4x4_T30_S30,30,30,HiGHS-5s,,,,,,,,,,,,,,,,,,,5.365175124956295,5.365175124956295,0.2620694590732455,0.04258529201615602,5.669829876045696,False,,,,56387.0,16115.0,153080.0,Time limit reached. (HiGHS Status 13: model_status is Time limit reached; primal_status is At lower/fixed bound),,5.0
20260731_124647-0400,20260731_124647-0400-0060,60,150,A4x4_T30_S30,30,30,HiGHS-15s,0.4056233752130037,0.49196141479099686,0.5000000000000001,14.0,0.4666666666666667,9.0,15.0,900.0,0.42857142857142855,0.5555555555555556,0.5,34.642857142857146,75.0,89.0,192.96391294104527,97.69974234981659,95.26417059122872,0.002102068563135588,15.076989334076643,15.076989334076643,0.2620694590732455,0.04258529201615602,15.381644085166045,False,0.054770402591815814,0.4056233752130037,0.42783953077407105,56387.0,16115.0,153080.0,Time limit reached. (HiGHS Status 13: Time limit reached),0.0,15.0
20260731_124647-0400,20260731_124647-0400-0060,60,150,A4x4_T30_S30,30,30,HiGHS-60s,0.4278395307740711,0.5412647374062165,0.54421768707483,17.0,0.5666666666666667,11.0,15.0,1000.0,0.5238095238095238,0.5555555555555556,0.5555555555555556,40.11764705882353,96.0,116.0,228.68496652169154,115.53225211046451,113.15271441122702,0.001870868633306025,15.172931791981682,15.172931791981682,0.2620694590732455,0.04258529201615602,15.477586543071084,True,0.0,0.42783953077407105,0.42783953077407105,56387.0,16115.0,153080.0,Optimization terminated successfully. (HiGHS Status 7: Optimal),1.0,60.0
20260731_124647-0400,20260731_124647-0400-0060,60,150,A4x4_T30_S30,30,30,HiGHS-600s,0.4278395307740711,0.5412647374062165,0.54421768707483,17.0,0.5666666666666667,11.0,15.0,1000.0,0.5238095238095238,0.5555555555555556,0.5555555555555556,40.11764705882353,96.0,116.0,228.68496652169154,115.53225211046451,113.15271441122702,0.001870868633306025,15.242340333061293,15.242340333061293,0.2620694590732455,0.04258529201615602,15.546995084150694,True,0.0,0.42783953077407105,0.42783953077407105,56387.0,16115.0,153080.0,Optimization terminated successfully. (HiGHS Status 7: Optimal),1.0,600.0
20260731_124647-0400,20260731_124647-0400-0061,61,150,A4x4_T40_S1,1,40,Greedy-Benefit,0.25028522499711753,0.4050039093041439,0.385012919896641,15.0,0.375,19.0,6.0,800.0,0.4634146341463415,0.3157894736842105,0.27586206896551724,53.6,85.0,103.0,275.12916984614145,150.204132625478,124.92503722066351,0.000909700796673369,0.0017380000790581107,,,,0.0017383340746164322,False,,,,,,,Constructive heuristic,,
20260731_124647-0400,20260731_124647-0400-0061,61,150,A4x4_T40_S1,1,40,Greedy-Density-Operational,0.22752928238228776,0.40813135261923383,0.4224806201550389,17.0,0.425,12.0,15.0,950.0,0.2926829268292683,0.7894736842105263,0.3275862068965517,51.411764705882355,99.0,114.0,275.63537984358913,143.66524718090994,131.9701326626792,0.0008254719786385933,0.0017041249666363,,,,0.001704416936263442,False,,,,,,,Constructive heuristic,,
20260731_124647-0400,20260731_124647-0400-0061,61,150,A4x4_T40_S1,1,40,Greedy-Density-Cycle,0.2302282749254322,0.38467552775605945,0.3966408268733851,16.0,0.4,12.0,13.0,950.0,0.2926829268292683,0.6842105263157895,0.3275862068965517,50.1875,99.0,111.0,251.95993516392588,129.1784142004048,122.78152096352107,0.0009137495402816524,0.0016614169580861926,,,,0.0016616249922662973,False,,,,,,,Constructive heuristic,,
20260731_124647-0400,20260731_124647-0400-0061,61,150,A4x4_T40_S1,1,40,HiGHS-1s,,,,,,,,,,,,,,,,,,,5.709763125050813,5.709763125050813,0.3504511669743806,0.08273441705387086,6.142948709079064,False,,,,62910.0,20283.0,168491.0,Time limit reached. (HiGHS Status 13: model_status is Time limit reached; primal_status is At lower/fixed bound),,1.0
20260731_124647-0400,20260731_124647-0400-0061,61,150,A4x4_T40_S1,1,40,HiGHS-5s,,,,,,,,,,,,,,,,,,,5.699384583043866,5.699384583043866,0.3504511669743806,0.08273441705387086,6.132570167072117,False,,,,62910.0,20283.0,168491.0,Time limit reached. (HiGHS Status 13: model_status is Time limit reached; primal_status is At lower/fixed bound),,5.0
20260731_124647-0400,20260731_124647-0400-0061,61,150,A4x4_T40_S1,1,40,HiGHS-15s,0.29529521940592873,0.4550430023455825,0.4483204134366926,18.0,0.45,18.0,11.0,950.0,0.43902439024390244,0.5789473684210527,0.3275862068965517,48.72222222222222,96.0,109.0,246.05059745500012,135.28421955258733,110.76637790241278,0.0012001402250605584,13.383195083006285,13.383195083006285,0.3504511669743806,0.08273441705387086,13.816380667034537,True,0.0,0.29529521940592873,0.29529521940592873,62910.0,20283.0,168491.0,Optimization terminated successfully. (HiGHS Status 7: Optimal),1.0,15.0
20260731_124647-0400,20260731_124647-0400-0061,61,150,A4x4_T40_S1,1,40,HiGHS-60s,0.29529521940592873,0.4550430023455825,0.4483204134366926,18.0,0.45,18.0,11.0,950.0,0.43902439024390244,0.5789473684210527,0.3275862068965517,48.72222222222222,96.0,109.0,246.05059745500012,135.28421955258733,110.76637790241278,0.0012001402250605584,13.994255875004455,13.994255875004455,0.3504511669743806,0.08273441705387086,14.427441459032707,True,0.0,0.29529521940592873,0.29529521940592873,62910.0,20283.0,168491.0,Optimization terminated successfully. (HiGHS Status 7: Optimal),1.0,60.0
20260731_124647-0400,20260731_124647-0400-0061,61,150,A4x4_T40_S1,1,40,HiGHS-600s,0.29529521940592873,0.4550430023455825,0.4483204134366926,18.0,0.45,18.0,11.0,950.0,0.43902439024390244,0.5789473684210527,0.3275862068965517,48.72222222222222,96.0,109.0,246.05059745500012,135.28421955258733,110.76637790241278,0.0012001402250605584,13.570864874986,13.570864874986,0.3504511669743806,0.08273441705387086,14.004050459014252,True,0.0,0.29529521940592873,0.29529521940592873,62910.0,20283.0,168491.0,Optimization terminated successfully. (HiGHS Status 7: Optimal),1.0,600.0
20260731_124647-0400,20260731_124647-0400-0062,62,150,A4x4_T40_S2,2,40,Greedy-Benefit,0.3200184983759148,0.4479440069991252,0.44300144300144306,17.0,0.425,16.0,9.0,950.0,0.5333333333333333,0.3,0.6129032258064516,49.35294117647059,95.0,109.0,253.3010949237589,148.1524836354459,105.14861128831299,0.0012633916899263192,0.001909291953779757,,,,0.0019095420138910413,False,,,,,,,Constructive heuristic,,
20260731_124647-0400,20260731_124647-0400-0062,62,150,A4x4_T40_S2,2,40,Greedy-Density-Operational,0.3173865415968283,0.4453193350831147,0.4386724386724387,16.0,0.4,16.0,9.0,900.0,0.5333333333333333,0.3,0.5806451612903226,45.1875,96.0,109.0,242.102241013389,122.29206786351872,119.81017314987025,0.0013109607753662876,0.0015761669492349029,,,,0.0015765000134706497,False,,,,,,,Constructive heuristic,,
20260731_124647-0400,20260731_124647-0400-0062,62,150,A4x4_T40_S2,2,40,Greedy-Density-Cycle,0.31281141049288796,0.4190726159230097,0.4025974025974027,15.0,0.375,16.0,8.0,650.0,0.5333333333333333,0.26666666666666666,0.41935483870967744,45.06666666666667,93.0,105.0,251.62301082205096,140.85666628808156,110.76634453396939,0.0012431748967271907,0.0014513339847326279,,,,0.0014516250230371952,False,,,,,,,Constructive heuristic,,
20260731_124647-0400,20260731_124647-0400-0062,62,150,A4x4_T40_S2,2,40,HiGHS-1s,,,,,,,,,,,,,,,,,,,5.3135995420161635,5.3135995420161635,0.2903562079882249,0.04210579092614353,5.646061540930532,False,,,,56338.0,18394.0,150664.0,Time limit reached. (HiGHS Status 13: model_status is Time limit reached; primal_status is At lower/fixed bound),,1.0
20260731_124647-0400,20260731_124647-0400-0062,62,150,A4x4_T40_S2,2,40,HiGHS-5s,,,,,,,,,,,,,,,,,,,5.490471041994169,5.490471041994169,0.2903562079882249,0.04210579092614353,5.822933040908538,False,,,,56338.0,18394.0,150664.0,Time limit reached. (HiGHS Status 13: model_status is Time limit reached; primal_status is At lower/fixed bound),,5.0
20260731_124647-0400,20260731_124647-0400-0062,62,150,A4x4_T40_S2,2,40,HiGHS-15s,0.33840976051241584,0.45144356955380593,0.4343434343434345,15.0,0.375,18.0,7.0,850.0,0.6,0.23333333333333334,0.5483870967741935,45.266666666666666,84.0,97.0,231.8677570553006,125.97074103110356,105.89701602419697,0.00145949469132832,11.75024729105644,11.75024729105644,0.2903562079882249,0.04210579092614353,12.082709289970808,True,0.0,0.33840976051241584,0.33840976051241584,56338.0,18394.0,150664.0,Optimization terminated successfully. (HiGHS Status 7: Optimal),1.0,15.0
20260731_124647-0400,20260731_124647-0400-0062,62,150,A4x4_T40_S2,2,40,HiGHS-60s,0.33840976051241584,0.45144356955380593,0.4343434343434345,15.0,0.375,18.0,7.0,850.0,0.6,0.23333333333333334,0.5483870967741935,45.266666666666666,84.0,97.0,231.8677570553006,125.97074103110356,105.89701602419697,0.00145949469132832,11.555497042019852,11.555497042019852,0.2903562079882249,0.04210579092614353,11.88795904093422,True,0.0,0.33840976051241584,0.33840976051241584,56338.0,18394.0,150664.0,Optimization terminated successfully. (HiGHS Status 7: Optimal),1.0,60.0
20260731_124647-0400,20260731_124647-0400-0062,62,150,A4x4_T40_S2,2,40,HiGHS-600s,0.33840976051241584,0.45144356955380593,0.4343434343434345,15.0,0.375,18.0,7.0,850.0,0.6,0.23333333333333334,0.5483870967741935,45.266666666666666,84.0,97.0,231.8677570553006,125.97074103110356,105.89701602419697,0.00145949469132832,11.607741374988109,11.607741374988109,0.2903562079882249,0.04210579092614353,11.940203373902477,True,0.0,0.33840976051241584,0.33840976051241584,56338.0,18394.0,150664.0,Optimization terminated successfully. (HiGHS Status 7: Optimal),1.0,600.0
20260731_124647-0400,20260731_124647-0400-0063,63,150,A4x4_T40_S3,3,40,Greedy-Benefit,0.2634599680324201,0.4593338497288922,0.44487678339818415,15.0,0.375,22.0,6.0,1050.0,0.5,0.375,0.3684210526315789,46.733333333333334,98.0,112.0,278.46688741425737,139.8620454024994,138.60484201175797,0.0009461087832697594,0.002023375011049211,,,,0.0020237090066075325,False,,,,,,,Constructive heuristic,,
20260731_124647-0400,20260731_124647-0400-0063,63,150,A4x4_T40_S3,3,40,Greedy-Density-Operational,0.2634599680324201,0.4593338497288922,0.44487678339818415,15.0,0.375,22.0,6.0,1050.0,0.5,0.375,0.3684210526315789,46.733333333333334,98.0,112.0,278.46688741425737,139.8620454024994,138.60484201175797,0.0009461087832697594,0.0015938750002533197,,,,0.001594125060364604,False,,,,,,,Constructive heuristic,,
20260731_124647-0400,20260731_124647-0400-0063,63,150,A4x4_T40_S3,3,40,Greedy-Density-Cycle,0.2628016781182395,0.4446165762974437,0.44617380025940334,16.0,0.4,20.0,6.0,1400.0,0.45454545454545453,0.375,0.49122807017543857,47.5,86.0,102.0,254.82398699752457,128.07768621139803,126.74630078612655,0.0010313066725574482,0.0015049580251798034,,,,0.0015051249647513032,False,,,,,,,Constructive heuristic,,
20260731_124647-0400,20260731_124647-0400-0063,63,150,A4x4_T40_S3,3,40,HiGHS-1s,,,,,,,,,,,,,,,,,,,4.270650791935623,4.270650791935623,0.28344633406959474,0.07629220897797495,4.630389334983192,False,,,,53499.0,18414.0,142127.0,Time limit reached. (HiGHS Status 13: model_status is Time limit reached; primal_status is At lower/fixed bound),,1.0
20260731_124647-0400,20260731_124647-0400-0063,63,150,A4x4_T40_S3,3,40,HiGHS-5s,,,,,,,,,,,,,,,,,,,5.02012395800557,5.02012395800557,0.28344633406959474,0.07629220897797495,5.37986250105314,False,,,,53499.0,18414.0,142127.0,Time limit reached. (HiGHS Status 13: model_status is Time limit reached; primal_status is At lower/fixed bound),,5.0
20260731_124647-0400,20260731_124647-0400-0063,63,150,A4x4_T40_S3,3,40,HiGHS-15s,0.3267334390789473,0.5058094500387295,0.48378728923475994,18.0,0.45,25.0,6.0,1050.0,0.5681818181818182,0.375,0.3684210526315789,49.666666666666664,89.0,108.0,267.1849702899079,134.06182884182587,133.123141448082,0.00122287357228375,5.560476917074993,5.560476917074993,0.28344633406959474,0.07629220897797495,5.920215460122563,True,0.0,0.32673343907894725,0.32673343907894725,53499.0,18414.0,142127.0,Optimization terminated successfully. (HiGHS Status 7: Optimal),1.0,15.0
20260731_124647-0400,20260731_124647-0400-0063,63,150,A4x4_T40_S3,3,40,HiGHS-60s,0.3267334390789473,0.5058094500387295,0.48378728923475994,18.0,0.45,25.0,6.0,1050.0,0.5681818181818182,0.375,0.3684210526315789,49.666666666666664,89.0,108.0,267.1849702899079,134.06182884182587,133.123141448082,0.00122287357228375,5.412226082989946,5.412226082989946,0.28344633406959474,0.07629220897797495,5.771964626037516,True,0.0,0.32673343907894725,0.32673343907894725,53499.0,18414.0,142127.0,Optimization terminated successfully. (HiGHS Status 7: Optimal),1.0,60.0
20260731_124647-0400,20260731_124647-0400-0063,63,150,A4x4_T40_S3,3,40,HiGHS-600s,0.3267334390789473,0.5058094500387295,0.48378728923475994,18.0,0.45,25.0,6.0,1050.0,0.5681818181818182,0.375,0.3684210526315789,49.666666666666664,89.0,108.0,267.1849702899079,134.06182884182587,133.123141448082,0.00122287357228375,5.633384999935515,5.633384999935515,0.28344633406959474,0.07629220897797495,5.993123542983085,True,0.0,0.32673343907894725,0.32673343907894725,53499.0,18414.0,142127.0,Optimization terminated successfully. (HiGHS Status 7: Optimal),1.0,600.0
20260731_124647-0400,20260731_124647-0400-0064,64,150,A4x4_T40_S4,4,40,Greedy-Benefit,0.3705419833334357,0.5016260162601625,0.46163522012578617,18.0,0.45,22.0,6.0,1450.0,0.6111111111111112,0.4,0.30526315789473685,44.0,93.0,108.0,222.52708737445772,124.61401466823922,97.91307270621847,0.0016651545108749197,0.001781458966434002,,,,0.0017817090265452862,False,,,,,,,Constructive heuristic,,
20260731_124647-0400,20260731_124647-0400-0064,64,150,A4x4_T40_S4,4,40,Greedy-Density-Operational,0.34336771733935634,0.5682926829268291,0.558490566037736,22.0,0.55,21.0,9.0,2400.0,0.5833333333333334,0.6,0.5052631578947369,45.54545454545455,101.0,116.0,233.5567362530714,121.36891680762562,112.18781944544577,0.0014701683318921652,0.0017844999674707651,,,,0.0017847500275820494,False,,,,,,,Constructive heuristic,,
20260731_124647-0400,20260731_124647-0400-0064,64,150,A4x4_T40_S4,4,40,Greedy-Density-Cycle,0.34336771733935634,0.5682926829268291,0.558490566037736,22.0,0.55,21.0,9.0,2400.0,0.5833333333333334,0.6,0.5052631578947369,45.54545454545455,101.0,116.0,233.5567362530714,121.36891680762562,112.18781944544577,0.0014701683318921652,0.001708041992969811,,,,0.0017082920530810952,False,,,,,,,Constructive heuristic,,
20260731_124647-0400,20260731_124647-0400-0064,64,150,A4x4_T40_S4,4,40,HiGHS-1s,,,,,,,,,,,,,,,,,,,4.289039082941599,4.289039082941599,0.39498504193034023,0.10164212505333126,4.785666249925271,False,,,,84729.0,24589.0,229642.0,Time limit reached. (HiGHS Status 13: model_status is Time limit reached; primal_status is At lower/fixed bound),,1.0
20260731_124647-0400,20260731_124647-0400-0064,64,150,A4x4_T40_S4,4,40,HiGHS-5s,0.27080666824226346,0.3170731707317073,0.3081761006289309,12.0,0.3,12.0,5.0,1250.0,0.3333333333333333,0.3333333333333333,0.2631578947368421,31.416666666666668,76.0,96.0,173.61388211416394,92.83990402058936,80.77397809357456,0.0015598215127992363,5.073961667018011,5.073961667018011,0.39498504193034023,0.10164212505333126,5.570588834001683,False,25.84337929775269,0.27080666824226346,7.269366111987756,84729.0,24589.0,229642.0,Time limit reached. (HiGHS Status 13: Time limit reached),0.0,5.0
20260731_124647-0400,20260731_124647-0400-0064,64,150,A4x4_T40_S4,4,40,HiGHS-15s,0.3776356568982116,0.5528455284552845,0.5283018867924528,19.0,0.475,22.0,8.0,2000.0,0.6111111111111112,0.5333333333333333,0.42105263157894735,43.73684210526316,89.0,100.0,237.1541119541116,124.63797124436906,112.51614070974253,0.0015923639433723276,15.02882695896551,15.02882695896551,0.39498504193034023,0.10164212505333126,15.525454125949182,False,0.10402895309890918,0.37763565689821166,0.4169206989381515,84729.0,24589.0,229642.0,Time limit reached. (HiGHS Status 13: Time limit reached),0.0,15.0
20260731_124647-0400,20260731_124647-0400-0064,64,150,A4x4_T40_S4,4,40,HiGHS-60s,0.4166469633671544,0.5658536585365852,0.5232704402515723,19.0,0.475,24.0,8.0,1600.0,0.6666666666666666,0.5333333333333333,0.3368421052631579,40.8421052631579,89.0,96.0,217.92013252945384,109.18368469517387,108.73644783428003,0.0019119250641555152,22.331156375003047,22.331156375003047,0.39498504193034023,0.10164212505333126,22.82778354198672,True,0.0,0.41664696336715434,0.41664696336715434,84729.0,24589.0,229642.0,Optimization terminated successfully. (HiGHS Status 7: Optimal),1.0,60.0
20260731_124647-0400,20260731_124647-0400-0064,64,150,A4x4_T40_S4,4,40,HiGHS-600s,0.4166469633671544,0.5658536585365852,0.5232704402515723,19.0,0.475,24.0,8.0,1600.0,0.6666666666666666,0.5333333333333333,0.3368421052631579,40.8421052631579,89.0,96.0,217.92013252945384,109.18368469517387,108.73644783428003,0.0019119250641555152,22.751393334008753,22.751393334008753,0.39498504193034023,0.10164212505333126,23.248020500992425,True,0.0,0.41664696336715434,0.41664696336715434,84729.0,24589.0,229642.0,Optimization terminated successfully. (HiGHS Status 7: Optimal),1.0,600.0
20260731_124647-0400,20260731_124647-0400-0065,65,150,A4x4_T40_S5,5,40,Greedy-Benefit,0.23175450351567356,0.3752969121140143,0.36503856041131094,15.0,0.375,15.0,8.0,900.0,0.45454545454545453,0.25806451612903225,0.391304347826087,46.46666666666667,79.0,97.0,252.7052526153821,137.15521539471857,115.55003722066351,0.0009170941288996646,0.0017972909845411777,,,,0.0017976249800994992,False,,,,,,,Constructive heuristic,,
20260731_124647-0400,20260731_124647-0400-0065,65,150,A4x4_T40_S5,5,40,Greedy-Density-Operational,0.2684816174128857,0.4085510688836104,0.43187660668380456,17.0,0.425,12.0,12.0,1600.0,0.36363636363636365,0.3870967741935484,0.6956521739130435,39.1764705882353,91.0,103.0,236.46844462265742,119.14370405391544,117.32474056874197,0.0011353803161403334,0.001606708043254912,,,,0.0016069579869508743,False,,,,,,,Constructive heuristic,,
20260731_124647-0400,20260731_124647-0400-0065,65,150,A4x4_T40_S5,5,40,Greedy-Density-Cycle,0.2684816174128857,0.4085510688836104,0.43187660668380456,17.0,0.425,12.0,12.0,1600.0,0.36363636363636365,0.3870967741935484,0.6956521739130435,39.1764705882353,91.0,103.0,236.46844462265742,119.14370405391544,117.32474056874197,0.0011353803161403334,0.0015958750154823065,,,,0.0015961669851094484,False,,,,,,,Constructive heuristic,,
20260731_124647-0400,20260731_124647-0400-0065,65,150,A4x4_T40_S5,5,40,HiGHS-1s,,,,,,,,,,,,,,,,,,,4.766086957999505,4.766086957999505,0.2977015000069514,0.04358187492471188,5.107370332931168,False,,,,56850.0,19030.0,151564.0,Time limit reached. (HiGHS Status 13: model_status is Time limit reached; primal_status is At lower/fixed bound),,1.0
20260731_124647-0400,20260731_124647-0400-0065,65,150,A4x4_T40_S5,5,40,HiGHS-5s,,,,,,,,,,,,,,,,,,,5.018866540980525,5.018866540980525,0.2977015000069514,0.04358187492471188,5.360149915912189,False,,,,56850.0,19030.0,151564.0,Time limit reached. (HiGHS Status 13: model_status is Time limit reached; primal_status is At lower/fixed bound),,5.0
20260731_124647-0400,20260731_124647-0400-0065,65,150,A4x4_T40_S5,5,40,HiGHS-15s,0.3084130413056448,0.47268408551068886,0.4717223650385603,19.0,0.475,15.0,16.0,950.0,0.45454545454545453,0.5161290322580645,0.41304347826086957,41.21052631578947,85.0,100.0,241.46512173399785,122.17612881941358,119.2889929145843,0.0012772571006979547,6.657460874994285,6.657460874994285,0.2977015000069514,0.04358187492471188,6.998744249925949,True,0.0,0.30841304130564473,0.30841304130564473,56850.0,19030.0,151564.0,Optimization terminated successfully. (HiGHS Status 7: Optimal),1.0,15.0
20260731_124647-0400,20260731_124647-0400-0065,65,150,A4x4_T40_S5,5,40,HiGHS-60s,0.3084130413056448,0.47268408551068886,0.4717223650385603,19.0,0.475,15.0,16.0,950.0,0.45454545454545453,0.5161290322580645,0.41304347826086957,41.21052631578947,85.0,100.0,241.46512173399785,122.17612881941358,119.2889929145843,0.0012772571006979547,6.551815249957144,6.551815249957144,0.2977015000069514,0.04358187492471188,6.8930986248888075,True,0.0,0.30841304130564473,0.30841304130564473,56850.0,19030.0,151564.0,Optimization terminated successfully. (HiGHS Status 7: Optimal),1.0,60.0
20260731_124647-0400,20260731_124647-0400-0065,65,150,A4x4_T40_S5,5,40,HiGHS-600s,0.3084130413056448,0.47268408551068886,0.4717223650385603,19.0,0.475,15.0,16.0,950.0,0.45454545454545453,0.5161290322580645,0.41304347826086957,41.21052631578947,85.0,100.0,241.46512173399785,122.17612881941358,119.2889929145843,0.0012772571006979547,6.528604167047888,6.528604167047888,0.2977015000069514,0.04358187492471188,6.869887541979551,True,0.0,0.30841304130564473,0.30841304130564473,56850.0,19030.0,151564.0,Optimization terminated successfully. (HiGHS Status 7: Optimal),1.0,600.0
20260731_124647-0400,20260731_124647-0400-0066,66,150,A4x4_T40_S6,6,40,Greedy-Benefit,0.33876216936099457,0.5071972904318375,0.49802890932982924,18.0,0.45,19.0,6.0,2150.0,0.6129032258064516,0.2727272727272727,0.5584415584415584,45.888888888888886,92.0,99.0,224.32518008649186,116.98878256352617,107.33639752296568,0.0015101388494612145,0.0018426249735057354,,,,0.0018428750336170197,False,,,,,,,Constructive heuristic,,
20260731_124647-0400,20260731_124647-0400-0066,66,150,A4x4_T40_S6,6,40,Greedy-Density-Operational,0.3284836743849766,0.5063505503810332,0.4770039421813404,17.0,0.425,20.0,7.0,1550.0,0.6451612903225806,0.3181818181818182,0.4025974025974026,44.35294117647059,92.0,102.0,245.99610637757183,128.31259918937516,117.6835071881967,0.001335320624468735,0.001539708930067718,,,,0.0015399999683722854,False,,,,,,,Constructive heuristic,,
20260731_124647-0400,20260731_124647-0400-0066,66,150,A4x4_T40_S6,6,40,Greedy-Density-Cycle,0.3267677675525681,0.5182049110922947,0.4822601839684626,18.0,0.45,21.0,7.0,1450.0,0.6774193548387096,0.3181818181818182,0.37662337662337664,45.888888888888886,100.0,115.0,241.4797663452221,126.1235310684638,115.35623527675826,0.0013531890166127516,0.0014876669738441706,,,,0.001487916917540133,False,,,,,,,Constructive heuristic,,
20260731_124647-0400,20260731_124647-0400-0066,66,150,A4x4_T40_S6,6,40,HiGHS-1s,,,,,,,,,,,,,,,,,,,3.574555791914463,3.574555791914463,0.2284272500546649,0.06728104106150568,3.8702640830306336,False,,,,42125.0,13932.0,112487.0,Time limit reached. (HiGHS Status 13: model_status is Time limit reached; primal_status is At lower/fixed bound),,1.0
20260731_124647-0400,20260731_124647-0400-0066,66,150,A4x4_T40_S6,6,40,HiGHS-5s,0.35883555896912595,0.4801016088060965,0.45597897503285156,18.0,0.45,18.0,8.0,1450.0,0.5806451612903226,0.36363636363636365,0.37662337662337664,42.611111111111114,90.0,103.0,191.2292620643105,102.74959494228834,88.47966712202212,0.0018764678328803538,5.01682708307635,5.01682708307635,0.2284272500546649,0.06728104106150568,5.312535374192521,False,0.07548483776127195,0.35883555896912595,0.38592220292088575,42125.0,13932.0,112487.0,Time limit reached. (HiGHS Status 13: Time limit reached),0.0,5.0
20260731_124647-0400,20260731_124647-0400-0066,66,150,A4x4_T40_S6,6,40,HiGHS-15s,0.38559674809514854,0.5198983911939035,0.5111695137976349,19.0,0.475,19.0,7.0,2150.0,0.6129032258064516,0.3181818181818182,0.5584415584415584,44.526315789473685,90.0,106.0,223.5467051524062,113.66547978579271,109.88122536661348,0.001724904636068165,5.504531082930043,5.504531082930043,0.2284272500546649,0.06728104106150568,5.800239374046214,True,0.0,0.38559674809514854,0.38559674809514854,42125.0,13932.0,112487.0,Optimization terminated successfully. (HiGHS Status 7: Optimal),1.0,15.0
20260731_124647-0400,20260731_124647-0400-0066,66,150,A4x4_T40_S6,6,40,HiGHS-60s,0.38559674809514854,0.5198983911939035,0.5111695137976349,19.0,0.475,19.0,7.0,2150.0,0.6129032258064516,0.3181818181818182,0.5584415584415584,44.526315789473685,90.0,106.0,223.5467051524062,113.66547978579271,109.88122536661348,0.001724904636068165,5.606373541988432,5.606373541988432,0.2284272500546649,0.06728104106150568,5.902081833104603,True,0.0,0.38559674809514854,0.38559674809514854,42125.0,13932.0,112487.0,Optimization terminated successfully. (HiGHS Status 7: Optimal),1.0,60.0
20260731_124647-0400,20260731_124647-0400-0066,66,150,A4x4_T40_S6,6,40,HiGHS-600s,0.38559674809514854,0.5198983911939035,0.5111695137976349,19.0,0.475,19.0,7.0,2150.0,0.6129032258064516,0.3181818181818182,0.5584415584415584,44.526315789473685,90.0,106.0,223.5467051524062,113.66547978579271,109.88122536661348,0.001724904636068165,5.603765000007115,5.603765000007115,0.2284272500546649,0.06728104106150568,5.899473291123286,True,0.0,0.38559674809514854,0.38559674809514854,42125.0,13932.0,112487.0,Optimization terminated successfully. (HiGHS Status 7: Optimal),1.0,600.0
20260731_124647-0400,20260731_124647-0400-0067,67,150,A4x4_T40_S7,7,40,Greedy-Benefit,0.2678949102715989,0.44852941176470595,0.438122332859175,17.0,0.425,13.0,10.0,1300.0,0.52,0.37037037037037035,0.4262295081967213,47.705882352941174,90.0,105.0,227.8999284123662,132.48208777390664,95.41784063845952,0.0011754936130864643,0.001808334025554359,,,,0.0018085839692503214,False,,,,,,,Constructive heuristic,,
20260731_124647-0400,20260731_124647-0400-0067,67,150,A4x4_T40_S7,7,40,Greedy-Density-Operational,0.318443765298232,0.5009191176470589,0.4907539118065434,21.0,0.525,13.0,14.0,1250.0,0.52,0.5185185185185185,0.4098360655737705,40.666666666666664,89.0,107.0,239.64012379698383,119.9328804093397,119.70724338764413,0.0013288415990304208,0.0016227089799940586,,,,0.0016229590401053429,False,,,,,,,Constructive heuristic,,
20260731_124647-0400,20260731_124647-0400-0067,67,150,A4x4_T40_S7,7,40,Greedy-Density-Cycle,0.318443765298232,0.5009191176470589,0.4907539118065434,21.0,0.525,13.0,14.0,1250.0,0.52,0.5185185185185185,0.4098360655737705,40.666666666666664,89.0,107.0,239.64012379698383,119.9328804093397,119.70724338764413,0.0013288415990304208,0.0016300409333780408,,,,0.0016303329030051827,False,,,,,,,Constructive heuristic,,
20260731_124647-0400,20260731_124647-0400-0067,67,150,A4x4_T40_S7,7,40,HiGHS-1s,,,,,,,,,,,,,,,,,,,5.3930450839689,5.3930450839689,0.5733443329809234,0.0814385840203613,6.047828000970185,False,,,,102217.0,25185.0,281510.0,Time limit reached. (HiGHS Status 13: model_status is Time limit reached; primal_status is At lower/fixed bound),,1.0
20260731_124647-0400,20260731_124647-0400-0067,67,150,A4x4_T40_S7,7,40,HiGHS-5s,,,,,,,,,,,,,,,,,,,5.485783959040418,5.485783959040418,0.5733443329809234,0.0814385840203613,6.140566876041703,False,,,,102217.0,25185.0,281510.0,Time limit reached. (HiGHS Status 13: model_status is Time limit reached; primal_status is At lower/fixed bound),,5.0
20260731_124647-0400,20260731_124647-0400-0067,67,150,A4x4_T40_S7,7,40,HiGHS-15s,0.07358930237138246,0.1553308823529412,0.1834992887624467,9.0,0.225,2.0,4.0,1150.0,0.08,0.14814814814814814,0.3770491803278688,42.22222222222222,81.0,97.0,126.01790997695457,68.96396172041614,57.05394825653843,0.0005839590768077336,15.097508667036891,15.097508667036891,0.5733443329809234,0.0814385840203613,15.752291584038176,False,344.24801044842854,0.07358930237138246,25.406560234007618,102217.0,25185.0,281510.0,Time limit reached. (HiGHS Status 13: Time limit reached),0.0,15.0
20260731_124647-0400,20260731_124647-0400-0067,67,150,A4x4_T40_S7,7,40,HiGHS-60s,0.389838420357905,0.5909926470588236,0.5590327169274537,21.0,0.525,17.0,16.0,1050.0,0.68,0.5925925925925926,0.3442622950819672,43.476190476190474,89.0,107.0,221.64922740945843,114.4235862153057,107.22564119415273,0.0017588079368205795,15.563404165906832,15.563404165906832,0.5733443329809234,0.0814385840203613,16.218187082908116,True,0.0,0.389838420357905,0.389838420357905,102217.0,25185.0,281510.0,Optimization terminated successfully. (HiGHS Status 7: Optimal),1.0,60.0
20260731_124647-0400,20260731_124647-0400-0067,67,150,A4x4_T40_S7,7,40,HiGHS-600s,0.389838420357905,0.5909926470588236,0.5590327169274537,21.0,0.525,17.0,16.0,1050.0,0.68,0.5925925925925926,0.3442622950819672,43.476190476190474,89.0,107.0,221.64922740945843,114.4235862153057,107.22564119415273,0.0017588079368205795,15.647742583998479,15.647742583998479,0.5733443329809234,0.0814385840203613,16.302525500999764,True,0.0,0.389838420357905,0.389838420357905,102217.0,25185.0,281510.0,Optimization terminated successfully. (HiGHS Status 7: Optimal),1.0,600.0
20260731_124647-0400,20260731_124647-0400-0068,68,150,A4x4_T40_S8,8,40,Greedy-Benefit,0.263124388712236,0.4495548961424333,0.4033613445378151,15.0,0.375,21.0,12.0,100.0,0.5526315789473685,0.4444444444444444,0.03278688524590164,46.2,85.0,102.0,257.5777455235244,129.03467431411102,128.5430712094134,0.0010215338603008503,0.0018540420569479465,,,,0.001854292000643909,False,,,,,,,Constructive heuristic,,
20260731_124647-0400,20260731_124647-0400-0068,68,150,A4x4_T40_S8,8,40,Greedy-Density-Operational,0.24223691928635668,0.3835311572700296,0.3805522208883554,14.0,0.35,14.0,12.0,950.0,0.3684210526315789,0.4444444444444444,0.3114754098360656,42.92857142857143,98.0,120.0,260.48344674759,130.24172337379497,130.24172337379503,0.0009299512975236607,0.001516958000138402,,,,0.0015172080602496862,False,,,,,,,Constructive heuristic,,
20260731_124647-0400,20260731_124647-0400-0068,68,150,A4x4_T40_S8,8,40,Greedy-Density-Cycle,0.24223691928635668,0.3835311572700296,0.3805522208883554,14.0,0.35,14.0,12.0,950.0,0.3684210526315789,0.4444444444444444,0.3114754098360656,42.92857142857143,98.0,120.0,260.48344674759,130.24172337379497,130.24172337379503,0.0009299512975236607,0.0013594579650089145,,,,0.0013597080251201987,False,,,,,,,Constructive heuristic,,
20260731_124647-0400,20260731_124647-0400-0068,68,150,A4x4_T40_S8,8,40,HiGHS-1s,,,,,,,,,,,,,,,,,,,2.519071500049904,2.519071500049904,0.19110129203181714,0.025198834016919136,2.7353716260986403,False,,,,32789.0,11368.0,87043.0,Time limit reached. (HiGHS Status 13: model_status is Time limit reached; primal_status is At lower/fixed bound),,1.0
20260731_124647-0400,20260731_124647-0400-0068,68,150,A4x4_T40_S8,8,40,HiGHS-5s,0.3392815058010368,0.4807121661721069,0.4777911164465787,17.0,0.425,18.0,14.0,1300.0,0.47368421052631576,0.5185185185185185,0.4262295081967213,47.88235294117647,100.0,120.0,271.3811453922514,135.6905726961257,135.6905726961257,0.0012502029398934215,3.4329195839818567,3.4329195839818567,0.19110129203181714,0.025198834016919136,3.649219710030593,True,0.0,0.3392815058010368,0.3392815058010368,32789.0,11368.0,87043.0,Optimization terminated successfully. (HiGHS Status 7: Optimal),1.0,5.0
20260731_124647-0400,20260731_124647-0400-0068,68,150,A4x4_T40_S8,8,40,HiGHS-15s,0.3392815058010368,0.4807121661721069,0.4777911164465787,17.0,0.425,18.0,14.0,1300.0,0.47368421052631576,0.5185185185185185,0.4262295081967213,47.88235294117647,100.0,120.0,271.3811453922514,135.6905726961257,135.6905726961257,0.0012502029398934215,3.5385751660214737,3.5385751660214737,0.19110129203181714,0.025198834016919136,3.75487529207021,True,0.0,0.3392815058010368,0.3392815058010368,32789.0,11368.0,87043.0,Optimization terminated successfully. (HiGHS Status 7: Optimal),1.0,15.0
20260731_124647-0400,20260731_124647-0400-0068,68,150,A4x4_T40_S8,8,40,HiGHS-60s,0.3392815058010368,0.4807121661721069,0.4777911164465787,17.0,0.425,18.0,14.0,1300.0,0.47368421052631576,0.5185185185185185,0.4262295081967213,47.88235294117647,100.0,120.0,271.3811453922514,135.6905726961257,135.6905726961257,0.0012502029398934215,3.6453057499602437,3.6453057499602437,0.19110129203181714,0.025198834016919136,3.86160587600898,True,0.0,0.3392815058010368,0.3392815058010368,32789.0,11368.0,87043.0,Optimization terminated successfully. (HiGHS Status 7: Optimal),1.0,60.0
20260731_124647-0400,20260731_124647-0400-0068,68,150,A4x4_T40_S8,8,40,HiGHS-600s,0.3392815058010368,0.4807121661721069,0.4777911164465787,17.0,0.425,18.0,14.0,1300.0,0.47368421052631576,0.5185185185185185,0.4262295081967213,47.88235294117647,100.0,120.0,271.3811453922514,135.6905726961257,135.6905726961257,0.0012502029398934215,3.5365626249695197,3.5365626249695197,0.19110129203181714,0.025198834016919136,3.752862751018256,True,0.0,0.3392815058010368,0.3392815058010368,32789.0,11368.0,87043.0,Optimization terminated successfully. (HiGHS Status 7: Optimal),1.0,600.0
20260731_124647-0400,20260731_124647-0400-0069,69,150,A4x4_T40_S9,9,40,Greedy-Benefit,0.3155541920735213,0.5013100436681223,0.4606896551724137,18.0,0.45,20.0,8.0,900.0,0.5882352941176471,0.5,0.24,45.55555555555556,105.0,121.0,243.03762142251807,127.75395290117324,115.28366852134484,0.001298375906687031,0.0017028750153258443,,,,0.0017031249590218067,False,,,,,,,Constructive heuristic,,
20260731_124647-0400,20260731_124647-0400-0069,69,150,A4x4_T40_S9,9,40,Greedy-Density-Operational,0.3469145910136407,0.5414847161572052,0.496551724137931,20.0,0.5,22.0,8.0,1000.0,0.6470588235294118,0.5,0.26666666666666666,39.9,104.0,119.0,229.35097669786438,114.97081607942485,114.38016061843959,0.00151259260373959,0.00149125000461936,,,,0.0014915410429239273,False,,,,,,,Constructive heuristic,,
20260731_124647-0400,20260731_124647-0400-0069,69,150,A4x4_T40_S9,9,40,Greedy-Density-Cycle,0.3417207682158318,0.5283842794759825,0.496551724137931,20.0,0.5,22.0,5.0,1500.0,0.6470588235294118,0.3125,0.4,38.2,83.0,103.0,212.99702732651653,106.79384139375092,106.20318593276563,0.0016043452460582305,0.0014487910084426403,,,,0.0014490829780697823,False,,,,,,,Constructive heuristic,,
20260731_124647-0400,20260731_124647-0400-0069,69,150,A4x4_T40_S9,9,40,HiGHS-1s,,,,,,,,,,,,,,,,,,,2.9134492080193013,2.9134492080193013,0.21581362502183765,0.02862524997908622,3.157888083020225,False,,,,36055.0,13610.0,94599.0,Time limit reached. (HiGHS Status 13: model_status is Time limit reached; primal_status is At lower/fixed bound),,1.0
20260731_124647-0400,20260731_124647-0400-0069,69,150,A4x4_T40_S9,9,40,HiGHS-5s,0.3770000329485403,0.5161572052401747,0.470344827586207,18.0,0.45,21.0,8.0,850.0,0.6176470588235294,0.5,0.22666666666666666,39.166666666666664,84.0,103.0,200.84758685403204,100.64741185746294,100.2001749965691,0.0018770453698431974,6.711238500080071,6.711238500080071,0.21581362502183765,0.02862524997908622,6.955677375080995,False,0.019256434139876547,0.3770000329485403,0.38425970925374514,36055.0,13610.0,94599.0,Time limit reached. (HiGHS Status 13: Time limit reached),0.0,5.0
20260731_124647-0400,20260731_124647-0400-0069,69,150,A4x4_T40_S9,9,40,HiGHS-15s,0.38386024200376967,0.5484716157205242,0.49379310344827587,18.0,0.45,23.0,8.0,800.0,0.6764705882352942,0.5,0.21333333333333335,40.0,84.0,97.0,232.4703634557158,116.45880015830483,116.011563297411,0.0016512222732292183,7.616427749977447,7.616427749977447,0.21581362502183765,0.02862524997908622,7.860866624978371,True,0.0,0.38386024200376967,0.38386024200376967,36055.0,13610.0,94599.0,Optimization terminated successfully. (HiGHS Status 7: Optimal),1.0,15.0
20260731_124647-0400,20260731_124647-0400-0069,69,150,A4x4_T40_S9,9,40,HiGHS-60s,0.38386024200376967,0.5484716157205242,0.49379310344827587,18.0,0.45,23.0,8.0,800.0,0.6764705882352942,0.5,0.21333333333333335,40.0,84.0,97.0,232.4703634557158,116.45880015830483,116.011563297411,0.0016512222732292183,7.5255606670398265,7.5255606670398265,0.21581362502183765,0.02862524997908622,7.76999954204075,True,0.0,0.38386024200376967,0.38386024200376967,36055.0,13610.0,94599.0,Optimization terminated successfully. (HiGHS Status 7: Optimal),1.0,60.0
20260731_124647-0400,20260731_124647-0400-0069,69,150,A4x4_T40_S9,9,40,HiGHS-600s,0.38386024200376967,0.5484716157205242,0.49379310344827587,18.0,0.45,23.0,8.0,800.0,0.6764705882352942,0.5,0.21333333333333335,40.0,84.0,97.0,232.4703634557158,116.45880015830483,116.011563297411,0.0016512222732292183,7.569596833898686,7.569596833898686,0.21581362502183765,0.02862524997908622,7.81403570889961,True,0.0,0.38386024200376967,0.38386024200376967,36055.0,13610.0,94599.0,Optimization terminated successfully. (HiGHS Status 7: Optimal),1.0,600.0
20260731_124647-0400,20260731_124647-0400-0070,70,150,A4x4_T40_S10,10,40,Greedy-Benefit,0.2878666955731744,0.4497354497354498,0.4501800720288115,17.0,0.425,14.0,16.0,1250.0,0.42424242424242425,0.5,0.4098360655737705,42.94117647058823,83.0,90.0,200.26026338150086,101.04916990908674,99.2110934724141,0.0014374628831121683,0.0018527499632909894,,,,0.0018530830275267363,False,,,,,,,Constructive heuristic,,
20260731_124647-0400,20260731_124647-0400-0070,70,150,A4x4_T40_S10,10,40,Greedy-Density-Operational,0.2937256859893243,0.4535147392290251,0.46218487394957974,18.0,0.45,12.0,19.0,1250.0,0.36363636363636365,0.59375,0.4098360655737705,39.77777777777778,90.0,103.0,201.69900533467066,102.09306443047079,99.60594090419984,0.0014562574837786516,0.0016792499227449298,,,,0.001679459004662931,False,,,,,,,Constructive heuristic,,
20260731_124647-0400,20260731_124647-0400-0070,70,150,A4x4_T40_S10,10,40,Greedy-Density-Cycle,0.2937256859893243,0.4535147392290251,0.46218487394957974,18.0,0.45,12.0,19.0,1250.0,0.36363636363636365,0.59375,0.4098360655737705,39.77777777777778,90.0,103.0,201.69900533467066,102.09306443047079,99.60594090419984,0.0014562574837786516,0.0015145420329645276,,,,0.0015147920930758119,False,,,,,,,Constructive heuristic,,
20260731_124647-0400,20260731_124647-0400-0070,70,150,A4x4_T40_S10,10,40,HiGHS-1s,,,,,,,,,,,,,,,,,,,4.160652667051181,4.160652667051181,0.22194437496364117,0.028530457988381386,4.411127500003204,False,,,,37226.0,12372.0,99350.0,Time limit reached. (HiGHS Status 13: model_status is Time limit reached; primal_status is At lower/fixed bound),,1.0
20260731_124647-0400,20260731_124647-0400-0070,70,150,A4x4_T40_S10,10,40,HiGHS-5s,,,,,,,,,,,,,,,,,,,5.012105457950383,5.012105457950383,0.22194437496364117,0.028530457988381386,5.262580290902406,False,,,,37226.0,12372.0,99350.0,Time limit reached. (HiGHS Status 13: model_status is Time limit reached; primal_status is At lower/fixed bound),,5.0
20260731_124647-0400,20260731_124647-0400-0070,70,150,A4x4_T40_S10,10,40,HiGHS-15s,0.3458527455515866,0.4996220710506426,0.49339735894357734,18.0,0.45,14.0,22.0,850.0,0.42424242424242425,0.6875,0.2786885245901639,41.72222222222222,88.0,103.0,216.6528089990545,109.46579532098103,107.18701367807346,0.0015963455408191636,9.787395958905108,9.787395958905108,0.22194437496364117,0.028530457988381386,10.03787079185713,True,0.0,0.3458527455515866,0.3458527455515866,37226.0,12372.0,99350.0,Optimization terminated successfully. (HiGHS Status 7: Optimal),1.0,15.0
20260731_124647-0400,20260731_124647-0400-0070,70,150,A4x4_T40_S10,10,40,HiGHS-60s,0.3458527455515866,0.4996220710506426,0.49339735894357734,18.0,0.45,14.0,22.0,850.0,0.42424242424242425,0.6875,0.2786885245901639,41.72222222222222,88.0,103.0,216.6528089990545,109.46579532098103,107.18701367807346,0.0015963455408191636,9.485232584062032,9.485232584062032,0.22194437496364117,0.028530457988381386,9.735707417014055,True,0.0,0.3458527455515866,0.3458527455515866,37226.0,12372.0,99350.0,Optimization terminated successfully. (HiGHS Status 7: Optimal),1.0,60.0
20260731_124647-0400,20260731_124647-0400-0070,70,150,A4x4_T40_S10,10,40,HiGHS-600s,0.3458527455515866,0.4996220710506426,0.49339735894357734,18.0,0.45,14.0,22.0,850.0,0.42424242424242425,0.6875,0.2786885245901639,41.72222222222222,88.0,103.0,216.6528089990545,109.46579532098103,107.18701367807346,0.0015963455408191636,9.582865167059936,9.582865167059936,0.22194437496364117,0.028530457988381386,9.833340000011958,True,0.0,0.3458527455515866,0.3458527455515866,37226.0,12372.0,99350.0,Optimization terminated successfully. (HiGHS Status 7: Optimal),1.0,600.0
20260731_124647-0400,20260731_124647-0400-0071,71,150,A4x4_T40_S11,11,40,Greedy-Benefit,0.22480194136191597,0.33090909090909093,0.372093023255814,15.0,0.375,10.0,7.0,2500.0,0.24390243902439024,0.3333333333333333,0.625,50.06666666666667,101.0,114.0,273.8067149609613,143.2094478321983,130.597267128763,0.000821024208241086,0.0018469169735908508,,,,0.001847167033702135,False,,,,,,,Constructive heuristic,,
20260731_124647-0400,20260731_124647-0400-0071,71,150,A4x4_T40_S11,11,40,Greedy-Density-Operational,0.23705613428912992,0.37236363636363634,0.3860465116279071,16.0,0.4,13.0,10.0,1700.0,0.3170731707317073,0.47619047619047616,0.425,47.75,97.0,109.0,269.3937430032694,141.08975776990397,128.30398523336544,0.0008799615449355592,0.0014963330468162894,,,,0.0014965829905122519,False,,,,,,,Constructive heuristic,,
20260731_124647-0400,20260731_124647-0400-0071,71,150,A4x4_T40_S11,11,40,Greedy-Density-Cycle,0.23705613428912992,0.37236363636363634,0.3860465116279071,16.0,0.4,13.0,10.0,1700.0,0.3170731707317073,0.47619047619047616,0.425,47.75,97.0,109.0,269.3937430032694,141.08975776990397,128.30398523336544,0.0008799615449355592,0.0015623749932274222,,,,0.0015627089887857437,False,,,,,,,Constructive heuristic,,
20260731_124647-0400,20260731_124647-0400-0071,71,150,A4x4_T40_S11,11,40,HiGHS-1s,,,,,,,,,,,,,,,,,,,3.029022124945186,3.029022124945186,0.34750991594046354,0.09282166592311114,3.4693537068087608,False,,,,69335.0,24571.0,183478.0,Time limit reached. (HiGHS Status 13: model_status is Time limit reached; primal_status is At lower/fixed bound),,1.0
20260731_124647-0400,20260731_124647-0400-0071,71,150,A4x4_T40_S11,11,40,HiGHS-5s,0.11570929658939703,0.16727272727272727,0.16860465116279072,7.0,0.175,7.0,3.0,750.0,0.17073170731707318,0.14285714285714285,0.1875,35.714285714285715,65.0,85.0,138.83104108998882,83.79024325749306,55.04079783249577,0.0008334540725254339,5.039501291001216,5.039501291001216,0.34750991594046354,0.09282166592311114,5.47983287286479,False,169.87434714731668,0.11570929658939705,19.771750513588458,69335.0,24571.0,183478.0,Time limit reached. (HiGHS Status 13: Time limit reached),0.0,5.0
20260731_124647-0400,20260731_124647-0400-0071,71,150,A4x4_T40_S11,11,40,HiGHS-15s,0.2910778039568993,0.4312727272727273,0.4279069767441861,17.0,0.425,19.0,7.0,1800.0,0.4634146341463415,0.3333333333333333,0.45,46.8235294117647,89.0,102.0,256.61958715211824,139.50944678052525,117.11014037159303,0.0011342774228077727,7.4755027500214055,7.4755027500214055,0.34750991594046354,0.09282166592311114,7.91583433188498,True,0.0,0.29107780395689925,0.29107780395689925,69335.0,24571.0,183478.0,Optimization terminated successfully. (HiGHS Status 7: Optimal),1.0,15.0
20260731_124647-0400,20260731_124647-0400-0071,71,150,A4x4_T40_S11,11,40,HiGHS-60s,0.2910778039568993,0.4312727272727273,0.4279069767441861,17.0,0.425,19.0,7.0,1800.0,0.4634146341463415,0.3333333333333333,0.45,46.8235294117647,89.0,102.0,256.61958715211824,139.50944678052525,117.11014037159303,0.0011342774228077727,7.595589000033215,7.595589000033215,0.34750991594046354,0.09282166592311114,8.03592058189679,True,0.0,0.29107780395689925,0.29107780395689925,69335.0,24571.0,183478.0,Optimization terminated successfully. (HiGHS Status 7: Optimal),1.0,60.0
20260731_124647-0400,20260731_124647-0400-0071,71,150,A4x4_T40_S11,11,40,HiGHS-600s,0.2910778039568993,0.4312727272727273,0.4279069767441861,17.0,0.425,19.0,7.0,1800.0,0.4634146341463415,0.3333333333333333,0.45,46.8235294117647,89.0,102.0,256.61958715211824,139.50944678052525,117.11014037159303,0.0011342774228077727,7.4674478330416605,7.4674478330416605,0.34750991594046354,0.09282166592311114,7.907779414905235,True,0.0,0.29107780395689925,0.29107780395689925,69335.0,24571.0,183478.0,Optimization terminated successfully. (HiGHS Status 7: Optimal),1.0,600.0
20260731_124647-0400,20260731_124647-0400-0072,72,150,A4x4_T40_S12,12,40,Greedy-Benefit,0.3677414522556444,0.5165413533834586,0.4993630573248409,19.0,0.475,24.0,11.0,700.0,0.5853658536585366,0.4074074074074074,0.4,40.421052631578945,83.0,95.0,208.53855452332337,120.32667543167099,88.21187909165235,0.0017634218914398176,0.0018807090818881989,,,,0.0018810000037774444,False,,,,,,,Constructive heuristic,,
20260731_124647-0400,20260731_124647-0400-0072,72,150,A4x4_T40_S12,12,40,Greedy-Density-Operational,0.3881938713655441,0.5488721804511278,0.5477707006369428,20.0,0.5,23.0,14.0,1000.0,0.5609756097560976,0.5185185185185185,0.5714285714285714,38.5,86.0,102.0,210.6543985314128,113.16218625389213,97.49221227752066,0.0018427997424779936,0.001600624993443489,,,,0.0016008750535547733,False,,,,,,,Constructive heuristic,,
20260731_124647-0400,20260731_124647-0400-0072,72,150,A4x4_T40_S12,12,40,Greedy-Density-Cycle,0.3881938713655441,0.5488721804511278,0.5477707006369428,20.0,0.5,23.0,14.0,1000.0,0.5609756097560976,0.5185185185185185,0.5714285714285714,38.5,86.0,102.0,210.6543985314128,113.16218625389213,97.49221227752066,0.0018427997424779936,0.0015399579424411058,,,,0.00154020800255239,False,,,,,,,Constructive heuristic,,
20260731_124647-0400,20260731_124647-0400-0072,72,150,A4x4_T40_S12,12,40,HiGHS-1s,,,,,,,,,,,,,,,,,,,6.1900231670588255,6.1900231670588255,0.37374670896679163,0.0960507079726085,6.659820583998226,False,,,,76679.0,22294.0,207787.0,Time limit reached. (HiGHS Status 13: model_status is Time limit reached; primal_status is At lower/fixed bound),,1.0
20260731_124647-0400,20260731_124647-0400-0072,72,150,A4x4_T40_S12,12,40,HiGHS-5s,,,,,,,,,,,,,,,,,,,6.170318417018279,6.170318417018279,0.37374670896679163,0.0960507079726085,6.64011583395768,False,,,,76679.0,22294.0,207787.0,Time limit reached. (HiGHS Status 13: model_status is Time limit reached; primal_status is At lower/fixed bound),,5.0
20260731_124647-0400,20260731_124647-0400-0072,72,150,A4x4_T40_S12,12,40,HiGHS-15s,0.4252759111288533,0.5834586466165415,0.5681528662420383,21.0,0.525,25.0,16.0,600.0,0.6097560975609756,0.5925925925925926,0.34285714285714286,43.42857142857143,86.0,106.0,221.97546291328337,111.0918953967943,110.88356751648908,0.0019158690133917685,11.109354125102982,11.109354125102982,0.37374670896679163,0.0960507079726085,11.579151542042382,True,0.0,0.4252759111288533,0.4252759111288533,76679.0,22294.0,207787.0,Optimization terminated successfully. (HiGHS Status 7: Optimal),1.0,15.0
20260731_124647-0400,20260731_124647-0400-0072,72,150,A4x4_T40_S12,12,40,HiGHS-60s,0.4252759111288533,0.5834586466165415,0.5681528662420383,21.0,0.525,25.0,16.0,600.0,0.6097560975609756,0.5925925925925926,0.34285714285714286,43.42857142857143,86.0,106.0,221.97546291328337,111.0918953967943,110.88356751648908,0.0019158690133917685,11.323096291045658,11.323096291045658,0.37374670896679163,0.0960507079726085,11.792893707985058,True,0.0,0.4252759111288533,0.4252759111288533,76679.0,22294.0,207787.0,Optimization terminated successfully. (HiGHS Status 7: Optimal),1.0,60.0
20260731_124647-0400,20260731_124647-0400-0072,72,150,A4x4_T40_S12,12,40,HiGHS-600s,0.4252759111288533,0.5834586466165415,0.5681528662420383,21.0,0.525,25.0,16.0,600.0,0.6097560975609756,0.5925925925925926,0.34285714285714286,43.42857142857143,86.0,106.0,221.97546291328337,111.0918953967943,110.88356751648908,0.0019158690133917685,11.251290792017244,11.251290792017244,0.37374670896679163,0.0960507079726085,11.721088208956644,True,0.0,0.4252759111288533,0.4252759111288533,76679.0,22294.0,207787.0,Optimization terminated successfully. (HiGHS Status 7: Optimal),1.0,600.0
20260731_124647-0400,20260731_124647-0400-0073,73,150,A4x4_T40_S13,13,40,Greedy-Benefit,0.31845363403826643,0.48220769789397255,0.4880803011292348,18.0,0.45,23.0,9.0,1150.0,0.4791666666666667,0.45,0.5897435897435898,48.55555555555556,91.0,104.0,232.01839050766847,119.90476766503801,112.11362284263045,0.0013725361741432354,0.001967540942132473,,,,0.001967750024050474,False,,,,,,,Constructive heuristic,,
20260731_124647-0400,20260731_124647-0400-0073,73,150,A4x4_T40_S13,13,40,Greedy-Density-Operational,0.3279418038997501,0.48002904865649976,0.4780426599749061,18.0,0.45,23.0,10.0,850.0,0.4791666666666667,0.5,0.4358974358974359,45.388888888888886,90.0,114.0,251.7167160925764,126.904080645655,124.8126354469214,0.0013028209210354533,0.001614999957382679,,,,0.0016152920434251428,False,,,,,,,Constructive heuristic,,
20260731_124647-0400,20260731_124647-0400-0073,73,150,A4x4_T40_S13,13,40,Greedy-Density-Cycle,0.3279418038997501,0.48002904865649976,0.4780426599749061,18.0,0.45,23.0,10.0,850.0,0.4791666666666667,0.5,0.4358974358974359,45.388888888888886,90.0,114.0,251.7167160925764,126.904080645655,124.8126354469214,0.0013028209210354533,0.0016180839156731963,,,,0.0016183749539777637,False,,,,,,,Constructive heuristic,,
20260731_124647-0400,20260731_124647-0400-0073,73,150,A4x4_T40_S13,13,40,HiGHS-1s,,,,,,,,,,,,,,,,,,,5.984828207991086,5.984828207991086,0.3749382089590654,0.09406470798421651,6.453831124934368,False,,,,73766.0,24157.0,197185.0,Time limit reached. (HiGHS Status 13: model_status is Time limit reached; primal_status is At lower/fixed bound),,1.0
20260731_124647-0400,20260731_124647-0400-0073,73,150,A4x4_T40_S13,13,40,HiGHS-5s,,,,,,,,,,,,,,,,,,,5.791077250032686,5.791077250032686,0.3749382089590654,0.09406470798421651,6.260080166975968,False,,,,73766.0,24157.0,197185.0,Time limit reached. (HiGHS Status 13: model_status is Time limit reached; primal_status is At lower/fixed bound),,5.0
20260731_124647-0400,20260731_124647-0400-0073,73,150,A4x4_T40_S13,13,40,HiGHS-15s,0.3726547894655538,0.5257806826434278,0.5257214554579676,19.0,0.475,26.0,9.0,1150.0,0.5416666666666666,0.45,0.5897435897435898,47.26315789473684,96.0,109.0,251.07954783187148,126.0411284908062,125.03841934106528,0.0014842100548750862,9.878530999994837,9.878530999994837,0.3749382089590654,0.09406470798421651,10.347533916938119,True,0.0,0.37265478946555375,0.37265478946555375,73766.0,24157.0,197185.0,Optimization terminated successfully. (HiGHS Status 7: Optimal),1.0,15.0
20260731_124647-0400,20260731_124647-0400-0073,73,150,A4x4_T40_S13,13,40,HiGHS-60s,0.3726547894655538,0.5257806826434278,0.5257214554579676,19.0,0.475,26.0,9.0,1150.0,0.5416666666666666,0.45,0.5897435897435898,47.26315789473684,96.0,109.0,251.07954783187148,126.0411284908062,125.03841934106528,0.0014842100548750862,10.021103209001012,10.021103209001012,0.3749382089590654,0.09406470798421651,10.490106125944294,True,0.0,0.37265478946555375,0.37265478946555375,73766.0,24157.0,197185.0,Optimization terminated successfully. (HiGHS Status 7: Optimal),1.0,60.0
20260731_124647-0400,20260731_124647-0400-0073,73,150,A4x4_T40_S13,13,40,HiGHS-600s,0.3726547894655538,0.5257806826434278,0.5257214554579676,19.0,0.475,26.0,9.0,1150.0,0.5416666666666666,0.45,0.5897435897435898,47.26315789473684,96.0,109.0,251.07954783187148,126.0411284908062,125.03841934106528,0.0014842100548750862,9.82158566697035,9.82158566697035,0.3749382089590654,0.09406470798421651,10.290588583913632,True,0.0,0.37265478946555375,0.37265478946555375,73766.0,24157.0,197185.0,Optimization terminated successfully. (HiGHS Status 7: Optimal),1.0,600.0
20260731_124647-0400,20260731_124647-0400-0074,74,150,A4x4_T40_S14,14,40,Greedy-Benefit,0.33519410619538714,0.49117174959871607,0.49246231155778897,20.0,0.5,15.0,14.0,1700.0,0.5769230769230769,0.3684210526315789,0.6538461538461539,43.8,92.0,107.0,210.74771206575352,114.0921179983821,96.65559406737144,0.0015904993838832576,0.001843875041231513,,,,0.0018441660795360804,False,,,,,,,Constructive heuristic,,
20260731_124647-0400,20260731_124647-0400-0074,74,150,A4x4_T40_S14,14,40,Greedy-Density-Operational,0.3419027707454778,0.45906902086677376,0.4798994974874373,20.0,0.5,10.0,18.0,1700.0,0.38461538461538464,0.47368421052631576,0.6538461538461539,39.65,92.0,104.0,191.31586093132356,99.20750294114961,92.10835799017391,0.0017871114767019252,0.0017038750229403377,,,,0.0017041659448295832,False,,,,,,,Constructive heuristic,,
20260731_124647-0400,20260731_124647-0400-0074,74,150,A4x4_T40_S14,14,40,Greedy-Density-Cycle,0.3419027707454778,0.45906902086677376,0.4798994974874373,20.0,0.5,10.0,18.0,1700.0,0.38461538461538464,0.47368421052631576,0.6538461538461539,39.65,92.0,104.0,191.31586093132356,99.20750294114961,92.10835799017391,0.0017871114767019252,0.0015660000499337912,,,,0.001566207967698574,False,,,,,,,Constructive heuristic,,
20260731_124647-0400,20260731_124647-0400-0074,74,150,A4x4_T40_S14,14,40,HiGHS-1s,,,,,,,,,,,,,,,,,,,6.144315083045512,6.144315083045512,0.5555799999274313,0.131614416022785,6.831509498995729,False,,,,119550.0,31830.0,326864.0,Time limit reached. (HiGHS Status 13: model_status is Time limit reached; primal_status is At lower/fixed bound),,1.0
20260731_124647-0400,20260731_124647-0400-0074,74,150,A4x4_T40_S14,14,40,HiGHS-5s,,,,,,,,,,,,,,,,,,,6.12326274998486,6.12326274998486,0.5555799999274313,0.131614416022785,6.810457165935077,False,,,,119550.0,31830.0,326864.0,Time limit reached. (HiGHS Status 13: model_status is Time limit reached; primal_status is At lower/fixed bound),,5.0
20260731_124647-0400,20260731_124647-0400-0074,74,150,A4x4_T40_S14,14,40,HiGHS-15s,,,,,,,,,,,,,,,,,,,15.121079667005688,15.121079667005688,0.5555799999274313,0.131614416022785,15.808274082955904,False,,,,119550.0,31830.0,326864.0,Time limit reached. (HiGHS Status 13: model_status is Time limit reached; primal_status is At lower/fixed bound),,15.0
20260731_124647-0400,20260731_124647-0400-0074,74,150,A4x4_T40_S14,14,40,HiGHS-60s,0.3937159402328322,0.5674157303370788,0.5804020100502514,22.0,0.55,13.0,23.0,1700.0,0.5,0.6052631578947368,0.6538461538461539,46.04545454545455,96.0,109.0,203.38836270894254,108.6619908892931,94.72637181964937,0.0019357840094138355,26.156818874995224,26.156818874995224,0.5555799999274313,0.131614416022785,26.84401329094544,True,0.0,0.3937159402328322,0.3937159402328322,119550.0,31830.0,326864.0,Optimization terminated successfully. (HiGHS Status 7: Optimal),1.0,60.0
20260731_124647-0400,20260731_124647-0400-0074,74,150,A4x4_T40_S14,14,40,HiGHS-600s,0.3937159402328322,0.5674157303370788,0.5804020100502514,22.0,0.55,13.0,23.0,1700.0,0.5,0.6052631578947368,0.6538461538461539,46.04545454545455,96.0,109.0,203.38836270894254,108.6619908892931,94.72637181964937,0.0019357840094138355,26.42334970808588,26.42334970808588,0.5555799999274313,0.131614416022785,27.110544124036096,True,0.0,0.3937159402328322,0.3937159402328322,119550.0,31830.0,326864.0,Optimization terminated successfully. (HiGHS Status 7: Optimal),1.0,600.0
20260731_124647-0400,20260731_124647-0400-0075,75,150,A4x4_T40_S15,15,40,Greedy-Benefit,0.27004156360496306,0.4048493754592212,0.41687344913151336,15.0,0.375,16.0,11.0,1100.0,0.43243243243243246,0.2972972972972973,1.0,40.46666666666667,79.0,90.0,227.15358361539404,113.889912822344,113.26367079305007,0.0011888060901657838,0.0019017918966710567,,,,0.0019021249609068036,False,,,,,,,Constructive heuristic,,
20260731_124647-0400,20260731_124647-0400-0075,75,150,A4x4_T40_S15,15,40,Greedy-Density-Operational,0.27360330115217063,0.41219691403379866,0.42928039702233234,17.0,0.425,15.0,13.0,1100.0,0.40540540540540543,0.35135135135135137,1.0,38.8235294117647,98.0,114.0,221.7426640295078,110.97085957774839,110.77180445175941,0.0012338775776400052,0.001698708045296371,,,,0.0016989579889923334,False,,,,,,,Constructive heuristic,,
20260731_124647-0400,20260731_124647-0400-0075,75,150,A4x4_T40_S15,15,40,Greedy-Density-Cycle,0.27360330115217063,0.41219691403379866,0.42928039702233234,17.0,0.425,15.0,13.0,1100.0,0.40540540540540543,0.35135135135135137,1.0,38.8235294117647,98.0,114.0,221.7426640295078,110.97085957774839,110.77180445175941,0.0012338775776400052,0.0015210830606520176,,,,0.00152133300434798,False,,,,,,,Constructive heuristic,,
20260731_124647-0400,20260731_124647-0400-0075,75,150,A4x4_T40_S15,15,40,HiGHS-1s,,,,,,,,,,,,,,,,,,,1.2320815419079736,1.2320815419079736,0.1597484580706805,0.017518708016723394,1.4093487079953775,False,,,,22450.0,9374.0,58020.0,Time limit reached. (HiGHS Status 13: model_status is Time limit reached; primal_status is At lower/fixed bound),,1.0
20260731_124647-0400,20260731_124647-0400-0075,75,150,A4x4_T40_S15,15,40,HiGHS-5s,0.3503846717064933,0.5260837619397501,0.5099255583126547,19.0,0.475,22.0,17.0,350.0,0.5945945945945946,0.4594594594594595,0.3181818181818182,43.10526315789474,94.0,109.0,223.13003528215356,111.77372817616056,111.35630710599298,0.0015703160323684037,1.6048433339456096,1.6048433339456096,0.1597484580706805,0.017518708016723394,1.7821105000330135,True,0.0,0.3503846717064933,0.3503846717064933,22450.0,9374.0,58020.0,Optimization terminated successfully. (HiGHS Status 7: Optimal),1.0,5.0
20260731_124647-0400,20260731_124647-0400-0075,75,150,A4x4_T40_S15,15,40,HiGHS-15s,0.3503846717064933,0.5260837619397501,0.5099255583126547,19.0,0.475,22.0,17.0,350.0,0.5945945945945946,0.4594594594594595,0.3181818181818182,43.10526315789474,94.0,109.0,223.13003528215356,111.77372817616056,111.35630710599298,0.0015703160323684037,1.5922374170040712,1.5922374170040712,0.1597484580706805,0.017518708016723394,1.769504583091475,True,0.0,0.3503846717064933,0.3503846717064933,22450.0,9374.0,58020.0,Optimization terminated successfully. (HiGHS Status 7: Optimal),1.0,15.0
20260731_124647-0400,20260731_124647-0400-0075,75,150,A4x4_T40_S15,15,40,HiGHS-60s,0.3503846717064933,0.5260837619397501,0.5099255583126547,19.0,0.475,22.0,17.0,350.0,0.5945945945945946,0.4594594594594595,0.3181818181818182,43.10526315789474,94.0,109.0,223.13003528215356,111.77372817616056,111.35630710599298,0.0015703160323684037,1.6100123750511557,1.6100123750511557,0.1597484580706805,0.017518708016723394,1.7872795411385596,True,0.0,0.3503846717064933,0.3503846717064933,22450.0,9374.0,58020.0,Optimization terminated successfully. (HiGHS Status 7: Optimal),1.0,60.0
20260731_124647-0400,20260731_124647-0400-0075,75,150,A4x4_T40_S15,15,40,HiGHS-600s,0.3503846717064933,0.5260837619397501,0.5099255583126547,19.0,0.475,22.0,17.0,350.0,0.5945945945945946,0.4594594594594595,0.3181818181818182,43.10526315789474,94.0,109.0,223.13003528215356,111.77372817616056,111.35630710599298,0.0015703160323684037,1.6011076669674367,1.6011076669674367,0.1597484580706805,0.017518708016723394,1.7783748330548406,True,0.0,0.3503846717064933,0.3503846717064933,22450.0,9374.0,58020.0,Optimization terminated successfully. (HiGHS Status 7: Optimal),1.0,600.0
20260731_124647-0400,20260731_124647-0400-0076,76,150,A4x4_T40_S16,16,40,Greedy-Benefit,0.2449145227002653,0.3539156626506023,0.356280193236715,15.0,0.375,13.0,9.0,1250.0,0.325,0.45,0.32894736842105265,45.46666666666667,87.0,94.0,237.79289264276636,135.6669561526316,102.12593649013476,0.0010299488768497286,0.0017588339978829026,,,,0.00175912503618747,False,,,,,,,Constructive heuristic,,
20260731_124647-0400,20260731_124647-0400-0076,76,150,A4x4_T40_S16,16,40,Greedy-Density-Operational,0.2939557153989878,0.45707831325301196,0.4371980676328502,18.0,0.45,20.0,9.0,1200.0,0.5,0.45,0.3157894736842105,44.888888888888886,95.0,115.0,277.4345545767097,145.91000111358585,131.52455346312377,0.001059549758852083,0.0016847500810399652,,,,0.001684917020611465,False,,,,,,,Constructive heuristic,,
20260731_124647-0400,20260731_124647-0400-0076,76,150,A4x4_T40_S16,16,40,Greedy-Density-Cycle,0.2939557153989878,0.45707831325301196,0.4371980676328502,18.0,0.45,20.0,9.0,1200.0,0.5,0.45,0.3157894736842105,44.888888888888886,95.0,115.0,277.4345545767097,145.91000111358585,131.52455346312377,0.001059549758852083,0.0015874169766902924,,,,0.001587584032677114,False,,,,,,,Constructive heuristic,,
20260731_124647-0400,20260731_124647-0400-0076,76,150,A4x4_T40_S16,16,40,HiGHS-1s,,,,,,,,,,,,,,,,,,,5.337318249978125,5.337318249978125,0.2666378339054063,0.04415675008203834,5.64811283396557,False,,,,57058.0,20107.0,151111.0,Time limit reached. (HiGHS Status 13: model_status is Time limit reached; primal_status is At lower/fixed bound),,1.0
20260731_124647-0400,20260731_124647-0400-0076,76,150,A4x4_T40_S16,16,40,HiGHS-5s,,,,,,,,,,,,,,,,,,,5.232771374983713,5.232771374983713,0.2666378339054063,0.04415675008203834,5.543565958971158,False,,,,57058.0,20107.0,151111.0,Time limit reached. (HiGHS Status 13: model_status is Time limit reached; primal_status is At lower/fixed bound),,5.0
20260731_124647-0400,20260731_124647-0400-0076,76,150,A4x4_T40_S16,16,40,HiGHS-15s,0.31417821836773685,0.46159638554216853,0.4263285024154589,16.0,0.4,20.0,12.0,550.0,0.5,0.6,0.14473684210526316,44.25,90.0,115.0,267.49606940065746,133.97157684485182,133.52449255580558,0.0011745152707165897,8.673721582978033,8.673721582978033,0.2666378339054063,0.04415675008203834,8.984516166965477,True,0.0,0.3141782183677369,0.3141782183677369,57058.0,20107.0,151111.0,Optimization terminated successfully. (HiGHS Status 7: Optimal),1.0,15.0
20260731_124647-0400,20260731_124647-0400-0076,76,150,A4x4_T40_S16,16,40,HiGHS-60s,0.31417821836773685,0.46159638554216853,0.4263285024154589,16.0,0.4,20.0,12.0,550.0,0.5,0.6,0.14473684210526316,44.25,90.0,115.0,267.49606940065746,133.97157684485182,133.52449255580558,0.0011745152707165897,8.425894125015475,8.425894125015475,0.2666378339054063,0.04415675008203834,8.73668870900292,True,0.0,0.3141782183677369,0.3141782183677369,57058.0,20107.0,151111.0,Optimization terminated successfully. (HiGHS Status 7: Optimal),1.0,60.0
20260731_124647-0400,20260731_124647-0400-0076,76,150,A4x4_T40_S16,16,40,HiGHS-600s,0.31417821836773685,0.46159638554216853,0.4263285024154589,16.0,0.4,20.0,12.0,550.0,0.5,0.6,0.14473684210526316,44.25,90.0,115.0,267.49606940065746,133.97157684485182,133.52449255580558,0.0011745152707165897,8.416502833017148,8.416502833017148,0.2666378339054063,0.04415675008203834,8.727297417004593,True,0.0,0.3141782183677369,0.3141782183677369,57058.0,20107.0,151111.0,Optimization terminated successfully. (HiGHS Status 7: Optimal),1.0,600.0
20260731_124647-0400,20260731_124647-0400-0077,77,150,A4x4_T40_S17,17,40,Greedy-Benefit,0.28195971057561553,0.4427710843373493,0.41729323308270666,16.0,0.4,21.0,9.0,550.0,0.4883720930232558,0.45,0.19642857142857142,46.9375,93.0,112.0,266.99334399657914,139.48848537033928,127.50485862623984,0.0010560552048040125,0.0019536659820005298,,,,0.001953874947503209,False,,,,,,,Constructive heuristic,,
20260731_124647-0400,20260731_124647-0400-0077,77,150,A4x4_T40_S17,17,40,Greedy-Density-Operational,0.30178313546931074,0.43674698795180716,0.4323308270676692,17.0,0.425,20.0,7.0,1250.0,0.46511627906976744,0.35,0.44642857142857145,42.1764705882353,98.0,120.0,264.9376063473831,132.7170786598914,132.22052768749174,0.0011390724768367395,0.001833583926782012,,,,0.0018338749650865793,False,,,,,,,Constructive heuristic,,
20260731_124647-0400,20260731_124647-0400-0077,77,150,A4x4_T40_S17,17,40,Greedy-Density-Cycle,0.3012491598165542,0.4728915662650602,0.47994987468671674,19.0,0.475,20.0,9.0,1550.0,0.46511627906976744,0.45,0.5535714285714286,46.73684210526316,106.0,125.0,268.8818782573823,134.68921461489094,134.1926636424913,0.0011203773261662094,0.001784791937097907,,,,0.0017849589930847287,False,,,,,,,Constructive heuristic,,
20260731_124647-0400,20260731_124647-0400-0077,77,150,A4x4_T40_S17,17,40,HiGHS-1s,,,,,,,,,,,,,,,,,,,4.480384542024694,4.480384542024694,0.22352550004143268,0.031120208092033863,4.735030250158161,False,,,,39897.0,14892.0,104843.0,Time limit reached. (HiGHS Status 13: model_status is Time limit reached; primal_status is At lower/fixed bound),,1.0
20260731_124647-0400,20260731_124647-0400-0077,77,150,A4x4_T40_S17,17,40,HiGHS-5s,0.2519098805727331,0.34713855421686746,0.3395989974937343,13.0,0.325,16.0,6.0,850.0,0.37209302325581395,0.3,0.30357142857142855,38.23076923076923,90.0,109.0,198.72196037987555,99.77657240921215,98.94538797066338,0.0012676499370838728,5.021995582967065,5.021995582967065,0.22352550004143268,0.031120208092033863,5.276641291100532,False,15.448313512617636,0.2519098805727331,4.143492692586381,39897.0,14892.0,104843.0,Time limit reached. (HiGHS Status 13: Time limit reached),0.0,5.0
20260731_124647-0400,20260731_124647-0400-0077,77,150,A4x4_T40_S17,17,40,HiGHS-15s,0.3461613010715818,0.5353915662650601,0.5150375939849624,19.0,0.475,24.0,12.0,850.0,0.5581395348837209,0.6,0.30357142857142855,47.68421052631579,104.0,126.0,273.24067834487903,136.8119467248879,136.42873161999108,0.0012668732312055811,6.282840457977727,6.282840457977727,0.22352550004143268,0.031120208092033863,6.537486166111194,True,0.0,0.3461613010715817,0.3461613010715817,39897.0,14892.0,104843.0,Optimization terminated successfully. (HiGHS Status 7: Optimal),1.0,15.0
20260731_124647-0400,20260731_124647-0400-0077,77,150,A4x4_T40_S17,17,40,HiGHS-60s,0.3461613010715818,0.5353915662650601,0.5150375939849624,19.0,0.475,24.0,12.0,850.0,0.5581395348837209,0.6,0.30357142857142855,47.68421052631579,104.0,126.0,273.24067834487903,136.8119467248879,136.42873161999108,0.0012668732312055811,6.214877540944144,6.214877540944144,0.22352550004143268,0.031120208092033863,6.469523249077611,True,0.0,0.3461613010715817,0.3461613010715817,39897.0,14892.0,104843.0,Optimization terminated successfully. (HiGHS Status 7: Optimal),1.0,60.0
20260731_124647-0400,20260731_124647-0400-0077,77,150,A4x4_T40_S17,17,40,HiGHS-600s,0.3461613010715818,0.5353915662650601,0.5150375939849624,19.0,0.475,24.0,12.0,850.0,0.5581395348837209,0.6,0.30357142857142855,47.68421052631579,104.0,126.0,273.24067834487903,136.8119467248879,136.42873161999108,0.0012668732312055811,6.343644791981205,6.343644791981205,0.22352550004143268,0.031120208092033863,6.598290500114672,True,0.0,0.3461613010715817,0.3461613010715817,39897.0,14892.0,104843.0,Optimization terminated successfully. (HiGHS Status 7: Optimal),1.0,600.0
20260731_124647-0400,20260731_124647-0400-0078,78,150,A4x4_T40_S18,18,40,Greedy-Benefit,0.3040063319244988,0.47270007479431564,0.4553243574051407,18.0,0.45,22.0,8.0,1200.0,0.5945945945945946,0.26666666666666666,0.4897959183673469,46.888888888888886,97.0,112.0,248.71964061269364,134.3662361383553,114.35340447433833,0.0012222851849400089,0.0020636250264942646,,,,0.0020637919660657644,False,,,,,,,Constructive heuristic,,
20260731_124647-0400,20260731_124647-0400-0078,78,150,A4x4_T40_S18,18,40,Greedy-Density-Operational,0.2762978400017699,0.4472700074794317,0.4320685434516524,17.0,0.425,20.0,9.0,1050.0,0.5405405405405406,0.3,0.42857142857142855,46.8235294117647,96.0,110.0,254.3515764542654,136.06252362510494,118.28905282916041,0.0010862831827246433,0.0015383329009637237,,,,0.001538582961075008,False,,,,,,,Constructive heuristic,,
20260731_124647-0400,20260731_124647-0400-0078,78,150,A4x4_T40_S18,18,40,Greedy-Density-Cycle,0.27833640011884164,0.46821241585639495,0.4418604651162791,17.0,0.425,22.0,9.0,850.0,0.5945945945945946,0.3,0.3469387755102041,47.23529411764706,106.0,128.0,263.9409972823187,141.62514420815108,122.31585307416762,0.0010545402305240411,0.0015182499773800373,,,,0.0015185000374913216,False,,,,,,,Constructive heuristic,,
20260731_124647-0400,20260731_124647-0400-0078,78,150,A4x4_T40_S18,18,40,HiGHS-1s,,,,,,,,,,,,,,,,,,,5.2364199589937925,5.2364199589937925,0.27277212496846914,0.08161662495695055,5.590808708919212,False,,,,52616.0,16420.0,141472.0,Time limit reached. (HiGHS Status 13: model_status is Time limit reached; primal_status is At lower/fixed bound),,1.0
20260731_124647-0400,20260731_124647-0400-0078,78,150,A4x4_T40_S18,18,40,HiGHS-5s,,,,,,,,,,,,,,,,,,,5.2100808339891955,5.2100808339891955,0.27277212496846914,0.08161662495695055,5.564469583914615,False,,,,52616.0,16420.0,141472.0,Time limit reached. (HiGHS Status 13: model_status is Time limit reached; primal_status is At lower/fixed bound),,5.0
20260731_124647-0400,20260731_124647-0400-0078,78,150,A4x4_T40_S18,18,40,HiGHS-15s,0.3356726379114346,0.5123410620792821,0.48959608323133413,19.0,0.475,23.0,11.0,1000.0,0.6216216216216216,0.36666666666666664,0.40816326530612246,43.31578947368421,90.0,102.0,221.44085896978606,113.79252496897443,107.64833400081164,0.0015158568272950685,10.242362083983608,10.242362083983608,0.27277212496846914,0.08161662495695055,10.596750833909027,True,0.0,0.3356726379114355,0.3356726379114355,52616.0,16420.0,141472.0,Optimization terminated successfully. (HiGHS Status 7: Optimal),1.0,15.0
20260731_124647-0400,20260731_124647-0400-0078,78,150,A4x4_T40_S18,18,40,HiGHS-60s,0.3356726379114346,0.5123410620792821,0.48959608323133413,19.0,0.475,23.0,11.0,1000.0,0.6216216216216216,0.36666666666666664,0.40816326530612246,43.31578947368421,90.0,102.0,221.44085896978606,113.79252496897443,107.64833400081164,0.0015158568272950685,10.167081165942363,10.167081165942363,0.27277212496846914,0.08161662495695055,10.521469915867783,True,0.0,0.3356726379114355,0.3356726379114355,52616.0,16420.0,141472.0,Optimization terminated successfully. (HiGHS Status 7: Optimal),1.0,60.0
20260731_124647-0400,20260731_124647-0400-0078,78,150,A4x4_T40_S18,18,40,HiGHS-600s,0.3356726379114346,0.5123410620792821,0.48959608323133413,19.0,0.475,23.0,11.0,1000.0,0.6216216216216216,0.36666666666666664,0.40816326530612246,43.31578947368421,90.0,102.0,221.44085896978606,113.79252496897443,107.64833400081164,0.0015158568272950685,10.109546083956957,10.109546083956957,0.27277212496846914,0.08161662495695055,10.463934833882377,True,0.0,0.3356726379114355,0.3356726379114355,52616.0,16420.0,141472.0,Optimization terminated successfully. (HiGHS Status 7: Optimal),1.0,600.0
20260731_124647-0400,20260731_124647-0400-0079,79,150,A4x4_T40_S19,19,40,Greedy-Benefit,0.27062474348311405,0.4173228346456693,0.38985005767012687,15.0,0.375,20.0,9.0,800.0,0.5,0.34615384615384615,0.2318840579710145,46.2,88.0,102.0,249.68611107849577,125.46904982983644,124.21706124865935,0.00108385982029267,0.0018018749542534351,,,,0.0018021659925580025,False,,,,,,,Constructive heuristic,,
20260731_124647-0400,20260731_124647-0400-0079,79,150,A4x4_T40_S19,19,40,Greedy-Density-Operational,0.272046560014723,0.45740873299928425,0.42560553633217985,17.0,0.425,21.0,12.0,650.0,0.525,0.46153846153846156,0.18840579710144928,47.1764705882353,95.0,107.0,270.19186412727095,135.7787554421504,134.41310868512053,0.0010068643661549277,0.0017836670158430934,,,,0.0017839999636635184,False,,,,,,,Constructive heuristic,,
20260731_124647-0400,20260731_124647-0400-0079,79,150,A4x4_T40_S19,19,40,Greedy-Density-Cycle,0.272046560014723,0.45740873299928425,0.42560553633217985,17.0,0.425,21.0,12.0,650.0,0.525,0.46153846153846156,0.18840579710144928,47.1764705882353,95.0,107.0,270.19186412727095,135.7787554421504,134.41310868512053,0.0010068643661549277,0.0015830829506739974,,,,0.001583250006660819,False,,,,,,,Constructive heuristic,,
20260731_124647-0400,20260731_124647-0400-0079,79,150,A4x4_T40_S19,19,40,HiGHS-1s,,,,,,,,,,,,,,,,,,,2.732649500016123,2.732649500016123,0.12009258393663913,0.021769750048406422,2.8745118340011686,False,,,,27755.0,10915.0,72394.0,Time limit reached. (HiGHS Status 13: model_status is Time limit reached; primal_status is At lower/fixed bound),,1.0
20260731_124647-0400,20260731_124647-0400-0079,79,150,A4x4_T40_S19,19,40,HiGHS-5s,0.3428910627584604,0.5297065139584826,0.4844290657439446,17.0,0.425,25.0,14.0,500.0,0.625,0.5384615384615384,0.14492753623188406,45.35294117647059,93.0,113.0,241.93392181856274,121.17567144436515,120.75825037419756,0.0014172922101250852,3.0898712089983746,3.0898712089983746,0.12009258393663913,0.021769750048406422,3.23173354298342,True,0.0,0.3428910627584604,0.3428910627584604,27755.0,10915.0,72394.0,Optimization terminated successfully. (HiGHS Status 7: Optimal),1.0,5.0
20260731_124647-0400,20260731_124647-0400-0079,79,150,A4x4_T40_S19,19,40,HiGHS-15s,0.3428910627584604,0.5297065139584826,0.4844290657439446,17.0,0.425,25.0,14.0,500.0,0.625,0.5384615384615384,0.14492753623188406,45.35294117647059,93.0,113.0,241.93392181856274,121.17567144436515,120.75825037419756,0.0014172922101250852,2.9208319999743253,2.9208319999743253,0.12009258393663913,0.021769750048406422,3.062694333959371,True,0.0,0.3428910627584604,0.3428910627584604,27755.0,10915.0,72394.0,Optimization terminated successfully. (HiGHS Status 7: Optimal),1.0,15.0
20260731_124647-0400,20260731_124647-0400-0079,79,150,A4x4_T40_S19,19,40,HiGHS-60s,0.3428910627584604,0.5297065139584826,0.4844290657439446,17.0,0.425,25.0,14.0,500.0,0.625,0.5384615384615384,0.14492753623188406,45.35294117647059,93.0,113.0,241.93392181856274,121.17567144436515,120.75825037419756,0.0014172922101250852,3.0839590000687167,3.0839590000687167,0.12009258393663913,0.021769750048406422,3.2258213340537623,True,0.0,0.3428910627584604,0.3428910627584604,27755.0,10915.0,72394.0,Optimization terminated successfully. (HiGHS Status 7: Optimal),1.0,60.0
20260731_124647-0400,20260731_124647-0400-0079,79,150,A4x4_T40_S19,19,40,HiGHS-600s,0.3428910627584604,0.5297065139584826,0.4844290657439446,17.0,0.425,25.0,14.0,500.0,0.625,0.5384615384615384,0.14492753623188406,45.35294117647059,93.0,113.0,241.93392181856274,121.17567144436515,120.75825037419756,0.0014172922101250852,2.977440291084349,2.977440291084349,0.12009258393663913,0.021769750048406422,3.1193026250693947,True,0.0,0.3428910627584604,0.3428910627584604,27755.0,10915.0,72394.0,Optimization terminated successfully. (HiGHS Status 7: Optimal),1.0,600.0
20260731_124647-0400,20260731_124647-0400-0080,80,150,A4x4_T40_S20,20,40,Greedy-Benefit,0.29244470384836235,0.5055928411633109,0.47842170160295916,17.0,0.425,24.0,10.0,800.0,0.5333333333333333,0.625,0.23880597014925373,49.94117647058823,95.0,115.0,271.747562643227,137.04942175784757,134.69814088537936,0.001076163116253257,0.0018696669721975923,,,,0.0018699169158935547,False,,,,,,,Constructive heuristic,,
20260731_124647-0400,20260731_124647-0400-0080,80,150,A4x4_T40_S20,20,40,Greedy-Density-Operational,0.2796536731739741,0.5055928411633109,0.50308261405672,17.0,0.425,24.0,6.0,1800.0,0.5333333333333333,0.375,0.5373134328358209,44.76470588235294,96.0,115.0,269.06722947826347,134.60934223271448,134.45788724554896,0.0010393449760353142,0.001687041949480772,,,,0.0016873340355232358,False,,,,,,,Constructive heuristic,,
20260731_124647-0400,20260731_124647-0400-0080,80,150,A4x4_T40_S20,20,40,Greedy-Density-Cycle,0.2800846734221661,0.5055928411633109,0.50308261405672,17.0,0.425,24.0,6.0,1800.0,0.5333333333333333,0.375,0.5373134328358209,44.8235294117647,96.0,115.0,262.4686394349534,131.31004721105947,131.15859222389392,0.0010671167192588676,0.001688583055511117,,,,0.001688875025138259,False,,,,,,,Constructive heuristic,,
20260731_124647-0400,20260731_124647-0400-0080,80,150,A4x4_T40_S20,20,40,HiGHS-1s,,,,,,,,,,,,,,,,,,,3.3859421249944717,3.3859421249944717,0.25321587501093745,0.07243695796933025,3.7115949579747394,False,,,,45157.0,16638.0,118877.0,Time limit reached. (HiGHS Status 13: model_status is Time limit reached; primal_status is At lower/fixed bound),,1.0
20260731_124647-0400,20260731_124647-0400-0080,80,150,A4x4_T40_S20,20,40,HiGHS-5s,0.35494743919018884,0.529455630126771,0.49321824907521555,17.0,0.425,25.0,12.0,500.0,0.5555555555555556,0.75,0.14925373134328357,39.64705882352941,75.0,93.0,221.67333344294184,111.05877329056527,110.61456015237654,0.0016012184852245723,4.635094415978529,4.635094415978529,0.25321587501093745,0.07243695796933025,4.960747248958796,True,0.0,0.35494743919018884,0.35494743919018884,45157.0,16638.0,118877.0,Optimization terminated successfully. (HiGHS Status 7: Optimal),1.0,5.0
20260731_124647-0400,20260731_124647-0400-0080,80,150,A4x4_T40_S20,20,40,HiGHS-15s,0.35494743919018884,0.529455630126771,0.49321824907521555,17.0,0.425,25.0,12.0,500.0,0.5555555555555556,0.75,0.14925373134328357,39.64705882352941,75.0,93.0,221.67333344294184,111.05877329056527,110.61456015237654,0.0016012184852245723,4.439694667002186,4.439694667002186,0.25321587501093745,0.07243695796933025,4.765347499982454,True,0.0,0.35494743919018884,0.35494743919018884,45157.0,16638.0,118877.0,Optimization terminated successfully. (HiGHS Status 7: Optimal),1.0,15.0
20260731_124647-0400,20260731_124647-0400-0080,80,150,A4x4_T40_S20,20,40,HiGHS-60s,0.35494743919018884,0.529455630126771,0.49321824907521555,17.0,0.425,25.0,12.0,500.0,0.5555555555555556,0.75,0.14925373134328357,39.64705882352941,75.0,93.0,221.67333344294184,111.05877329056527,110.61456015237654,0.0016012184852245723,4.52761200000532,4.52761200000532,0.25321587501093745,0.07243695796933025,4.853264832985587,True,0.0,0.35494743919018884,0.35494743919018884,45157.0,16638.0,118877.0,Optimization terminated successfully. (HiGHS Status 7: Optimal),1.0,60.0
20260731_124647-0400,20260731_124647-0400-0080,80,150,A4x4_T40_S20,20,40,HiGHS-600s,0.35494743919018884,0.529455630126771,0.49321824907521555,17.0,0.425,25.0,12.0,500.0,0.5555555555555556,0.75,0.14925373134328357,39.64705882352941,75.0,93.0,221.67333344294184,111.05877329056527,110.61456015237654,0.0016012184852245723,4.429638666915707,4.429638666915707,0.25321587501093745,0.07243695796933025,4.755291499895975,True,0.0,0.35494743919018884,0.35494743919018884,45157.0,16638.0,118877.0,Optimization terminated successfully. (HiGHS Status 7: Optimal),1.0,600.0
20260731_124647-0400,20260731_124647-0400-0081,81,150,A4x4_T40_S21,21,40,Greedy-Benefit,0.3303186707527839,0.441255605381166,0.44864864864864873,16.0,0.4,9.0,14.0,1700.0,0.36,0.56,0.425,36.5625,72.0,87.0,198.60314614158594,99.6679272122086,98.93521892937737,0.0016632096579038925,0.0018796250224113464,,,,0.0018797910306602716,False,,,,,,,Constructive heuristic,,
20260731_124647-0400,20260731_124647-0400-0081,81,150,A4x4_T40_S21,21,40,Greedy-Density-Operational,0.3350249549846076,0.47085201793721976,0.4662162162162163,18.0,0.45,12.0,12.0,1750.0,0.48,0.48,0.4375,39.333333333333336,78.0,93.0,221.7973811482903,111.52129650725736,110.27608464103292,0.001510500048513265,0.0016456670127809048,,,,0.0016458750469610095,False,,,,,,,Constructive heuristic,,
20260731_124647-0400,20260731_124647-0400-0081,81,150,A4x4_T40_S21,21,40,Greedy-Density-Cycle,0.3350249549846076,0.47085201793721976,0.4662162162162163,18.0,0.45,12.0,12.0,1750.0,0.48,0.48,0.4375,39.333333333333336,78.0,93.0,221.7973811482903,111.52129650725736,110.27608464103292,0.001510500048513265,0.0017398330383002758,,,,0.0017400829819962382,False,,,,,,,Constructive heuristic,,
20260731_124647-0400,20260731_124647-0400-0081,81,150,A4x4_T40_S21,21,40,HiGHS-1s,,,,,,,,,,,,,,,,,,,5.3195232501020655,5.3195232501020655,0.2951616250211373,0.045434791943989694,5.6601196670671925,False,,,,56878.0,20193.0,150485.0,Time limit reached. (HiGHS Status 13: model_status is Time limit reached; primal_status is At lower/fixed bound),,1.0
20260731_124647-0400,20260731_124647-0400-0081,81,150,A4x4_T40_S21,21,40,HiGHS-5s,,,,,,,,,,,,,,,,,,,5.203028041985817,5.203028041985817,0.2951616250211373,0.045434791943989694,5.543624458950944,False,,,,56878.0,20193.0,150485.0,Time limit reached. (HiGHS Status 13: model_status is Time limit reached; primal_status is At lower/fixed bound),,5.0
20260731_124647-0400,20260731_124647-0400-0081,81,150,A4x4_T40_S21,21,40,HiGHS-15s,0.39618033595683183,0.5040358744394619,0.4824324324324325,17.0,0.425,14.0,13.0,1450.0,0.56,0.52,0.3625,40.470588235294116,78.0,93.0,212.47434870334996,107.39515155012822,105.07919715322174,0.0018646031315053772,6.7858466249890625,6.7858466249890625,0.2951616250211373,0.045434791943989694,7.1264430419541895,True,0.0,0.3961803359568318,0.3961803359568318,56878.0,20193.0,150485.0,Optimization terminated successfully. (HiGHS Status 7: Optimal),1.0,15.0
20260731_124647-0400,20260731_124647-0400-0081,81,150,A4x4_T40_S21,21,40,HiGHS-60s,0.39618033595683183,0.5040358744394619,0.4824324324324325,17.0,0.425,14.0,13.0,1450.0,0.56,0.52,0.3625,40.470588235294116,78.0,93.0,212.47434870334996,107.39515155012822,105.07919715322174,0.0018646031315053772,6.783463041996583,6.783463041996583,0.2951616250211373,0.045434791943989694,7.12405945896171,True,0.0,0.3961803359568318,0.3961803359568318,56878.0,20193.0,150485.0,Optimization terminated successfully. (HiGHS Status 7: Optimal),1.0,60.0
20260731_124647-0400,20260731_124647-0400-0081,81,150,A4x4_T40_S21,21,40,HiGHS-600s,0.39618033595683183,0.5040358744394619,0.4824324324324325,17.0,0.425,14.0,13.0,1450.0,0.56,0.52,0.3625,40.470588235294116,78.0,93.0,212.47434870334996,107.39515155012822,105.07919715322174,0.0018646031315053772,6.855636791093275,6.855636791093275,0.2951616250211373,0.045434791943989694,7.196233208058402,True,0.0,0.3961803359568318,0.3961803359568318,56878.0,20193.0,150485.0,Optimization terminated successfully. (HiGHS Status 7: Optimal),1.0,600.0
20260731_124647-0400,20260731_124647-0400-0082,82,150,A4x4_T40_S22,22,40,Greedy-Benefit,0.36260615527008366,0.5216400911161733,0.5465538089480049,19.0,0.475,15.0,17.0,2200.0,0.45454545454545453,0.53125,0.7457627118644068,41.89473684210526,90.0,97.0,208.7819271178168,110.57844305759915,98.20348406021762,0.0017367698453394532,0.001862957957200706,,,,0.0018632080173119903,False,,,,,,,Constructive heuristic,,
20260731_124647-0400,20260731_124647-0400-0082,82,150,A4x4_T40_S22,22,40,Greedy-Density-Operational,0.3926891550025616,0.5360668185269554,0.5453446191051995,19.0,0.475,17.0,17.0,1850.0,0.5151515151515151,0.53125,0.6271186440677966,40.26315789473684,88.0,100.0,188.34550922314168,94.17275461157084,94.17275461157084,0.002084940366363206,0.001821374986320734,,,,0.001821791986003518,False,,,,,,,Constructive heuristic,,
20260731_124647-0400,20260731_124647-0400-0082,82,150,A4x4_T40_S22,22,40,Greedy-Density-Cycle,0.3926891550025616,0.5360668185269554,0.5453446191051995,19.0,0.475,17.0,17.0,1850.0,0.5151515151515151,0.53125,0.6271186440677966,40.26315789473684,88.0,100.0,188.34550922314168,94.17275461157084,94.17275461157084,0.002084940366363206,0.0016353329410776496,,,,0.0016355830011889338,False,,,,,,,Constructive heuristic,,
20260731_124647-0400,20260731_124647-0400-0082,82,150,A4x4_T40_S22,22,40,HiGHS-1s,,,,,,,,,,,,,,,,,,,2.087666207924485,2.087666207924485,0.07719062501564622,0.08030945796053857,2.24516629090067,False,,,,18123.0,6709.0,47704.0,Time limit reached. (HiGHS Status 13: model_status is Time limit reached; primal_status is At lower/fixed bound),,1.0
20260731_124647-0400,20260731_124647-0400-0082,82,150,A4x4_T40_S22,22,40,HiGHS-5s,0.41094761284264053,0.5679574791192106,0.5840386940749698,20.0,0.5,17.0,19.0,2050.0,0.5151515151515151,0.59375,0.6949152542372882,42.35,85.0,104.0,229.46388391088107,114.73194195544053,114.73194195544053,0.0017909032386213943,2.349047249997966,2.349047249997966,0.07719062501564622,0.08030945796053857,2.5065473329741508,True,0.0,0.41094761284264053,0.41094761284264053,18123.0,6709.0,47704.0,Optimization terminated successfully. (HiGHS Status 7: Optimal),1.0,5.0
20260731_124647-0400,20260731_124647-0400-0082,82,150,A4x4_T40_S22,22,40,HiGHS-15s,0.41094761284264053,0.5679574791192106,0.5840386940749698,20.0,0.5,17.0,19.0,2050.0,0.5151515151515151,0.59375,0.6949152542372882,42.35,85.0,104.0,229.46388391088107,114.73194195544053,114.73194195544053,0.0017909032386213943,2.456842291052453,2.456842291052453,0.07719062501564622,0.08030945796053857,2.614342374028638,True,0.0,0.41094761284264053,0.41094761284264053,18123.0,6709.0,47704.0,Optimization terminated successfully. (HiGHS Status 7: Optimal),1.0,15.0
20260731_124647-0400,20260731_124647-0400-0082,82,150,A4x4_T40_S22,22,40,HiGHS-60s,0.41094761284264053,0.5679574791192106,0.5840386940749698,20.0,0.5,17.0,19.0,2050.0,0.5151515151515151,0.59375,0.6949152542372882,42.35,85.0,104.0,229.46388391088107,114.73194195544053,114.73194195544053,0.0017909032386213943,2.508110083057545,2.508110083057545,0.07719062501564622,0.08030945796053857,2.66561016603373,True,0.0,0.41094761284264053,0.41094761284264053,18123.0,6709.0,47704.0,Optimization terminated successfully. (HiGHS Status 7: Optimal),1.0,60.0
20260731_124647-0400,20260731_124647-0400-0082,82,150,A4x4_T40_S22,22,40,HiGHS-600s,0.41094761284264053,0.5679574791192106,0.5840386940749698,20.0,0.5,17.0,19.0,2050.0,0.5151515151515151,0.59375,0.6949152542372882,42.35,85.0,104.0,229.46388391088107,114.73194195544053,114.73194195544053,0.0017909032386213943,2.377573624951765,2.377573624951765,0.07719062501564622,0.08030945796053857,2.5350737079279497,True,0.0,0.41094761284264053,0.41094761284264053,18123.0,6709.0,47704.0,Optimization terminated successfully. (HiGHS Status 7: Optimal),1.0,600.0
20260731_124647-0400,20260731_124647-0400-0083,83,150,A4x4_T40_S23,23,40,Greedy-Benefit,0.2530676571445826,0.421315570358035,0.393939393939394,15.0,0.375,19.0,6.0,600.0,0.5,0.3157894736842105,0.23076923076923078,49.86666666666667,102.0,115.0,260.22440369436663,130.24176790080247,129.98263579356419,0.0009724977886463347,0.0017866669222712517,,,,0.0017869588918983936,False,,,,,,,Constructive heuristic,,
20260731_124647-0400,20260731_124647-0400-0083,83,150,A4x4_T40_S23,23,40,Greedy-Density-Operational,0.2764316446190715,0.4779350541215653,0.47382920110192844,18.0,0.45,17.0,12.0,900.0,0.4473684210526316,0.631578947368421,0.34615384615384615,39.55555555555556,93.0,115.0,228.83305454473077,114.88281485848641,113.9502396862444,0.0012080057453633145,0.0017081249970942736,,,,0.0017084170831367373,False,,,,,,,Constructive heuristic,,
20260731_124647-0400,20260731_124647-0400-0083,83,150,A4x4_T40_S23,23,40,Greedy-Density-Cycle,0.2764316446190715,0.4779350541215653,0.47382920110192844,18.0,0.45,17.0,12.0,900.0,0.4473684210526316,0.631578947368421,0.34615384615384615,39.55555555555556,93.0,115.0,228.83305454473077,114.88281485848641,113.9502396862444,0.0012080057453633145,0.0015149590326473117,,,,0.001515250070951879,False,,,,,,,Constructive heuristic,,
20260731_124647-0400,20260731_124647-0400-0083,83,150,A4x4_T40_S23,23,40,HiGHS-1s,,,,,,,,,,,,,,,,,,,3.57013575010933,3.57013575010933,0.21416670794133097,0.07893191708717495,3.8632343751378357,False,,,,50016.0,16573.0,133519.0,Time limit reached. (HiGHS Status 13: model_status is Time limit reached; primal_status is At lower/fixed bound),,1.0
20260731_124647-0400,20260731_124647-0400-0083,83,150,A4x4_T40_S23,23,40,HiGHS-5s,,,,,,,,,,,,,,,,,,,5.022466499940492,5.022466499940492,0.21416670794133097,0.07893191708717495,5.315565124968998,False,,,,50016.0,16573.0,133519.0,Time limit reached. (HiGHS Status 13: model_status is Time limit reached; primal_status is At lower/fixed bound),,5.0
20260731_124647-0400,20260731_124647-0400-0083,83,150,A4x4_T40_S23,23,40,HiGHS-15s,0.34647547531897077,0.49375520399666945,0.4724517906336088,17.0,0.425,19.0,12.0,550.0,0.5,0.631578947368421,0.21153846153846154,41.88235294117647,100.0,112.0,222.29179090049877,111.41812188050525,110.8736690199935,0.0015586516889148575,7.971208250033669,7.971208250033669,0.21416670794133097,0.07893191708717495,8.264306875062175,True,0.0,0.34647547531897077,0.34647547531897077,50016.0,16573.0,133519.0,Optimization terminated successfully. (HiGHS Status 7: Optimal),1.0,15.0
20260731_124647-0400,20260731_124647-0400-0083,83,150,A4x4_T40_S23,23,40,HiGHS-60s,0.34647547531897077,0.49375520399666945,0.4724517906336088,17.0,0.425,19.0,12.0,550.0,0.5,0.631578947368421,0.21153846153846154,41.88235294117647,100.0,112.0,222.29179090049877,111.41812188050525,110.8736690199935,0.0015586516889148575,8.248309709015302,8.248309709015302,0.21416670794133097,0.07893191708717495,8.541408334043808,True,0.0,0.34647547531897077,0.34647547531897077,50016.0,16573.0,133519.0,Optimization terminated successfully. (HiGHS Status 7: Optimal),1.0,60.0
20260731_124647-0400,20260731_124647-0400-0083,83,150,A4x4_T40_S23,23,40,HiGHS-600s,0.34647547531897077,0.49375520399666945,0.4724517906336088,17.0,0.425,19.0,12.0,550.0,0.5,0.631578947368421,0.21153846153846154,41.88235294117647,100.0,112.0,222.29179090049877,111.41812188050525,110.8736690199935,0.0015586516889148575,7.952601958997548,7.952601958997548,0.21416670794133097,0.07893191708717495,8.245700584026054,True,0.0,0.34647547531897077,0.34647547531897077,50016.0,16573.0,133519.0,Optimization terminated successfully. (HiGHS Status 7: Optimal),1.0,600.0
20260731_124647-0400,20260731_124647-0400-0084,84,150,A4x4_T40_S24,24,40,Greedy-Benefit,0.2599188319979828,0.40470588235294136,0.3909090909090908,14.0,0.35,18.0,7.0,850.0,0.42857142857142855,0.4117647058823529,0.2833333333333333,43.785714285714285,79.0,98.0,239.18263044913883,141.73034795693061,97.45228249220817,0.0010866961012591316,0.0018059170106425881,,,,0.0018061669543385506,False,,,,,,,Constructive heuristic,,
20260731_124647-0400,20260731_124647-0400-0084,84,150,A4x4_T40_S24,24,40,Greedy-Density-Operational,0.2238325567264975,0.4211764705882354,0.41818181818181815,16.0,0.4,15.0,13.0,700.0,0.35714285714285715,0.7647058823529411,0.23333333333333334,43.0,82.0,100.0,261.0320740973906,130.97438501042217,130.05768908696845,0.0008574906263932377,0.001481749932281673,,,,0.0014819999923929572,False,,,,,,,Constructive heuristic,,
20260731_124647-0400,20260731_124647-0400-0084,84,150,A4x4_T40_S24,24,40,Greedy-Density-Cycle,0.23255784573999963,0.3976470588235295,0.39870129870129867,16.0,0.4,15.0,10.0,950.0,0.35714285714285715,0.5882352941176471,0.31666666666666665,41.25,89.0,114.0,274.1568602914738,137.5498797303493,136.60698056112443,0.0008482656443203809,0.0014303750358521938,,,,0.0014306249795481563,False,,,,,,,Constructive heuristic,,
20260731_124647-0400,20260731_124647-0400-0084,84,150,A4x4_T40_S24,24,40,HiGHS-1s,,,,,,,,,,,,,,,,,,,5.477784250047989,5.477784250047989,0.35453545907512307,0.09337329200934619,5.9256930011324584,False,,,,70668.0,21669.0,190379.0,Time limit reached. (HiGHS Status 13: model_status is Time limit reached; primal_status is At lower/fixed bound),,1.0
20260731_124647-0400,20260731_124647-0400-0084,84,150,A4x4_T40_S24,24,40,HiGHS-5s,,,,,,,,,,,,,,,,,,,5.511646166909486,5.511646166909486,0.35453545907512307,0.09337329200934619,5.959554917993955,False,,,,70668.0,21669.0,190379.0,Time limit reached. (HiGHS Status 13: model_status is Time limit reached; primal_status is At lower/fixed bound),,5.0
20260731_124647-0400,20260731_124647-0400-0084,84,150,A4x4_T40_S24,24,40,HiGHS-15s,0.30420817113805865,0.4666666666666669,0.461038961038961,16.0,0.4,20.0,8.0,1250.0,0.47619047619047616,0.47058823529411764,0.4166666666666667,43.8125,87.0,102.0,220.0148148847756,111.34246439048266,108.67235049429296,0.0013826713046454445,9.442225374979898,9.442225374979898,0.35453545907512307,0.09337329200934619,9.890134126064368,True,0.0,0.3042081711380586,0.3042081711380586,70668.0,21669.0,190379.0,Optimization terminated successfully. (HiGHS Status 7: Optimal),1.0,15.0
20260731_124647-0400,20260731_124647-0400-0084,84,150,A4x4_T40_S24,24,40,HiGHS-60s,0.30420817113805865,0.4666666666666669,0.461038961038961,16.0,0.4,20.0,8.0,1250.0,0.47619047619047616,0.47058823529411764,0.4166666666666667,43.8125,87.0,102.0,220.0148148847756,111.34246439048266,108.67235049429296,0.0013826713046454445,9.2699271250749,9.2699271250749,0.35453545907512307,0.09337329200934619,9.71783587615937,True,0.0,0.3042081711380586,0.3042081711380586,70668.0,21669.0,190379.0,Optimization terminated successfully. (HiGHS Status 7: Optimal),1.0,60.0
20260731_124647-0400,20260731_124647-0400-0084,84,150,A4x4_T40_S24,24,40,HiGHS-600s,0.30420817113805865,0.4666666666666669,0.461038961038961,16.0,0.4,20.0,8.0,1250.0,0.47619047619047616,0.47058823529411764,0.4166666666666667,43.8125,87.0,102.0,220.0148148847756,111.34246439048266,108.67235049429296,0.0013826713046454445,9.228987250011414,9.228987250011414,0.35453545907512307,0.09337329200934619,9.676896001095884,True,0.0,0.3042081711380586,0.3042081711380586,70668.0,21669.0,190379.0,Optimization terminated successfully. (HiGHS Status 7: Optimal),1.0,600.0
20260731_124647-0400,20260731_124647-0400-0085,85,150,A4x4_T40_S25,25,40,Greedy-Benefit,0.3496540159818412,0.5223529411764705,0.49171974522293005,18.0,0.45,24.0,8.0,1100.0,0.6153846153846154,0.4,0.3384615384615385,47.333333333333336,84.0,96.0,224.066403927701,124.6755794395328,99.39082448816819,0.0015604928264688145,0.0021465830504894257,,,,0.0021469159983098507,False,,,,,,,Constructive heuristic,,
20260731_124647-0400,20260731_124647-0400-0085,85,150,A4x4_T40_S25,25,40,Greedy-Density-Operational,0.3537228190338191,0.5333333333333334,0.496815286624204,20.0,0.5,25.0,8.0,1000.0,0.6410256410256411,0.4,0.3076923076923077,45.55,97.0,110.0,227.10674353125543,125.20664618018736,101.90009735106803,0.0015575179034044762,0.0017951669869944453,,,,0.0017954169306904078,False,,,,,,,Constructive heuristic,,
20260731_124647-0400,20260731_124647-0400-0085,85,150,A4x4_T40_S25,25,40,Greedy-Density-Cycle,0.3537228190338191,0.5333333333333334,0.496815286624204,20.0,0.5,25.0,8.0,1000.0,0.6410256410256411,0.4,0.3076923076923077,45.55,97.0,110.0,227.10674353125543,125.20664618018736,101.90009735106803,0.0015575179034044762,0.0017430000007152557,,,,0.0017432499444112182,False,,,,,,,Constructive heuristic,,
20260731_124647-0400,20260731_124647-0400-0085,85,150,A4x4_T40_S25,25,40,HiGHS-1s,,,,,,,,,,,,,,,,,,,6.533211124944501,6.533211124944501,0.31574341701343656,0.0494965830584988,6.898451125016436,False,,,,62492.0,21573.0,165947.0,Time limit reached. (HiGHS Status 13: model_status is Time limit reached; primal_status is At lower/fixed bound),,1.0
20260731_124647-0400,20260731_124647-0400-0085,85,150,A4x4_T40_S25,25,40,HiGHS-5s,,,,,,,,,,,,,,,,,,,6.236816417076625,6.236816417076625,0.31574341701343656,0.0494965830584988,6.60205641714856,False,,,,62492.0,21573.0,165947.0,Time limit reached. (HiGHS Status 13: model_status is Time limit reached; primal_status is At lower/fixed bound),,5.0
20260731_124647-0400,20260731_124647-0400-0085,85,150,A4x4_T40_S25,25,40,HiGHS-15s,0.36372135561872426,0.5027450980392157,0.4535031847133759,16.0,0.4,25.0,7.0,600.0,0.6410256410256411,0.35,0.18461538461538463,45.8125,93.0,112.0,238.68914484217586,124.97860787454691,113.71053696762894,0.0015238286427278508,15.657801166991703,15.657801166991703,0.31574341701343656,0.0494965830584988,16.02304116706364,False,0.07762190880738157,0.36372135561872426,0.3919541015158581,62492.0,21573.0,165947.0,Time limit reached. (HiGHS Status 13: Time limit reached),0.0,15.0
20260731_124647-0400,20260731_124647-0400-0085,85,150,A4x4_T40_S25,25,40,HiGHS-60s,0.3919205004182308,0.5372549019607843,0.4904458598726117,19.0,0.475,26.0,8.0,750.0,0.6666666666666666,0.4,0.23076923076923078,49.473684210526315,96.0,108.0,252.48425482365596,126.72512214977708,125.75913267387888,0.0015522571920057434,16.882582750055008,16.882582750055008,0.31574341701343656,0.0494965830584988,17.247822750126943,True,0.0,0.3919205004182308,0.3919205004182308,62492.0,21573.0,165947.0,Optimization terminated successfully. (HiGHS Status 7: Optimal),0.0,60.0
20260731_124647-0400,20260731_124647-0400-0085,85,150,A4x4_T40_S25,25,40,HiGHS-600s,0.3919205004182308,0.5372549019607843,0.4904458598726117,19.0,0.475,26.0,8.0,750.0,0.6666666666666666,0.4,0.23076923076923078,49.473684210526315,96.0,108.0,252.48425482365596,126.72512214977708,125.75913267387888,0.0015522571920057434,16.95699554204475,16.95699554204475,0.31574341701343656,0.0494965830584988,17.322235542116687,True,0.0,0.3919205004182308,0.3919205004182308,62492.0,21573.0,165947.0,Optimization terminated successfully. (HiGHS Status 7: Optimal),0.0,600.0
20260731_124647-0400,20260731_124647-0400-0086,86,150,A4x4_T40_S26,26,40,Greedy-Benefit,0.38070575997437117,0.5226641998149864,0.4957507082152976,18.0,0.45,17.0,9.0,1500.0,0.6538461538461539,0.391304347826087,0.4166666666666667,38.55555555555556,76.0,86.0,175.60344585750153,96.50983681915761,79.0936090383439,0.0021679857027595336,0.0026491249445825815,,,,0.0026494578924030066,False,,,,,,,Constructive heuristic,,
20260731_124647-0400,20260731_124647-0400-0086,86,150,A4x4_T40_S26,26,40,Greedy-Density-Operational,0.3718094586440327,0.5069380203515265,0.4858356940509915,19.0,0.475,16.0,9.0,1550.0,0.6153846153846154,0.391304347826087,0.4305555555555556,35.63157894736842,76.0,83.0,165.75877890379837,87.46376557170439,78.29501333209399,0.0022430755167412294,0.0016000419855117798,,,,0.0016002919292077422,False,,,,,,,Constructive heuristic,,
20260731_124647-0400,20260731_124647-0400-0086,86,150,A4x4_T40_S26,26,40,Greedy-Density-Cycle,0.3718094586440327,0.5069380203515265,0.4858356940509915,19.0,0.475,16.0,9.0,1550.0,0.6153846153846154,0.391304347826087,0.4305555555555556,35.63157894736842,76.0,83.0,165.75877890379837,87.46376557170439,78.29501333209399,0.0022430755167412294,0.001539875054731965,,,,0.0015401660930365324,False,,,,,,,Constructive heuristic,,
20260731_124647-0400,20260731_124647-0400-0086,86,150,A4x4_T40_S26,26,40,HiGHS-1s,,,,,,,,,,,,,,,,,,,5.190220416057855,5.190220416057855,0.29230337496846914,0.0803741670679301,5.562897958094254,False,,,,53826.0,17727.0,143795.0,Time limit reached. (HiGHS Status 13: model_status is Time limit reached; primal_status is At lower/fixed bound),,1.0
20260731_124647-0400,20260731_124647-0400-0086,86,150,A4x4_T40_S26,26,40,HiGHS-5s,,,,,,,,,,,,,,,,,,,5.289680083980784,5.289680083980784,0.29230337496846914,0.0803741670679301,5.662357626017183,False,,,,53826.0,17727.0,143795.0,Time limit reached. (HiGHS Status 13: model_status is Time limit reached; primal_status is At lower/fixed bound),,5.0
20260731_124647-0400,20260731_124647-0400-0086,86,150,A4x4_T40_S26,26,40,HiGHS-15s,0.4113238522385326,0.5901942645698428,0.5708215297450424,20.0,0.5,16.0,15.0,1550.0,0.6153846153846154,0.6521739130434783,0.4305555555555556,43.1,96.0,108.0,216.87775241297217,112.03659052158764,104.8411618913845,0.0018965700615308015,8.512839250033721,8.512839250033721,0.29230337496846914,0.0803741670679301,8.88551679207012,True,0.0,0.4113238522385326,0.4113238522385326,53826.0,17727.0,143795.0,Optimization terminated successfully. (HiGHS Status 7: Optimal),1.0,15.0
20260731_124647-0400,20260731_124647-0400-0086,86,150,A4x4_T40_S26,26,40,HiGHS-60s,0.4113238522385326,0.5901942645698428,0.5708215297450424,20.0,0.5,16.0,15.0,1550.0,0.6153846153846154,0.6521739130434783,0.4305555555555556,43.1,96.0,108.0,216.87775241297217,112.03659052158764,104.8411618913845,0.0018965700615308015,8.51654520793818,8.51654520793818,0.29230337496846914,0.0803741670679301,8.889222749974579,True,0.0,0.4113238522385326,0.4113238522385326,53826.0,17727.0,143795.0,Optimization terminated successfully. (HiGHS Status 7: Optimal),1.0,60.0
20260731_124647-0400,20260731_124647-0400-0086,86,150,A4x4_T40_S26,26,40,HiGHS-600s,0.4113238522385326,0.5901942645698428,0.5708215297450424,20.0,0.5,16.0,15.0,1550.0,0.6153846153846154,0.6521739130434783,0.4305555555555556,43.1,96.0,108.0,216.87775241297217,112.03659052158764,104.8411618913845,0.0018965700615308015,8.683847917011008,8.683847917011008,0.29230337496846914,0.0803741670679301,9.056525459047407,True,0.0,0.4113238522385326,0.4113238522385326,53826.0,17727.0,143795.0,Optimization terminated successfully. (HiGHS Status 7: Optimal),1.0,600.0
20260731_124647-0400,20260731_124647-0400-0087,87,150,A4x4_T40_S27,27,40,Greedy-Benefit,0.31403525909443814,0.48517715112075205,0.4772978959025471,19.0,0.475,19.0,10.0,2350.0,0.5277777777777778,0.4166666666666667,0.46534653465346537,47.0,94.0,110.0,221.65313164899217,112.14870809860923,109.50442355038291,0.0014167869263031277,0.0019361668964847922,,,,0.0019364169565960765,False,,,,,,,Constructive heuristic,,
20260731_124647-0400,20260731_124647-0400-0087,87,150,A4x4_T40_S27,27,40,Greedy-Density-Operational,0.3081990695755243,0.46782357194504715,0.4728682170542637,19.0,0.475,19.0,6.0,2950.0,0.5277777777777778,0.25,0.5841584158415841,40.31578947368421,101.0,126.0,219.72524224028402,109.9343304201877,109.79091182009628,0.001402656638050208,0.00175912503618747,,,,0.0017593330703675747,False,,,,,,,Constructive heuristic,,
20260731_124647-0400,20260731_124647-0400-0087,87,150,A4x4_T40_S27,27,40,Greedy-Density-Cycle,0.3081990695755243,0.46782357194504715,0.4728682170542637,19.0,0.475,19.0,6.0,2950.0,0.5277777777777778,0.25,0.5841584158415841,40.31578947368421,101.0,126.0,219.72524224028402,109.9343304201877,109.79091182009628,0.001402656638050208,0.0016516249161213636,,,,0.0016517909243702888,False,,,,,,,Constructive heuristic,,
20260731_124647-0400,20260731_124647-0400-0087,87,150,A4x4_T40_S27,27,40,HiGHS-1s,,,,,,,,,,,,,,,,,,,7.569440082996152,7.569440082996152,0.35109349992126226,0.05818445794284344,7.978718040860258,False,,,,74252.0,21018.0,201782.0,Time limit reached. (HiGHS Status 13: model_status is Time limit reached; primal_status is At lower/fixed bound),,1.0
20260731_124647-0400,20260731_124647-0400-0087,87,150,A4x4_T40_S27,27,40,HiGHS-5s,,,,,,,,,,,,,,,,,,,7.515518832951784,7.515518832951784,0.35109349992126226,0.05818445794284344,7.92479679081589,False,,,,74252.0,21018.0,201782.0,Time limit reached. (HiGHS Status 13: model_status is Time limit reached; primal_status is At lower/fixed bound),,5.0
20260731_124647-0400,20260731_124647-0400-0087,87,150,A4x4_T40_S27,27,40,HiGHS-15s,0.3697785886849863,0.46348517715112075,0.4385382059800665,18.0,0.45,19.0,11.0,1600.0,0.5277777777777778,0.4583333333333333,0.31683168316831684,38.166666666666664,94.0,114.0,173.79029777295978,88.23020583457473,85.56009193838506,0.0021277286098448736,15.4330169580644,15.4330169580644,0.35109349992126226,0.05818445794284344,15.842294915928505,False,0.04218811164640953,0.3697785886849863,0.38537884906888026,74252.0,21018.0,201782.0,Time limit reached. (HiGHS Status 13: Time limit reached),0.0,15.0
20260731_124647-0400,20260731_124647-0400-0087,87,150,A4x4_T40_S27,27,40,HiGHS-60s,0.3847155474592438,0.5394070860448301,0.521594684385382,21.0,0.525,22.0,11.0,2350.0,0.6111111111111112,0.4583333333333333,0.46534653465346537,42.857142857142854,92.0,108.0,196.93766367261958,99.80388878440463,97.13377488821496,0.001953488937996024,17.769842915935442,17.769842915935442,0.35109349992126226,0.05818445794284344,18.179120873799548,True,0.0,0.38471554745924386,0.38471554745924386,74252.0,21018.0,201782.0,Optimization terminated successfully. (HiGHS Status 7: Optimal),1.0,60.0
20260731_124647-0400,20260731_124647-0400-0087,87,150,A4x4_T40_S27,27,40,HiGHS-600s,0.3847155474592438,0.5394070860448301,0.521594684385382,21.0,0.525,22.0,11.0,2350.0,0.6111111111111112,0.4583333333333333,0.46534653465346537,42.857142857142854,92.0,108.0,196.93766367261958,99.80388878440463,97.13377488821496,0.001953488937996024,17.459019917063415,17.459019917063415,0.35109349992126226,0.05818445794284344,17.86829787492752,True,0.0,0.38471554745924386,0.38471554745924386,74252.0,21018.0,201782.0,Optimization terminated successfully. (HiGHS Status 7: Optimal),1.0,600.0
20260731_124647-0400,20260731_124647-0400-0088,88,150,A4x4_T40_S28,28,40,Greedy-Benefit,0.28040183579612965,0.4483985765124555,0.4484848484848485,17.0,0.425,21.0,10.0,1000.0,0.44680851063829785,0.45454545454545453,0.4444444444444444,47.705882352941174,99.0,119.0,223.64788587330585,128.19730045660862,95.45058541669724,0.0012537647503405166,0.0018611669074743986,,,,0.0018614999717101455,False,,,,,,,Constructive heuristic,,
20260731_124647-0400,20260731_124647-0400-0088,88,150,A4x4_T40_S28,28,40,Greedy-Density-Operational,0.3017639092886625,0.44270462633451957,0.4448484848484848,18.0,0.45,20.0,11.0,950.0,0.425531914893617,0.5,0.4222222222222222,39.0,83.0,108.0,225.0909226686012,112.8321513278853,112.25877134071592,0.0013406311801073651,0.001731291995383799,,,,0.0017316670855507255,False,,,,,,,Constructive heuristic,,
20260731_124647-0400,20260731_124647-0400-0088,88,150,A4x4_T40_S28,28,40,Greedy-Density-Cycle,0.3017639092886625,0.44270462633451957,0.4448484848484848,18.0,0.45,20.0,11.0,950.0,0.425531914893617,0.5,0.4222222222222222,39.0,83.0,108.0,225.0909226686012,112.8321513278853,112.25877134071592,0.0013406311801073651,0.0015485839685425162,,,,0.0015488750068470836,False,,,,,,,Constructive heuristic,,
20260731_124647-0400,20260731_124647-0400-0088,88,150,A4x4_T40_S28,28,40,HiGHS-1s,,,,,,,,,,,,,,,,,,,5.728857166017406,5.728857166017406,0.3938700419384986,0.05177754198666662,6.174504749942571,False,,,,66942.0,22180.0,178690.0,Time limit reached. (HiGHS Status 13: model_status is Time limit reached; primal_status is At lower/fixed bound),,1.0
20260731_124647-0400,20260731_124647-0400-0088,88,150,A4x4_T40_S28,28,40,HiGHS-5s,,,,,,,,,,,,,,,,,,,5.674734250060283,5.674734250060283,0.3938700419384986,0.05177754198666662,6.120381833985448,False,,,,66942.0,22180.0,178690.0,Time limit reached. (HiGHS Status 13: model_status is Time limit reached; primal_status is At lower/fixed bound),,5.0
20260731_124647-0400,20260731_124647-0400-0088,88,150,A4x4_T40_S28,28,40,HiGHS-15s,0.35000324788332754,0.4647686832740213,0.45818181818181825,19.0,0.475,22.0,11.0,800.0,0.46808510638297873,0.5,0.35555555555555557,39.78947368421053,81.0,90.0,187.39919248209213,97.2292881352162,90.16990434687587,0.0018676881327371454,12.688393250107765,12.688393250107765,0.3938700419384986,0.05177754198666662,13.13404083403293,True,0.0,0.3500032478833275,0.3500032478833275,66942.0,22180.0,178690.0,Optimization terminated successfully. (HiGHS Status 7: Optimal),1.0,15.0
20260731_124647-0400,20260731_124647-0400-0088,88,150,A4x4_T40_S28,28,40,HiGHS-60s,0.35000324788332754,0.4647686832740213,0.45818181818181825,19.0,0.475,22.0,11.0,800.0,0.46808510638297873,0.5,0.35555555555555557,39.78947368421053,81.0,90.0,187.39919248209213,97.2292881352162,90.16990434687587,0.0018676881327371454,12.547451207996346,12.547451207996346,0.3938700419384986,0.05177754198666662,12.993098791921511,True,0.0,0.3500032478833275,0.3500032478833275,66942.0,22180.0,178690.0,Optimization terminated successfully. (HiGHS Status 7: Optimal),1.0,60.0
20260731_124647-0400,20260731_124647-0400-0088,88,150,A4x4_T40_S28,28,40,HiGHS-600s,0.35000324788332754,0.4647686832740213,0.45818181818181825,19.0,0.475,22.0,11.0,800.0,0.46808510638297873,0.5,0.35555555555555557,39.78947368421053,81.0,90.0,187.39919248209213,97.2292881352162,90.16990434687587,0.0018676881327371454,12.444331333972514,12.444331333972514,0.3938700419384986,0.05177754198666662,12.889978917897679,True,0.0,0.3500032478833275,0.3500032478833275,66942.0,22180.0,178690.0,Optimization terminated successfully. (HiGHS Status 7: Optimal),1.0,600.0
20260731_124647-0400,20260731_124647-0400-0089,89,150,A4x4_T40_S29,29,40,Greedy-Benefit,0.29298381842348037,0.49149797570850207,0.48609271523178804,19.0,0.475,20.0,8.0,1450.0,0.5405405405405406,0.36363636363636365,0.5272727272727272,52.26315789473684,88.0,106.0,252.6981057989284,144.38072819603155,108.31737760289685,0.001159422297595722,0.0018431670032441616,,,,0.0018434999510645866,False,,,,,,,Constructive heuristic,,
20260731_124647-0400,20260731_124647-0400-0089,89,150,A4x4_T40_S29,29,40,Greedy-Density-Operational,0.32630975776845494,0.5157894736842104,0.5125827814569534,20.0,0.5,20.0,10.0,1450.0,0.5405405405405406,0.45454545454545453,0.5272727272727272,44.6,95.0,114.0,264.241274956987,135.7440883236801,128.49718663330688,0.0012348932157611311,0.001688583055511117,,,,0.0016887909732758999,False,,,,,,,Constructive heuristic,,
20260731_124647-0400,20260731_124647-0400-0089,89,150,A4x4_T40_S29,29,40,Greedy-Density-Cycle,0.32627589152108427,0.5319838056680161,0.5258278145695362,21.0,0.525,21.0,10.0,1450.0,0.5675675675675675,0.45454545454545453,0.5272727272727272,46.714285714285715,95.0,114.0,263.86283057974794,135.55486613506056,128.30796444468734,0.00123653600927499,0.001683874987065792,,,,0.001684166956692934,False,,,,,,,Constructive heuristic,,
20260731_124647-0400,20260731_124647-0400-0089,89,150,A4x4_T40_S29,29,40,HiGHS-1s,,,,,,,,,,,,,,,,,,,4.452513250056654,4.452513250056654,0.31591804197523743,0.08065812499262393,4.849089417024516,False,,,,54256.0,19136.0,143676.0,Time limit reached. (HiGHS Status 13: model_status is Time limit reached; primal_status is At lower/fixed bound),,1.0
20260731_124647-0400,20260731_124647-0400-0089,89,150,A4x4_T40_S29,29,40,HiGHS-5s,,,,,,,,,,,,,,,,,,,5.022838750039227,5.022838750039227,0.31591804197523743,0.08065812499262393,5.419414917007089,False,,,,54256.0,19136.0,143676.0,Time limit reached. (HiGHS Status 13: model_status is Time limit reached; primal_status is At lower/fixed bound),,5.0
20260731_124647-0400,20260731_124647-0400-0089,89,150,A4x4_T40_S29,29,40,HiGHS-15s,0.3784778354993121,0.5578947368421051,0.5549668874172183,21.0,0.525,22.0,10.0,1650.0,0.5945945945945946,0.45454545454545453,0.6,42.666666666666664,98.0,110.0,226.4709994717407,116.83321405097192,109.63778542076878,0.0016711977974316263,7.026523375068791,7.026523375068791,0.31591804197523743,0.08065812499262393,7.423099542036653,True,0.0,0.3784778354993121,0.3784778354993121,54256.0,19136.0,143676.0,Optimization terminated successfully. (HiGHS Status 7: Optimal),1.0,15.0
20260731_124647-0400,20260731_124647-0400-0089,89,150,A4x4_T40_S29,29,40,HiGHS-60s,0.3784778354993121,0.5578947368421051,0.5549668874172183,21.0,0.525,22.0,10.0,1650.0,0.5945945945945946,0.45454545454545453,0.6,42.666666666666664,98.0,110.0,226.4709994717407,116.83321405097192,109.63778542076878,0.0016711977974316263,6.799536124919541,6.799536124919541,0.31591804197523743,0.08065812499262393,7.1961122918874025,True,0.0,0.3784778354993121,0.3784778354993121,54256.0,19136.0,143676.0,Optimization terminated successfully. (HiGHS Status 7: Optimal),1.0,60.0
20260731_124647-0400,20260731_124647-0400-0089,89,150,A4x4_T40_S29,29,40,HiGHS-600s,0.3784778354993121,0.5578947368421051,0.5549668874172183,21.0,0.525,22.0,10.0,1650.0,0.5945945945945946,0.45454545454545453,0.6,42.666666666666664,98.0,110.0,226.4709994717407,116.83321405097192,109.63778542076878,0.0016711977974316263,6.807824624935165,6.807824624935165,0.31591804197523743,0.08065812499262393,7.204400791903026,True,0.0,0.3784778354993121,0.3784778354993121,54256.0,19136.0,143676.0,Optimization terminated successfully. (HiGHS Status 7: Optimal),1.0,600.0
20260731_124647-0400,20260731_124647-0400-0090,90,150,A4x4_T40_S30,30,40,Greedy-Benefit,0.30255596887671254,0.44743701129452645,0.445344129554656,17.0,0.425,10.0,17.0,1000.0,0.4,0.53125,0.3508771929824561,47.470588235294116,93.0,113.0,267.1651657661457,139.5339572676718,127.63120849847394,0.0011324678799688468,0.00180154200643301,,,,0.0018019590061157942,False,,,,,,,Constructive heuristic,,
20260731_124647-0400,20260731_124647-0400-0090,90,150,A4x4_T40_S30,30,40,Greedy-Density-Operational,0.3253195283682139,0.4552562988705473,0.4507422402159246,18.0,0.45,13.0,12.0,1400.0,0.52,0.375,0.49122807017543857,44.666666666666664,100.0,119.0,280.3625824987003,144.0326059005212,136.3299765981791,0.0011603528740135,0.0015502499882131815,,,,0.001550499931909144,False,,,,,,,Constructive heuristic,,
20260731_124647-0400,20260731_124647-0400-0090,90,150,A4x4_T40_S30,30,40,Greedy-Density-Cycle,0.3253195283682139,0.4552562988705473,0.4507422402159246,18.0,0.45,13.0,12.0,1400.0,0.52,0.375,0.49122807017543857,44.666666666666664,100.0,119.0,280.3625824987003,144.0326059005212,136.3299765981791,0.0011603528740135,0.0014847919810563326,,,,0.0014850420411676168,False,,,,,,,Constructive heuristic,,
20260731_124647-0400,20260731_124647-0400-0090,90,150,A4x4_T40_S30,30,40,HiGHS-1s,,,,,,,,,,,,,,,,,,,11.016175791970454,11.016175791970454,0.6808845420600846,0.1623271250864491,11.859387459116988,False,,,,143996.0,32970.0,399062.0,Time limit reached. (HiGHS Status 13: model_status is Time limit reached; primal_status is At lower/fixed bound),,1.0
20260731_124647-0400,20260731_124647-0400-0090,90,150,A4x4_T40_S30,30,40,HiGHS-5s,,,,,,,,,,,,,,,,,,,11.060023875092156,11.060023875092156,0.6808845420600846,0.1623271250864491,11.90323554223869,False,,,,143996.0,32970.0,399062.0,Time limit reached. (HiGHS Status 13: model_status is Time limit reached; primal_status is At lower/fixed bound),,5.0
20260731_124647-0400,20260731_124647-0400-0090,90,150,A4x4_T40_S30,30,40,HiGHS-15s,,,,,,,,,,,,,,,,,,,15.038492792053148,15.038492792053148,0.6808845420600846,0.1623271250864491,15.881704459199682,False,,,,143996.0,32970.0,399062.0,Time limit reached. (HiGHS Status 13: model_status is Time limit reached; primal_status is At lower/fixed bound),,15.0
20260731_124647-0400,20260731_124647-0400-0090,90,150,A4x4_T40_S30,30,40,HiGHS-60s,0.3539673274723746,0.4874022589052997,0.493927125506073,20.0,0.5,12.0,15.0,1600.0,0.48,0.46875,0.5614035087719298,42.65,92.0,107.0,222.40946271194318,112.80946114752007,109.60000156442312,0.001591511993942544,56.30423274997156,56.30423274997156,0.6808845420600846,0.1623271250864491,57.147444417118095,True,0.0,0.3539673274723746,0.3539673274723746,143996.0,32970.0,399062.0,Optimization terminated successfully. (HiGHS Status 7: Optimal),1.0,60.0
20260731_124647-0400,20260731_124647-0400-0090,90,150,A4x4_T40_S30,30,40,HiGHS-600s,0.3539673274723746,0.4874022589052997,0.493927125506073,20.0,0.5,12.0,15.0,1600.0,0.48,0.46875,0.5614035087719298,42.65,92.0,107.0,222.40946271194318,112.80946114752007,109.60000156442312,0.001591511993942544,56.36499420902692,56.36499420902692,0.6808845420600846,0.1623271250864491,57.20820587617345,True,0.0,0.3539673274723746,0.3539673274723746,143996.0,32970.0,399062.0,Optimization terminated successfully. (HiGHS Status 7: Optimal),1.0,600.0
20260731_124647-0400,20260731_124647-0400-0091,91,150,A4x4_T50_S1,1,50,Greedy-Benefit,0.20044759096513046,0.324358171571697,0.30040322580645173,15.0,0.3,19.0,6.0,800.0,0.40425531914893614,0.2222222222222222,0.19047619047619047,53.6,85.0,103.0,275.12916984614145,150.204132625478,124.92503722066351,0.0007285581208173068,0.0026535000652074814,,,,0.002653750008903444,False,,,,,,,Constructive heuristic,,
20260731_124647-0400,20260731_124647-0400-0091,91,150,A4x4_T50_S1,1,50,Greedy-Density-Operational,0.19192368141425284,0.3055729492798998,0.31048387096774205,16.0,0.32,13.0,10.0,1300.0,0.2765957446808511,0.37037037037037035,0.30952380952380953,47.125,96.0,111.0,254.9514149081161,134.6534351702265,120.29797973788965,0.0007527853159137073,0.0018464169697836041,,,,0.0018467080080881715,False,,,,,,,Constructive heuristic,,
20260731_124647-0400,20260731_124647-0400-0091,91,150,A4x4_T50_S1,1,50,Greedy-Density-Cycle,0.19378396274306606,0.3306199123356293,0.3306451612903227,17.0,0.34,15.0,10.0,1300.0,0.3191489361702128,0.37037037037037035,0.30952380952380953,50.0,99.0,111.0,255.00431905065412,131.86800648347142,123.1363125671827,0.0007599242376148648,0.0017315000295639038,,,,0.0017317080637440085,False,,,,,,,Constructive heuristic,,
20260731_124647-0400,20260731_124647-0400-0091,91,150,A4x4_T50_S1,1,50,HiGHS-1s,,,,,,,,,,,,,,,,,,,7.377464333083481,7.377464333083481,0.5556855840841308,0.07732804107945412,8.010477958247066,False,,,,97869.0,26492.0,267169.0,Time limit reached. (HiGHS Status 13: model_status is Time limit reached; primal_status is At lower/fixed bound),,1.0
20260731_124647-0400,20260731_124647-0400-0091,91,150,A4x4_T50_S1,1,50,HiGHS-5s,,,,,,,,,,,,,,,,,,,7.363179749925621,7.363179749925621,0.5556855840841308,0.07732804107945412,7.996193375089206,False,,,,97869.0,26492.0,267169.0,Time limit reached. (HiGHS Status 13: model_status is Time limit reached; primal_status is At lower/fixed bound),,5.0
20260731_124647-0400,20260731_124647-0400-0091,91,150,A4x4_T50_S1,1,50,HiGHS-15s,,,,,,,,,,,,,,,,,,,15.047464792034589,15.047464792034589,0.5556855840841308,0.07732804107945412,15.680478417198174,False,,,,97869.0,26492.0,267169.0,Time limit reached. (HiGHS Status 13: model_status is Time limit reached; primal_status is At lower/fixed bound),,15.0
20260731_124647-0400,20260731_124647-0400-0091,91,150,A4x4_T50_S1,1,50,HiGHS-60s,0.2397826308580626,0.3494051346274264,0.33568548387096775,18.0,0.36,18.0,9.0,1050.0,0.3829787234042553,0.3333333333333333,0.25,46.0,91.0,106.0,247.3557487121715,137.1528382254729,110.20291048669861,0.0009693836998188339,16.08043483295478,16.08043483295478,0.5556855840841308,0.07732804107945412,16.713448458118364,True,0.0,0.23978263085806262,0.23978263085806262,97869.0,26492.0,267169.0,Optimization terminated successfully. (HiGHS Status 7: Optimal),1.0,60.0
20260731_124647-0400,20260731_124647-0400-0091,91,150,A4x4_T50_S1,1,50,HiGHS-600s,0.2397826308580626,0.3494051346274264,0.33568548387096775,18.0,0.36,18.0,9.0,1050.0,0.3829787234042553,0.3333333333333333,0.25,46.0,91.0,106.0,247.3557487121715,137.1528382254729,110.20291048669861,0.0009693836998188339,16.250007041962817,16.250007041962817,0.5556855840841308,0.07732804107945412,16.883020667126402,True,0.0,0.23978263085806262,0.23978263085806262,97869.0,26492.0,267169.0,Optimization terminated successfully. (HiGHS Status 7: Optimal),1.0,600.0
20260731_124647-0400,20260731_124647-0400-0092,92,150,A4x4_T50_S2,2,50,Greedy-Benefit,0.2462815491836202,0.3699731903485255,0.360529217199559,18.0,0.36,18.0,9.0,950.0,0.43902439024390244,0.2571428571428571,0.3877551020408163,51.94444444444444,97.0,109.0,268.42270526681705,149.72147543492525,118.70122983189177,0.0009175138479392489,0.0020667919889092445,,,,0.002067042049020529,False,,,,,,,Constructive heuristic,,
20260731_124647-0400,20260731_124647-0400-0092,92,150,A4x4_T50_S2,2,50,Greedy-Density-Operational,0.2431453197353718,0.3411528150134049,0.33517089305402425,16.0,0.32,16.0,9.0,900.0,0.3902439024390244,0.2571428571428571,0.3673469387755102,45.1875,96.0,109.0,242.102241013389,122.29206786351872,119.81017314987025,0.0010043084224153262,0.0017340410267934203,,,,0.001734208082780242,False,,,,,,,Constructive heuristic,,
20260731_124647-0400,20260731_124647-0400-0092,92,150,A4x4_T50_S2,2,50,Greedy-Density-Cycle,0.23964037680520844,0.32104557640750675,0.30760749724366043,15.0,0.3,16.0,8.0,650.0,0.3902439024390244,0.22857142857142856,0.2653061224489796,45.06666666666667,93.0,105.0,251.62301082205096,140.85666628808156,110.76634453396939,0.0009523786239672782,0.001749292016029358,,,,0.0017494999337941408,False,,,,,,,Constructive heuristic,,
20260731_124647-0400,20260731_124647-0400-0092,92,150,A4x4_T50_S2,2,50,HiGHS-1s,,,,,,,,,,,,,,,,,,,6.849921041051857,6.849921041051857,0.4292032499797642,0.05522933299653232,7.334353624028154,False,,,,72252.0,22597.0,194213.0,Time limit reached. (HiGHS Status 13: model_status is Time limit reached; primal_status is At lower/fixed bound),,1.0
20260731_124647-0400,20260731_124647-0400-0092,92,150,A4x4_T50_S2,2,50,HiGHS-5s,,,,,,,,,,,,,,,,,,,6.757782083004713,6.757782083004713,0.4292032499797642,0.05522933299653232,7.24221466598101,False,,,,72252.0,22597.0,194213.0,Time limit reached. (HiGHS Status 13: model_status is Time limit reached; primal_status is At lower/fixed bound),,5.0
20260731_124647-0400,20260731_124647-0400-0092,92,150,A4x4_T50_S2,2,50,HiGHS-15s,0.26395332940716454,0.40750670241286857,0.37816979051819183,16.0,0.32,22.0,9.0,550.0,0.5365853658536586,0.2571428571428571,0.22448979591836735,49.125,92.0,108.0,252.59662175007242,141.66002119773412,110.93660055233829,0.0010449598556718975,13.58453345799353,13.58453345799353,0.4292032499797642,0.05522933299653232,14.068966040969826,True,0.0,0.2639533294071645,0.2639533294071645,72252.0,22597.0,194213.0,Optimization terminated successfully. (HiGHS Status 7: Optimal),1.0,15.0
20260731_124647-0400,20260731_124647-0400-0092,92,150,A4x4_T50_S2,2,50,HiGHS-60s,0.26395332940716454,0.40750670241286857,0.37816979051819183,16.0,0.32,22.0,9.0,550.0,0.5365853658536586,0.2571428571428571,0.22448979591836735,49.125,92.0,108.0,252.59662175007242,141.66002119773412,110.93660055233829,0.0010449598556718975,13.595184791949578,13.595184791949578,0.4292032499797642,0.05522933299653232,14.079617374925874,True,0.0,0.2639533294071645,0.2639533294071645,72252.0,22597.0,194213.0,Optimization terminated successfully. (HiGHS Status 7: Optimal),1.0,60.0
20260731_124647-0400,20260731_124647-0400-0092,92,150,A4x4_T50_S2,2,50,HiGHS-600s,0.26395332940716454,0.40750670241286857,0.37816979051819183,16.0,0.32,22.0,9.0,550.0,0.5365853658536586,0.2571428571428571,0.22448979591836735,49.125,92.0,108.0,252.59662175007242,141.66002119773412,110.93660055233829,0.0010449598556718975,13.77404687507078,13.77404687507078,0.4292032499797642,0.05522933299653232,14.258479458047077,True,0.0,0.2639533294071645,0.2639533294071645,72252.0,22597.0,194213.0,Optimization terminated successfully. (HiGHS Status 7: Optimal),1.0,600.0
20260731_124647-0400,20260731_124647-0400-0093,93,150,A4x4_T50_S3,3,50,Greedy-Benefit,0.20298401333882735,0.36181496758986437,0.3669354838709677,17.0,0.34,22.0,6.0,1400.0,0.36065573770491804,0.3157894736842105,0.4375,49.94117647058823,98.0,112.0,278.5410694487874,139.93622743702946,138.60484201175797,0.0007287399798547409,0.0020780001068487763,,,,0.002078375080600381,False,,,,,,,Constructive heuristic,,
20260731_124647-0400,20260731_124647-0400-0093,93,150,A4x4_T50_S3,3,50,Greedy-Density-Operational,0.22890414455021207,0.3800824985268119,0.378024193548387,18.0,0.36,24.0,6.0,1250.0,0.39344262295081966,0.3157894736842105,0.390625,44.888888888888886,90.0,108.0,252.92285508716816,127.16317891189597,125.75967617527223,0.0009050354285749376,0.0017414579633623362,,,,0.0017417080234736204,False,,,,,,,Constructive heuristic,,
20260731_124647-0400,20260731_124647-0400-0093,93,150,A4x4_T50_S3,3,50,Greedy-Density-Cycle,0.22890414455021207,0.3800824985268119,0.378024193548387,18.0,0.36,24.0,6.0,1250.0,0.39344262295081966,0.3157894736842105,0.390625,44.888888888888886,90.0,108.0,252.92285508716816,127.16317891189597,125.75967617527223,0.0009050354285749376,0.0017096669180318713,,,,0.001709874952211976,False,,,,,,,Constructive heuristic,,
20260731_124647-0400,20260731_124647-0400-0093,93,150,A4x4_T50_S3,3,50,HiGHS-1s,,,,,,,,,,,,,,,,,,,6.1936260419897735,6.1936260419897735,0.38329437491483986,0.09251120802946389,6.669431624934077,False,,,,67682.0,21575.0,181525.0,Time limit reached. (HiGHS Status 13: model_status is Time limit reached; primal_status is At lower/fixed bound),,1.0
20260731_124647-0400,20260731_124647-0400-0093,93,150,A4x4_T50_S3,3,50,HiGHS-5s,,,,,,,,,,,,,,,,,,,6.583357207942754,6.583357207942754,0.38329437491483986,0.09251120802946389,7.059162790887058,False,,,,67682.0,21575.0,181525.0,Time limit reached. (HiGHS Status 13: model_status is Time limit reached; primal_status is At lower/fixed bound),,5.0
20260731_124647-0400,20260731_124647-0400-0093,93,150,A4x4_T50_S3,3,50,HiGHS-15s,0.25906649661254916,0.3942251031231584,0.38205645161290325,17.0,0.34,27.0,4.0,1150.0,0.4426229508196721,0.21052631578947367,0.359375,45.588235294117645,98.0,114.0,252.17963638746272,126.50496789070289,125.67466849675984,0.0010273093431481719,9.264795375056565,9.264795375056565,0.38329437491483986,0.09251120802946389,9.740600958000869,True,0.0,0.25906649661254916,0.25906649661254916,67682.0,21575.0,181525.0,Optimization terminated successfully. (HiGHS Status 7: Optimal),1.0,15.0
20260731_124647-0400,20260731_124647-0400-0093,93,150,A4x4_T50_S3,3,50,HiGHS-60s,0.25906649661254916,0.3942251031231584,0.38205645161290325,17.0,0.34,27.0,4.0,1150.0,0.4426229508196721,0.21052631578947367,0.359375,45.588235294117645,98.0,114.0,252.17963638746272,126.50496789070289,125.67466849675984,0.0010273093431481719,9.31252245802898,9.31252245802898,0.38329437491483986,0.09251120802946389,9.788328040973283,True,0.0,0.25906649661254916,0.25906649661254916,67682.0,21575.0,181525.0,Optimization terminated successfully. (HiGHS Status 7: Optimal),1.0,60.0
20260731_124647-0400,20260731_124647-0400-0093,93,150,A4x4_T50_S3,3,50,HiGHS-600s,0.25906649661254916,0.3942251031231584,0.38205645161290325,17.0,0.34,27.0,4.0,1150.0,0.4426229508196721,0.21052631578947367,0.359375,45.588235294117645,98.0,114.0,252.17963638746272,126.50496789070289,125.67466849675984,0.0010273093431481719,9.235016999999061,9.235016999999061,0.38329437491483986,0.09251120802946389,9.710822582943365,True,0.0,0.25906649661254916,0.25906649661254916,67682.0,21575.0,181525.0,Optimization terminated successfully. (HiGHS Status 7: Optimal),1.0,600.0
20260731_124647-0400,20260731_124647-0400-0094,94,150,A4x4_T50_S4,4,50,Greedy-Benefit,0.26897682085386215,0.4124559341950645,0.38144329896907225,19.0,0.38,27.0,5.0,1450.0,0.5094339622641509,0.23809523809523808,0.26605504587155965,46.8421052631579,96.0,109.0,240.07354271523135,130.51645486922612,109.55708784600525,0.0011203934336609306,0.0023260419256985188,,,,0.0023262499598786235,False,,,,,,,Constructive heuristic,,
20260731_124647-0400,20260731_124647-0400-0094,94,150,A4x4_T50_S4,4,50,Greedy-Density-Operational,0.24814470759542204,0.4106933019976497,0.41611996251171524,22.0,0.44,21.0,9.0,2400.0,0.39622641509433965,0.42857142857142855,0.44036697247706424,45.54545454545455,101.0,116.0,233.5567362530714,121.36891680762562,112.18781944544577,0.0010624600753392263,0.00234550004824996,,,,0.0023457499919459224,False,,,,,,,Constructive heuristic,,
20260731_124647-0400,20260731_124647-0400-0094,94,150,A4x4_T50_S4,4,50,Greedy-Density-Cycle,0.24814470759542204,0.4106933019976497,0.41611996251171524,22.0,0.44,21.0,9.0,2400.0,0.39622641509433965,0.42857142857142855,0.44036697247706424,45.54545454545455,101.0,116.0,233.5567362530714,121.36891680762562,112.18781944544577,0.0010624600753392263,0.002212250023148954,,,,0.002212582970969379,False,,,,,,,Constructive heuristic,,
20260731_124647-0400,20260731_124647-0400-0094,94,150,A4x4_T50_S4,4,50,HiGHS-1s,,,,,,,,,,,,,,,,,,,4.902797166956589,4.902797166956589,0.5353047080570832,0.07587362499907613,5.513975500012748,False,,,,95395.0,26529.0,259710.0,Time limit reached. (HiGHS Status 13: model_status is Time limit reached; primal_status is At lower/fixed bound),,1.0
20260731_124647-0400,20260731_124647-0400-0094,94,150,A4x4_T50_S4,4,50,HiGHS-5s,,,,,,,,,,,,,,,,,,,6.819149791961536,6.819149791961536,0.5353047080570832,0.07587362499907613,7.430328125017695,False,,,,95395.0,26529.0,259710.0,Time limit reached. (HiGHS Status 13: model_status is Time limit reached; primal_status is At lower/fixed bound),,5.0
20260731_124647-0400,20260731_124647-0400-0094,94,150,A4x4_T50_S4,4,50,HiGHS-15s,,,,,,,,,,,,,,,,,,,15.03933399997186,15.03933399997186,0.5353047080570832,0.07587362499907613,15.650512333028018,False,,,,95395.0,26529.0,259710.0,Time limit reached. (HiGHS Status 13: model_status is Time limit reached; primal_status is At lower/fixed bound),,15.0
20260731_124647-0400,20260731_124647-0400-0094,94,150,A4x4_T50_S4,4,50,HiGHS-60s,0.30230391396485917,0.42538190364277306,0.41611996251171524,21.0,0.42,23.0,10.0,1900.0,0.4339622641509434,0.47619047619047616,0.3486238532110092,42.95238095238095,97.0,112.0,222.0017998394266,114.33898426143507,107.66281557799154,0.001361718302209779,28.641134083038196,28.641134083038196,0.5353047080570832,0.07587362499907613,29.252312416094355,True,0.0,0.30230391396485917,0.30230391396485917,95395.0,26529.0,259710.0,Optimization terminated successfully. (HiGHS Status 7: Optimal),1.0,60.0
20260731_124647-0400,20260731_124647-0400-0094,94,150,A4x4_T50_S4,4,50,HiGHS-600s,0.30230391396485917,0.42538190364277306,0.41611996251171524,21.0,0.42,23.0,10.0,1900.0,0.4339622641509434,0.47619047619047616,0.3486238532110092,42.95238095238095,97.0,112.0,222.0017998394266,114.33898426143507,107.66281557799154,0.001361718302209779,28.70153375004884,28.70153375004884,0.5353047080570832,0.07587362499907613,29.312712083104998,True,0.0,0.30230391396485917,0.30230391396485917,95395.0,26529.0,259710.0,Optimization terminated successfully. (HiGHS Status 7: Optimal),1.0,600.0
20260731_124647-0400,20260731_124647-0400-0095,95,150,A4x4_T50_S5,5,50,Greedy-Benefit,0.21394038055133377,0.3730208993033565,0.35110663983903423,18.0,0.36,17.0,14.0,650.0,0.4473684210526316,0.34146341463414637,0.19117647058823528,50.72222222222222,92.0,109.0,281.92102967858216,152.01103953720067,129.9099901413815,0.0007588663420931988,0.002116834046319127,,,,0.00211704196408391,False,,,,,,,Constructive heuristic,,
20260731_124647-0400,20260731_124647-0400-0095,95,150,A4x4_T50_S5,5,50,Greedy-Density-Operational,0.2606178215095516,0.38125395820139324,0.3792756539235413,19.0,0.38,13.0,19.0,950.0,0.34210526315789475,0.4634146341463415,0.27941176470588236,39.94736842105263,106.0,126.0,248.22605250546528,124.82199086510921,123.40406164035603,0.0010499213071271537,0.0033031669445335865,,,,0.0033033749787136912,False,,,,,,,Constructive heuristic,,
20260731_124647-0400,20260731_124647-0400-0095,95,150,A4x4_T50_S5,5,50,Greedy-Density-Cycle,0.2606178215095516,0.38125395820139324,0.3792756539235413,19.0,0.38,13.0,19.0,950.0,0.34210526315789475,0.4634146341463415,0.27941176470588236,39.94736842105263,106.0,126.0,248.22605250546528,124.82199086510921,123.40406164035603,0.0010499213071271537,0.0021672919392585754,,,,0.0021675829775631428,False,,,,,,,Constructive heuristic,,
20260731_124647-0400,20260731_124647-0400-0095,95,150,A4x4_T50_S5,5,50,HiGHS-1s,,,,,,,,,,,,,,,,,,,9.707056790939532,9.707056790939532,0.6177750419592485,0.1336043340852484,10.45843616698403,False,,,,114933.0,30990.0,313863.0,Time limit reached. (HiGHS Status 13: model_status is Time limit reached; primal_status is At lower/fixed bound),,1.0
20260731_124647-0400,20260731_124647-0400-0095,95,150,A4x4_T50_S5,5,50,HiGHS-5s,,,,,,,,,,,,,,,,,,,9.792355375015177,9.792355375015177,0.6177750419592485,0.1336043340852484,10.543734751059674,False,,,,114933.0,30990.0,313863.0,Time limit reached. (HiGHS Status 13: model_status is Time limit reached; primal_status is At lower/fixed bound),,5.0
20260731_124647-0400,20260731_124647-0400-0095,95,150,A4x4_T50_S5,5,50,HiGHS-15s,,,,,,,,,,,,,,,,,,,15.06002729095053,15.06002729095053,0.6177750419592485,0.1336043340852484,15.811406666995026,False,,,,114933.0,30990.0,313863.0,Time limit reached. (HiGHS Status 13: model_status is Time limit reached; primal_status is At lower/fixed bound),,15.0
20260731_124647-0400,20260731_124647-0400-0095,95,150,A4x4_T50_S5,5,50,HiGHS-60s,0.28091498018985683,0.4433185560481317,0.44768611670020125,22.0,0.44,14.0,23.0,1250.0,0.3684210526315789,0.5609756097560976,0.36764705882352944,44.36363636363637,92.0,108.0,234.35213602351266,127.88829705976966,106.46383896374299,0.0011986875176664595,21.396604332956485,21.396604332956485,0.6177750419592485,0.1336043340852484,22.147983709000982,True,0.0,0.2809149801898569,0.2809149801898569,114933.0,30990.0,313863.0,Optimization terminated successfully. (HiGHS Status 7: Optimal),1.0,60.0
20260731_124647-0400,20260731_124647-0400-0095,95,150,A4x4_T50_S5,5,50,HiGHS-600s,0.28091498018985683,0.4433185560481317,0.44768611670020125,22.0,0.44,14.0,23.0,1250.0,0.3684210526315789,0.5609756097560976,0.36764705882352944,44.36363636363637,92.0,108.0,234.35213602351266,127.88829705976966,106.46383896374299,0.0011986875176664595,21.348135582986288,21.348135582986288,0.6177750419592485,0.1336043340852484,22.099514959030785,True,0.0,0.2809149801898569,0.2809149801898569,114933.0,30990.0,313863.0,Optimization terminated successfully. (HiGHS Status 7: Optimal),1.0,600.0
20260731_124647-0400,20260731_124647-0400-0096,96,150,A4x4_T50_S6,6,50,Greedy-Benefit,0.27503917550130114,0.42817869415807575,0.4264550264550265,19.0,0.38,19.0,6.0,2550.0,0.5277777777777778,0.2,0.5368421052631579,47.526315789473685,92.0,100.0,242.517001874219,126.11714809749665,116.39985377672238,0.0011341026541469026,0.002174208057112992,,,,0.0021745420526713133,False,,,,,,,Constructive heuristic,,
20260731_124647-0400,20260731_124647-0400-0096,96,150,A4x4_T50_S6,6,50,Greedy-Density-Operational,0.26833423208287654,0.4027491408934709,0.3925925925925926,18.0,0.36,17.0,9.0,1850.0,0.4722222222222222,0.3,0.3894736842105263,44.55555555555556,90.0,105.0,228.18959036593185,115.05350223920888,113.13608812672295,0.0011759267004799276,0.0021996250143274665,,,,0.0021998329320922494,False,,,,,,,Constructive heuristic,,
20260731_124647-0400,20260731_124647-0400-0096,96,150,A4x4_T50_S6,6,50,Greedy-Density-Cycle,0.26833423208287654,0.4027491408934709,0.3925925925925926,18.0,0.36,17.0,9.0,1850.0,0.4722222222222222,0.3,0.3894736842105263,44.55555555555556,90.0,105.0,228.18959036593185,115.05350223920888,113.13608812672295,0.0011759267004799276,0.001986249932087958,,,,0.0019864579662680626,False,,,,,,,Constructive heuristic,,
20260731_124647-0400,20260731_124647-0400-0096,96,150,A4x4_T50_S6,6,50,HiGHS-1s,,,,,,,,,,,,,,,,,,,4.984994791913778,4.984994791913778,0.33590316702611744,0.04627958300989121,5.367177541949786,False,,,,57967.0,17823.0,156132.0,Time limit reached. (HiGHS Status 13: model_status is Time limit reached; primal_status is At lower/fixed bound),,1.0
20260731_124647-0400,20260731_124647-0400-0096,96,150,A4x4_T50_S6,6,50,HiGHS-5s,,,,,,,,,,,,,,,,,,,5.053352250019088,5.053352250019088,0.33590316702611744,0.04627958300989121,5.435535000055097,False,,-0.0,1.7664003687641179,57967.0,17823.0,156132.0,Time limit reached. (HiGHS Status 13: Time limit reached),0.0,5.0
20260731_124647-0400,20260731_124647-0400-0096,96,150,A4x4_T50_S6,6,50,HiGHS-15s,0.3201831388433125,0.452233676975945,0.4370370370370371,20.0,0.4,20.0,9.0,2050.0,0.5555555555555556,0.3,0.43157894736842106,46.05,90.0,103.0,218.43609597386,111.1101751965196,107.32592077734037,0.0014657977538731898,7.508179666940123,7.508179666940123,0.33590316702611744,0.04627958300989121,7.8903624169761315,True,0.0,0.3201831388433125,0.3201831388433125,57967.0,17823.0,156132.0,Optimization terminated successfully. (HiGHS Status 7: Optimal),1.0,15.0
20260731_124647-0400,20260731_124647-0400-0096,96,150,A4x4_T50_S6,6,50,HiGHS-60s,0.3201831388433125,0.452233676975945,0.4370370370370371,20.0,0.4,20.0,9.0,2050.0,0.5555555555555556,0.3,0.43157894736842106,46.05,90.0,103.0,218.43609597386,111.1101751965196,107.32592077734037,0.0014657977538731898,7.705194083973765,7.705194083973765,0.33590316702611744,0.04627958300989121,8.087376834009774,True,0.0,0.3201831388433125,0.3201831388433125,57967.0,17823.0,156132.0,Optimization terminated successfully. (HiGHS Status 7: Optimal),1.0,60.0
20260731_124647-0400,20260731_124647-0400-0096,96,150,A4x4_T50_S6,6,50,HiGHS-600s,0.3201831388433125,0.452233676975945,0.4370370370370371,20.0,0.4,20.0,9.0,2050.0,0.5555555555555556,0.3,0.43157894736842106,46.05,90.0,103.0,218.43609597386,111.1101751965196,107.32592077734037,0.0014657977538731898,7.445764584001154,7.445764584001154,0.33590316702611744,0.04627958300989121,7.827947334037162,True,0.0,0.3201831388433125,0.3201831388433125,57967.0,17823.0,156132.0,Optimization terminated successfully. (HiGHS Status 7: Optimal),1.0,600.0
20260731_124647-0400,20260731_124647-0400-0097,97,150,A4x4_T50_S7,7,50,Greedy-Benefit,0.24475529563028842,0.3668341708542714,0.3426651735722284,18.0,0.36,17.0,7.0,1100.0,0.53125,0.19444444444444445,0.30985915492957744,51.0,104.0,120.0,247.22075690661683,136.9666971712861,110.2540597353307,0.0009900272885368614,0.0022696669911965728,,,,0.0022699589608237147,False,,,,,,,Constructive heuristic,,
20260731_124647-0400,20260731_124647-0400-0097,97,150,A4x4_T50_S7,7,50,Greedy-Density-Operational,0.285162025944993,0.3926776740847094,0.38297872340425543,22.0,0.44,14.0,13.0,1200.0,0.4375,0.3611111111111111,0.3380281690140845,43.36363636363637,101.0,116.0,236.49113161724486,118.53216747996275,117.95896413728207,0.001205804310694072,0.001941958093084395,,,,0.0019421660108491778,False,,,,,,,Constructive heuristic,,
20260731_124647-0400,20260731_124647-0400-0097,97,150,A4x4_T50_S7,7,50,Greedy-Density-Cycle,0.285162025944993,0.3926776740847094,0.38297872340425543,22.0,0.44,14.0,13.0,1200.0,0.4375,0.3611111111111111,0.3380281690140845,43.36363636363637,101.0,116.0,236.49113161724486,118.53216747996275,117.95896413728207,0.001205804310694072,0.0018564999336376786,,,,0.0018567499937489629,False,,,,,,,Constructive heuristic,,
20260731_124647-0400,20260731_124647-0400-0097,97,150,A4x4_T50_S7,7,50,HiGHS-1s,,,,,,,,,,,,,,,,,,,7.982750249910168,7.982750249910168,0.6266080419300124,0.1382207500282675,8.747579041868448,False,,,,122333.0,27079.0,339974.0,Time limit reached. (HiGHS Status 13: model_status is Time limit reached; primal_status is At lower/fixed bound),,1.0
20260731_124647-0400,20260731_124647-0400-0097,97,150,A4x4_T50_S7,7,50,HiGHS-5s,,,,,,,,,,,,,,,,,,,7.898496374953538,7.898496374953538,0.6266080419300124,0.1382207500282675,8.663325166911818,False,,,,122333.0,27079.0,339974.0,Time limit reached. (HiGHS Status 13: model_status is Time limit reached; primal_status is At lower/fixed bound),,5.0
20260731_124647-0400,20260731_124647-0400-0097,97,150,A4x4_T50_S7,7,50,HiGHS-15s,,,,,,,,,,,,,,,,,,,15.087962583056651,15.087962583056651,0.6266080419300124,0.1382207500282675,15.852791375014931,False,,,,122333.0,27079.0,339974.0,Time limit reached. (HiGHS Status 13: model_status is Time limit reached; primal_status is At lower/fixed bound),,15.0
20260731_124647-0400,20260731_124647-0400-0097,97,150,A4x4_T50_S7,7,50,HiGHS-60s,0.3536284599672094,0.48384781048097647,0.4580067189249721,23.0,0.46,19.0,15.0,1150.0,0.59375,0.4166666666666667,0.323943661971831,46.869565217391305,100.0,115.0,224.77202126571873,112.65963044815695,112.11239081756177,0.0015732761487656883,30.147507500019856,30.147507500019856,0.6266080419300124,0.1382207500282675,30.912336291978136,True,0.0,0.3536284599672094,0.3536284599672094,122333.0,27079.0,339974.0,Optimization terminated successfully. (HiGHS Status 7: Optimal),1.0,60.0
20260731_124647-0400,20260731_124647-0400-0097,97,150,A4x4_T50_S7,7,50,HiGHS-600s,0.3536284599672094,0.48384781048097647,0.4580067189249721,23.0,0.46,19.0,15.0,1150.0,0.59375,0.4166666666666667,0.323943661971831,46.869565217391305,100.0,115.0,224.77202126571873,112.65963044815695,112.11239081756177,0.0015732761487656883,30.198402333888225,30.198402333888225,0.6266080419300124,0.1382207500282675,30.963231125846505,True,0.0,0.3536284599672094,0.3536284599672094,122333.0,27079.0,339974.0,Optimization terminated successfully. (HiGHS Status 7: Optimal),1.0,600.0
20260731_124647-0400,20260731_124647-0400-0098,98,150,A4x4_T50_S8,8,50,Greedy-Benefit,0.2134163471618683,0.3673352435530086,0.33744075829383874,15.0,0.3,22.0,13.0,100.0,0.4,0.4642857142857143,0.02666666666666667,41.733333333333334,83.0,108.0,245.39187268295947,123.00009736381033,122.39177531914913,0.0008696960695091854,0.0018449999624863267,,,,0.0018451670184731483,False,,,,,,,Constructive heuristic,,
20260731_124647-0400,20260731_124647-0400-0098,98,150,A4x4_T50_S8,8,50,Greedy-Density-Operational,0.20392617460695098,0.34670487106017195,0.3317535545023696,17.0,0.34,19.0,13.0,500.0,0.34545454545454546,0.4642857142857143,0.13333333333333333,46.294117647058826,98.0,114.0,255.0492031924886,127.86585363583993,127.1833495566487,0.0007995562113285472,0.0015893749659880996,,,,0.0015894999960437417,False,,,,,,,Constructive heuristic,,
20260731_124647-0400,20260731_124647-0400-0098,98,150,A4x4_T50_S8,8,50,Greedy-Density-Cycle,0.20392617460695098,0.34670487106017195,0.3317535545023696,17.0,0.34,19.0,13.0,500.0,0.34545454545454546,0.4642857142857143,0.13333333333333333,46.294117647058826,98.0,114.0,255.0492031924886,127.86585363583993,127.1833495566487,0.0007995562113285472,0.0015229160198941827,,,,0.001523124985396862,False,,,,,,,Constructive heuristic,,
20260731_124647-0400,20260731_124647-0400-0098,98,150,A4x4_T50_S8,8,50,HiGHS-1s,,,,,,,,,,,,,,,,,,,3.565439499914646,3.565439499914646,0.3032662080368027,0.043750292039476335,3.912455999990925,False,,,,52201.0,16458.0,140199.0,Time limit reached. (HiGHS Status 13: model_status is Time limit reached; primal_status is At lower/fixed bound),,1.0
20260731_124647-0400,20260731_124647-0400-0098,98,150,A4x4_T50_S8,8,50,HiGHS-5s,,,,,,,,,,,,,,,,,,,5.015531582990661,5.015531582990661,0.3032662080368027,0.043750292039476335,5.36254808306694,False,,,,52201.0,16458.0,140199.0,Time limit reached. (HiGHS Status 13: model_status is Time limit reached; primal_status is At lower/fixed bound),,5.0
20260731_124647-0400,20260731_124647-0400-0098,98,150,A4x4_T50_S8,8,50,HiGHS-15s,0.2869075490213002,0.4584527220630373,0.43601895734597146,19.0,0.38,25.0,18.0,500.0,0.45454545454545453,0.6428571428571429,0.13333333333333333,46.63157894736842,95.0,108.0,246.93975904517308,123.46987952258652,123.46987952258651,0.00116185238914409,12.242749916971661,12.242749916971661,0.3032662080368027,0.043750292039476335,12.58976641704794,True,0.0,0.28690754902130017,0.28690754902130017,52201.0,16458.0,140199.0,Optimization terminated successfully. (HiGHS Status 7: Optimal),1.0,15.0
20260731_124647-0400,20260731_124647-0400-0098,98,150,A4x4_T50_S8,8,50,HiGHS-60s,0.2869075490213002,0.4584527220630373,0.43601895734597146,19.0,0.38,25.0,18.0,500.0,0.45454545454545453,0.6428571428571429,0.13333333333333333,46.63157894736842,95.0,108.0,246.93975904517308,123.46987952258652,123.46987952258651,0.00116185238914409,12.35105570894666,12.35105570894666,0.3032662080368027,0.043750292039476335,12.69807220902294,True,0.0,0.28690754902130017,0.28690754902130017,52201.0,16458.0,140199.0,Optimization terminated successfully. (HiGHS Status 7: Optimal),1.0,60.0
20260731_124647-0400,20260731_124647-0400-0098,98,150,A4x4_T50_S8,8,50,HiGHS-600s,0.2869075490213002,0.4584527220630373,0.43601895734597146,19.0,0.38,25.0,18.0,500.0,0.45454545454545453,0.6428571428571429,0.13333333333333333,46.63157894736842,95.0,108.0,246.93975904517308,123.46987952258652,123.46987952258651,0.00116185238914409,12.157376083079726,12.157376083079726,0.3032662080368027,0.043750292039476335,12.504392583156005,True,0.0,0.28690754902130017,0.28690754902130017,52201.0,16458.0,140199.0,Optimization terminated successfully. (HiGHS Status 7: Optimal),1.0,600.0
20260731_124647-0400,20260731_124647-0400-0099,99,150,A4x4_T50_S9,9,50,Greedy-Benefit,0.27941867520221103,0.40755467196819084,0.3866525423728813,19.0,0.38,21.0,8.0,1250.0,0.4666666666666667,0.34782608695652173,0.2840909090909091,47.1578947368421,101.0,119.0,261.02383097718103,138.35727692803684,122.6665540491442,0.0010704718958271596,0.0021995409624651074,,,,0.002199708018451929,False,,,,,,,Constructive heuristic,,
20260731_124647-0400,20260731_124647-0400-0099,99,150,A4x4_T50_S9,9,50,Greedy-Density-Operational,0.2939658436538795,0.47647448641484424,0.45444915254237284,22.0,0.44,25.0,8.0,1650.0,0.5555555555555556,0.34782608695652173,0.375,44.63636363636363,90.0,109.0,230.27282351604546,115.27258657617385,115.00023693987156,0.0012765980768607542,0.0018367089796811342,,,,0.001836917013861239,False,,,,,,,Constructive heuristic,,
20260731_124647-0400,20260731_124647-0400-0099,99,150,A4x4_T50_S9,9,50,Greedy-Density-Cycle,0.29338101857308313,0.5062955599734924,0.48622881355932196,23.0,0.46,25.0,11.0,1650.0,0.5555555555555556,0.4782608695652174,0.375,47.17391304347826,107.0,127.0,256.73918403820306,128.50576683725268,128.23341720095038,0.0011427200708460136,0.001827875035814941,,,,0.0018279999494552612,False,,,,,,,Constructive heuristic,,
20260731_124647-0400,20260731_124647-0400-0099,99,150,A4x4_T50_S9,9,50,HiGHS-1s,,,,,,,,,,,,,,,,,,,5.0742651670007035,5.0742651670007035,0.3294555409811437,0.08704541600309312,5.49076612398494,False,,,,57437.0,18748.0,153617.0,Time limit reached. (HiGHS Status 13: model_status is Time limit reached; primal_status is At lower/fixed bound),,1.0
20260731_124647-0400,20260731_124647-0400-0099,99,150,A4x4_T50_S9,9,50,HiGHS-5s,,,,,,,,,,,,,,,,,,,5.140278166974895,5.140278166974895,0.3294555409811437,0.08704541600309312,5.5567791239591315,False,,-0.0,1.9603341411789303,57437.0,18748.0,153617.0,Time limit reached. (HiGHS Status 13: Time limit reached),0.0,5.0
20260731_124647-0400,20260731_124647-0400-0099,99,150,A4x4_T50_S9,9,50,HiGHS-15s,0.3424469493247031,0.5076209410205434,0.47775423728813554,22.0,0.44,26.0,11.0,1350.0,0.5777777777777777,0.4782608695652174,0.3068181818181818,46.77272727272727,105.0,120.0,247.34294136574195,123.74057257813453,123.60236878760743,0.0013845026158168484,8.044895416940562,8.044895416940562,0.3294555409811437,0.08704541600309312,8.4613963739248,True,0.0,0.3424469493247031,0.3424469493247031,57437.0,18748.0,153617.0,Optimization terminated successfully. (HiGHS Status 7: Optimal),1.0,15.0
20260731_124647-0400,20260731_124647-0400-0099,99,150,A4x4_T50_S9,9,50,HiGHS-60s,0.3424469493247031,0.5076209410205434,0.47775423728813554,22.0,0.44,26.0,11.0,1350.0,0.5777777777777777,0.4782608695652174,0.3068181818181818,46.77272727272727,105.0,120.0,247.34294136574195,123.74057257813453,123.60236878760743,0.0013845026158168484,8.181841416051611,8.181841416051611,0.3294555409811437,0.08704541600309312,8.598342373035848,True,0.0,0.3424469493247031,0.3424469493247031,57437.0,18748.0,153617.0,Optimization terminated successfully. (HiGHS Status 7: Optimal),1.0,60.0
20260731_124647-0400,20260731_124647-0400-0099,99,150,A4x4_T50_S9,9,50,HiGHS-600s,0.3424469493247031,0.5076209410205434,0.47775423728813554,22.0,0.44,26.0,11.0,1350.0,0.5777777777777777,0.4782608695652174,0.3068181818181818,46.77272727272727,105.0,120.0,247.34294136574195,123.74057257813453,123.60236878760743,0.0013845026158168484,8.516636957996525,8.516636957996525,0.3294555409811437,0.08704541600309312,8.933137914980762,True,0.0,0.3424469493247031,0.3424469493247031,57437.0,18748.0,153617.0,Optimization terminated successfully. (HiGHS Status 7: Optimal),1.0,600.0
20260731_124647-0400,20260731_124647-0400-0100,100,150,A4x4_T50_S10,10,50,Greedy-Benefit,0.25146637546683004,0.36650185414091474,0.36821322803553796,17.0,0.34,13.0,18.0,1050.0,0.34210526315789475,0.4,0.3442622950819672,41.8235294117647,82.0,102.0,219.74723874829766,111.72029402520968,108.02694472308798,0.0011443437328232553,0.002253624959848821,,,,0.0022539999336004257,False,,,,,,,Constructive heuristic,,
20260731_124647-0400,20260731_124647-0400-0100,100,150,A4x4_T50_S10,10,50,Greedy-Density-Operational,0.25652834257208496,0.39307787391841786,0.4057255676209279,19.0,0.38,12.0,21.0,1350.0,0.3157894736842105,0.4666666666666667,0.4426229508196721,40.68421052631579,91.0,103.0,207.76213718236474,106.03214916315754,101.72998801920718,0.0012347213310908297,0.0019473329884931445,,,,0.001947582932189107,False,,,,,,,Constructive heuristic,,
20260731_124647-0400,20260731_124647-0400-0100,100,150,A4x4_T50_S10,10,50,Greedy-Density-Cycle,0.25652834257208496,0.39307787391841786,0.4057255676209279,19.0,0.38,12.0,21.0,1350.0,0.3157894736842105,0.4666666666666667,0.4426229508196721,40.68421052631579,91.0,103.0,207.76213718236474,106.03214916315754,101.72998801920718,0.0012347213310908297,0.002077291952446103,,,,0.002077499986626208,False,,,,,,,Constructive heuristic,,
20260731_124647-0400,20260731_124647-0400-0100,100,150,A4x4_T50_S10,10,50,HiGHS-1s,,,,,,,,,,,,,,,,,,,5.447242250083946,5.447242250083946,0.3226720420643687,0.05855758395045996,5.828471876098774,False,,,,49650.0,15355.0,133649.0,Time limit reached. (HiGHS Status 13: model_status is Time limit reached; primal_status is At lower/fixed bound),,1.0
20260731_124647-0400,20260731_124647-0400-0100,100,150,A4x4_T50_S10,10,50,HiGHS-5s,,,,,,,,,,,,,,,,,,,5.0361667920369655,5.0361667920369655,0.3226720420643687,0.05855758395045996,5.417396418051794,False,,,,49650.0,15355.0,133649.0,Time limit reached. (HiGHS Status 13: model_status is Time limit reached; primal_status is At lower/fixed bound),,5.0
20260731_124647-0400,20260731_124647-0400-0100,100,150,A4x4_T50_S10,10,50,HiGHS-15s,0.28937613628686154,0.44066749072929545,0.4323790720631786,20.0,0.4,16.0,23.0,800.0,0.42105263157894735,0.5111111111111111,0.26229508196721313,42.6,94.0,109.0,210.58532031751614,106.61088469583035,103.97443562168577,0.0013741515118458696,6.775712083093822,6.775712083093822,0.3226720420643687,0.05855758395045996,7.156941709108651,True,0.0,0.28937613628686154,0.28937613628686154,49650.0,15355.0,133649.0,Optimization terminated successfully. (HiGHS Status 7: Optimal),1.0,15.0
20260731_124647-0400,20260731_124647-0400-0100,100,150,A4x4_T50_S10,10,50,HiGHS-60s,0.28937613628686154,0.44066749072929545,0.4323790720631786,20.0,0.4,16.0,23.0,800.0,0.42105263157894735,0.5111111111111111,0.26229508196721313,42.6,94.0,109.0,210.58532031751614,106.61088469583035,103.97443562168577,0.0013741515118458696,6.729138333001174,6.729138333001174,0.3226720420643687,0.05855758395045996,7.110367959016003,True,0.0,0.28937613628686154,0.28937613628686154,49650.0,15355.0,133649.0,Optimization terminated successfully. (HiGHS Status 7: Optimal),1.0,60.0
20260731_124647-0400,20260731_124647-0400-0100,100,150,A4x4_T50_S10,10,50,HiGHS-600s,0.28937613628686154,0.44066749072929545,0.4323790720631786,20.0,0.4,16.0,23.0,800.0,0.42105263157894735,0.5111111111111111,0.26229508196721313,42.6,94.0,109.0,210.58532031751614,106.61088469583035,103.97443562168577,0.0013741515118458696,7.458329666987993,7.458329666987993,0.3226720420643687,0.05855758395045996,7.8395592930028215,True,0.0,0.28937613628686154,0.28937613628686154,49650.0,15355.0,133649.0,Optimization terminated successfully. (HiGHS Status 7: Optimal),1.0,600.0
20260731_124647-0400,20260731_124647-0400-0101,101,150,A4x4_T50_S11,11,50,Greedy-Benefit,0.21657215907899813,0.31359102244389025,0.33002973240832517,17.0,0.34,13.0,8.0,2050.0,0.2826086956521739,0.2962962962962963,0.44086021505376344,48.0,91.0,103.0,241.24222814092064,130.62971910596576,110.61250903495491,0.0008977373519883443,0.0022902910131961107,,,,0.002290541073307395,False,,,,,,,Constructive heuristic,,
20260731_124647-0400,20260731_124647-0400-0101,101,150,A4x4_T50_S11,11,50,Greedy-Density-Operational,0.22000276976863514,0.32668329177057354,0.3458870168483647,18.0,0.36,13.0,9.0,2150.0,0.2826086956521739,0.3333333333333333,0.46236559139784944,47.111111111111114,91.0,103.0,248.3454353767172,124.80955246551346,123.53588291120376,0.0008858740223467815,0.0019450830295681953,,,,0.0019453749991953373,False,,,,,,,Constructive heuristic,,
20260731_124647-0400,20260731_124647-0400-0101,101,150,A4x4_T50_S11,11,50,Greedy-Density-Cycle,0.2209741647849446,0.3229426433915212,0.3399405351833499,17.0,0.34,13.0,9.0,2050.0,0.2826086956521739,0.3333333333333333,0.44086021505376344,44.529411764705884,91.0,103.0,234.6503840420325,127.88501096207719,106.76537307995534,0.000941716612513031,0.0018010830972343683,,,,0.0018012910149991512,False,,,,,,,Constructive heuristic,,
20260731_124647-0400,20260731_124647-0400-0101,101,150,A4x4_T50_S11,11,50,HiGHS-1s,,,,,,,,,,,,,,,,,,,14.544416083022952,14.544416083022952,0.9409089999971911,0.19239562505390495,15.677720708074048,False,,,,182926.0,43947.0,504885.0,Time limit reached. (HiGHS Status 13: model_status is Time limit reached; primal_status is At lower/fixed bound),,1.0
20260731_124647-0400,20260731_124647-0400-0101,101,150,A4x4_T50_S11,11,50,HiGHS-5s,,,,,,,,,,,,,,,,,,,14.763920375029556,14.763920375029556,0.9409089999971911,0.19239562505390495,15.897225000080653,False,,,,182926.0,43947.0,504885.0,Time limit reached. (HiGHS Status 13: model_status is Time limit reached; primal_status is At lower/fixed bound),,5.0
20260731_124647-0400,20260731_124647-0400-0101,101,150,A4x4_T50_S11,11,50,HiGHS-15s,,,,,,,,,,,,,,,,,,,16.148037332925014,16.148037332925014,0.9409089999971911,0.19239562505390495,17.28134195797611,False,,-0.0,36.918125227662415,182926.0,43947.0,504885.0,Time limit reached. (HiGHS Status 13: Time limit reached),0.0,15.0
20260731_124647-0400,20260731_124647-0400-0101,101,150,A4x4_T50_S11,11,50,HiGHS-60s,0.18431772506484823,0.3098503740648379,0.3141724479682854,16.0,0.32,13.0,10.0,1450.0,0.2826086956521739,0.37037037037037035,0.3118279569892473,48.5625,90.0,102.0,225.80917672932614,130.94806686096504,94.86110986836108,0.0008162543601396101,60.052573375054635,60.052573375054635,0.9409089999971911,0.19239562505390495,61.18587800010573,False,0.4627041151962973,0.18431772506484823,0.2696022949559732,182926.0,43947.0,504885.0,Time limit reached. (HiGHS Status 13: Time limit reached),0.0,60.0
20260731_124647-0400,20260731_124647-0400-0101,101,150,A4x4_T50_S11,11,50,HiGHS-600s,0.26922808342691884,0.3821695760598504,0.3845391476709615,19.0,0.38,17.0,11.0,1800.0,0.3695652173913043,0.4074074074074074,0.3870967741935484,50.10526315789474,98.0,110.0,253.03045210295193,141.05296359766385,111.9774885052881,0.0010640145531470517,93.8191456249915,93.8191456249915,0.9409089999971911,0.19239562505390495,94.9524502500426,True,0.0,0.26922808342691884,0.26922808342691884,182926.0,43947.0,504885.0,Optimization terminated successfully. (HiGHS Status 7: Optimal),1.0,600.0
20260731_124647-0400,20260731_124647-0400-0102,102,150,A4x4_T50_S12,12,50,Greedy-Benefit,0.3144073088593781,0.4527584020291693,0.4332988624612204,20.0,0.4,24.0,11.0,1150.0,0.5217391304347826,0.36666666666666664,0.3333333333333333,42.4,100.0,115.0,233.70262995889522,116.99875177307605,116.7038781858191,0.0013453306405438298,0.002189749968238175,,,,0.0021901249419897795,False,,,,,,,Constructive heuristic,,
20260731_124647-0400,20260731_124647-0400-0102,102,150,A4x4_T50_S12,12,50,Greedy-Density-Operational,0.3263183715958805,0.46670894102726695,0.45087900723888324,21.0,0.42,23.0,14.0,1100.0,0.5,0.4666666666666667,0.3188405797101449,39.0,86.0,102.0,210.58948925119898,105.43136320585901,105.15812604533997,0.0015495472863160601,0.0018746660789474845,,,,0.0018749580485746264,False,,,,,,,Constructive heuristic,,
20260731_124647-0400,20260731_124647-0400-0102,102,150,A4x4_T50_S12,12,50,Greedy-Density-Cycle,0.3263183715958805,0.46670894102726695,0.45087900723888324,21.0,0.42,23.0,14.0,1100.0,0.5,0.4666666666666667,0.3188405797101449,39.0,86.0,102.0,210.58948925119898,105.43136320585901,105.15812604533997,0.0015495472863160601,0.0018232499714940786,,,,0.001823499915190041,False,,,,,,,Constructive heuristic,,
20260731_124647-0400,20260731_124647-0400-0102,102,150,A4x4_T50_S12,12,50,HiGHS-1s,,,,,,,,,,,,,,,,,,,4.687394708045758,4.687394708045758,0.5033422079868615,0.0704985000193119,5.261235416051932,False,,,,92370.0,25418.0,251746.0,Time limit reached. (HiGHS Status 13: model_status is Time limit reached; primal_status is At lower/fixed bound),,1.0
20260731_124647-0400,20260731_124647-0400-0102,102,150,A4x4_T50_S12,12,50,HiGHS-5s,,,,,,,,,,,,,,,,,,,5.0441317920340225,5.0441317920340225,0.5033422079868615,0.0704985000193119,5.617972500040196,False,,-0.0,4.282172128481843,92370.0,25418.0,251746.0,Time limit reached. (HiGHS Status 13: Time limit reached),0.0,5.0
20260731_124647-0400,20260731_124647-0400-0102,102,150,A4x4_T50_S12,12,50,HiGHS-15s,0.3598833293462119,0.5117311350665821,0.4932781799379525,22.0,0.44,24.0,18.0,950.0,0.5217391304347826,0.6,0.2753623188405797,45.77272727272727,101.0,116.0,230.85049825772117,115.49479478623249,115.35570347148865,0.00155894543032105,12.93198170803953,12.93198170803953,0.5033422079868615,0.0704985000193119,13.505822416045703,True,0.0,0.35988332934621187,0.35988332934621187,92370.0,25418.0,251746.0,Optimization terminated successfully. (HiGHS Status 7: Optimal),1.0,15.0
20260731_124647-0400,20260731_124647-0400-0102,102,150,A4x4_T50_S12,12,50,HiGHS-60s,0.3598833293462119,0.5117311350665821,0.4932781799379525,22.0,0.44,24.0,18.0,950.0,0.5217391304347826,0.6,0.2753623188405797,45.77272727272727,101.0,116.0,230.85049825772117,115.49479478623249,115.35570347148865,0.00155894543032105,12.804622915922664,12.804622915922664,0.5033422079868615,0.0704985000193119,13.378463623928837,True,0.0,0.35988332934621187,0.35988332934621187,92370.0,25418.0,251746.0,Optimization terminated successfully. (HiGHS Status 7: Optimal),1.0,60.0
20260731_124647-0400,20260731_124647-0400-0102,102,150,A4x4_T50_S12,12,50,HiGHS-600s,0.3598833293462119,0.5117311350665821,0.4932781799379525,22.0,0.44,24.0,18.0,950.0,0.5217391304347826,0.6,0.2753623188405797,45.77272727272727,101.0,116.0,230.85049825772117,115.49479478623249,115.35570347148865,0.00155894543032105,12.784921584068798,12.784921584068798,0.5033422079868615,0.0704985000193119,13.358762292074971,True,0.0,0.35988332934621187,0.35988332934621187,92370.0,25418.0,251746.0,Optimization terminated successfully. (HiGHS Status 7: Optimal),1.0,600.0
20260731_124647-0400,20260731_124647-0400-0103,103,150,A4x4_T50_S13,13,50,Greedy-Benefit,0.2946186607129959,0.3902439024390243,0.392378990731205,18.0,0.36,22.0,11.0,850.0,0.3728813559322034,0.4583333333333333,0.3617021276595745,40.388888888888886,80.0,95.0,215.36081447769183,113.24719163506137,102.11362284263046,0.0013680235256702839,0.00255987502168864,,,,0.002560083055868745,False,,,,,,,Constructive heuristic,,
20260731_124647-0400,20260731_124647-0400-0103,103,150,A4x4_T50_S13,13,50,Greedy-Density-Operational,0.30798757281929967,0.4259369422962521,0.4232749742533471,20.0,0.4,25.0,11.0,850.0,0.423728813559322,0.4583333333333333,0.3617021276595745,42.2,94.0,116.0,245.8222184737209,123.2844484403784,122.53777003334251,0.0012528874514743035,0.00203466706443578,,,,0.002034959034062922,False,,,,,,,Constructive heuristic,,
20260731_124647-0400,20260731_124647-0400-0103,103,150,A4x4_T50_S13,13,50,Greedy-Density-Cycle,0.30798757281929967,0.4259369422962521,0.4232749742533471,20.0,0.4,25.0,11.0,850.0,0.423728813559322,0.4583333333333333,0.3617021276595745,42.2,94.0,116.0,245.8222184737209,123.2844484403784,122.53777003334251,0.0012528874514743035,0.0020466248970478773,,,,0.002046832931227982,False,,,,,,,Constructive heuristic,,
20260731_124647-0400,20260731_124647-0400-0103,103,150,A4x4_T50_S13,13,50,HiGHS-1s,,,,,,,,,,,,,,,,,,,11.638971208012663,11.638971208012663,0.9345242499839514,0.18118716694880277,12.754682624945417,False,,,,158883.0,40879.0,435824.0,Time limit reached. (HiGHS Status 13: model_status is Time limit reached; primal_status is At lower/fixed bound),,1.0
20260731_124647-0400,20260731_124647-0400-0103,103,150,A4x4_T50_S13,13,50,HiGHS-5s,,,,,,,,,,,,,,,,,,,11.723432459053583,11.723432459053583,0.9345242499839514,0.18118716694880277,12.839143875986338,False,,,,158883.0,40879.0,435824.0,Time limit reached. (HiGHS Status 13: model_status is Time limit reached; primal_status is At lower/fixed bound),,5.0
20260731_124647-0400,20260731_124647-0400-0103,103,150,A4x4_T50_S13,13,50,HiGHS-15s,0.11754068942646341,0.19690660321237358,0.21215242018537595,12.0,0.24,8.0,9.0,600.0,0.13559322033898305,0.375,0.2553191489361702,36.333333333333336,64.0,83.0,117.43316463871281,72.02394461496525,45.40922002374755,0.0010009156253949333,15.095615166937932,15.095615166937932,0.9345242499839514,0.18118716694880277,16.211326583870687,False,193.06244476892425,0.11754068942646341,22.810233549924334,158883.0,40879.0,435824.0,Time limit reached. (HiGHS Status 13: Time limit reached),0.0,15.0
20260731_124647-0400,20260731_124647-0400-0103,103,150,A4x4_T50_S13,13,50,HiGHS-60s,0.32719771949507176,0.4735276621058892,0.46446961894953653,23.0,0.46,29.0,11.0,850.0,0.4915254237288136,0.4583333333333333,0.3617021276595745,48.04347826086956,92.0,110.0,242.70248423694935,121.98371191664516,120.71877232030415,0.001348143264885703,47.22388066595886,47.22388066595886,0.9345242499839514,0.18118716694880277,48.33959208289161,True,0.0,0.3271977194950718,0.3271977194950718,158883.0,40879.0,435824.0,Optimization terminated successfully. (HiGHS Status 7: Optimal),1.0,60.0
20260731_124647-0400,20260731_124647-0400-0103,103,150,A4x4_T50_S13,13,50,HiGHS-600s,0.32719771949507176,0.4735276621058892,0.46446961894953653,23.0,0.46,29.0,11.0,850.0,0.4915254237288136,0.4583333333333333,0.3617021276595745,48.04347826086956,92.0,110.0,242.70248423694935,121.98371191664516,120.71877232030415,0.001348143264885703,47.10195537493564,47.10195537493564,0.9345242499839514,0.18118716694880277,48.217666791868396,True,0.0,0.3271977194950718,0.3271977194950718,158883.0,40879.0,435824.0,Optimization terminated successfully. (HiGHS Status 7: Optimal),1.0,600.0
20260731_124647-0400,20260731_124647-0400-0104,104,150,A4x4_T50_S14,14,50,Greedy-Benefit,0.30846256460484023,0.43849585723390705,0.43904856293359773,22.0,0.44,17.0,15.0,2050.0,0.5151515151515151,0.32608695652173914,0.5616438356164384,46.63636363636363,92.0,105.0,202.53164243531083,108.64647100210107,93.88517143320976,0.001523033936306343,0.002410957938991487,,,,0.0024112079991027713,False,,,,,,,Constructive heuristic,,
20260731_124647-0400,20260731_124647-0400-0104,104,150,A4x4_T50_S14,14,50,Greedy-Density-Operational,0.3081964994238453,0.41172721478648827,0.42220019821605564,22.0,0.44,14.0,16.0,2100.0,0.42424242424242425,0.34782608695652173,0.5753424657534246,40.59090909090909,79.0,94.0,180.05829115702306,93.68921375127215,86.36907740575091,0.0017116484747435319,0.0019753329688683152,,,,0.0019754579989239573,False,,,,,,,Constructive heuristic,,
20260731_124647-0400,20260731_124647-0400-0104,104,150,A4x4_T50_S14,14,50,Greedy-Density-Cycle,0.3081964994238453,0.41172721478648827,0.42220019821605564,22.0,0.44,14.0,16.0,2100.0,0.42424242424242425,0.34782608695652173,0.5753424657534246,40.59090909090909,79.0,94.0,180.05829115702306,93.68921375127215,86.36907740575091,0.0017116484747435319,0.001873500063084066,,,,0.0018737079808488488,False,,,,,,,Constructive heuristic,,
20260731_124647-0400,20260731_124647-0400-0104,104,150,A4x4_T50_S14,14,50,HiGHS-1s,,,,,,,,,,,,,,,,,,,13.912719542044215,13.912719542044215,0.8391072090016678,0.18404195795301348,14.935868708998896,False,,,,171465.0,39870.0,474579.0,Time limit reached. (HiGHS Status 13: model_status is Time limit reached; primal_status is At lower/fixed bound),,1.0
20260731_124647-0400,20260731_124647-0400-0104,104,150,A4x4_T50_S14,14,50,HiGHS-5s,,,,,,,,,,,,,,,,,,,13.874166375026107,13.874166375026107,0.8391072090016678,0.18404195795301348,14.897315541980788,False,,,,171465.0,39870.0,474579.0,Time limit reached. (HiGHS Status 13: model_status is Time limit reached; primal_status is At lower/fixed bound),,5.0
20260731_124647-0400,20260731_124647-0400-0104,104,150,A4x4_T50_S14,14,50,HiGHS-15s,,,,,,,,,,,,,,,,,,,15.46845820802264,15.46845820802264,0.8391072090016678,0.18404195795301348,16.49160737497732,False,,-0.0,26.585280703442045,171465.0,39870.0,474579.0,Time limit reached. (HiGHS Status 13: Time limit reached),0.0,15.0
20260731_124647-0400,20260731_124647-0400-0104,104,150,A4x4_T50_S14,14,50,HiGHS-60s,0.28525698530494903,0.40025493945188034,0.40931615460852344,21.0,0.42,14.0,15.0,2050.0,0.42424242424242425,0.32608695652173914,0.5616438356164384,44.666666666666664,96.0,108.0,181.65240565760118,90.82620282880058,90.82620282880058,0.0015703452110765513,60.3454697499983,60.3454697499983,0.8391072090016678,0.18404195795301348,61.36861891695298,False,0.20886941340711324,0.28525698530494903,0.34483844449587525,171465.0,39870.0,474579.0,Time limit reached. (HiGHS Status 13: Time limit reached),0.0,60.0
20260731_124647-0400,20260731_124647-0400-0104,104,150,A4x4_T50_S14,14,50,HiGHS-600s,0.34473080902908676,0.47864882090503513,0.48166501486620433,24.0,0.48,17.0,19.0,2100.0,0.5151515151515151,0.41304347826086957,0.5753424657534246,48.125,96.0,108.0,218.71645438408137,112.83739456992552,105.87905981415582,0.0015761539752455725,66.77743145893328,66.77743145893328,0.8391072090016678,0.18404195795301348,67.80058062588796,True,0.0,0.34473080902908676,0.34473080902908676,171465.0,39870.0,474579.0,Optimization terminated successfully. (HiGHS Status 7: Optimal),1.0,600.0
20260731_124647-0400,20260731_124647-0400-0105,105,150,A4x4_T50_S15,15,50,Greedy-Benefit,0.2220293310794736,0.3573903002309469,0.3527131782945735,17.0,0.34,20.0,11.0,900.0,0.4,0.275,0.4090909090909091,45.88235294117647,96.0,114.0,249.63086197576845,126.14597282562598,123.4848891501425,0.0008894306149574802,0.0021892919903621078,,,,0.0021894999081268907,False,,,,,,,Constructive heuristic,,
20260731_124647-0400,20260731_124647-0400-0105,105,150,A4x4_T50_S15,15,50,Greedy-Density-Operational,0.24369755308492314,0.384526558891455,0.3885658914728682,20.0,0.4,21.0,11.0,1350.0,0.42,0.275,0.6136363636363636,45.4,96.0,114.0,241.90959119131963,122.01992688266213,119.88966430865744,0.0010073910335047008,0.0019492909777909517,,,,0.001949541037902236,False,,,,,,,Constructive heuristic,,
20260731_124647-0400,20260731_124647-0400-0105,105,150,A4x4_T50_S15,15,50,Greedy-Density-Cycle,0.24065704618588304,0.37066974595842955,0.37015503875968986,19.0,0.38,21.0,10.0,1200.0,0.42,0.25,0.5454545454545454,43.26315789473684,96.0,114.0,240.15580244255497,120.26613813389746,119.88966430865744,0.0010020871606608297,0.002004208043217659,,,,0.0020044170087203383,False,,,,,,,Constructive heuristic,,
20260731_124647-0400,20260731_124647-0400-0105,105,150,A4x4_T50_S15,15,50,HiGHS-1s,,,,,,,,,,,,,,,,,,,1.8109518340788782,1.8109518340788782,0.2693806670140475,0.030640332959592342,2.110972834052518,False,,,,38074.0,13704.0,100572.0,Time limit reached. (HiGHS Status 13: model_status is Time limit reached; primal_status is At lower/fixed bound),,1.0
20260731_124647-0400,20260731_124647-0400-0105,105,150,A4x4_T50_S15,15,50,HiGHS-5s,0.2822150465815726,0.4359122401847575,0.42635658914728675,19.0,0.38,22.0,19.0,500.0,0.44,0.475,0.22727272727272727,46.21052631578947,95.0,110.0,224.19190895928546,112.38929728860437,111.8026116706811,0.001258810132317596,2.7506357500096783,2.7506357500096783,0.2693806670140475,0.030640332959592342,3.050656749983318,True,0.0,0.2822150465815726,0.2822150465815726,38074.0,13704.0,100572.0,Optimization terminated successfully. (HiGHS Status 7: Optimal),1.0,5.0
20260731_124647-0400,20260731_124647-0400-0105,105,150,A4x4_T50_S15,15,50,HiGHS-15s,0.2822150465815726,0.4359122401847575,0.42635658914728675,19.0,0.38,22.0,19.0,500.0,0.44,0.475,0.22727272727272727,46.21052631578947,95.0,110.0,224.19190895928546,112.38929728860437,111.8026116706811,0.001258810132317596,2.7044779589632526,2.7044779589632526,0.2693806670140475,0.030640332959592342,3.0044989589368924,True,0.0,0.2822150465815726,0.2822150465815726,38074.0,13704.0,100572.0,Optimization terminated successfully. (HiGHS Status 7: Optimal),1.0,15.0
20260731_124647-0400,20260731_124647-0400-0105,105,150,A4x4_T50_S15,15,50,HiGHS-60s,0.2822150465815726,0.4359122401847575,0.42635658914728675,19.0,0.38,22.0,19.0,500.0,0.44,0.475,0.22727272727272727,46.21052631578947,95.0,110.0,224.19190895928546,112.38929728860437,111.8026116706811,0.001258810132317596,2.680710875079967,2.680710875079967,0.2693806670140475,0.030640332959592342,2.980731875053607,True,0.0,0.2822150465815726,0.2822150465815726,38074.0,13704.0,100572.0,Optimization terminated successfully. (HiGHS Status 7: Optimal),1.0,60.0
20260731_124647-0400,20260731_124647-0400-0105,105,150,A4x4_T50_S15,15,50,HiGHS-600s,0.2822150465815726,0.4359122401847575,0.42635658914728675,19.0,0.38,22.0,19.0,500.0,0.44,0.475,0.22727272727272727,46.21052631578947,95.0,110.0,224.19190895928546,112.38929728860437,111.8026116706811,0.001258810132317596,2.7403218330582604,2.7403218330582604,0.2693806670140475,0.030640332959592342,3.0403428330319002,True,0.0,0.2822150465815726,0.2822150465815726,38074.0,13704.0,100572.0,Optimization terminated successfully. (HiGHS Status 7: Optimal),1.0,600.0
20260731_124647-0400,20260731_124647-0400-0106,106,150,A4x4_T50_S16,16,50,Greedy-Benefit,0.23063718349233475,0.3542413381123057,0.32519531249999994,16.0,0.32,22.0,8.0,550.0,0.43137254901960786,0.2857142857142857,0.14102564102564102,49.4375,104.0,126.0,277.213917582376,166.57698202988547,110.63693555249047,0.000831982699511468,0.002507291967049241,,,,0.0025075420271605253,False,,,,,,,Constructive heuristic,,
20260731_124647-0400,20260731_124647-0400-0106,106,150,A4x4_T50_S16,16,50,Greedy-Density-Operational,0.24913358515753964,0.3924731182795699,0.3779296875,19.0,0.38,21.0,12.0,950.0,0.4117647058823529,0.42857142857142855,0.24358974358974358,43.10526315789474,98.0,120.0,247.35311426919213,128.91939383513954,118.43372043405255,0.0010071980936791837,0.002156917005777359,,,,0.0021571670658886433,False,,,,,,,Constructive heuristic,,
20260731_124647-0400,20260731_124647-0400-0106,106,150,A4x4_T50_S16,16,50,Greedy-Density-Cycle,0.24581323253142756,0.39784946236559143,0.38671875000000006,20.0,0.4,21.0,12.0,1100.0,0.4117647058823529,0.42857142857142855,0.28205128205128205,45.9,98.0,120.0,258.9960364961843,134.8053500508816,124.19068644530266,0.0009491003640708188,0.002106541069224477,,,,0.0021067910129204392,False,,,,,,,Constructive heuristic,,
20260731_124647-0400,20260731_124647-0400-0106,106,150,A4x4_T50_S16,16,50,HiGHS-1s,,,,,,,,,,,,,,,,,,,7.443827792070806,7.443827792070806,0.47009154106490314,0.11786475009284914,8.031784083228558,False,,,,90986.0,27720.0,245292.0,Time limit reached. (HiGHS Status 13: model_status is Time limit reached; primal_status is At lower/fixed bound),,1.0
20260731_124647-0400,20260731_124647-0400-0106,106,150,A4x4_T50_S16,16,50,HiGHS-5s,,,,,,,,,,,,,,,,,,,7.2249967500101775,7.2249967500101775,0.47009154106490314,0.11786475009284914,7.81295304116793,False,,,,90986.0,27720.0,245292.0,Time limit reached. (HiGHS Status 13: model_status is Time limit reached; primal_status is At lower/fixed bound),,5.0
20260731_124647-0400,20260731_124647-0400-0106,106,150,A4x4_T50_S16,16,50,HiGHS-15s,0.22713253339148812,0.3070489844683392,0.29687500000000006,13.0,0.26,14.0,14.0,400.0,0.27450980392156865,0.5,0.10256410256410256,43.30769230769231,88.0,108.0,162.5973892703444,81.5354531388281,81.06193613151632,0.0013969014780049367,15.026201875065453,15.026201875065453,0.47009154106490314,0.11786475009284914,15.614158166223206,False,0.22506726797124296,0.22713253339148812,0.27825263214929746,90986.0,27720.0,245292.0,Time limit reached. (HiGHS Status 13: Time limit reached),0.0,15.0
20260731_124647-0400,20260731_124647-0400-0106,106,150,A4x4_T50_S16,16,50,HiGHS-60s,0.2777536966221518,0.42891278375149333,0.41796875000000006,20.0,0.4,20.0,18.0,800.0,0.39215686274509803,0.6428571428571429,0.20512820512820512,51.2,94.0,114.0,271.44524727623605,135.89028024651034,135.55496702972565,0.001023240227667335,26.30032774992287,26.30032774992287,0.47009154106490314,0.11786475009284914,26.888284041080624,True,0.0,0.2777536966221519,0.2777536966221519,90986.0,27720.0,245292.0,Optimization terminated successfully. (HiGHS Status 7: Optimal),1.0,60.0
20260731_124647-0400,20260731_124647-0400-0106,106,150,A4x4_T50_S16,16,50,HiGHS-600s,0.2777536966221518,0.42891278375149333,0.41796875000000006,20.0,0.4,20.0,18.0,800.0,0.39215686274509803,0.6428571428571429,0.20512820512820512,51.2,94.0,114.0,271.44524727623605,135.89028024651034,135.55496702972565,0.001023240227667335,26.186613625031896,26.186613625031896,0.47009154106490314,0.11786475009284914,26.774569916189648,True,0.0,0.2777536966221519,0.2777536966221519,90986.0,27720.0,245292.0,Optimization terminated successfully. (HiGHS Status 7: Optimal),1.0,600.0
20260731_124647-0400,20260731_124647-0400-0107,107,150,A4x4_T50_S17,17,50,Greedy-Benefit,0.23725512122725714,0.3696450428396572,0.34627170582226763,17.0,0.34,23.0,7.0,650.0,0.41818181818181815,0.3333333333333333,0.1780821917808219,49.23529411764706,105.0,127.0,281.7593025016264,146.9039192629698,134.8553832386566,0.0008420489372338918,0.0022546660620719194,,,,0.002254916005767882,False,,,,,,,Constructive heuristic,,
20260731_124647-0400,20260731_124647-0400-0107,107,150,A4x4_T50_S17,17,50,Greedy-Density-Operational,0.23317062535416394,0.3996328029375764,0.37589376915219613,18.0,0.36,25.0,7.0,800.0,0.45454545454545453,0.3333333333333333,0.2191780821917808,44.0,98.0,120.0,240.03753710957739,120.13184207270307,119.90569503687432,0.0009713923420557398,0.0019680409459397197,,,,0.001968249911442399,False,,,,,,,Constructive heuristic,,
20260731_124647-0400,20260731_124647-0400-0107,107,150,A4x4_T50_S17,17,50,Greedy-Density-Cycle,0.22154727277147146,0.3959608323133415,0.39019407558733404,19.0,0.38,22.0,9.0,1200.0,0.4,0.42857142857142855,0.3287671232876712,46.10526315789474,98.0,120.0,244.1255076515725,122.2403224459466,121.8851852056259,0.0009075138231260711,0.002111916895955801,,,,0.0021121669560670853,False,,,,,,,Constructive heuristic,,
20260731_124647-0400,20260731_124647-0400-0107,107,150,A4x4_T50_S17,17,50,HiGHS-1s,,,,,,,,,,,,,,,,,,,5.941343083977699,5.941343083977699,0.41219437494874,0.09793041599914432,6.451467874925584,False,,,,71171.0,24804.0,188763.0,Time limit reached. (HiGHS Status 13: model_status is Time limit reached; primal_status is At lower/fixed bound),,1.0
20260731_124647-0400,20260731_124647-0400-0107,107,150,A4x4_T50_S17,17,50,HiGHS-5s,,,,,,,,,,,,,,,,,,,5.863985667005181,5.863985667005181,0.41219437494874,0.09793041599914432,6.374110457953066,False,,,,71171.0,24804.0,188763.0,Time limit reached. (HiGHS Status 13: model_status is Time limit reached; primal_status is At lower/fixed bound),,5.0
20260731_124647-0400,20260731_124647-0400-0107,107,150,A4x4_T50_S17,17,50,HiGHS-15s,0.2897116089998699,0.42288861689106483,0.40960163432073554,20.0,0.4,23.0,12.0,850.0,0.41818181818181815,0.5714285714285714,0.2328767123287671,44.9,101.0,120.0,246.06007064138913,123.07330817417042,122.98676246721871,0.0011774019581669512,8.640746250050142,8.640746250050142,0.41219437494874,0.09793041599914432,9.150871040998027,True,0.0,0.28971160899987,0.28971160899987,71171.0,24804.0,188763.0,Optimization terminated successfully. (HiGHS Status 7: Optimal),1.0,15.0
20260731_124647-0400,20260731_124647-0400-0107,107,150,A4x4_T50_S17,17,50,HiGHS-60s,0.2897116089998699,0.42288861689106483,0.40960163432073554,20.0,0.4,23.0,12.0,850.0,0.41818181818181815,0.5714285714285714,0.2328767123287671,44.9,101.0,120.0,246.06007064138913,123.07330817417042,122.98676246721871,0.0011774019581669512,8.986856542062014,8.986856542062014,0.41219437494874,0.09793041599914432,9.496981333009899,True,0.0,0.28971160899987,0.28971160899987,71171.0,24804.0,188763.0,Optimization terminated successfully. (HiGHS Status 7: Optimal),1.0,60.0
20260731_124647-0400,20260731_124647-0400-0107,107,150,A4x4_T50_S17,17,50,HiGHS-600s,0.2897116089998699,0.42288861689106483,0.40960163432073554,20.0,0.4,23.0,12.0,850.0,0.41818181818181815,0.5714285714285714,0.2328767123287671,44.9,101.0,120.0,246.06007064138913,123.07330817417042,122.98676246721871,0.0011774019581669512,8.87457883299794,8.87457883299794,0.41219437494874,0.09793041599914432,9.384703623945825,True,0.0,0.28971160899987,0.28971160899987,71171.0,24804.0,188763.0,Optimization terminated successfully. (HiGHS Status 7: Optimal),1.0,600.0
20260731_124647-0400,20260731_124647-0400-0108,108,150,A4x4_T50_S18,18,50,Greedy-Benefit,0.24026791146398752,0.35366568914956015,0.3507246376811595,16.0,0.32,18.0,12.0,1050.0,0.3829787234042553,0.3,0.38181818181818183,45.875,97.0,110.0,243.23148352105795,128.99555663697308,114.23592688408488,0.000987815836937845,0.0023146250750869513,,,,0.002314832992851734,False,,,,,,,Constructive heuristic,,
20260731_124647-0400,20260731_124647-0400-0108,108,150,A4x4_T50_S18,18,50,Greedy-Density-Operational,0.23765834234126113,0.3665689149560118,0.3671497584541064,18.0,0.36,17.0,15.0,1000.0,0.3617021276595745,0.375,0.36363636363636365,46.166666666666664,105.0,125.0,245.294295856009,122.76238508859267,122.53191076741633,0.0009688702361051629,0.0020446249982342124,,,,0.0020449169678613544,False,,,,,,,Constructive heuristic,,
20260731_124647-0400,20260731_124647-0400-0108,108,150,A4x4_T50_S18,18,50,Greedy-Density-Cycle,0.23765834234126113,0.3665689149560118,0.3671497584541064,18.0,0.36,17.0,15.0,1000.0,0.3617021276595745,0.375,0.36363636363636365,46.166666666666664,105.0,125.0,245.294295856009,122.76238508859267,122.53191076741633,0.0009688702361051629,0.002070582937449217,,,,0.0020709579112008214,False,,,,,,,Constructive heuristic,,
20260731_124647-0400,20260731_124647-0400-0108,108,150,A4x4_T50_S18,18,50,HiGHS-1s,,,,,,,,,,,,,,,,,,,6.4422087910352275,6.4422087910352275,0.3854117919690907,0.055041874991729856,6.882662457996048,False,,,,69746.0,19788.0,189504.0,Time limit reached. (HiGHS Status 13: model_status is Time limit reached; primal_status is At lower/fixed bound),,1.0
20260731_124647-0400,20260731_124647-0400-0108,108,150,A4x4_T50_S18,18,50,HiGHS-5s,,,,,,,,,,,,,,,,,,,6.3487537920009345,6.3487537920009345,0.3854117919690907,0.055041874991729856,6.789207458961755,False,,,,69746.0,19788.0,189504.0,Time limit reached. (HiGHS Status 13: model_status is Time limit reached; primal_status is At lower/fixed bound),,5.0
20260731_124647-0400,20260731_124647-0400-0108,108,150,A4x4_T50_S18,18,50,HiGHS-15s,0.28640398687527463,0.3988269794721408,0.3864734299516909,19.0,0.38,22.0,12.0,1000.0,0.46808510638297873,0.3,0.36363636363636365,42.63157894736842,90.0,102.0,214.62648649581544,110.2837978895551,104.34268860626034,0.0013344298345994618,13.889327874989249,13.889327874989249,0.3854117919690907,0.055041874991729856,14.32978154195007,True,0.0,0.2864039868752747,0.2864039868752747,69746.0,19788.0,189504.0,Optimization terminated successfully. (HiGHS Status 7: Optimal),1.0,15.0
20260731_124647-0400,20260731_124647-0400-0108,108,150,A4x4_T50_S18,18,50,HiGHS-60s,0.28640398687527463,0.3988269794721408,0.3864734299516909,19.0,0.38,22.0,12.0,1000.0,0.46808510638297873,0.3,0.36363636363636365,42.63157894736842,90.0,102.0,214.62648649581544,110.2837978895551,104.34268860626034,0.0013344298345994618,13.922311833011918,13.922311833011918,0.3854117919690907,0.055041874991729856,14.362765499972738,True,0.0,0.2864039868752747,0.2864039868752747,69746.0,19788.0,189504.0,Optimization terminated successfully. (HiGHS Status 7: Optimal),1.0,60.0
20260731_124647-0400,20260731_124647-0400-0108,108,150,A4x4_T50_S18,18,50,HiGHS-600s,0.28640398687527463,0.3988269794721408,0.3864734299516909,19.0,0.38,22.0,12.0,1000.0,0.46808510638297873,0.3,0.36363636363636365,42.63157894736842,90.0,102.0,214.62648649581544,110.2837978895551,104.34268860626034,0.0013344298345994618,13.796345124952495,13.796345124952495,0.3854117919690907,0.055041874991729856,14.236798791913316,True,0.0,0.2864039868752747,0.2864039868752747,69746.0,19788.0,189504.0,Optimization terminated successfully. (HiGHS Status 7: Optimal),1.0,600.0
20260731_124647-0400,20260731_124647-0400-0109,109,150,A4x4_T50_S19,19,50,Greedy-Benefit,0.21226944737537304,0.3327731092436975,0.3095890410958903,15.0,0.3,21.0,9.0,650.0,0.4117647058823529,0.25,0.17333333333333334,46.2,88.0,102.0,249.68611107849577,125.46904982983644,124.21706124865935,0.000850145194133927,0.0020089580211788416,,,,0.002009207964874804,False,,,,,,,Constructive heuristic,,
20260731_124647-0400,20260731_124647-0400-0109,109,150,A4x4_T50_S19,19,50,Greedy-Density-Operational,0.22966458312569216,0.38319327731092445,0.36438356164383545,18.0,0.36,21.0,15.0,650.0,0.4117647058823529,0.4166666666666667,0.17333333333333334,49.111111111111114,95.0,115.0,284.4508290333534,142.94219354719453,141.50863548615888,0.0008073964273760747,0.0019662079866975546,,,,0.0019664160208776593,False,,,,,,,Constructive heuristic,,
20260731_124647-0400,20260731_124647-0400-0109,109,150,A4x4_T50_S19,19,50,Greedy-Density-Cycle,0.22966458312569216,0.38319327731092445,0.36438356164383545,18.0,0.36,21.0,15.0,650.0,0.4117647058823529,0.4166666666666667,0.17333333333333334,49.111111111111114,95.0,115.0,284.4508290333534,142.94219354719453,141.50863548615888,0.0008073964273760747,0.0018380419351160526,,,,0.0018382499692961574,False,,,,,,,Constructive heuristic,,
20260731_124647-0400,20260731_124647-0400-0109,109,150,A4x4_T50_S19,19,50,HiGHS-1s,,,,,,,,,,,,,,,,,,,3.2306615420384333,3.2306615420384333,0.25589787494391203,0.029098707949742675,3.515658124932088,False,,,,37381.0,13639.0,98558.0,Time limit reached. (HiGHS Status 13: model_status is Time limit reached; primal_status is At lower/fixed bound),,1.0
20260731_124647-0400,20260731_124647-0400-0109,109,150,A4x4_T50_S19,19,50,HiGHS-5s,0.2765489928410167,0.4033613445378152,0.3744292237442921,17.0,0.34,24.0,14.0,500.0,0.47058823529411764,0.3888888888888889,0.13333333333333333,41.529411764705884,80.0,96.0,221.55956732679417,110.95861737901556,110.60094994777857,0.0012481925117371017,4.0511809579329565,4.0511809579329565,0.25589787494391203,0.029098707949742675,4.336177540826611,True,0.0,0.27654899284101664,0.27654899284101664,37381.0,13639.0,98558.0,Optimization terminated successfully. (HiGHS Status 7: Optimal),1.0,5.0
20260731_124647-0400,20260731_124647-0400-0109,109,150,A4x4_T50_S19,19,50,HiGHS-15s,0.2765489928410167,0.4033613445378152,0.3744292237442921,17.0,0.34,24.0,14.0,500.0,0.47058823529411764,0.3888888888888889,0.13333333333333333,41.529411764705884,80.0,96.0,221.55956732679417,110.95861737901556,110.60094994777857,0.0012481925117371017,3.891649959026836,3.891649959026836,0.25589787494391203,0.029098707949742675,4.176646541920491,True,0.0,0.27654899284101664,0.27654899284101664,37381.0,13639.0,98558.0,Optimization terminated successfully. (HiGHS Status 7: Optimal),1.0,15.0
20260731_124647-0400,20260731_124647-0400-0109,109,150,A4x4_T50_S19,19,50,HiGHS-60s,0.2765489928410167,0.4033613445378152,0.3744292237442921,17.0,0.34,24.0,14.0,500.0,0.47058823529411764,0.3888888888888889,0.13333333333333333,41.529411764705884,80.0,96.0,221.55956732679417,110.95861737901556,110.60094994777857,0.0012481925117371017,3.9078939160099253,3.9078939160099253,0.25589787494391203,0.029098707949742675,4.19289049890358,True,0.0,0.27654899284101664,0.27654899284101664,37381.0,13639.0,98558.0,Optimization terminated successfully. (HiGHS Status 7: Optimal),1.0,60.0
20260731_124647-0400,20260731_124647-0400-0109,109,150,A4x4_T50_S19,19,50,HiGHS-600s,0.2765489928410167,0.4033613445378152,0.3744292237442921,17.0,0.34,24.0,14.0,500.0,0.47058823529411764,0.3888888888888889,0.13333333333333333,41.529411764705884,80.0,96.0,221.55956732679417,110.95861737901556,110.60094994777857,0.0012481925117371017,3.673993167001754,3.673993167001754,0.25589787494391203,0.029098707949742675,3.9589897498954087,True,0.0,0.27654899284101664,0.27654899284101664,37381.0,13639.0,98558.0,Optimization terminated successfully. (HiGHS Status 7: Optimal),1.0,600.0
20260731_124647-0400,20260731_124647-0400-0110,110,150,A4x4_T50_S20,20,50,Greedy-Benefit,0.2519221108804535,0.43905257076834187,0.41707080504364685,19.0,0.38,26.0,14.0,500.0,0.45614035087719296,0.5384615384615384,0.14925373134328357,50.68421052631579,89.0,114.0,255.58540554783278,128.74480106562737,126.8406044822054,0.0009856670428441436,0.0021548329386860132,,,,0.002155124908313155,False,,,,,,,Constructive heuristic,,
20260731_124647-0400,20260731_124647-0400-0110,110,150,A4x4_T50_S20,20,50,Greedy-Density-Operational,0.2396756202207952,0.35181975736568455,0.3530552861299709,17.0,0.34,21.0,7.0,1400.0,0.3684210526315789,0.2692307692307692,0.417910447761194,39.64705882352941,90.0,105.0,209.87414496763108,105.1143860969093,104.75975887072177,0.0011419968870284636,0.001925540971569717,,,,0.0019257910316810012,False,,,,,,,Constructive heuristic,,
20260731_124647-0400,20260731_124647-0400-0110,110,150,A4x4_T50_S20,20,50,Greedy-Density-Cycle,0.2396756202207952,0.35181975736568455,0.3530552861299709,17.0,0.34,21.0,7.0,1400.0,0.3684210526315789,0.2692307692307692,0.417910447761194,39.64705882352941,90.0,105.0,209.87414496763108,105.1143860969093,104.75975887072177,0.0011419968870284636,0.0020906670251861215,,,,0.0020909170852974057,False,,,,,,,Constructive heuristic,,
20260731_124647-0400,20260731_124647-0400-0110,110,150,A4x4_T50_S20,20,50,HiGHS-1s,,,,,,,,,,,,,,,,,,,5.867397292051464,5.867397292051464,0.3695986660895869,0.10062004101928324,6.3376159991603345,False,,,,70277.0,21622.0,189263.0,Time limit reached. (HiGHS Status 13: model_status is Time limit reached; primal_status is At lower/fixed bound),,1.0
20260731_124647-0400,20260731_124647-0400-0110,110,150,A4x4_T50_S20,20,50,HiGHS-5s,,,,,,,,,,,,,,,,,,,5.930228749988601,5.930228749988601,0.3695986660895869,0.10062004101928324,6.400447457097471,False,,,,70277.0,21622.0,189263.0,Time limit reached. (HiGHS Status 13: model_status is Time limit reached; primal_status is At lower/fixed bound),,5.0
20260731_124647-0400,20260731_124647-0400-0110,110,150,A4x4_T50_S20,20,50,HiGHS-15s,0.30724532831175966,0.46735990756787965,0.44519883608147415,19.0,0.38,28.0,14.0,650.0,0.49122807017543857,0.5384615384615384,0.19402985074626866,42.68421052631579,93.0,115.0,235.30092007014616,118.0850079273882,117.21591214275796,0.0013057548955616746,10.014797708019614,10.014797708019614,0.3695986660895869,0.10062004101928324,10.485016415128484,True,0.0,0.30724532831175966,0.30724532831175966,70277.0,21622.0,189263.0,Optimization terminated successfully. (HiGHS Status 7: Optimal),1.0,15.0
20260731_124647-0400,20260731_124647-0400-0110,110,150,A4x4_T50_S20,20,50,HiGHS-60s,0.30724532831175966,0.46735990756787965,0.44519883608147415,19.0,0.38,28.0,14.0,650.0,0.49122807017543857,0.5384615384615384,0.19402985074626866,42.68421052631579,93.0,115.0,235.30092007014616,118.0850079273882,117.21591214275796,0.0013057548955616746,9.883309500059113,9.883309500059113,0.3695986660895869,0.10062004101928324,10.353528207167983,True,0.0,0.30724532831175966,0.30724532831175966,70277.0,21622.0,189263.0,Optimization terminated successfully. (HiGHS Status 7: Optimal),1.0,60.0
20260731_124647-0400,20260731_124647-0400-0110,110,150,A4x4_T50_S20,20,50,HiGHS-600s,0.30724532831175966,0.46735990756787965,0.44519883608147415,19.0,0.38,28.0,14.0,650.0,0.49122807017543857,0.5384615384615384,0.19402985074626866,42.68421052631579,93.0,115.0,235.30092007014616,118.0850079273882,117.21591214275796,0.0013057548955616746,9.857351833023131,9.857351833023131,0.3695986660895869,0.10062004101928324,10.327570540132001,True,0.0,0.30724532831175966,0.30724532831175966,70277.0,21622.0,189263.0,Optimization terminated successfully. (HiGHS Status 7: Optimal),1.0,600.0
20260731_124647-0400,20260731_124647-0400-0111,111,150,A4x4_T50_S21,21,50,Greedy-Benefit,0.253642031400873,0.4001391788448156,0.38420490928495193,18.0,0.36,16.0,11.0,1500.0,0.4444444444444444,0.39285714285714285,0.30303030303030304,44.22222222222222,95.0,110.0,249.2695241689688,132.04388226149348,117.22564190747534,0.0010175412828603157,0.0021642500068992376,,,,0.0021644999505952,False,,,,,,,Constructive heuristic,,
20260731_124647-0400,20260731_124647-0400-0111,111,150,A4x4_T50_S21,21,50,Greedy-Density-Operational,0.27986756011655683,0.3903966597077244,0.3906083244397012,19.0,0.38,12.0,15.0,1600.0,0.3333333333333333,0.5357142857142857,0.32323232323232326,41.10526315789474,88.0,110.0,209.48687045162575,105.32877142051726,104.15809903110845,0.001335967068070661,0.0019641249673441052,,,,0.0019643750274553895,False,,,,,,,Constructive heuristic,,
20260731_124647-0400,20260731_124647-0400-0111,111,150,A4x4_T50_S21,21,50,Greedy-Density-Cycle,0.2808869062932494,0.37995824634655534,0.3799359658484526,18.0,0.36,12.0,14.0,1600.0,0.3333333333333333,0.5,0.32323232323232326,38.94444444444444,78.0,93.0,211.4326360639145,106.33892396506947,105.09371209884503,0.0013284936115933372,0.0019802500028163195,,,,0.0019804579205811024,False,,,,,,,Constructive heuristic,,
20260731_124647-0400,20260731_124647-0400-0111,111,150,A4x4_T50_S21,21,50,HiGHS-1s,,,,,,,,,,,,,,,,,,,6.72408204106614,6.72408204106614,0.45999674999620765,0.11305808299221098,7.297136874054559,False,,,,82423.0,25444.0,221879.0,Time limit reached. (HiGHS Status 13: model_status is Time limit reached; primal_status is At lower/fixed bound),,1.0
20260731_124647-0400,20260731_124647-0400-0111,111,150,A4x4_T50_S21,21,50,HiGHS-5s,,,,,,,,,,,,,,,,,,,6.552969667012803,6.552969667012803,0.45999674999620765,0.11305808299221098,7.126024500001222,False,,,,82423.0,25444.0,221879.0,Time limit reached. (HiGHS Status 13: model_status is Time limit reached; primal_status is At lower/fixed bound),,5.0
20260731_124647-0400,20260731_124647-0400-0111,111,150,A4x4_T50_S21,21,50,HiGHS-15s,0.22444815105342353,0.28879610299234515,0.2828175026680897,13.0,0.26,11.0,8.0,1250.0,0.3055555555555556,0.2857142857142857,0.25252525252525254,37.61538461538461,95.0,113.0,170.28692360203732,86.23694389722593,84.0499797048114,0.0013180586407090288,15.126071708044037,15.126071708044037,0.45999674999620765,0.11305808299221098,15.699126541032456,False,0.392314262606176,0.22444815105342353,0.312502361927267,82423.0,25444.0,221879.0,Time limit reached. (HiGHS Status 13: Time limit reached),0.0,15.0
20260731_124647-0400,20260731_124647-0400-0111,111,150,A4x4_T50_S21,21,50,HiGHS-60s,0.3120893200080892,0.4050104384133611,0.40768409818569906,18.0,0.36,12.0,16.0,1700.0,0.3333333333333333,0.5714285714285714,0.3434343434343434,43.5,95.0,113.0,244.09712530503373,123.20653985097012,120.89058545406364,0.001278545659307088,25.101036665961146,25.101036665961146,0.45999674999620765,0.11305808299221098,25.674091498949565,True,0.0,0.31208932000808925,0.31208932000808925,82423.0,25444.0,221879.0,Optimization terminated successfully. (HiGHS Status 7: Optimal),1.0,60.0
20260731_124647-0400,20260731_124647-0400-0111,111,150,A4x4_T50_S21,21,50,HiGHS-600s,0.3120893200080892,0.4050104384133611,0.40768409818569906,18.0,0.36,12.0,16.0,1700.0,0.3333333333333333,0.5714285714285714,0.3434343434343434,43.5,95.0,113.0,244.09712530503373,123.20653985097012,120.89058545406364,0.001278545659307088,24.998398208990693,24.998398208990693,0.45999674999620765,0.11305808299221098,25.57145304197911,True,0.0,0.31208932000808925,0.31208932000808925,82423.0,25444.0,221879.0,Optimization terminated successfully. (HiGHS Status 7: Optimal),1.0,600.0
20260731_124647-0400,20260731_124647-0400-0112,112,150,A4x4_T50_S22,22,50,Greedy-Benefit,0.291596321478428,0.40675920337960175,0.41608738828202574,18.0,0.36,19.0,13.0,1650.0,0.40425531914893614,0.3611111111111111,0.559322033898305,41.72222222222222,94.0,101.0,203.50008475413398,110.75045259158426,92.74963216254972,0.0014329051598712143,0.001955374958924949,,,,0.0019556250190362334,False,,,,,,,Constructive heuristic,,
20260731_124647-0400,20260731_124647-0400-0112,112,150,A4x4_T50_S22,22,50,Greedy-Density-Operational,0.32349744922314283,0.5123717561858783,0.5253227408142996,23.0,0.46,24.0,16.0,2150.0,0.5106382978723404,0.4444444444444444,0.7288135593220338,47.08695652173913,97.0,115.0,226.37617499493484,114.49513492731356,111.88104006762129,0.0014290260414126224,0.0020781250204890966,,,,0.002078375080600381,False,,,,,,,Constructive heuristic,,
20260731_124647-0400,20260731_124647-0400-0112,112,150,A4x4_T50_S22,22,50,Greedy-Density-Cycle,0.32349744922314283,0.5123717561858783,0.5253227408142996,23.0,0.46,24.0,16.0,2150.0,0.5106382978723404,0.4444444444444444,0.7288135593220338,47.08695652173913,97.0,115.0,226.37617499493484,114.49513492731356,111.88104006762129,0.0014290260414126224,0.0020450419979169965,,,,0.002045250032097101,False,,,,,,,Constructive heuristic,,
20260731_124647-0400,20260731_124647-0400-0112,112,150,A4x4_T50_S22,22,50,HiGHS-1s,,,,,,,,,,,,,,,,,,,3.2526810839772224,3.2526810839772224,0.17506412498187274,0.11876670806668699,3.546511917025782,False,,,,35039.0,12441.0,92730.0,Time limit reached. (HiGHS Status 13: model_status is Time limit reached; primal_status is At lower/fixed bound),,1.0
20260731_124647-0400,20260731_124647-0400-0112,112,150,A4x4_T50_S22,22,50,HiGHS-5s,0.33231704967389425,0.4852142426071214,0.4756703078450843,21.0,0.42,24.0,17.0,1150.0,0.5106382978723404,0.4722222222222222,0.3898305084745763,44.857142857142854,97.0,112.0,239.17089969925638,120.8924972794743,118.27840241978205,0.0013894543612611894,5.125398624921218,5.125398624921218,0.17506412498187274,0.11876670806668699,5.419229457969777,False,0.036369842099026516,0.33231704967389425,0.34440336829734813,35039.0,12441.0,92730.0,Time limit reached. (HiGHS Status 13: Time limit reached),0.0,5.0
20260731_124647-0400,20260731_124647-0400-0112,112,150,A4x4_T50_S22,22,50,HiGHS-15s,0.3441002332645113,0.4996982498491251,0.5094339622641508,22.0,0.44,24.0,15.0,2050.0,0.5106382978723404,0.4166666666666667,0.6949152542372882,45.86363636363637,94.0,105.0,222.35692421765927,120.69710250713038,101.65982171052886,0.0015475130107829732,6.108579125022516,6.108579125022516,0.17506412498187274,0.11876670806668699,6.402409958071075,True,0.0,0.3441002332645112,0.3441002332645112,35039.0,12441.0,92730.0,Optimization terminated successfully. (HiGHS Status 7: Optimal),1.0,15.0
20260731_124647-0400,20260731_124647-0400-0112,112,150,A4x4_T50_S22,22,50,HiGHS-60s,0.3441002332645113,0.4996982498491251,0.5094339622641508,22.0,0.44,24.0,15.0,2050.0,0.5106382978723404,0.4166666666666667,0.6949152542372882,45.86363636363637,94.0,105.0,222.35692421765927,120.69710250713038,101.65982171052886,0.0015475130107829732,5.913827417069115,5.913827417069115,0.17506412498187274,0.11876670806668699,6.2076582501176745,True,0.0,0.3441002332645112,0.3441002332645112,35039.0,12441.0,92730.0,Optimization terminated successfully. (HiGHS Status 7: Optimal),1.0,60.0
20260731_124647-0400,20260731_124647-0400-0112,112,150,A4x4_T50_S22,22,50,HiGHS-600s,0.3441002332645113,0.4996982498491251,0.5094339622641508,22.0,0.44,24.0,15.0,2050.0,0.5106382978723404,0.4166666666666667,0.6949152542372882,45.86363636363637,94.0,105.0,222.35692421765927,120.69710250713038,101.65982171052886,0.0015475130107829732,5.702010208973661,5.702010208973661,0.17506412498187274,0.11876670806668699,5.995841042022221,True,0.0,0.3441002332645112,0.3441002332645112,35039.0,12441.0,92730.0,Optimization terminated successfully. (HiGHS Status 7: Optimal),1.0,600.0
20260731_124647-0400,20260731_124647-0400-0113,113,150,A4x4_T50_S23,23,50,Greedy-Benefit,0.19882995008689625,0.36258808456117875,0.3520518358531318,16.0,0.32,19.0,10.0,600.0,0.38,0.37037037037037035,0.23076923076923078,54.3125,108.0,128.0,308.40457321444785,154.26275076557954,154.1418224488683,0.0006447049342184711,0.0020923749543726444,,,,0.0020926250144839287,False,,,,,,,Constructive heuristic,,
20260731_124647-0400,20260731_124647-0400-0113,113,150,A4x4_T50_S23,23,50,Greedy-Density-Operational,0.21706753164372092,0.3773222293401665,0.3930885529157668,19.0,0.38,14.0,17.0,900.0,0.28,0.6296296296296297,0.34615384615384615,43.0,111.0,131.0,254.32889631498625,127.63073574361414,126.69816057137213,0.0008534914230700818,0.001917000045068562,,,,0.001917292014695704,False,,,,,,,Constructive heuristic,,
20260731_124647-0400,20260731_124647-0400-0113,113,150,A4x4_T50_S23,23,50,Greedy-Density-Cycle,0.21706753164372092,0.3773222293401665,0.3930885529157668,19.0,0.38,14.0,17.0,900.0,0.28,0.6296296296296297,0.34615384615384615,43.0,111.0,131.0,254.32889631498625,127.63073574361414,126.69816057137213,0.0008534914230700818,0.0017868329305201769,,,,0.0017871250165626407,False,,,,,,,Constructive heuristic,,
20260731_124647-0400,20260731_124647-0400-0113,113,150,A4x4_T50_S23,23,50,HiGHS-1s,,,,,,,,,,,,,,,,,,,5.1001385420095176,5.1001385420095176,0.4121280409162864,0.052818541997112334,5.565085124922916,False,,,,66169.0,21911.0,176650.0,Time limit reached. (HiGHS Status 13: model_status is Time limit reached; primal_status is At lower/fixed bound),,1.0
20260731_124647-0400,20260731_124647-0400-0113,113,150,A4x4_T50_S23,23,50,HiGHS-5s,,,,,,,,,,,,,,,,,,,5.165369416004978,5.165369416004978,0.4121280409162864,0.052818541997112334,5.630315998918377,False,,-0.0,8.250212005448153,66169.0,21911.0,176650.0,Time limit reached. (HiGHS Status 13: Time limit reached),0.0,5.0
20260731_124647-0400,20260731_124647-0400-0113,113,150,A4x4_T50_S23,23,50,HiGHS-15s,0.2735935330824219,0.42921204356181936,0.44276457883369336,18.0,0.36,17.0,18.0,1000.0,0.34,0.6666666666666666,0.38461538461538464,46.5,102.0,122.0,269.8349618705431,148.01187884572812,121.82308302481498,0.0010139291483424672,8.85783333296422,8.85783333296422,0.4121280409162864,0.052818541997112334,9.322779915877618,True,0.0,0.2735935330824219,0.2735935330824219,66169.0,21911.0,176650.0,Optimization terminated successfully. (HiGHS Status 7: Optimal),1.0,15.0
20260731_124647-0400,20260731_124647-0400-0113,113,150,A4x4_T50_S23,23,50,HiGHS-60s,0.2735935330824219,0.42921204356181936,0.44276457883369336,18.0,0.36,17.0,18.0,1000.0,0.34,0.6666666666666666,0.38461538461538464,46.5,102.0,122.0,269.8349618705431,148.01187884572812,121.82308302481498,0.0010139291483424672,8.634737915941514,8.634737915941514,0.4121280409162864,0.052818541997112334,9.099684498854913,True,0.0,0.2735935330824219,0.2735935330824219,66169.0,21911.0,176650.0,Optimization terminated successfully. (HiGHS Status 7: Optimal),1.0,60.0
20260731_124647-0400,20260731_124647-0400-0113,113,150,A4x4_T50_S23,23,50,HiGHS-600s,0.2735935330824219,0.42921204356181936,0.44276457883369336,18.0,0.36,17.0,18.0,1000.0,0.34,0.6666666666666666,0.38461538461538464,46.5,102.0,122.0,269.8349618705431,148.01187884572812,121.82308302481498,0.0010139291483424672,8.829706292017363,8.829706292017363,0.4121280409162864,0.052818541997112334,9.294652874930762,True,0.0,0.2735935330824219,0.2735935330824219,66169.0,21911.0,176650.0,Optimization terminated successfully. (HiGHS Status 7: Optimal),1.0,600.0
20260731_124647-0400,20260731_124647-0400-0114,114,150,A4x4_T50_S24,24,50,Greedy-Benefit,0.20219433239623427,0.3148261134838317,0.2998007968127489,14.0,0.28,18.0,7.0,850.0,0.3829787234042553,0.21212121212121213,0.25,43.785714285714285,79.0,98.0,239.18263044913883,141.73034795693061,97.45228249220817,0.0008453554173919416,0.0021276669576764107,,,,0.002127957995980978,False,,,,,,,Constructive heuristic,,
20260731_124647-0400,20260731_124647-0400-0114,114,150,A4x4_T50_S24,24,50,Greedy-Density-Operational,0.20151891518814238,0.3349603416717511,0.33764940239043817,19.0,0.38,15.0,12.0,1150.0,0.3191489361702128,0.36363636363636365,0.3382352941176471,44.8421052631579,94.0,110.0,249.8557186824656,138.11646758464042,111.73925109782516,0.0008065411360235742,0.0016459160251542926,,,,0.0016462079947814345,False,,,,,,,Constructive heuristic,,
20260731_124647-0400,20260731_124647-0400-0114,114,150,A4x4_T50_S24,24,50,Greedy-Density-Cycle,0.20151891518814238,0.3349603416717511,0.33764940239043817,19.0,0.38,15.0,12.0,1150.0,0.3191489361702128,0.36363636363636365,0.3382352941176471,44.8421052631579,94.0,110.0,249.8557186824656,138.11646758464042,111.73925109782516,0.0008065411360235742,0.0017060000682249665,,,,0.001706290990114212,False,,,,,,,Constructive heuristic,,
20260731_124647-0400,20260731_124647-0400-0114,114,150,A4x4_T50_S24,24,50,HiGHS-1s,,,,,,,,,,,,,,,,,,,3.946221666992642,3.946221666992642,0.5151872499845922,0.0720845420146361,4.53349345899187,False,,,,91686.0,26219.0,248893.0,Time limit reached. (HiGHS Status 13: model_status is Time limit reached; primal_status is At lower/fixed bound),,1.0
20260731_124647-0400,20260731_124647-0400-0114,114,150,A4x4_T50_S24,24,50,HiGHS-5s,0.12861063972727904,0.22879804758999395,0.24900398406374502,15.0,0.3,6.0,13.0,1000.0,0.1276595744680851,0.3939393939393939,0.29411764705882354,42.4,84.0,104.0,214.1536284753171,134.63700459549452,79.51662387982256,0.000600553166635243,5.048623916925862,5.048623916925862,0.5151872499845922,0.0720845420146361,5.635895708925091,False,119.5515345287004,0.12861063972727904,15.504209975841327,91686.0,26219.0,248893.0,Time limit reached. (HiGHS Status 13: Time limit reached),0.0,5.0
20260731_124647-0400,20260731_124647-0400-0114,114,150,A4x4_T50_S24,24,50,HiGHS-15s,0.2498930941436014,0.3764490543014034,0.36553784860557764,17.0,0.34,19.0,12.0,950.0,0.40425531914893614,0.36363636363636365,0.27941176470588236,42.294117647058826,84.0,109.0,237.03028993135095,120.02903562938883,117.00125430196212,0.0010542664999311935,13.74523829203099,13.74523829203099,0.5151872499845922,0.0720845420146361,14.332510084030218,True,0.0,0.24989309414360136,0.24989309414360136,91686.0,26219.0,248893.0,Optimization terminated successfully. (HiGHS Status 7: Optimal),1.0,15.0
20260731_124647-0400,20260731_124647-0400-0114,114,150,A4x4_T50_S24,24,50,HiGHS-60s,0.2498930941436014,0.3764490543014034,0.36553784860557764,17.0,0.34,19.0,12.0,950.0,0.40425531914893614,0.36363636363636365,0.27941176470588236,42.294117647058826,84.0,109.0,237.03028993135095,120.02903562938883,117.00125430196212,0.0010542664999311935,13.779630624921992,13.779630624921992,0.5151872499845922,0.0720845420146361,14.36690241692122,True,0.0,0.24989309414360136,0.24989309414360136,91686.0,26219.0,248893.0,Optimization terminated successfully. (HiGHS Status 7: Optimal),1.0,60.0
20260731_124647-0400,20260731_124647-0400-0114,114,150,A4x4_T50_S24,24,50,HiGHS-600s,0.2498930941436014,0.3764490543014034,0.36553784860557764,17.0,0.34,19.0,12.0,950.0,0.40425531914893614,0.36363636363636365,0.27941176470588236,42.294117647058826,84.0,109.0,237.03028993135095,120.02903562938883,117.00125430196212,0.0010542664999311935,13.666150375036523,13.666150375036523,0.5151872499845922,0.0720845420146361,14.253422167035751,True,0.0,0.24989309414360136,0.24989309414360136,91686.0,26219.0,248893.0,Optimization terminated successfully. (HiGHS Status 7: Optimal),1.0,600.0
20260731_124647-0400,20260731_124647-0400-0115,115,150,A4x4_T50_S25,25,50,Greedy-Benefit,0.27760356524194413,0.417548226509023,0.38911290322580666,19.0,0.38,25.0,7.0,1100.0,0.5434782608695652,0.22580645161290322,0.2972972972972973,49.31578947368421,92.0,107.0,226.20187884224467,125.8239357746121,100.37794306763256,0.0012272381054604215,0.002399583114311099,,,,0.0023998330580070615,False,,,,,,,Constructive heuristic,,
20260731_124647-0400,20260731_124647-0400-0115,115,150,A4x4_T50_S25,25,50,Greedy-Density-Operational,0.27381874077325397,0.4131922837585563,0.38709677419354854,18.0,0.36,23.0,10.0,900.0,0.5,0.3225806451612903,0.24324324324324326,43.55555555555556,85.0,104.0,230.69630754712176,127.27365461837641,103.42265292874532,0.001186922945081486,0.00199087499640882,,,,0.0019912089919671416,False,,,,,,,Constructive heuristic,,
20260731_124647-0400,20260731_124647-0400-0115,115,150,A4x4_T50_S25,25,50,Greedy-Density-Cycle,0.2736897955446364,0.4206596141879278,0.3991935483870969,19.0,0.38,23.0,10.0,1100.0,0.5,0.3225806451612903,0.2972972972972973,45.473684210526315,92.0,111.0,230.6963075471217,127.27365461837638,103.42265292874532,0.0011863640057989783,0.0018940420122817159,,,,0.001894208020530641,False,,,,,,,Constructive heuristic,,
20260731_124647-0400,20260731_124647-0400-0115,115,150,A4x4_T50_S25,25,50,HiGHS-1s,,,,,,,,,,,,,,,,,,,7.457626832998358,7.457626832998358,0.46437366609461606,0.06109312502667308,7.983093624119647,False,,,,80005.0,25189.0,214880.0,Time limit reached. (HiGHS Status 13: model_status is Time limit reached; primal_status is At lower/fixed bound),,1.0
20260731_124647-0400,20260731_124647-0400-0115,115,150,A4x4_T50_S25,25,50,HiGHS-5s,,,,,,,,,,,,,,,,,,,7.599370167008601,7.599370167008601,0.46437366609461606,0.06109312502667308,8.12483695812989,False,,,,80005.0,25189.0,214880.0,Time limit reached. (HiGHS Status 13: model_status is Time limit reached; primal_status is At lower/fixed bound),,5.0
20260731_124647-0400,20260731_124647-0400-0115,115,150,A4x4_T50_S25,25,50,HiGHS-15s,0.28751355966856595,0.3671437461107654,0.3477822580645163,17.0,0.34,19.0,11.0,750.0,0.41304347826086957,0.3548387096774194,0.20270270270270271,44.35294117647059,89.0,96.0,192.41205549573397,96.42956989239009,95.98248560334385,0.0014942595926633116,15.119307124987245,15.119307124987245,0.46437366609461606,0.06109312502667308,15.644773916108534,False,0.10744160878245698,0.28751355966856595,0.3184044790661276,80005.0,25189.0,214880.0,Time limit reached. (HiGHS Status 13: Time limit reached),0.0,15.0
20260731_124647-0400,20260731_124647-0400-0115,115,150,A4x4_T50_S25,25,50,HiGHS-60s,0.3172327772543586,0.4418170504044803,0.4082661290322582,19.0,0.38,25.0,11.0,750.0,0.5434782608695652,0.3548387096774194,0.20270270270270271,48.89473684210526,89.0,97.0,222.89772889682095,111.7328707512892,111.16485814553172,0.0014232212181991555,19.62201420799829,19.62201420799829,0.46437366609461606,0.06109312502667308,20.14748099911958,True,0.0,0.3172327772543586,0.3172327772543586,80005.0,25189.0,214880.0,Optimization terminated successfully. (HiGHS Status 7: Optimal),1.0,60.0
20260731_124647-0400,20260731_124647-0400-0115,115,150,A4x4_T50_S25,25,50,HiGHS-600s,0.3172327772543586,0.4418170504044803,0.4082661290322582,19.0,0.38,25.0,11.0,750.0,0.5434782608695652,0.3548387096774194,0.20270270270270271,48.89473684210526,89.0,97.0,222.89772889682095,111.7328707512892,111.16485814553172,0.0014232212181991555,19.507326334016398,19.507326334016398,0.46437366609461606,0.06109312502667308,20.032793125137687,True,0.0,0.3172327772543586,0.3172327772543586,80005.0,25189.0,214880.0,Optimization terminated successfully. (HiGHS Status 7: Optimal),1.0,600.0
20260731_124647-0400,20260731_124647-0400-0116,116,150,A4x4_T50_S26,26,50,Greedy-Benefit,0.3494167484316238,0.4924657534246576,0.4666666666666667,21.0,0.42,22.0,13.0,1400.0,0.55,0.5,0.3111111111111111,41.42857142857143,84.0,91.0,183.32910589368896,91.76610948221493,91.56299641147403,0.0019059534858270005,0.002291249926201999,,,,0.0022915839217603207,False,,,,,,,Constructive heuristic,,
20260731_124647-0400,20260731_124647-0400-0116,116,150,A4x4_T50_S26,26,50,Greedy-Density-Operational,0.3601698369688289,0.5164383561643836,0.4827956989247312,23.0,0.46,26.0,9.0,1650.0,0.65,0.34615384615384615,0.36666666666666664,40.47826086956522,84.0,91.0,167.37419086556372,83.78865196815228,83.5855388974114,0.002151883961955163,0.0019317909609526396,,,,0.0019320830469951034,False,,,,,,,Constructive heuristic,,
20260731_124647-0400,20260731_124647-0400-0116,116,150,A4x4_T50_S26,26,50,Greedy-Density-Cycle,0.3601698369688289,0.5164383561643836,0.4827956989247312,23.0,0.46,26.0,9.0,1650.0,0.65,0.34615384615384615,0.36666666666666664,40.47826086956522,84.0,91.0,167.37419086556372,83.78865196815228,83.5855388974114,0.002151883961955163,0.0019200000679120421,,,,0.001920207985676825,False,,,,,,,Constructive heuristic,,
20260731_124647-0400,20260731_124647-0400-0116,116,150,A4x4_T50_S26,26,50,HiGHS-1s,,,,,,,,,,,,,,,,,,,3.3333561669569463,3.3333561669569463,0.3982427909504622,0.10216454102192074,3.833763498929329,False,,,,73094.0,21924.0,197412.0,Time limit reached. (HiGHS Status 13: model_status is Time limit reached; primal_status is At lower/fixed bound),,1.0
20260731_124647-0400,20260731_124647-0400-0116,116,150,A4x4_T50_S26,26,50,HiGHS-5s,,,,,,,,,,,,,,,,,,,5.056614708038978,5.056614708038978,0.3982427909504622,0.10216454102192074,5.557022040011361,False,,,,73094.0,21924.0,197412.0,Time limit reached. (HiGHS Status 13: model_status is Time limit reached; primal_status is At lower/fixed bound),,5.0
20260731_124647-0400,20260731_124647-0400-0116,116,150,A4x4_T50_S26,26,50,HiGHS-15s,0.3950206027469495,0.5191780821917809,0.4817204301075269,22.0,0.44,25.0,12.0,1300.0,0.625,0.46153846153846156,0.28888888888888886,40.5,85.0,100.0,177.5440676351714,96.59536148611349,80.94870614905788,0.0022249158082750615,9.454940082971007,9.454940082971007,0.3982427909504622,0.10216454102192074,9.95534741494339,True,0.0,0.39502060274694945,0.39502060274694945,73094.0,21924.0,197412.0,Optimization terminated successfully. (HiGHS Status 7: Optimal),1.0,15.0
20260731_124647-0400,20260731_124647-0400-0116,116,150,A4x4_T50_S26,26,50,HiGHS-60s,0.3950206027469495,0.5191780821917809,0.4817204301075269,22.0,0.44,25.0,12.0,1300.0,0.625,0.46153846153846156,0.28888888888888886,40.5,85.0,100.0,177.5440676351714,96.59536148611349,80.94870614905788,0.0022249158082750615,9.38957624998875,9.38957624998875,0.3982427909504622,0.10216454102192074,9.889983581961133,True,0.0,0.39502060274694945,0.39502060274694945,73094.0,21924.0,197412.0,Optimization terminated successfully. (HiGHS Status 7: Optimal),1.0,60.0
20260731_124647-0400,20260731_124647-0400-0116,116,150,A4x4_T50_S26,26,50,HiGHS-600s,0.3950206027469495,0.5191780821917809,0.4817204301075269,22.0,0.44,25.0,12.0,1300.0,0.625,0.46153846153846156,0.28888888888888886,40.5,85.0,100.0,177.5440676351714,96.59536148611349,80.94870614905788,0.0022249158082750615,9.3633034999948,9.3633034999948,0.3982427909504622,0.10216454102192074,9.863710831967182,True,0.0,0.39502060274694945,0.39502060274694945,73094.0,21924.0,197412.0,Optimization terminated successfully. (HiGHS Status 7: Optimal),1.0,600.0
20260731_124647-0400,20260731_124647-0400-0117,117,150,A4x4_T50_S27,27,50,Greedy-Benefit,0.2771570503819196,0.4338689740420272,0.4091760299625468,19.0,0.38,21.0,11.0,1950.0,0.5121951219512195,0.39285714285714285,0.30952380952380953,46.578947368421055,95.0,109.0,225.71088747548367,114.05146554258585,111.6594219328978,0.0012279294697825508,0.002236124943010509,,,,0.002236417029052973,False,,,,,,,Constructive heuristic,,
20260731_124647-0400,20260731_124647-0400-0117,117,150,A4x4_T50_S27,27,50,Greedy-Density-Operational,0.2720240971318111,0.42336217552533995,0.41666666666666674,21.0,0.42,20.0,8.0,2750.0,0.4878048780487805,0.2857142857142857,0.4365079365079365,41.476190476190474,101.0,126.0,210.4631454135981,105.30328200684477,105.15986340675335,0.0012925022886892362,0.002206499921157956,,,,0.00220679200720042,False,,,,,,,Constructive heuristic,,
20260731_124647-0400,20260731_124647-0400-0117,117,150,A4x4_T50_S27,27,50,Greedy-Density-Cycle,0.2720240971318111,0.42336217552533995,0.41666666666666674,21.0,0.42,20.0,8.0,2750.0,0.4878048780487805,0.2857142857142857,0.4365079365079365,41.476190476190474,101.0,126.0,210.4631454135981,105.30328200684477,105.15986340675335,0.0012925022886892362,0.002036667079664767,,,,0.0020368749974295497,False,,,,,,,Constructive heuristic,,
20260731_124647-0400,20260731_124647-0400-0117,117,150,A4x4_T50_S27,27,50,HiGHS-1s,,,,,,,,,,,,,,,,,,,8.858485374948941,8.858485374948941,0.6581561249913648,0.10486129194032401,9.62150279188063,False,,,,129355.0,32416.0,355703.0,Time limit reached. (HiGHS Status 13: model_status is Time limit reached; primal_status is At lower/fixed bound),,1.0
20260731_124647-0400,20260731_124647-0400-0117,117,150,A4x4_T50_S27,27,50,HiGHS-5s,,,,,,,,,,,,,,,,,,,8.583422292023897,8.583422292023897,0.6581561249913648,0.10486129194032401,9.346439708955586,False,,,,129355.0,32416.0,355703.0,Time limit reached. (HiGHS Status 13: model_status is Time limit reached; primal_status is At lower/fixed bound),,5.0
20260731_124647-0400,20260731_124647-0400-0117,117,150,A4x4_T50_S27,27,50,HiGHS-15s,,,,,,,,,,,,,,,,,,,15.02451616700273,15.02451616700273,0.6581561249913648,0.10486129194032401,15.787533583934419,False,,,,129355.0,32416.0,355703.0,Time limit reached. (HiGHS Status 13: model_status is Time limit reached; primal_status is At lower/fixed bound),,15.0
20260731_124647-0400,20260731_124647-0400-0117,117,150,A4x4_T50_S27,27,50,HiGHS-60s,0.3430208858136136,0.49134734239802214,0.4588014981273408,23.0,0.46,24.0,13.0,2000.0,0.5853658536585366,0.4642857142857143,0.31746031746031744,45.69565217391305,92.0,108.0,212.71475131261622,107.69243260440295,105.02231870821328,0.0016125862625742068,49.81517004198395,49.81517004198395,0.6581561249913648,0.10486129194032401,50.578187458915636,True,0.0,0.3430208858136131,0.3430208858136131,129355.0,32416.0,355703.0,Optimization terminated successfully. (HiGHS Status 7: Optimal),1.0,60.0
20260731_124647-0400,20260731_124647-0400-0117,117,150,A4x4_T50_S27,27,50,HiGHS-600s,0.3430208858136136,0.49134734239802214,0.4588014981273408,23.0,0.46,24.0,13.0,2000.0,0.5853658536585366,0.4642857142857143,0.31746031746031744,45.69565217391305,92.0,108.0,212.71475131261622,107.69243260440295,105.02231870821328,0.0016125862625742068,49.88939433405176,49.88939433405176,0.6581561249913648,0.10486129194032401,50.65241175098345,True,0.0,0.3430208858136131,0.3430208858136131,129355.0,32416.0,355703.0,Optimization terminated successfully. (HiGHS Status 7: Optimal),1.0,600.0
20260731_124647-0400,20260731_124647-0400-0118,118,150,A4x4_T50_S28,28,50,Greedy-Benefit,0.2566920767029753,0.40669014084507044,0.4013605442176871,20.0,0.4,21.0,14.0,1050.0,0.3888888888888889,0.5185185185185185,0.2876712328767123,47.85,93.0,115.0,207.66318249895198,125.2547597201588,82.40842277879312,0.0012360981547813404,0.002252000034786761,,,,0.002252250094898045,False,,,,,,,Constructive heuristic,,
20260731_124647-0400,20260731_124647-0400-0118,118,150,A4x4_T50_S28,28,50,Greedy-Density-Operational,0.2611882363991753,0.4389671361502347,0.4305150631681244,23.0,0.46,23.0,15.0,1050.0,0.42592592592592593,0.5555555555555556,0.2876712328767123,44.65217391304348,89.0,103.0,205.85820288182595,107.66243445687141,98.19576842495455,0.0012687774047513273,0.0020293330308049917,,,,0.0020296250004321337,False,,,,,,,Constructive heuristic,,
20260731_124647-0400,20260731_124647-0400-0118,118,150,A4x4_T50_S28,28,50,Greedy-Density-Cycle,0.2625576616398098,0.4389671361502347,0.4305150631681244,23.0,0.46,23.0,15.0,1050.0,0.42592592592592593,0.5555555555555556,0.2876712328767123,44.608695652173914,92.0,100.0,201.3288063124607,108.64532545781931,92.68348085464139,0.001304123669378551,0.001919458038173616,,,,0.0019196670036762953,False,,,,,,,Constructive heuristic,,
20260731_124647-0400,20260731_124647-0400-0118,118,150,A4x4_T50_S28,28,50,HiGHS-1s,,,,,,,,,,,,,,,,,,,9.113630167092197,9.113630167092197,0.7432426250306889,0.16586066596210003,10.022733458084986,False,,,,149820.0,38542.0,410972.0,Time limit reached. (HiGHS Status 13: model_status is Time limit reached; primal_status is At lower/fixed bound),,1.0
20260731_124647-0400,20260731_124647-0400-0118,118,150,A4x4_T50_S28,28,50,HiGHS-5s,,,,,,,,,,,,,,,,,,,9.114766792044975,9.114766792044975,0.7432426250306889,0.16586066596210003,10.023870083037764,False,,,,149820.0,38542.0,410972.0,Time limit reached. (HiGHS Status 13: model_status is Time limit reached; primal_status is At lower/fixed bound),,5.0
20260731_124647-0400,20260731_124647-0400-0118,118,150,A4x4_T50_S28,28,50,HiGHS-15s,,,,,,,,,,,,,,,,,,,15.05452495906502,15.05452495906502,0.7432426250306889,0.16586066596210003,15.963628250057809,False,,,,149820.0,38542.0,410972.0,Time limit reached. (HiGHS Status 13: model_status is Time limit reached; primal_status is At lower/fixed bound),,15.0
20260731_124647-0400,20260731_124647-0400-0118,118,150,A4x4_T50_S28,28,50,HiGHS-60s,0.25715376539886864,0.369131455399061,0.3488824101068999,17.0,0.34,22.0,10.0,650.0,0.4074074074074074,0.37037037037037035,0.1780821917808219,40.35294117647059,84.0,91.0,188.6377539603188,107.7884382509505,80.84931570936828,0.0013632147330007048,60.3106775409542,60.3106775409542,0.7432426250306889,0.16586066596210003,61.21978083194699,False,0.22662421777924044,0.2571537653988686,0.3154310363313735,149820.0,38542.0,410972.0,Time limit reached. (HiGHS Status 13: Time limit reached),0.0,60.0
20260731_124647-0400,20260731_124647-0400-0118,118,150,A4x4_T50_S28,28,50,HiGHS-600s,0.3151194502860522,0.4325117370892018,0.4344023323615161,22.0,0.44,22.0,14.0,1450.0,0.4074074074074074,0.5185185185185185,0.3972602739726027,39.95454545454545,86.0,108.0,180.66567418970766,98.09570060502601,82.56997358468162,0.0017442131810559741,99.25236266700085,99.25236266700085,0.7432426250306889,0.16586066596210003,100.16146595799364,True,0.0,0.31511945028605226,0.31511945028605226,149820.0,38542.0,410972.0,Optimization terminated successfully. (HiGHS Status 7: Optimal),1.0,600.0
20260731_124647-0400,20260731_124647-0400-0119,119,150,A4x4_T50_S29,29,50,Greedy-Benefit,0.2424252621876478,0.4166666666666666,0.41755888650963585,19.0,0.38,19.0,11.0,1500.0,0.4222222222222222,0.39285714285714285,0.4411764705882353,53.0,91.0,105.0,252.3581303681433,172.59559285456675,79.76253751357655,0.000960639793273134,0.0020760410698130727,,,,0.0020763330394402146,False,,,,,,,Constructive heuristic,,
20260731_124647-0400,20260731_124647-0400-0119,119,150,A4x4_T50_S29,29,50,Greedy-Density-Operational,0.29093729716773103,0.4370078740157479,0.4293361884368307,20.0,0.4,21.0,11.0,1350.0,0.4666666666666667,0.39285714285714285,0.39705882352941174,43.1,105.0,120.0,235.8768282064519,121.81383179497784,114.06299641147405,0.0012334289017702379,0.002181291929446161,,,,0.0021814999636262655,False,,,,,,,Constructive heuristic,,
20260731_124647-0400,20260731_124647-0400-0119,119,150,A4x4_T50_S29,29,50,Greedy-Density-Cycle,0.29093729716773103,0.4370078740157479,0.4293361884368307,20.0,0.4,21.0,11.0,1350.0,0.4666666666666667,0.39285714285714285,0.39705882352941174,43.1,105.0,120.0,235.8768282064519,121.81383179497784,114.06299641147405,0.0012334289017702379,0.0020408330019563437,,,,0.002041082945652306,False,,,,,,,Constructive heuristic,,
20260731_124647-0400,20260731_124647-0400-0119,119,150,A4x4_T50_S29,29,50,HiGHS-1s,,,,,,,,,,,,,,,,,,,5.930738333030604,5.930738333030604,0.6427652089623734,0.13600195792969316,6.70950549992267,False,,,,114680.0,32831.0,311263.0,Time limit reached. (HiGHS Status 13: model_status is Time limit reached; primal_status is At lower/fixed bound),,1.0
20260731_124647-0400,20260731_124647-0400-0119,119,150,A4x4_T50_S29,29,50,HiGHS-5s,,,,,,,,,,,,,,,,,,,5.8994315000018105,5.8994315000018105,0.6427652089623734,0.13600195792969316,6.678198666893877,False,,,,114680.0,32831.0,311263.0,Time limit reached. (HiGHS Status 13: model_status is Time limit reached; primal_status is At lower/fixed bound),,5.0
20260731_124647-0400,20260731_124647-0400-0119,119,150,A4x4_T50_S29,29,50,HiGHS-15s,,,,,,,,,,,,,,,,,,,15.055555249913596,15.055555249913596,0.6427652089623734,0.13600195792969316,15.834322416805662,False,,,,114680.0,32831.0,311263.0,Time limit reached. (HiGHS Status 13: model_status is Time limit reached; primal_status is At lower/fixed bound),,15.0
20260731_124647-0400,20260731_124647-0400-0119,119,150,A4x4_T50_S29,29,50,HiGHS-60s,0.31918045093038827,0.5006561679790025,0.501070663811563,23.0,0.46,23.0,13.0,1800.0,0.5111111111111111,0.4642857142857143,0.5294117647058824,46.52173913043478,100.0,119.0,247.9938625988445,144.6428588224226,103.35100377642192,0.0012870497986746366,26.528725125011988,26.528725125011988,0.6427652089623734,0.13600195792969316,27.307492291904055,True,0.0,0.3191804509303884,0.3191804509303884,114680.0,32831.0,311263.0,Optimization terminated successfully. (HiGHS Status 7: Optimal),1.0,60.0
20260731_124647-0400,20260731_124647-0400-0119,119,150,A4x4_T50_S29,29,50,HiGHS-600s,0.31918045093038827,0.5006561679790025,0.501070663811563,23.0,0.46,23.0,13.0,1800.0,0.5111111111111111,0.4642857142857143,0.5294117647058824,46.52173913043478,100.0,119.0,247.9938625988445,144.6428588224226,103.35100377642192,0.0012870497986746366,26.641135499929078,26.641135499929078,0.6427652089623734,0.13600195792969316,27.419902666821145,True,0.0,0.3191804509303884,0.3191804509303884,114680.0,32831.0,311263.0,Optimization terminated successfully. (HiGHS Status 7: Optimal),1.0,600.0
20260731_124647-0400,20260731_124647-0400-0120,120,150,A4x4_T50_S30,30,50,Greedy-Benefit,0.27819010165458125,0.38371335504886,0.375257731958763,17.0,0.34,14.0,17.0,900.0,0.3783783783783784,0.4358974358974359,0.2571428571428571,47.05882352941177,91.0,110.0,261.95281237816823,131.60440128125586,130.34841109691234,0.0010619855504852226,0.0020028749713674188,,,,0.0020031669409945607,False,,,,,,,Constructive heuristic,,
20260731_124647-0400,20260731_124647-0400-0120,120,150,A4x4_T50_S30,30,50,Greedy-Density-Operational,0.26487038246214695,0.3830618892508143,0.3845360824742268,18.0,0.36,15.0,13.0,1550.0,0.40540540540540543,0.3333333333333333,0.44285714285714284,45.22222222222222,99.0,119.0,279.71679153137006,140.32138010457004,139.39541142680008,0.0009469234256980311,0.0018941659945994616,,,,0.0018944579642266035,False,,,,,,,Constructive heuristic,,
20260731_124647-0400,20260731_124647-0400-0120,120,150,A4x4_T50_S30,30,50,Greedy-Density-Cycle,0.2659490741845386,0.35504885993485347,0.36082474226804134,17.0,0.34,13.0,13.0,1500.0,0.35135135135135137,0.3333333333333333,0.42857142857142855,45.05882352941177,99.0,119.0,290.86996630967894,145.8608764764594,145.0090898332195,0.000914322910538629,0.0018570410320535302,,,,0.0018572499975562096,False,,,,,,,Constructive heuristic,,
20260731_124647-0400,20260731_124647-0400-0120,120,150,A4x4_T50_S30,30,50,HiGHS-1s,,,,,,,,,,,,,,,,,,,13.903021582984366,13.903021582984366,0.8541132499231026,0.19507791695650667,14.952212749863975,False,,,,177584.0,38496.0,494310.0,Time limit reached. (HiGHS Status 13: model_status is Time limit reached; primal_status is At lower/fixed bound),,1.0
20260731_124647-0400,20260731_124647-0400-0120,120,150,A4x4_T50_S30,30,50,HiGHS-5s,,,,,,,,,,,,,,,,,,,13.788388125016354,13.788388125016354,0.8541132499231026,0.19507791695650667,14.837579291895963,False,,,,177584.0,38496.0,494310.0,Time limit reached. (HiGHS Status 13: model_status is Time limit reached; primal_status is At lower/fixed bound),,5.0
20260731_124647-0400,20260731_124647-0400-0120,120,150,A4x4_T50_S30,30,50,HiGHS-15s,0.12647545155959602,0.14527687296416938,0.14742268041237117,9.0,0.18,5.0,6.0,550.0,0.13513513513513514,0.15384615384615385,0.15714285714285714,25.88888888888889,43.0,60.0,153.60339078738616,82.65679359046813,70.94659719691805,0.0008233897110686839,15.144102124962956,15.144102124962956,0.8541132499231026,0.19507791695650667,16.193293291842565,False,137.5219748782451,0.12647545155959602,17.519629323653064,177584.0,38496.0,494310.0,Time limit reached. (HiGHS Status 13: Time limit reached),0.0,15.0
20260731_124647-0400,20260731_124647-0400-0120,120,150,A4x4_T50_S30,30,50,HiGHS-60s,0.317056926748012,0.4293159609120521,0.4268041237113403,18.0,0.36,16.0,17.0,1400.0,0.43243243243243246,0.4358974358974359,0.4,44.22222222222222,90.0,107.0,247.0824155100126,124.19707886506012,122.88533664495245,0.0012832031210863882,54.63133287499659,54.63133287499659,0.8541132499231026,0.19507791695650667,55.6805240418762,True,0.0,0.317056926748012,0.317056926748012,177584.0,38496.0,494310.0,Optimization terminated successfully. (HiGHS Status 7: Optimal),1.0,60.0
20260731_124647-0400,20260731_124647-0400-0120,120,150,A4x4_T50_S30,30,50,HiGHS-600s,0.317056926748012,0.4293159609120521,0.4268041237113403,18.0,0.36,16.0,17.0,1400.0,0.43243243243243246,0.4358974358974359,0.4,44.22222222222222,90.0,107.0,247.0824155100126,124.19707886506012,122.88533664495245,0.0012832031210863882,54.64834679104388,54.64834679104388,0.8541132499231026,0.19507791695650667,55.69753795792349,True,0.0,0.317056926748012,0.317056926748012,177584.0,38496.0,494310.0,Optimization terminated successfully. (HiGHS Status 7: Optimal),1.0,600.0
20260731_124647-0400,20260731_124647-0400-0121,121,150,A4x4_T60_S1,1,60,Greedy-Benefit,0.1729628673916745,0.2855603448275862,0.266723116003387,15.0,0.25,19.0,5.0,1250.0,0.36538461538461536,0.16129032258064516,0.21367521367521367,53.666666666666664,90.0,115.0,279.89913265296065,153.33677256375816,126.56236008920251,0.0006179471359996191,0.0022261670092120767,,,,0.0022265000734478235,False,,,,,,,Constructive heuristic,,
20260731_124647-0400,20260731_124647-0400-0121,121,150,A4x4_T60_S1,1,60,Greedy-Density-Operational,0.18922307836566915,0.2920258620689655,0.28535139712108387,17.0,0.2833333333333333,16.0,9.0,1450.0,0.3076923076923077,0.2903225806451613,0.24786324786324787,47.411764705882355,84.0,99.0,244.029639884475,129.62756009897777,114.40207978549722,0.000775410226623489,0.0020461250096559525,,,,0.002046333043836057,False,,,,,,,Constructive heuristic,,
20260731_124647-0400,20260731_124647-0400-0121,121,150,A4x4_T60_S1,1,60,Greedy-Density-Cycle,0.19380002561717904,0.2920258620689655,0.28535139712108387,17.0,0.2833333333333333,16.0,9.0,1450.0,0.3076923076923077,0.2903225806451613,0.24786324786324787,46.0,84.0,99.0,234.3082876189488,128.35821906916405,105.95006854978475,0.0008271155390472248,0.002003417001105845,,,,0.0020036670612171292,False,,,,,,,Constructive heuristic,,
20260731_124647-0400,20260731_124647-0400-0121,121,150,A4x4_T60_S1,1,60,HiGHS-1s,,,,,,,,,,,,,,,,,,,11.050990541931242,11.050990541931242,0.9144710840191692,0.17663891694974154,12.142100542900153,False,,,,164754.0,36670.0,457656.0,Time limit reached. (HiGHS Status 13: model_status is Time limit reached; primal_status is At lower/fixed bound),,1.0
20260731_124647-0400,20260731_124647-0400-0121,121,150,A4x4_T60_S1,1,60,HiGHS-5s,,,,,,,,,,,,,,,,,,,11.141024209093302,11.141024209093302,0.9144710840191692,0.17663891694974154,12.232134210062213,False,,,,164754.0,36670.0,457656.0,Time limit reached. (HiGHS Status 13: model_status is Time limit reached; primal_status is At lower/fixed bound),,5.0
20260731_124647-0400,20260731_124647-0400-0121,121,150,A4x4_T60_S1,1,60,HiGHS-15s,0.11194733182170051,0.17133620689655166,0.18035563082133785,14.0,0.23333333333333334,6.0,9.0,1050.0,0.11538461538461539,0.2903225806451613,0.1794871794871795,40.142857142857146,72.0,92.0,205.16360532167445,131.90094882168052,73.262656499994,0.0005456490767267379,15.10236841707956,15.10236841707956,0.9144710840191692,0.17663891694974154,16.19347841804847,False,89.87098522510105,0.11194733182170052,10.172764335959233,164754.0,36670.0,457656.0,Time limit reached. (HiGHS Status 13: Time limit reached),0.0,15.0
20260731_124647-0400,20260731_124647-0400-0121,121,150,A4x4_T60_S1,1,60,HiGHS-60s,0.22493170845451696,0.3248922413793102,0.3243014394580863,18.0,0.3,15.0,14.0,1550.0,0.28846153846153844,0.45161290322580644,0.26495726495726496,48.388888888888886,98.0,110.0,256.6855823707955,139.05180873168675,117.63377363910871,0.000876292725041298,37.09453783300705,37.09453783300705,0.9144710840191692,0.17663891694974154,38.18564783397596,True,0.0,0.22493170845451696,0.22493170845451696,164754.0,36670.0,457656.0,Optimization terminated successfully. (HiGHS Status 7: Optimal),1.0,60.0
20260731_124647-0400,20260731_124647-0400-0121,121,150,A4x4_T60_S1,1,60,HiGHS-600s,0.22493170845451696,0.3248922413793102,0.3243014394580863,18.0,0.3,15.0,14.0,1550.0,0.28846153846153844,0.45161290322580644,0.26495726495726496,48.388888888888886,98.0,110.0,256.6855823707955,139.05180873168675,117.63377363910871,0.000876292725041298,37.148134542047046,37.148134542047046,0.9144710840191692,0.17663891694974154,38.23924454301596,True,0.0,0.22493170845451696,0.22493170845451696,164754.0,36670.0,457656.0,Optimization terminated successfully. (HiGHS Status 7: Optimal),1.0,600.0
20260731_124647-0400,20260731_124647-0400-0122,122,150,A4x4_T60_S2,2,60,Greedy-Benefit,0.20658311358877562,0.30189732142857145,0.3052820053715309,18.0,0.3,17.0,6.0,1850.0,0.3617021276595745,0.14634146341463414,0.46835443037974683,51.333333333333336,97.0,104.0,253.5869426035778,142.3468669567815,111.2400756467963,0.0008146441274451526,0.002418624935671687,,,,0.0024188749957829714,False,,,,,,,Constructive heuristic,,
20260731_124647-0400,20260731_124647-0400-0122,122,150,A4x4_T60_S2,2,60,Greedy-Density-Operational,0.2218101549513183,0.3219866071428572,0.32408236347359,19.0,0.31666666666666665,17.0,9.0,1700.0,0.3617021276595745,0.21951219512195122,0.43037974683544306,47.78947368421053,97.0,109.0,263.9168077972207,143.72267506199432,120.19413273522635,0.0008404548266654738,0.0022890419932082295,,,,0.002289332915097475,False,,,,,,,Constructive heuristic,,
20260731_124647-0400,20260731_124647-0400-0122,122,150,A4x4_T60_S2,2,60,Greedy-Density-Cycle,0.2218101549513183,0.3219866071428572,0.32408236347359,19.0,0.31666666666666665,17.0,9.0,1700.0,0.3617021276595745,0.21951219512195122,0.43037974683544306,47.78947368421053,97.0,109.0,263.9168077972207,143.72267506199432,120.19413273522635,0.0008404548266654738,0.0021336660720407963,,,,0.002133833011612296,False,,,,,,,Constructive heuristic,,
20260731_124647-0400,20260731_124647-0400-0122,122,150,A4x4_T60_S2,2,60,HiGHS-1s,,,,,,,,,,,,,,,,,,,9.094674917054363,9.094674917054363,0.5683196670142934,0.12423254095483571,9.787227125023492,False,,,,99582.0,28690.0,270120.0,Time limit reached. (HiGHS Status 13: model_status is Time limit reached; primal_status is At lower/fixed bound),,1.0
20260731_124647-0400,20260731_124647-0400-0122,122,150,A4x4_T60_S2,2,60,HiGHS-5s,,,,,,,,,,,,,,,,,,,9.587313958094455,9.587313958094455,0.5683196670142934,0.12423254095483571,10.279866166063584,False,,,,99582.0,28690.0,270120.0,Time limit reached. (HiGHS Status 13: model_status is Time limit reached; primal_status is At lower/fixed bound),,5.0
20260731_124647-0400,20260731_124647-0400-0122,122,150,A4x4_T60_S2,2,60,HiGHS-15s,0.23523286085383122,0.3337053571428572,0.3249776186213071,17.0,0.2833333333333333,20.0,7.0,1550.0,0.425531914893617,0.17073170731707318,0.3924050632911392,47.64705882352941,91.0,109.0,258.2363835501872,135.77482820621952,122.46155534396767,0.0009109206751577461,14.60275479091797,14.60275479091797,0.5683196670142934,0.12423254095483571,15.2953069988871,True,0.0,0.23523286085383122,0.23523286085383122,99582.0,28690.0,270120.0,Optimization terminated successfully. (HiGHS Status 7: Optimal),1.0,15.0
20260731_124647-0400,20260731_124647-0400-0122,122,150,A4x4_T60_S2,2,60,HiGHS-60s,0.23523286085383122,0.3337053571428572,0.3249776186213071,17.0,0.2833333333333333,20.0,7.0,1550.0,0.425531914893617,0.17073170731707318,0.3924050632911392,47.64705882352941,91.0,109.0,258.2363835501872,135.77482820621952,122.46155534396767,0.0009109206751577461,14.836905541014858,14.836905541014858,0.5683196670142934,0.12423254095483571,15.529457748983987,True,0.0,0.23523286085383122,0.23523286085383122,99582.0,28690.0,270120.0,Optimization terminated successfully. (HiGHS Status 7: Optimal),1.0,60.0
20260731_124647-0400,20260731_124647-0400-0122,122,150,A4x4_T60_S2,2,60,HiGHS-600s,0.23523286085383122,0.3337053571428572,0.3249776186213071,17.0,0.2833333333333333,20.0,7.0,1550.0,0.425531914893617,0.17073170731707318,0.3924050632911392,47.64705882352941,91.0,109.0,258.2363835501872,135.77482820621952,122.46155534396767,0.0009109206751577461,14.721137208049186,14.721137208049186,0.5683196670142934,0.12423254095483571,15.413689416018315,True,0.0,0.23523286085383122,0.23523286085383122,99582.0,28690.0,270120.0,Optimization terminated successfully. (HiGHS Status 7: Optimal),1.0,600.0
20260731_124647-0400,20260731_124647-0400-0123,123,150,A4x4_T60_S3,3,60,Greedy-Benefit,0.18231712592097218,0.3267973856209149,0.3322119428090833,18.0,0.3,22.0,7.0,1750.0,0.3333333333333333,0.25,0.42168674698795183,49.44444444444444,86.0,104.0,256.2745154963131,130.8148008143009,125.45971468201222,0.0007114134059248474,0.0023019580403342843,,,,0.0023022500099614263,False,,,,,,,Constructive heuristic,,
20260731_124647-0400,20260731_124647-0400-0123,123,150,A4x4_T60_S3,3,60,Greedy-Density-Operational,0.18186835143849553,0.343891402714932,0.3397813288477713,19.0,0.31666666666666665,24.0,8.0,1400.0,0.36363636363636365,0.2857142857142857,0.3373493975903614,48.1578947368421,102.0,116.0,278.9043806494809,140.19103271031736,138.71334793916355,0.0006520813728883753,0.0021889159688726068,,,,0.0021892499644309282,False,,,,,,,Constructive heuristic,,
20260731_124647-0400,20260731_124647-0400-0123,123,150,A4x4_T60_S3,3,60,Greedy-Density-Cycle,0.18186835143849553,0.343891402714932,0.3397813288477713,19.0,0.31666666666666665,24.0,8.0,1400.0,0.36363636363636365,0.2857142857142857,0.3373493975903614,48.1578947368421,102.0,116.0,278.9043806494809,140.19103271031736,138.71334793916355,0.0006520813728883753,0.0019826249917969108,,,,0.001982874935492873,False,,,,,,,Constructive heuristic,,
20260731_124647-0400,20260731_124647-0400-0123,123,150,A4x4_T60_S3,3,60,HiGHS-1s,,,,,,,,,,,,,,,,,,,6.583127040998079,6.583127040998079,0.4866524999961257,0.10539124999195337,7.175170790986158,False,,,,80244.0,24485.0,216311.0,Time limit reached. (HiGHS Status 13: model_status is Time limit reached; primal_status is At lower/fixed bound),,1.0
20260731_124647-0400,20260731_124647-0400-0123,123,150,A4x4_T60_S3,3,60,HiGHS-5s,,,,,,,,,,,,,,,,,,,6.708806041977368,6.708806041977368,0.4866524999961257,0.10539124999195337,7.300849791965447,False,,,,80244.0,24485.0,216311.0,Time limit reached. (HiGHS Status 13: model_status is Time limit reached; primal_status is At lower/fixed bound),,5.0
20260731_124647-0400,20260731_124647-0400-0123,123,150,A4x4_T60_S3,3,60,HiGHS-15s,0.22854186120568062,0.34389140271493196,0.343986543313709,18.0,0.3,24.0,7.0,1650.0,0.36363636363636365,0.25,0.39759036144578314,44.77777777777778,96.0,121.0,251.73286809878462,126.31359462436237,125.41927347442228,0.0009078745375276008,10.602581833023578,10.602581833023578,0.4866524999961257,0.10539124999195337,11.194625583011657,True,0.0,0.22854186120568062,0.22854186120568062,80244.0,24485.0,216311.0,Optimization terminated successfully. (HiGHS Status 7: Optimal),1.0,15.0
20260731_124647-0400,20260731_124647-0400-0123,123,150,A4x4_T60_S3,3,60,HiGHS-60s,0.22854186120568062,0.34389140271493196,0.343986543313709,18.0,0.3,24.0,7.0,1650.0,0.36363636363636365,0.25,0.39759036144578314,44.77777777777778,96.0,121.0,251.73286809878462,126.31359462436237,125.41927347442228,0.0009078745375276008,10.592284042038955,10.592284042038955,0.4866524999961257,0.10539124999195337,11.184327792027034,True,0.0,0.22854186120568062,0.22854186120568062,80244.0,24485.0,216311.0,Optimization terminated successfully. (HiGHS Status 7: Optimal),1.0,60.0
20260731_124647-0400,20260731_124647-0400-0123,123,150,A4x4_T60_S3,3,60,HiGHS-600s,0.22854186120568062,0.34389140271493196,0.343986543313709,18.0,0.3,24.0,7.0,1650.0,0.36363636363636365,0.25,0.39759036144578314,44.77777777777778,96.0,121.0,251.73286809878462,126.31359462436237,125.41927347442228,0.0009078745375276008,10.843467082944699,10.843467082944699,0.4866524999961257,0.10539124999195337,11.435510832932778,True,0.0,0.22854186120568062,0.22854186120568062,80244.0,24485.0,216311.0,Optimization terminated successfully. (HiGHS Status 7: Optimal),1.0,600.0
20260731_124647-0400,20260731_124647-0400-0124,124,150,A4x4_T60_S4,4,60,Greedy-Benefit,0.25556164621418176,0.41358337557019753,0.3863275039745627,21.0,0.35,27.0,12.0,1600.0,0.46551724137931033,0.4444444444444444,0.23529411764705882,49.38095238095238,99.0,114.0,260.3784750442421,132.56595849539002,127.81251654885207,0.0009815006642571284,0.002446416998282075,,,,0.002446708967909217,False,,,,,,,Constructive heuristic,,
20260731_124647-0400,20260731_124647-0400-0124,124,150,A4x4_T60_S4,4,60,Greedy-Density-Operational,0.22800019222165357,0.36492650785605657,0.3696343402225755,22.0,0.36666666666666664,21.0,9.0,2750.0,0.3620689655172414,0.3333333333333333,0.40441176470588236,45.59090909090909,101.0,116.0,234.1264316637983,122.76645929356299,111.3599723702353,0.000973833627418275,0.0025598749052733183,,,,0.0025601249653846025,False,,,,,,,Constructive heuristic,,
20260731_124647-0400,20260731_124647-0400-0124,124,150,A4x4_T60_S4,4,60,Greedy-Density-Cycle,0.22800019222165357,0.36492650785605657,0.3696343402225755,22.0,0.36666666666666664,21.0,9.0,2750.0,0.3620689655172414,0.3333333333333333,0.40441176470588236,45.59090909090909,101.0,116.0,234.1264316637983,122.76645929356299,111.3599723702353,0.000973833627418275,0.002450707950629294,,,,0.002450958010740578,False,,,,,,,Constructive heuristic,,
20260731_124647-0400,20260731_124647-0400-0124,124,150,A4x4_T60_S4,4,60,HiGHS-1s,,,,,,,,,,,,,,,,,,,10.13080304209143,10.13080304209143,0.7821886669844389,0.16261195798870176,11.07560366706457,False,,,,145757.0,36346.0,400989.0,Time limit reached. (HiGHS Status 13: model_status is Time limit reached; primal_status is At lower/fixed bound),,1.0
20260731_124647-0400,20260731_124647-0400-0124,124,150,A4x4_T60_S4,4,60,HiGHS-5s,,,,,,,,,,,,,,,,,,,10.1710069590481,10.1710069590481,0.7821886669844389,0.16261195798870176,11.11580758402124,False,,,,145757.0,36346.0,400989.0,Time limit reached. (HiGHS Status 13: model_status is Time limit reached; primal_status is At lower/fixed bound),,5.0
20260731_124647-0400,20260731_124647-0400-0124,124,150,A4x4_T60_S4,4,60,HiGHS-15s,,,,,,,,,,,,,,,,,,,15.06206308293622,15.06206308293622,0.7821886669844389,0.16261195798870176,16.00686370790936,False,,,,145757.0,36346.0,400989.0,Time limit reached. (HiGHS Status 13: model_status is Time limit reached; primal_status is At lower/fixed bound),,15.0
20260731_124647-0400,20260731_124647-0400-0124,124,150,A4x4_T60_S4,4,60,HiGHS-60s,0.2771405621898609,0.4303091738469334,0.41255961844197137,22.0,0.36666666666666664,27.0,12.0,2150.0,0.46551724137931033,0.4444444444444444,0.3161764705882353,48.18181818181818,102.0,114.0,247.11573892157202,124.46938211794904,122.64635680362298,0.0011215010561420288,50.327852125046775,50.327852125046775,0.7821886669844389,0.16261195798870176,51.272652750019915,True,0.0,0.2771405621898609,0.2771405621898609,145757.0,36346.0,400989.0,Optimization terminated successfully. (HiGHS Status 7: Optimal),1.0,60.0
20260731_124647-0400,20260731_124647-0400-0124,124,150,A4x4_T60_S4,4,60,HiGHS-600s,0.2771405621898609,0.4303091738469334,0.41255961844197137,22.0,0.36666666666666664,27.0,12.0,2150.0,0.46551724137931033,0.4444444444444444,0.3161764705882353,48.18181818181818,102.0,114.0,247.11573892157202,124.46938211794904,122.64635680362298,0.0011215010561420288,50.384084708057344,50.384084708057344,0.7821886669844389,0.16261195798870176,51.328885333030485,True,0.0,0.2771405621898609,0.2771405621898609,145757.0,36346.0,400989.0,Optimization terminated successfully. (HiGHS Status 7: Optimal),1.0,600.0
20260731_124647-0400,20260731_124647-0400-0125,125,150,A4x4_T60_S5,5,60,Greedy-Benefit,0.18874382449929217,0.3224946695095949,0.3005927180355631,19.0,0.31666666666666665,19.0,12.0,750.0,0.40425531914893614,0.26666666666666666,0.1724137931034483,50.1578947368421,96.0,115.0,267.0165850025762,147.79467407440703,119.22191092816925,0.0007068618022265214,0.0022605409612879157,,,,0.0022607080172747374,False,,,,,,,Constructive heuristic,,
20260731_124647-0400,20260731_124647-0400-0125,125,150,A4x4_T60_S5,5,60,Greedy-Density-Operational,0.22993282130657308,0.32675906183368875,0.3243014394580864,20.0,0.3333333333333333,14.0,18.0,1050.0,0.2978723404255319,0.4,0.2413793103448276,37.95,83.0,96.0,212.44896486546864,106.9334470451109,105.51551782035773,0.0010822967363111227,0.0022062920033931732,,,,0.002206459059379995,False,,,,,,,Constructive heuristic,,
20260731_124647-0400,20260731_124647-0400-0125,125,150,A4x4_T60_S5,5,60,Greedy-Density-Cycle,0.22993282130657308,0.32675906183368875,0.3243014394580864,20.0,0.3333333333333333,14.0,18.0,1050.0,0.2978723404255319,0.4,0.2413793103448276,37.95,83.0,96.0,212.44896486546864,106.9334470451109,105.51551782035773,0.0010822967363111227,0.002195624983869493,,,,0.002195750013925135,False,,,,,,,Constructive heuristic,,
20260731_124647-0400,20260731_124647-0400-0125,125,150,A4x4_T60_S5,5,60,HiGHS-1s,,,,,,,,,,,,,,,,,,,12.905797915998846,12.905797915998846,0.9526403750060126,0.1385616660118103,13.99699995701667,False,,,,168509.0,38714.0,466877.0,Time limit reached. (HiGHS Status 13: model_status is Time limit reached; primal_status is At lower/fixed bound),,1.0
20260731_124647-0400,20260731_124647-0400-0125,125,150,A4x4_T60_S5,5,60,HiGHS-5s,,,,,,,,,,,,,,,,,,,12.952478250022978,12.952478250022978,0.9526403750060126,0.1385616660118103,14.0436802910408,False,,,,168509.0,38714.0,466877.0,Time limit reached. (HiGHS Status 13: model_status is Time limit reached; primal_status is At lower/fixed bound),,5.0
20260731_124647-0400,20260731_124647-0400-0125,125,150,A4x4_T60_S5,5,60,HiGHS-15s,0.12317516745054527,0.15085287846481876,0.13378492802709568,8.0,0.13333333333333333,11.0,3.0,300.0,0.23404255319148937,0.06666666666666667,0.06896551724137931,25.5,47.0,66.0,134.42930042615785,72.68110534406935,61.74819508208852,0.0009162821428071443,15.11223054106813,15.11223054106813,0.9526403750060126,0.1385616660118103,16.203432582085952,False,15.866335117704686,0.12317516745054527,2.077513652400287,168509.0,38714.0,466877.0,Time limit reached. (HiGHS Status 13: Time limit reached),0.0,15.0
20260731_124647-0400,20260731_124647-0400-0125,125,150,A4x4_T60_S5,5,60,HiGHS-60s,0.12900528293970395,0.23933901918976544,0.24470787468247246,14.0,0.23333333333333334,10.0,12.0,1150.0,0.2127659574468085,0.26666666666666666,0.26436781609195403,47.142857142857146,105.0,125.0,199.04054055758996,113.38917386509686,85.65136669249313,0.0006481357143540205,66.54446854197886,66.54446854197886,0.9526403750060126,0.1385616660118103,67.63567058299668,False,0.9037868899983079,0.12900528293970398,0.2455985664011308,168509.0,38714.0,466877.0,Time limit reached. (HiGHS Status 13: Time limit reached),0.0,60.0
20260731_124647-0400,20260731_124647-0400-0125,125,150,A4x4_T60_S5,5,60,HiGHS-600s,0.24559856640113084,0.36567164179104483,0.3607112616426757,22.0,0.36666666666666664,16.0,20.0,1100.0,0.3404255319148936,0.4444444444444444,0.25287356321839083,44.40909090909091,99.0,119.0,242.6113655346052,129.44377305970204,113.16759247490313,0.001012312699612993,74.9041728329612,74.9041728329612,0.9526403750060126,0.1385616660118103,75.99537487397902,True,0.0,0.24559856640113084,0.24559856640113084,168509.0,38714.0,466877.0,Optimization terminated successfully. (HiGHS Status 7: Optimal),1.0,600.0
20260731_124647-0400,20260731_124647-0400-0126,126,150,A4x4_T60_S6,6,60,Greedy-Benefit,0.23184895502005437,0.35569693464430313,0.32779720279720287,18.0,0.3,21.0,6.0,1750.0,0.5121951219512195,0.17142857142857143,0.2734375,45.27777777777778,85.0,100.0,239.50193494177418,124.81832516635802,114.68360977541616,0.0009680462710099593,0.0024223339278250933,,,,0.0024225839879363775,False,,,,,,,Constructive heuristic,,
20260731_124647-0400,20260731_124647-0400-0126,126,150,A4x4_T60_S6,6,60,Greedy-Density-Operational,0.22581047292110196,0.3389242336610759,0.3243006993006994,18.0,0.3,17.0,9.0,1850.0,0.4146341463414634,0.2571428571428571,0.2890625,44.55555555555556,90.0,105.0,228.18959036593185,115.05350223920888,113.13608812672295,0.0009895739440128944,0.002032084041275084,,,,0.0020322500495240092,False,,,,,,,Constructive heuristic,,
20260731_124647-0400,20260731_124647-0400-0126,126,150,A4x4_T60_S6,6,60,Greedy-Density-Cycle,0.22581047292110196,0.3389242336610759,0.3243006993006994,18.0,0.3,17.0,9.0,1850.0,0.4146341463414634,0.2571428571428571,0.2890625,44.55555555555556,90.0,105.0,228.18959036593185,115.05350223920888,113.13608812672295,0.0009895739440128944,0.002098041004501283,,,,0.002098207944072783,False,,,,,,,Constructive heuristic,,
20260731_124647-0400,20260731_124647-0400-0126,126,150,A4x4_T60_S6,6,60,HiGHS-1s,,,,,,,,,,,,,,,,,,,6.791954791056924,6.791954791056924,0.5447886250913143,0.06611829099711031,7.402861707145348,False,,,,81380.0,23192.0,221012.0,Time limit reached. (HiGHS Status 13: model_status is Time limit reached; primal_status is At lower/fixed bound),,1.0
20260731_124647-0400,20260731_124647-0400-0126,126,150,A4x4_T60_S6,6,60,HiGHS-5s,,,,,,,,,,,,,,,,,,,6.569855707930401,6.569855707930401,0.5447886250913143,0.06611829099711031,7.180762624018826,False,,,,81380.0,23192.0,221012.0,Time limit reached. (HiGHS Status 13: model_status is Time limit reached; primal_status is At lower/fixed bound),,5.0
20260731_124647-0400,20260731_124647-0400-0126,126,150,A4x4_T60_S6,6,60,HiGHS-15s,0.28523601762469875,0.4025448235974552,0.3811188811188812,20.0,0.3333333333333333,21.0,10.0,2100.0,0.5121951219512195,0.2857142857142857,0.328125,46.15,90.0,103.0,218.32215689171466,110.99623611437423,107.32592077734037,0.0013064913872492228,12.404036707943305,12.404036707943305,0.5447886250913143,0.06611829099711031,13.01494362403173,True,0.0,0.2852360176246987,0.2852360176246987,81380.0,23192.0,221012.0,Optimization terminated successfully. (HiGHS Status 7: Optimal),1.0,15.0
20260731_124647-0400,20260731_124647-0400-0126,126,150,A4x4_T60_S6,6,60,HiGHS-60s,0.28523601762469875,0.4025448235974552,0.3811188811188812,20.0,0.3333333333333333,21.0,10.0,2100.0,0.5121951219512195,0.2857142857142857,0.328125,46.15,90.0,103.0,218.32215689171466,110.99623611437423,107.32592077734037,0.0013064913872492228,12.605156917008571,12.605156917008571,0.5447886250913143,0.06611829099711031,13.216063833096996,True,0.0,0.2852360176246987,0.2852360176246987,81380.0,23192.0,221012.0,Optimization terminated successfully. (HiGHS Status 7: Optimal),1.0,60.0
20260731_124647-0400,20260731_124647-0400-0126,126,150,A4x4_T60_S6,6,60,HiGHS-600s,0.28523601762469875,0.4025448235974552,0.3811188811188812,20.0,0.3333333333333333,21.0,10.0,2100.0,0.5121951219512195,0.2857142857142857,0.328125,46.15,90.0,103.0,218.32215689171466,110.99623611437423,107.32592077734037,0.0013064913872492228,12.342427666997537,12.342427666997537,0.5447886250913143,0.06611829099711031,12.953334583085962,True,0.0,0.2852360176246987,0.2852360176246987,81380.0,23192.0,221012.0,Optimization terminated successfully. (HiGHS Status 7: Optimal),1.0,600.0
20260731_124647-0400,20260731_124647-0400-0127,127,150,A4x4_T60_S7,7,60,Greedy-Benefit,0.2269069253557319,0.34375000000000006,0.32996323529411764,20.0,0.3333333333333333,18.0,11.0,1150.0,0.42857142857142855,0.25,0.3026315789473684,51.25,107.0,122.0,248.417336629503,143.7313853848875,104.68595124461554,0.00091341018478975,0.0024863340659067035,,,,0.0024867920437827706,False,,,,,,,Constructive heuristic,,
20260731_124647-0400,20260731_124647-0400-0127,127,150,A4x4_T60_S7,7,60,Greedy-Density-Operational,0.23531060534421125,0.33854166666666674,0.32628676470588247,22.0,0.36666666666666664,15.0,16.0,750.0,0.35714285714285715,0.36363636363636365,0.19736842105263158,43.63636363636363,104.0,120.0,216.7910952540531,108.73143634949633,108.05965890455676,0.0010854256032447067,0.0024309169966727495,,,,0.0024311670567840338,False,,,,,,,Constructive heuristic,,
20260731_124647-0400,20260731_124647-0400-0127,127,150,A4x4_T60_S7,7,60,Greedy-Density-Cycle,0.23748368440045184,0.33854166666666674,0.3262867647058824,22.0,0.36666666666666664,15.0,16.0,750.0,0.35714285714285715,0.36363636363636365,0.19736842105263158,43.13636363636363,106.0,121.0,214.454816772432,107.56329710868576,106.89151966374618,0.0011073833079368735,0.0024987090146169066,,,,0.0024989170487970114,False,,,,,,,Constructive heuristic,,
20260731_124647-0400,20260731_124647-0400-0127,127,150,A4x4_T60_S7,7,60,HiGHS-1s,,,,,,,,,,,,,,,,,,,16.446324541931972,16.446324541931972,0.9714864579727873,0.19200729101430625,17.609818290919065,False,,,,183294.0,37916.0,512030.0,Time limit reached. (HiGHS Status 13: model_status is Time limit reached; primal_status is At lower/fixed bound),,1.0
20260731_124647-0400,20260731_124647-0400-0127,127,150,A4x4_T60_S7,7,60,HiGHS-5s,,,,,,,,,,,,,,,,,,,16.356255499995314,16.356255499995314,0.9714864579727873,0.19200729101430625,17.519749248982407,False,,,,183294.0,37916.0,512030.0,Time limit reached. (HiGHS Status 13: model_status is Time limit reached; primal_status is At lower/fixed bound),,5.0
20260731_124647-0400,20260731_124647-0400-0127,127,150,A4x4_T60_S7,7,60,HiGHS-15s,,,,,,,,,,,,,,,,,,,16.3606855829712,16.3606855829712,0.9714864579727873,0.19200729101430625,17.524179331958294,False,,,,183294.0,37916.0,512030.0,Time limit reached. (HiGHS Status 13: model_status is Time limit reached; primal_status is At lower/fixed bound),,15.0
20260731_124647-0400,20260731_124647-0400-0127,127,150,A4x4_T60_S7,7,60,HiGHS-60s,,,,,,,,,,,,,,,,,,,60.09855533298105,60.09855533298105,0.9714864579727873,0.19200729101430625,61.262049081968144,False,,,,183294.0,37916.0,512030.0,Time limit reached. (HiGHS Status 13: model_status is Time limit reached; primal_status is At lower/fixed bound),,60.0
20260731_124647-0400,20260731_124647-0400-0127,127,150,A4x4_T60_S7,7,60,HiGHS-600s,0.29665626538195217,0.42476851851851855,0.40808823529411764,23.0,0.38333333333333336,19.0,20.0,900.0,0.4523809523809524,0.45454545454545453,0.23684210526315788,47.869565217391305,103.0,118.0,211.58345487878378,116.96773130712319,94.61572357166054,0.0014020768568691092,66.32870179205202,66.32870179205202,0.9714864579727873,0.19200729101430625,67.49219554103911,True,0.0,0.2966562653819521,0.2966562653819521,183294.0,37916.0,512030.0,Optimization terminated successfully. (HiGHS Status 7: Optimal),1.0,600.0
20260731_124647-0400,20260731_124647-0400-0128,128,150,A4x4_T60_S8,8,60,Greedy-Benefit,0.18342010045389862,0.3447753659767794,0.31907894736842096,18.0,0.3,22.0,15.0,300.0,0.3728813559322034,0.42857142857142855,0.06521739130434782,46.55555555555556,81.0,101.0,258.1685354668639,129.42070467472666,128.74783079213725,0.0007104665180139301,0.0022483329521492124,,,,0.0022485830122604966,False,,,,,,,Constructive heuristic,,
20260731_124647-0400,20260731_124647-0400-0128,128,150,A4x4_T60_S8,8,60,Greedy-Density-Operational,0.18171277061216884,0.35689045936395764,0.3388157894736841,19.0,0.31666666666666665,22.0,15.0,700.0,0.3728813559322034,0.42857142857142855,0.15217391304347827,49.05263157894737,95.0,108.0,269.56700546972445,135.09198737235104,134.47501809737338,0.0006740912905699705,0.0021299999207258224,,,,0.0021302499808371067,False,,,,,,,Constructive heuristic,,
20260731_124647-0400,20260731_124647-0400-0128,128,150,A4x4_T60_S8,8,60,Greedy-Density-Cycle,0.1812127978431884,0.3417465926299849,0.3223684210526315,18.0,0.3,22.0,13.0,700.0,0.3728813559322034,0.37142857142857144,0.15217391304347827,46.72222222222222,95.0,108.0,270.162963841964,135.6879457445906,134.47501809737335,0.0006707536638855933,0.0021849169861525297,,,,0.0021851250203326344,False,,,,,,,Constructive heuristic,,
20260731_124647-0400,20260731_124647-0400-0128,128,150,A4x4_T60_S8,8,60,HiGHS-1s,,,,,,,,,,,,,,,,,,,8.52179199992679,8.52179199992679,0.7910810409812257,0.20222995802760124,9.515102998935618,False,,,,129383.0,30314.0,357899.0,Time limit reached. (HiGHS Status 13: model_status is Time limit reached; primal_status is At lower/fixed bound),,1.0
20260731_124647-0400,20260731_124647-0400-0128,128,150,A4x4_T60_S8,8,60,HiGHS-5s,,,,,,,,,,,,,,,,,,,7.9063372920500115,7.9063372920500115,0.7910810409812257,0.20222995802760124,8.899648291058838,False,,,,129383.0,30314.0,357899.0,Time limit reached. (HiGHS Status 13: model_status is Time limit reached; primal_status is At lower/fixed bound),,5.0
20260731_124647-0400,20260731_124647-0400-0128,128,150,A4x4_T60_S8,8,60,HiGHS-15s,,,,,,,,,,,,,,,,,,,15.07965816592332,15.07965816592332,0.7910810409812257,0.20222995802760124,16.072969164932147,False,,,,129383.0,30314.0,357899.0,Time limit reached. (HiGHS Status 13: model_status is Time limit reached; primal_status is At lower/fixed bound),,15.0
20260731_124647-0400,20260731_124647-0400-0128,128,150,A4x4_T60_S8,8,60,HiGHS-60s,0.2613444363152429,0.41746592629984863,0.3963815789473683,21.0,0.35,25.0,19.0,700.0,0.423728813559322,0.5428571428571428,0.15217391304347827,47.142857142857146,95.0,109.0,236.6044391610537,129.31455232268928,107.2898868383644,0.0011045626922382,32.96485054201912,32.96485054201912,0.7910810409812257,0.20222995802760124,33.95816154102795,True,0.0,0.26134443631524285,0.26134443631524285,129383.0,30314.0,357899.0,Optimization terminated successfully. (HiGHS Status 7: Optimal),1.0,60.0
20260731_124647-0400,20260731_124647-0400-0128,128,150,A4x4_T60_S8,8,60,HiGHS-600s,0.2613444363152429,0.41746592629984863,0.3963815789473683,21.0,0.35,25.0,19.0,700.0,0.423728813559322,0.5428571428571428,0.15217391304347827,47.142857142857146,95.0,109.0,236.6044391610537,129.31455232268928,107.2898868383644,0.0011045626922382,32.86385983298533,32.86385983298533,0.7910810409812257,0.20222995802760124,33.857170831994154,True,0.0,0.26134443631524285,0.26134443631524285,129383.0,30314.0,357899.0,Optimization terminated successfully. (HiGHS Status 7: Optimal),1.0,600.0
20260731_124647-0400,20260731_124647-0400-0129,129,150,A4x4_T60_S9,9,60,Greedy-Benefit,0.22754439357166228,0.3582887700534758,0.33766233766233766,20.0,0.3333333333333333,23.0,10.0,1000.0,0.3898305084745763,0.4,0.19047619047619047,49.4,104.0,119.0,258.63057443999344,137.12616504696018,121.50440939303323,0.0008798046946474085,0.002435542060993612,,,,0.002435875008814037,False,,,,,,,Constructive heuristic,,
20260731_124647-0400,20260731_124647-0400-0129,129,150,A4x4_T60_S9,9,60,Greedy-Density-Operational,0.24463834370481852,0.3684491978609625,0.3627705627705628,21.0,0.35,22.0,10.0,1650.0,0.3728813559322034,0.4,0.3142857142857143,42.19047619047619,90.0,109.0,219.17902933549823,109.76896233937612,109.4100669961221,0.0011161576198530818,0.0022686249576509,,,,0.0022689580218866467,False,,,,,,,Constructive heuristic,,
20260731_124647-0400,20260731_124647-0400-0129,129,150,A4x4_T60_S9,9,60,Greedy-Density-Cycle,0.24416641801127748,0.39251336898395717,0.3887445887445888,22.0,0.36666666666666664,22.0,13.0,1650.0,0.3728813559322034,0.52,0.3142857142857143,44.95454545454545,107.0,127.0,245.6453898576558,123.00214260045493,122.6432472572009,0.0009939792403707013,0.0023397079203277826,,,,0.0023400000063702464,False,,,,,,,Constructive heuristic,,
20260731_124647-0400,20260731_124647-0400-0129,129,150,A4x4_T60_S9,9,60,HiGHS-1s,,,,,,,,,,,,,,,,,,,3.3592272920068353,3.3592272920068353,0.4029026658972725,0.05425858299713582,3.8163885409012437,False,,,,69567.0,20397.0,188368.0,Time limit reached. (HiGHS Status 13: model_status is Time limit reached; primal_status is At lower/fixed bound),,1.0
20260731_124647-0400,20260731_124647-0400-0129,129,150,A4x4_T60_S9,9,60,HiGHS-5s,,,,,,,,,,,,,,,,,,,5.0301363749895245,5.0301363749895245,0.4029026658972725,0.05425858299713582,5.487297623883933,False,,,,69567.0,20397.0,188368.0,Time limit reached. (HiGHS Status 13: model_status is Time limit reached; primal_status is At lower/fixed bound),,5.0
20260731_124647-0400,20260731_124647-0400-0129,129,150,A4x4_T60_S9,9,60,HiGHS-15s,0.2761821295876467,0.42459893048128333,0.3844155844155845,19.0,0.31666666666666665,28.0,14.0,400.0,0.4745762711864407,0.56,0.0761904761904762,45.26315789473684,105.0,120.0,267.7120835696135,133.88849642491365,133.82358714469987,0.0010316386391869036,15.049341791076586,15.049341791076586,0.4029026658972725,0.05425858299713582,15.506503039970994,False,0.05281054347588307,0.27618212958764676,0.29076745794949715,69567.0,20397.0,188368.0,Time limit reached. (HiGHS Status 13: Time limit reached),0.0,15.0
20260731_124647-0400,20260731_124647-0400-0129,129,150,A4x4_T60_S9,9,60,HiGHS-60s,0.2904442111087855,0.4288770053475935,0.3956709956709958,21.0,0.35,29.0,11.0,950.0,0.4915254237288136,0.44,0.18095238095238095,46.38095238095238,105.0,120.0,267.8502873601406,134.02670021544074,133.82358714469987,0.0010843528075751736,22.46907720901072,22.46907720901072,0.4029026658972725,0.05425858299713582,22.92623845790513,True,0.0,0.29044421110878554,0.29044421110878554,69567.0,20397.0,188368.0,Optimization terminated successfully. (HiGHS Status 7: Optimal),1.0,60.0
20260731_124647-0400,20260731_124647-0400-0129,129,150,A4x4_T60_S9,9,60,HiGHS-600s,0.2904442111087855,0.4288770053475935,0.3956709956709958,21.0,0.35,29.0,11.0,950.0,0.4915254237288136,0.44,0.18095238095238095,46.38095238095238,105.0,120.0,267.8502873601406,134.02670021544074,133.82358714469987,0.0010843528075751736,21.871026917011477,21.871026917011477,0.4029026658972725,0.05425858299713582,22.328188165905885,True,0.0,0.29044421110878554,0.29044421110878554,69567.0,20397.0,188368.0,Optimization terminated successfully. (HiGHS Status 7: Optimal),1.0,600.0
20260731_124647-0400,20260731_124647-0400-0130,130,150,A4x4_T60_S10,10,60,Greedy-Benefit,0.21069497381901955,0.37267410951621466,0.3649449618966976,21.0,0.35,19.0,16.0,1350.0,0.4222222222222222,0.32,0.35064935064935066,47.095238095238095,94.0,116.0,243.75630546388885,128.30318827500025,115.45311718888861,0.0008643672762353745,0.0025627079885452986,,,,0.0025630000745877624,False,,,,,,,Constructive heuristic,,
20260731_124647-0400,20260731_124647-0400-0130,130,150,A4x4_T60_S10,10,60,Greedy-Density-Operational,0.2224058137643094,0.37267410951621477,0.37341236240474157,22.0,0.36666666666666664,16.0,20.0,1350.0,0.35555555555555557,0.4,0.35064935064935066,44.09090909090909,95.0,108.0,229.4603048981078,114.83388946088537,114.62641543722242,0.0009692561589816985,0.002382374950684607,,,,0.002382666920311749,False,,,,,,,Constructive heuristic,,
20260731_124647-0400,20260731_124647-0400-0130,130,150,A4x4_T60_S10,10,60,Greedy-Density-Cycle,0.2224058137643094,0.37267410951621477,0.37341236240474157,22.0,0.36666666666666664,16.0,20.0,1350.0,0.35555555555555557,0.4,0.35064935064935066,44.09090909090909,95.0,108.0,229.4603048981078,114.83388946088537,114.62641543722242,0.0009692561589816985,0.0022737079998478293,,,,0.0022739579435437918,False,,,,,,,Constructive heuristic,,
20260731_124647-0400,20260731_124647-0400-0130,130,150,A4x4_T60_S10,10,60,HiGHS-1s,,,,,,,,,,,,,,,,,,,9.696766457986087,9.696766457986087,0.7567136249272153,0.14828366599977016,10.601763748913072,False,,,,123682.0,29231.0,341879.0,Time limit reached. (HiGHS Status 13: model_status is Time limit reached; primal_status is At lower/fixed bound),,1.0
20260731_124647-0400,20260731_124647-0400-0130,130,150,A4x4_T60_S10,10,60,HiGHS-5s,,,,,,,,,,,,,,,,,,,9.630769040901214,9.630769040901214,0.7567136249272153,0.14828366599977016,10.5357663318282,False,,,,123682.0,29231.0,341879.0,Time limit reached. (HiGHS Status 13: model_status is Time limit reached; primal_status is At lower/fixed bound),,5.0
20260731_124647-0400,20260731_124647-0400-0130,130,150,A4x4_T60_S10,10,60,HiGHS-15s,,,,,,,,,,,,,,,,,,,15.05191925005056,15.05191925005056,0.7567136249272153,0.14828366599977016,15.956916540977545,False,,,,123682.0,29231.0,341879.0,Time limit reached. (HiGHS Status 13: model_status is Time limit reached; primal_status is At lower/fixed bound),,15.0
20260731_124647-0400,20260731_124647-0400-0130,130,150,A4x4_T60_S10,10,60,HiGHS-60s,0.26058533591644906,0.41307814992025516,0.39542760372565605,21.0,0.35,21.0,20.0,950.0,0.4666666666666667,0.4,0.24675324675324675,46.523809523809526,92.0,107.0,220.72222329336046,115.83882875314798,104.88339454021246,0.0011806030767011022,30.60697020799853,30.60697020799853,0.7567136249272153,0.14828366599977016,31.511967498925515,True,0.0,0.260585335916449,0.260585335916449,123682.0,29231.0,341879.0,Optimization terminated successfully. (HiGHS Status 7: Optimal),1.0,60.0
20260731_124647-0400,20260731_124647-0400-0130,130,150,A4x4_T60_S10,10,60,HiGHS-600s,0.26058533591644906,0.41307814992025516,0.39542760372565605,21.0,0.35,21.0,20.0,950.0,0.4666666666666667,0.4,0.24675324675324675,46.523809523809526,92.0,107.0,220.72222329336046,115.83882875314798,104.88339454021246,0.0011806030767011022,30.78750087507069,30.78750087507069,0.7567136249272153,0.14828366599977016,31.692498165997677,True,0.0,0.260585335916449,0.260585335916449,123682.0,29231.0,341879.0,Optimization terminated successfully. (HiGHS Status 7: Optimal),1.0,600.0
20260731_124647-0400,20260731_124647-0400-0131,131,150,A4x4_T60_S11,11,60,Greedy-Benefit,0.19798366563023856,0.3023012552301256,0.2865497076023393,17.0,0.2833333333333333,19.0,9.0,1050.0,0.3392857142857143,0.2903225806451613,0.1926605504587156,52.88235294117647,98.0,111.0,257.17022722116826,167.5489115130078,89.62131570816045,0.0007698545347551883,0.002473333035595715,,,,0.0024735829792916775,False,,,,,,,Constructive heuristic,,
20260731_124647-0400,20260731_124647-0400-0131,131,150,A4x4_T60_S11,11,60,Greedy-Density-Operational,0.18904317355307604,0.3002092050209205,0.29573934837092736,19.0,0.31666666666666665,17.0,10.0,1400.0,0.30357142857142855,0.3225806451612903,0.25688073394495414,51.36842105263158,101.0,113.0,268.89417386362913,142.60298248510227,126.29119137852688,0.0007030393066416906,0.0022926670499145985,,,,0.002292958088219166,False,,,,,,,Constructive heuristic,,
20260731_124647-0400,20260731_124647-0400-0131,131,150,A4x4_T60_S11,11,60,Greedy-Density-Cycle,0.1877224700925951,0.3221757322175733,0.305764411027569,19.0,0.31666666666666665,20.0,10.0,1100.0,0.35714285714285715,0.3225806451612903,0.2018348623853211,50.78947368421053,96.0,113.0,275.1934909068168,158.27729952828992,116.91619137852688,0.0006821472029516852,0.0021946249762549996,,,,0.0021948330104351044,False,,,,,,,Constructive heuristic,,
20260731_124647-0400,20260731_124647-0400-0131,131,150,A4x4_T60_S11,11,60,HiGHS-1s,,,,,,,,,,,,,,,,,,,43.878896375070326,43.878896375070326,1.574593124911189,0.30987554194871336,45.76336504193023,False,,,,304699.0,60566.0,853595.0,Time limit reached. (HiGHS Status 13: model_status is Time limit reached; primal_status is At lower/fixed bound),,1.0
20260731_124647-0400,20260731_124647-0400-0131,131,150,A4x4_T60_S11,11,60,HiGHS-5s,,,,,,,,,,,,,,,,,,,44.10157275001984,44.10157275001984,1.574593124911189,0.30987554194871336,45.98604141687974,False,,,,304699.0,60566.0,853595.0,Time limit reached. (HiGHS Status 13: model_status is Time limit reached; primal_status is At lower/fixed bound),,5.0
20260731_124647-0400,20260731_124647-0400-0131,131,150,A4x4_T60_S11,11,60,HiGHS-15s,,,,,,,,,,,,,,,,,,,43.977289790986106,43.977289790986106,1.574593124911189,0.30987554194871336,45.86175845784601,False,,,,304699.0,60566.0,853595.0,Time limit reached. (HiGHS Status 13: model_status is Time limit reached; primal_status is At lower/fixed bound),,15.0
20260731_124647-0400,20260731_124647-0400-0131,131,150,A4x4_T60_S11,11,60,HiGHS-60s,,,,,,,,,,,,,,,,,,,60.17159262497444,60.17159262497444,1.574593124911189,0.30987554194871336,62.05606129183434,False,,,,304699.0,60566.0,853595.0,Time limit reached. (HiGHS Status 13: model_status is Time limit reached; primal_status is At lower/fixed bound),,60.0
20260731_124647-0400,20260731_124647-0400-0131,131,150,A4x4_T60_S11,11,60,HiGHS-600s,0.24183560786076974,0.35460251046025115,0.34920634920634935,20.0,0.3333333333333333,18.0,16.0,1300.0,0.32142857142857145,0.5161290322580645,0.23853211009174313,50.4,100.0,112.0,255.5830097410382,148.69832056237416,106.88468917866403,0.0009462115971863794,271.2684790829662,271.2684790829662,1.574593124911189,0.30987554194871336,273.1529477498261,True,0.0,0.24183560786076974,0.24183560786076974,304699.0,60566.0,853595.0,Optimization terminated successfully. (HiGHS Status 7: Optimal),1.0,600.0
20260731_124647-0400,20260731_124647-0400-0132,132,150,A4x4_T60_S12,12,60,Greedy-Benefit,0.26167108358887375,0.36958762886597946,0.3502074688796682,20.0,0.3333333333333333,24.0,11.0,1200.0,0.46153846153846156,0.2558139534883721,0.2823529411764706,44.65,100.0,115.0,243.46165788991544,134.42369347191558,109.03796441799977,0.0010747938129427835,0.0023033340694382787,,,,0.002303584013134241,False,,,,,,,Constructive heuristic,,
20260731_124647-0400,20260731_124647-0400-0132,132,150,A4x4_T60_S12,12,60,Greedy-Density-Operational,0.2716033073598311,0.39020618556701037,0.37925311203319517,22.0,0.36666666666666664,23.0,14.0,1450.0,0.4423076923076923,0.32558139534883723,0.3411764705882353,43.45454545454545,97.0,112.0,222.21207062642875,123.72100870391571,98.49106192251304,0.0012222707191115478,0.0022324579767882824,,,,0.002232625032775104,False,,,,,,,Constructive heuristic,,
20260731_124647-0400,20260731_124647-0400-0132,132,150,A4x4_T60_S12,12,60,Greedy-Density-Cycle,0.2716033073598311,0.39020618556701037,0.37925311203319517,22.0,0.36666666666666664,23.0,14.0,1450.0,0.4423076923076923,0.32558139534883723,0.3411764705882353,43.45454545454545,97.0,112.0,222.21207062642875,123.72100870391571,98.49106192251304,0.0012222707191115478,0.002214792068116367,,,,0.0022150001022964716,False,,,,,,,Constructive heuristic,,
20260731_124647-0400,20260731_124647-0400-0132,132,150,A4x4_T60_S12,12,60,HiGHS-1s,,,,,,,,,,,,,,,,,,,12.134854207979515,12.134854207979515,0.9511911659501493,0.18852549989242107,13.274570873822086,False,,,,169600.0,41648.0,467216.0,Time limit reached. (HiGHS Status 13: model_status is Time limit reached; primal_status is At lower/fixed bound),,1.0
20260731_124647-0400,20260731_124647-0400-0132,132,150,A4x4_T60_S12,12,60,HiGHS-5s,,,,,,,,,,,,,,,,,,,12.399270249996334,12.399270249996334,0.9511911659501493,0.18852549989242107,13.538986915838905,False,,,,169600.0,41648.0,467216.0,Time limit reached. (HiGHS Status 13: model_status is Time limit reached; primal_status is At lower/fixed bound),,5.0
20260731_124647-0400,20260731_124647-0400-0132,132,150,A4x4_T60_S12,12,60,HiGHS-15s,,,,,,,,,,,,,,,,,,,15.54172041604761,15.54172041604761,0.9511911659501493,0.18852549989242107,16.68143708189018,False,,-0.0,25.270826672321956,169600.0,41648.0,467216.0,Time limit reached. (HiGHS Status 13: Time limit reached),0.0,15.0
20260731_124647-0400,20260731_124647-0400-0132,132,150,A4x4_T60_S12,12,60,HiGHS-60s,0.2964133235394582,0.44123711340206195,0.4199170124481329,23.0,0.38333333333333336,26.0,18.0,1100.0,0.5,0.4186046511627907,0.25882352941176473,47.56521739130435,92.0,108.0,228.6689139392759,119.99636177425626,108.67255216501962,0.0012962554395048735,46.44542841601651,46.44542841601651,0.9511911659501493,0.18852549989242107,47.58514508185908,True,0.0,0.2964133235394582,0.2964133235394582,169600.0,41648.0,467216.0,Optimization terminated successfully. (HiGHS Status 7: Optimal),1.0,60.0
20260731_124647-0400,20260731_124647-0400-0132,132,150,A4x4_T60_S12,12,60,HiGHS-600s,0.2964133235394582,0.44123711340206195,0.4199170124481329,23.0,0.38333333333333336,26.0,18.0,1100.0,0.5,0.4186046511627907,0.25882352941176473,47.56521739130435,92.0,108.0,228.6689139392759,119.99636177425626,108.67255216501962,0.0012962554395048735,45.864185707992874,45.864185707992874,0.9511911659501493,0.18852549989242107,47.003902373835444,True,0.0,0.2964133235394582,0.2964133235394582,169600.0,41648.0,467216.0,Optimization terminated successfully. (HiGHS Status 7: Optimal),1.0,600.0
20260731_124647-0400,20260731_124647-0400-0133,133,150,A4x4_T60_S13,13,60,Greedy-Benefit,0.2612794350534825,0.3650627615062761,0.36404697380307127,22.0,0.36666666666666664,25.0,9.0,1050.0,0.36764705882352944,0.36,0.3559322033898305,47.5,93.0,112.0,237.85592324151133,128.34679056763244,109.50913267387887,0.0010984777317829823,0.0027433750219643116,,,,0.002743625082075596,False,,,,,,,Constructive heuristic,,
20260731_124647-0400,20260731_124647-0400-0133,133,150,A4x4_T60_S13,13,60,Greedy-Density-Operational,0.2774566562079152,0.40376569037656895,0.39476061427280923,23.0,0.38333333333333336,29.0,9.0,950.0,0.4264705882352941,0.36,0.3220338983050847,45.52173913043478,94.0,116.0,227.0319090348172,113.8691390014747,113.16277003334251,0.0012221042292577691,0.0025691669434309006,,,,0.002569457981735468,False,,,,,,,Constructive heuristic,,
20260731_124647-0400,20260731_124647-0400-0133,133,150,A4x4_T60_S13,13,60,Greedy-Density-Cycle,0.27564597006027686,0.41265690376569036,0.4146341463414633,23.0,0.38333333333333336,27.0,12.0,1150.0,0.39705882352941174,0.48,0.3898305084745763,44.21739130434783,106.0,126.0,227.1199683400787,114.60570676940615,112.51426157067257,0.0012136580155186426,0.0024324581027030945,,,,0.002432667068205774,False,,,,,,,Constructive heuristic,,
20260731_124647-0400,20260731_124647-0400-0133,133,150,A4x4_T60_S13,13,60,HiGHS-1s,,,,,,,,,,,,,,,,,,,30.7264655000763,30.7264655000763,1.3437460419954732,0.2726117499405518,32.342823292012326,False,,,,257666.0,52181.0,720881.0,Time limit reached. (HiGHS Status 13: model_status is Time limit reached; primal_status is At lower/fixed bound),,1.0
20260731_124647-0400,20260731_124647-0400-0133,133,150,A4x4_T60_S13,13,60,HiGHS-5s,,,,,,,,,,,,,,,,,,,30.67979116702918,30.67979116702918,1.3437460419954732,0.2726117499405518,32.296148958965205,False,,,,257666.0,52181.0,720881.0,Time limit reached. (HiGHS Status 13: model_status is Time limit reached; primal_status is At lower/fixed bound),,5.0
20260731_124647-0400,20260731_124647-0400-0133,133,150,A4x4_T60_S13,13,60,HiGHS-15s,,,,,,,,,,,,,,,,,,,30.64200070791412,30.64200070791412,1.3437460419954732,0.2726117499405518,32.25835849985015,False,,,,257666.0,52181.0,720881.0,Time limit reached. (HiGHS Status 13: model_status is Time limit reached; primal_status is At lower/fixed bound),,15.0
20260731_124647-0400,20260731_124647-0400-0133,133,150,A4x4_T60_S13,13,60,HiGHS-60s,,,,,,,,,,,,,,,,,,,60.18657424999401,60.18657424999401,1.3437460419954732,0.2726117499405518,61.802932041930035,False,,,,257666.0,52181.0,720881.0,Time limit reached. (HiGHS Status 13: model_status is Time limit reached; primal_status is At lower/fixed bound),,60.0
20260731_124647-0400,20260731_124647-0400-0133,133,150,A4x4_T60_S13,13,60,HiGHS-600s,0.29023521868814883,0.4288702928870292,0.4290876242095753,24.0,0.4,29.0,11.0,1250.0,0.4264705882352941,0.44,0.423728813559322,48.083333333333336,98.0,118.0,211.82142044995274,107.2630851278615,104.55833532209121,0.001370188237202965,253.41727879201062,253.41727879201062,1.3437460419954732,0.2726117499405518,255.03363658394665,True,0.0,0.29023521868814883,0.29023521868814883,257666.0,52181.0,720881.0,Optimization terminated successfully. (HiGHS Status 7: Optimal),1.0,600.0
20260731_124647-0400,20260731_124647-0400-0134,134,150,A4x4_T60_S14,14,60,Greedy-Benefit,0.2851787778282073,0.39484752891692965,0.39022369511184773,24.0,0.4,20.0,16.0,1850.0,0.47619047619047616,0.2909090909090909,0.46835443037974683,46.125,90.0,103.0,200.686825660734,111.57339548037288,89.11343018036109,0.0014210139449328328,0.0028244999703019857,,,,0.0028247080044820905,False,,,,,,,Constructive heuristic,,
20260731_124647-0400,20260731_124647-0400-0134,134,150,A4x4_T60_S14,14,60,Greedy-Density-Operational,0.27006806742610284,0.3995793901156678,0.41010770505385274,25.0,0.4166666666666667,17.0,19.0,2250.0,0.40476190476190477,0.34545454545454546,0.569620253164557,44.8,93.0,105.0,184.2922942017004,100.26531747670425,84.0269767249961,0.0014654333139427107,0.002553125028498471,,,,0.0025532920844852924,False,,,,,,,Constructive heuristic,,
20260731_124647-0400,20260731_124647-0400-0134,134,150,A4x4_T60_S14,14,60,Greedy-Density-Cycle,0.27006806742610284,0.3995793901156678,0.41010770505385274,25.0,0.4166666666666667,17.0,19.0,2250.0,0.40476190476190477,0.34545454545454546,0.569620253164557,44.8,93.0,105.0,184.2922942017004,100.26531747670425,84.0269767249961,0.0014654333139427107,0.0025328330229967833,,,,0.002533000078983605,False,,,,,,,Constructive heuristic,,
20260731_124647-0400,20260731_124647-0400-0134,134,150,A4x4_T60_S14,14,60,HiGHS-1s,,,,,,,,,,,,,,,,,,,37.30326666706242,37.30326666706242,1.415695208008401,0.27953533292748034,38.9984972079983,False,,,,277648.0,53873.0,779135.0,Time limit reached. (HiGHS Status 13: model_status is Time limit reached; primal_status is At lower/fixed bound),,1.0
20260731_124647-0400,20260731_124647-0400-0134,134,150,A4x4_T60_S14,14,60,HiGHS-5s,,,,,,,,,,,,,,,,,,,37.13520220806822,37.13520220806822,1.415695208008401,0.27953533292748034,38.8304327490041,False,,,,277648.0,53873.0,779135.0,Time limit reached. (HiGHS Status 13: model_status is Time limit reached; primal_status is At lower/fixed bound),,5.0
20260731_124647-0400,20260731_124647-0400-0134,134,150,A4x4_T60_S14,14,60,HiGHS-15s,,,,,,,,,,,,,,,,,,,37.287711999961175,37.287711999961175,1.415695208008401,0.27953533292748034,38.98294254089706,False,,,,277648.0,53873.0,779135.0,Time limit reached. (HiGHS Status 13: model_status is Time limit reached; primal_status is At lower/fixed bound),,15.0
20260731_124647-0400,20260731_124647-0400-0134,134,150,A4x4_T60_S14,14,60,HiGHS-60s,,,,,,,,,,,,,,,,,,,60.1214125410188,60.1214125410188,1.415695208008401,0.27953533292748034,61.81664308195468,False,,,,277648.0,53873.0,779135.0,Time limit reached. (HiGHS Status 13: model_status is Time limit reached; primal_status is At lower/fixed bound),,60.0
20260731_124647-0400,20260731_124647-0400-0134,134,150,A4x4_T60_S14,14,60,HiGHS-600s,0.3164878436142664,0.43533123028391174,0.4333057166528584,25.0,0.4166666666666667,18.0,25.0,1550.0,0.42857142857142855,0.45454545454545453,0.3924050632911392,45.92,91.0,99.0,190.30680530833678,98.60919689096266,91.69760841737411,0.0016630400741659763,141.74760166706983,141.74760166706983,1.415695208008401,0.27953533292748034,143.4428322080057,True,0.0,0.3164878436142664,0.3164878436142664,277648.0,53873.0,779135.0,Optimization terminated successfully. (HiGHS Status 7: Optimal),1.0,600.0
20260731_124647-0400,20260731_124647-0400-0135,135,150,A4x4_T60_S15,15,60,Greedy-Benefit,0.1891107308327862,0.30256162397293374,0.30104083266613285,18.0,0.3,19.0,12.0,1100.0,0.3275862068965517,0.25,0.3492063492063492,48.833333333333336,94.0,101.0,244.12842010978855,135.65519120500463,108.47322890478392,0.0007746362785116948,0.002464915974996984,,,,0.0024651659186929464,False,,,,,,,Constructive heuristic,,
20260731_124647-0400,20260731_124647-0400-0135,135,150,A4x4_T60_S15,15,60,Greedy-Density-Operational,0.21044498939402045,0.3359110681488641,0.34027221777421934,21.0,0.35,19.0,16.0,1250.0,0.3275862068965517,0.3333333333333333,0.3968253968253968,41.38095238095238,93.0,105.0,212.2219079910055,106.32819145356972,105.89371653743575,0.000991627072747549,0.002430250053294003,,,,0.002430583001114428,False,,,,,,,Constructive heuristic,,
20260731_124647-0400,20260731_124647-0400-0135,135,150,A4x4_T60_S15,15,60,Greedy-Density-Cycle,0.21034205967453154,0.3238279362010633,0.3242594075260208,21.0,0.35,20.0,13.0,1250.0,0.3448275862068966,0.2708333333333333,0.3968253968253968,41.19047619047619,97.0,112.0,201.11080466906793,100.80725807538163,100.30354659368628,0.0010459013379249009,0.0022549580316990614,,,,0.0022551669972017407,False,,,,,,,Constructive heuristic,,
20260731_124647-0400,20260731_124647-0400-0135,135,150,A4x4_T60_S15,15,60,HiGHS-1s,,,,,,,,,,,,,,,,,,,6.992591166985221,6.992591166985221,0.41365633299574256,0.0989328749710694,7.505180374952033,False,,,,68005.0,21386.0,182693.0,Time limit reached. (HiGHS Status 13: model_status is Time limit reached; primal_status is At lower/fixed bound),,1.0
20260731_124647-0400,20260731_124647-0400-0135,135,150,A4x4_T60_S15,15,60,HiGHS-5s,,,,,,,,,,,,,,,,,,,6.771864374983124,6.771864374983124,0.41365633299574256,0.0989328749710694,7.284453582949936,False,,,,68005.0,21386.0,182693.0,Time limit reached. (HiGHS Status 13: model_status is Time limit reached; primal_status is At lower/fixed bound),,5.0
20260731_124647-0400,20260731_124647-0400-0135,135,150,A4x4_T60_S15,15,60,HiGHS-15s,0.24968420267174685,0.36877718704688256,0.36669335468374686,21.0,0.35,20.0,21.0,800.0,0.3448275862068966,0.4375,0.25396825396825395,44.523809523809526,90.0,108.0,220.27312070011854,110.45611820798366,109.81700249213489,0.0011335209755877057,15.091442083008587,15.091442083008587,0.41365633299574256,0.0989328749710694,15.6040312909754,False,0.0004875793211601166,0.24968420267174687,0.24980594352578997,68005.0,21386.0,182693.0,Time limit reached. (HiGHS Status 13: Time limit reached),0.0,15.0
20260731_124647-0400,20260731_124647-0400-0135,135,150,A4x4_T60_S15,15,60,HiGHS-60s,0.24968420267174685,0.36877718704688256,0.36669335468374686,21.0,0.35,20.0,21.0,800.0,0.3448275862068966,0.4375,0.25396825396825395,44.523809523809526,90.0,108.0,220.27312070011854,110.45611820798366,109.81700249213489,0.0011335209755877057,14.905062207952142,14.905062207952142,0.41365633299574256,0.0989328749710694,15.417651415918954,True,0.0,0.24968420267174687,0.24968420267174687,68005.0,21386.0,182693.0,Optimization terminated successfully. (HiGHS Status 7: Optimal),1.0,60.0
20260731_124647-0400,20260731_124647-0400-0135,135,150,A4x4_T60_S15,15,60,HiGHS-600s,0.24968420267174685,0.36877718704688256,0.36669335468374686,21.0,0.35,20.0,21.0,800.0,0.3448275862068966,0.4375,0.25396825396825395,44.523809523809526,90.0,108.0,220.27312070011854,110.45611820798366,109.81700249213489,0.0011335209755877057,14.74101925001014,14.74101925001014,0.41365633299574256,0.0989328749710694,15.253608457976952,True,0.0,0.24968420267174687,0.24968420267174687,68005.0,21386.0,182693.0,Optimization terminated successfully. (HiGHS Status 7: Optimal),1.0,600.0
20260731_124647-0400,20260731_124647-0400-0136,136,150,A4x4_T60_S16,16,60,Greedy-Benefit,0.21419976090831663,0.3167606355715018,0.3026315789473684,17.0,0.2833333333333333,18.0,14.0,800.0,0.32142857142857145,0.4,0.1568627450980392,48.05882352941177,93.0,113.0,236.78645713489158,131.97729304083688,104.80916409405471,0.0009046115369102049,0.0026250829687342048,,,,0.0026254160329699516,False,,,,,,,Constructive heuristic,,
20260731_124647-0400,20260731_124647-0400-0136,136,150,A4x4_T60_S16,16,60,Greedy-Density-Operational,0.22682401321556994,0.33675038441824706,0.3264802631578947,20.0,0.3333333333333333,18.0,16.0,950.0,0.32142857142857145,0.45714285714285713,0.18627450980392157,42.8,93.0,113.0,216.8385635755167,108.58693839615069,108.251625179366,0.0010460501558182279,0.0026717919390648603,,,,0.0026720419991761446,False,,,,,,,Constructive heuristic,,
20260731_124647-0400,20260731_124647-0400-0136,136,150,A4x4_T60_S16,16,60,Greedy-Density-Cycle,0.22682401321556994,0.33675038441824706,0.3264802631578947,20.0,0.3333333333333333,18.0,16.0,950.0,0.32142857142857145,0.45714285714285713,0.18627450980392157,42.8,93.0,113.0,216.8385635755167,108.58693839615069,108.251625179366,0.0010460501558182279,0.0024659590562805533,,,,0.0024662089999765158,False,,,,,,,Constructive heuristic,,
20260731_124647-0400,20260731_124647-0400-0136,136,150,A4x4_T60_S16,16,60,HiGHS-1s,,,,,,,,,,,,,,,,,,,8.04141320893541,8.04141320893541,0.5469983329530805,0.12813216692302376,8.716543708811514,False,,,,97987.0,29138.0,264887.0,Time limit reached. (HiGHS Status 13: model_status is Time limit reached; primal_status is At lower/fixed bound),,1.0
20260731_124647-0400,20260731_124647-0400-0136,136,150,A4x4_T60_S16,16,60,HiGHS-5s,,,,,,,,,,,,,,,,,,,8.135682207997888,8.135682207997888,0.5469983329530805,0.12813216692302376,8.810812707873993,False,,,,97987.0,29138.0,264887.0,Time limit reached. (HiGHS Status 13: model_status is Time limit reached; primal_status is At lower/fixed bound),,5.0
20260731_124647-0400,20260731_124647-0400-0136,136,150,A4x4_T60_S16,16,60,HiGHS-15s,,,,,,,,,,,,,,,,,,,15.06908037501853,15.06908037501853,0.5469983329530805,0.12813216692302376,15.744210874894634,False,,,,97987.0,29138.0,264887.0,Time limit reached. (HiGHS Status 13: model_status is Time limit reached; primal_status is At lower/fixed bound),,15.0
20260731_124647-0400,20260731_124647-0400-0136,136,150,A4x4_T60_S16,16,60,HiGHS-60s,0.2545829002444256,0.380317785750897,0.3634868421052631,21.0,0.35,20.0,20.0,700.0,0.35714285714285715,0.5714285714285714,0.13725490196078433,50.38095238095238,104.0,126.0,278.2644637287348,139.2998884727598,138.9645752559751,0.0009148954804829296,16.35660583304707,16.35660583304707,0.5469983329530805,0.12813216692302376,17.031736332923174,True,0.0,0.2545829002444256,0.2545829002444256,97987.0,29138.0,264887.0,Optimization terminated successfully. (HiGHS Status 7: Optimal),1.0,60.0
20260731_124647-0400,20260731_124647-0400-0136,136,150,A4x4_T60_S16,16,60,HiGHS-600s,0.2545829002444256,0.380317785750897,0.3634868421052631,21.0,0.35,20.0,20.0,700.0,0.35714285714285715,0.5714285714285714,0.13725490196078433,50.38095238095238,104.0,126.0,278.2644637287348,139.2998884727598,138.9645752559751,0.0009148954804829296,17.089195040985942,17.089195040985942,0.5469983329530805,0.12813216692302376,17.764325540862046,True,0.0,0.2545829002444256,0.2545829002444256,97987.0,29138.0,264887.0,Optimization terminated successfully. (HiGHS Status 7: Optimal),1.0,600.0
20260731_124647-0400,20260731_124647-0400-0137,137,150,A4x4_T60_S17,17,60,Greedy-Benefit,0.20428406611279581,0.3263598326359832,0.306948109058927,18.0,0.3,24.0,7.0,650.0,0.36923076923076925,0.28,0.16455696202531644,51.388888888888886,109.0,134.0,299.98087659715367,156.083808205997,143.89706839115667,0.0006809902965485706,0.002538875094614923,,,,0.002539208042435348,False,,,,,,,Constructive heuristic,,
20260731_124647-0400,20260731_124647-0400-0137,137,150,A4x4_T60_S17,17,60,Greedy-Density-Operational,0.20807582635014404,0.3179916317991632,0.29727352682497804,18.0,0.3,25.0,4.0,800.0,0.38461538461538464,0.16,0.20253164556962025,43.94444444444444,98.0,120.0,241.67455824783252,120.94101613574774,120.73354211208479,0.0008609753043875076,0.0022068750113248825,,,,0.0022071250714361668,False,,,,,,,Constructive heuristic,,
20260731_124647-0400,20260731_124647-0400-0137,137,150,A4x4_T60_S17,17,60,Greedy-Density-Cycle,0.1988647065286694,0.321652719665272,0.2990325417766051,18.0,0.3,24.0,7.0,500.0,0.36923076923076925,0.28,0.12658227848101267,43.833333333333336,98.0,120.0,241.8035484523245,121.0700063402397,120.73354211208479,0.0008224226145625767,0.0021841248963028193,,,,0.002184416982345283,False,,,,,,,Constructive heuristic,,
20260731_124647-0400,20260731_124647-0400-0137,137,150,A4x4_T60_S17,17,60,HiGHS-1s,,,,,,,,,,,,,,,,,,,8.742411124985665,8.742411124985665,0.5674241670640185,0.12647533393464983,9.436310625984333,False,,,,99326.0,30228.0,267814.0,Time limit reached. (HiGHS Status 13: model_status is Time limit reached; primal_status is At lower/fixed bound),,1.0
20260731_124647-0400,20260731_124647-0400-0137,137,150,A4x4_T60_S17,17,60,HiGHS-5s,,,,,,,,,,,,,,,,,,,8.692831207998097,8.692831207998097,0.5674241670640185,0.12647533393464983,9.386730708996765,False,,,,99326.0,30228.0,267814.0,Time limit reached. (HiGHS Status 13: model_status is Time limit reached; primal_status is At lower/fixed bound),,5.0
20260731_124647-0400,20260731_124647-0400-0137,137,150,A4x4_T60_S17,17,60,HiGHS-15s,,,,,,,,,,,,,,,,,,,15.030083124991506,15.030083124991506,0.5674241670640185,0.12647533393464983,15.723982625990175,False,,,,99326.0,30228.0,267814.0,Time limit reached. (HiGHS Status 13: model_status is Time limit reached; primal_status is At lower/fixed bound),,15.0
20260731_124647-0400,20260731_124647-0400-0137,137,150,A4x4_T60_S17,17,60,HiGHS-60s,0.25354017959963593,0.3394351464435147,0.3201407211961302,19.0,0.31666666666666665,23.0,11.0,400.0,0.35384615384615387,0.44,0.10126582278481013,42.94736842105263,95.0,114.0,218.27919975291573,109.25730977153034,109.02188998138536,0.0011615407234708318,16.09365049994085,16.09365049994085,0.5674241670640185,0.12647533393464983,16.787550000939518,True,0.0,0.25354017959963593,0.25354017959963593,99326.0,30228.0,267814.0,Optimization terminated successfully. (HiGHS Status 7: Optimal),1.0,60.0
20260731_124647-0400,20260731_124647-0400-0137,137,150,A4x4_T60_S17,17,60,HiGHS-600s,0.25354017959963593,0.3394351464435147,0.3201407211961302,19.0,0.31666666666666665,23.0,11.0,400.0,0.35384615384615387,0.44,0.10126582278481013,42.94736842105263,95.0,114.0,218.27919975291573,109.25730977153034,109.02188998138536,0.0011615407234708318,16.07438595907297,16.07438595907297,0.5674241670640185,0.12647533393464983,16.76828546007164,True,0.0,0.25354017959963593,0.25354017959963593,99326.0,30228.0,267814.0,Optimization terminated successfully. (HiGHS Status 7: Optimal),1.0,600.0
20260731_124647-0400,20260731_124647-0400-0138,138,150,A4x4_T60_S18,18,60,Greedy-Benefit,0.21621037640554489,0.3290322580645162,0.3169354838709678,17.0,0.2833333333333333,18.0,18.0,550.0,0.3673469387755102,0.3157894736842105,0.18333333333333332,46.94117647058823,95.0,108.0,238.4817467537738,124.61790491531863,113.86384183845513,0.0009066118449257103,0.0024695420870557427,,,,0.002469792030751705,False,,,,,,,Constructive heuristic,,
20260731_124647-0400,20260731_124647-0400-0138,138,150,A4x4_T60_S18,18,60,Greedy-Density-Operational,0.19822354248949686,0.3265508684863524,0.31693548387096776,18.0,0.3,17.0,19.0,550.0,0.3469387755102041,0.3333333333333333,0.18333333333333332,46.0,94.0,109.0,250.21148775677557,127.12124675443309,123.09024100234248,0.0007922239872622679,0.002270249999128282,,,,0.0022705000592395663,False,,,,,,,Constructive heuristic,,
20260731_124647-0400,20260731_124647-0400-0138,138,150,A4x4_T60_S18,18,60,Greedy-Density-Cycle,0.20024316712633292,0.3265508684863524,0.31693548387096776,17.0,0.2833333333333333,17.0,19.0,550.0,0.3469387755102041,0.3333333333333333,0.18333333333333332,45.11764705882353,88.0,103.0,243.96148775677557,123.9962467544331,119.96524100234248,0.0008207982701186473,0.0022132500307634473,,,,0.0022135410690680146,False,,,,,,,Constructive heuristic,,
20260731_124647-0400,20260731_124647-0400-0138,138,150,A4x4_T60_S18,18,60,HiGHS-1s,,,,,,,,,,,,,,,,,,,5.857607875019312,5.857607875019312,0.48025037499610335,0.11337854189332575,6.451236791908741,False,,,,80865.0,22306.0,220353.0,Time limit reached. (HiGHS Status 13: model_status is Time limit reached; primal_status is At lower/fixed bound),,1.0
20260731_124647-0400,20260731_124647-0400-0138,138,150,A4x4_T60_S18,18,60,HiGHS-5s,,,,,,,,,,,,,,,,,,,5.884224124951288,5.884224124951288,0.48025037499610335,0.11337854189332575,6.477853041840717,False,,,,80865.0,22306.0,220353.0,Time limit reached. (HiGHS Status 13: model_status is Time limit reached; primal_status is At lower/fixed bound),,5.0
20260731_124647-0400,20260731_124647-0400-0138,138,150,A4x4_T60_S18,18,60,HiGHS-15s,0.2504271724495781,0.3384615384615385,0.3322580645161291,17.0,0.2833333333333333,17.0,20.0,700.0,0.3469387755102041,0.3508771929824561,0.23333333333333334,44.294117647058826,110.0,132.0,234.16534060585462,117.93721341901765,116.22812718683699,0.0010694459385050294,15.984992832993157,15.984992832993157,0.48025037499610335,0.11337854189332575,16.578621749882586,False,0.021778568737116515,0.25042717244957813,0.255881117838413,80865.0,22306.0,220353.0,Time limit reached. (HiGHS Status 13: Time limit reached),0.0,15.0
20260731_124647-0400,20260731_124647-0400-0138,138,150,A4x4_T60_S18,18,60,HiGHS-60s,0.25571451640327436,0.38362282878411913,0.37338709677419357,20.0,0.3333333333333333,19.0,24.0,550.0,0.3877551020408163,0.42105263157894735,0.18333333333333332,49.8,110.0,132.0,285.1078126182653,143.69329713058647,141.41451548767887,0.0008969046272528981,17.27747804194223,17.27747804194223,0.48025037499610335,0.11337854189332575,17.87110695883166,True,0.0,0.25571451640327436,0.25571451640327436,80865.0,22306.0,220353.0,Optimization terminated successfully. (HiGHS Status 7: Optimal),1.0,60.0
20260731_124647-0400,20260731_124647-0400-0138,138,150,A4x4_T60_S18,18,60,HiGHS-600s,0.25571451640327436,0.38362282878411913,0.37338709677419357,20.0,0.3333333333333333,19.0,24.0,550.0,0.3877551020408163,0.42105263157894735,0.18333333333333332,49.8,110.0,132.0,285.1078126182653,143.69329713058647,141.41451548767887,0.0008969046272528981,16.1245018329937,16.1245018329937,0.48025037499610335,0.11337854189332575,16.71813074988313,True,0.0,0.25571451640327436,0.25571451640327436,80865.0,22306.0,220353.0,Optimization terminated successfully. (HiGHS Status 7: Optimal),1.0,600.0
20260731_124647-0400,20260731_124647-0400-0139,139,150,A4x4_T60_S19,19,60,Greedy-Benefit,0.18112680794899894,0.29493307839388144,0.27067082683307325,17.0,0.2833333333333333,22.0,10.0,450.0,0.3728813559322034,0.22727272727272727,0.10714285714285714,49.23529411764706,89.0,109.0,264.0844300167794,138.19697189119427,125.88745812558507,0.0006858670461469103,0.002272082958370447,,,,0.002272250014357269,False,,,,,,,Constructive heuristic,,
20260731_124647-0400,20260731_124647-0400-0139,139,150,A4x4_T60_S19,19,60,Greedy-Density-Operational,0.18439513122580542,0.3369980879541109,0.3237129485179406,20.0,0.3333333333333333,21.0,16.0,750.0,0.3559322033898305,0.36363636363636365,0.17857142857142858,52.15,106.0,121.0,286.19712752948396,147.01381849716137,139.18330903232265,0.0006442941367635113,0.0020044579869136214,,,,0.002004625042900443,False,,,,,,,Constructive heuristic,,
20260731_124647-0400,20260731_124647-0400-0139,139,150,A4x4_T60_S19,19,60,Greedy-Density-Cycle,0.183192581966614,0.33699808795411085,0.3237129485179406,20.0,0.3333333333333333,21.0,16.0,750.0,0.3559322033898305,0.36363636363636365,0.17857142857142858,52.2,106.0,121.0,286.20518941726476,147.02188038494208,139.18330903232265,0.000640074284954818,0.0020511250477284193,,,,0.002051291987299919,False,,,,,,,Constructive heuristic,,
20260731_124647-0400,20260731_124647-0400-0139,139,150,A4x4_T60_S19,19,60,HiGHS-1s,,,,,,,,,,,,,,,,,,,6.058458957937546,6.058458957937546,0.5667494580848143,0.06461354100611061,6.689821957028471,False,,,,77325.0,25722.0,206317.0,Time limit reached. (HiGHS Status 13: model_status is Time limit reached; primal_status is At lower/fixed bound),,1.0
20260731_124647-0400,20260731_124647-0400-0139,139,150,A4x4_T60_S19,19,60,HiGHS-5s,,,,,,,,,,,,,,,,,,,5.8672683329787105,5.8672683329787105,0.5667494580848143,0.06461354100611061,6.498631332069635,False,,,,77325.0,25722.0,206317.0,Time limit reached. (HiGHS Status 13: model_status is Time limit reached; primal_status is At lower/fixed bound),,5.0
20260731_124647-0400,20260731_124647-0400-0139,139,150,A4x4_T60_S19,19,60,HiGHS-15s,0.23927225491876178,0.38718929254302104,0.36661466458658337,20.0,0.3333333333333333,24.0,20.0,500.0,0.4067796610169492,0.45454545454545453,0.11904761904761904,49.0,102.0,114.0,252.31484924419266,135.40965216406266,116.90519708013001,0.0009483082570665188,11.284676874987781,11.284676874987781,0.5667494580848143,0.06461354100611061,11.916039874078706,True,0.0,0.23927225491876175,0.23927225491876175,77325.0,25722.0,206317.0,Optimization terminated successfully. (HiGHS Status 7: Optimal),1.0,15.0
20260731_124647-0400,20260731_124647-0400-0139,139,150,A4x4_T60_S19,19,60,HiGHS-60s,0.23927225491876178,0.38718929254302104,0.36661466458658337,20.0,0.3333333333333333,24.0,20.0,500.0,0.4067796610169492,0.45454545454545453,0.11904761904761904,49.0,102.0,114.0,252.31484924419266,135.40965216406266,116.90519708013001,0.0009483082570665188,11.310956875095144,11.310956875095144,0.5667494580848143,0.06461354100611061,11.942319874186069,True,0.0,0.23927225491876175,0.23927225491876175,77325.0,25722.0,206317.0,Optimization terminated successfully. (HiGHS Status 7: Optimal),1.0,60.0
20260731_124647-0400,20260731_124647-0400-0139,139,150,A4x4_T60_S19,19,60,HiGHS-600s,0.23927225491876178,0.38718929254302104,0.36661466458658337,20.0,0.3333333333333333,24.0,20.0,500.0,0.4067796610169492,0.45454545454545453,0.11904761904761904,49.0,102.0,114.0,252.31484924419266,135.40965216406266,116.90519708013001,0.0009483082570665188,11.437488583964296,11.437488583964296,0.5667494580848143,0.06461354100611061,12.06885158305522,True,0.0,0.23927225491876175,0.23927225491876175,77325.0,25722.0,206317.0,Optimization terminated successfully. (HiGHS Status 7: Optimal),1.0,600.0
20260731_124647-0400,20260731_124647-0400-0140,140,150,A4x4_T60_S20,20,60,Greedy-Benefit,0.19268653660874852,0.3445912873225649,0.3220198675496688,17.0,0.2833333333333333,25.0,13.0,150.0,0.36231884057971014,0.4482758620689655,0.039473684210526314,49.94117647058823,81.0,97.0,230.75938571186708,115.41678387319855,115.34260183866851,0.0008350106151233327,0.002691500005312264,,,,0.0026917499490082264,False,,,,,,,Constructive heuristic,,
20260731_124647-0400,20260731_124647-0400-0140,140,150,A4x4_T60_S20,20,60,Greedy-Density-Operational,0.20744238810985674,0.31571218795888395,0.30629139072847683,17.0,0.2833333333333333,24.0,7.0,1000.0,0.34782608695652173,0.2413793103448276,0.2631578947368421,41.411764705882355,94.0,113.0,246.8004155412771,123.80113981417921,122.99927572709782,0.0008405268996605974,0.0021934580290690064,,,,0.002193707972764969,False,,,,,,,Constructive heuristic,,
20260731_124647-0400,20260731_124647-0400-0140,140,150,A4x4_T60_S20,20,60,Greedy-Density-Cycle,0.2064479645869323,0.3352912383749388,0.3228476821192053,18.0,0.3,26.0,7.0,1000.0,0.37681159420289856,0.2413793103448276,0.2631578947368421,43.666666666666664,95.0,115.0,255.74468745127626,128.27327576917878,127.47141168209743,0.0008072424363703123,0.0022625410929322243,,,,0.0022628330625593662,False,,,,,,,Constructive heuristic,,
20260731_124647-0400,20260731_124647-0400-0140,140,150,A4x4_T60_S20,20,60,HiGHS-1s,,,,,,,,,,,,,,,,,,,6.056123082991689,6.056123082991689,0.6619556669611484,0.14111262501683086,6.859191374969669,False,,,,113849.0,31424.0,310187.0,Time limit reached. (HiGHS Status 13: model_status is Time limit reached; primal_status is At lower/fixed bound),,1.0
20260731_124647-0400,20260731_124647-0400-0140,140,150,A4x4_T60_S20,20,60,HiGHS-5s,,,,,,,,,,,,,,,,,,,6.162637082976289,6.162637082976289,0.6619556669611484,0.14111262501683086,6.965705374954268,False,,,,113849.0,31424.0,310187.0,Time limit reached. (HiGHS Status 13: model_status is Time limit reached; primal_status is At lower/fixed bound),,5.0
20260731_124647-0400,20260731_124647-0400-0140,140,150,A4x4_T60_S20,20,60,HiGHS-15s,,,,,,,,,,,,,,,,,,,15.021936750039458,15.021936750039458,0.6619556669611484,0.14111262501683086,15.825005042017438,False,,,,113849.0,31424.0,310187.0,Time limit reached. (HiGHS Status 13: model_status is Time limit reached; primal_status is At lower/fixed bound),,15.0
20260731_124647-0400,20260731_124647-0400-0140,140,150,A4x4_T60_S20,20,60,HiGHS-60s,0.26593818854022067,0.41801272638277037,0.39652317880794696,20.0,0.3333333333333333,31.0,13.0,650.0,0.4492753623188406,0.4482758620689655,0.17105263157894737,44.05,86.0,100.0,232.57474339963179,124.39802208890859,108.17672131072321,0.0011434525720759828,20.308285749983042,20.308285749983042,0.6619556669611484,0.14111262501683086,21.11135404196102,True,0.0,0.26593818854022055,0.26593818854022055,113849.0,31424.0,310187.0,Optimization terminated successfully. (HiGHS Status 7: Optimal),1.0,60.0
20260731_124647-0400,20260731_124647-0400-0140,140,150,A4x4_T60_S20,20,60,HiGHS-600s,0.26593818854022067,0.41801272638277037,0.39652317880794696,20.0,0.3333333333333333,31.0,13.0,650.0,0.4492753623188406,0.4482758620689655,0.17105263157894737,44.05,86.0,100.0,232.57474339963179,124.39802208890859,108.17672131072321,0.0011434525720759828,20.420457165921107,20.420457165921107,0.6619556669611484,0.14111262501683086,21.223525457899086,True,0.0,0.26593818854022055,0.26593818854022055,113849.0,31424.0,310187.0,Optimization terminated successfully. (HiGHS Status 7: Optimal),1.0,600.0
20260731_124647-0400,20260731_124647-0400-0141,141,150,A4x4_T60_S21,21,60,Greedy-Benefit,0.2073285546775054,0.3270762229806598,0.3191489361702127,18.0,0.3,16.0,11.0,1500.0,0.35555555555555557,0.3055555555555556,0.2830188679245283,44.22222222222222,95.0,110.0,249.2695241689688,132.04388226149348,117.22564190747534,0.0008317444957168794,0.0026455000042915344,,,,0.0026457500644028187,False,,,,,,,Constructive heuristic,,
20260731_124647-0400,20260731_124647-0400-0141,141,150,A4x4_T60_S21,21,60,Greedy-Density-Operational,0.22876546296216846,0.31911262798634815,0.324468085106383,19.0,0.31666666666666665,12.0,15.0,1600.0,0.26666666666666666,0.4166666666666667,0.3018867924528302,41.10526315789474,88.0,110.0,209.48687045162575,105.32877142051726,104.15809903110845,0.0010920276887471784,0.0023173330118879676,,,,0.002317667007446289,False,,,,,,,Constructive heuristic,,
20260731_124647-0400,20260731_124647-0400-0141,141,150,A4x4_T60_S21,21,60,Greedy-Density-Cycle,0.2295986827891919,0.310580204778157,0.31560283687943264,18.0,0.3,12.0,14.0,1600.0,0.26666666666666666,0.3888888888888889,0.3018867924528302,38.94444444444444,78.0,93.0,211.4326360639145,106.33892396506947,105.09371209884503,0.0010859188395105947,0.0024320409866049886,,,,0.0024322500685229897,False,,,,,,,Constructive heuristic,,
20260731_124647-0400,20260731_124647-0400-0141,141,150,A4x4_T60_S21,21,60,HiGHS-1s,,,,,,,,,,,,,,,,,,,7.9812393330503255,7.9812393330503255,0.5509262919658795,0.12784441700205207,8.660010042018257,False,,,,95399.0,27916.0,258345.0,Time limit reached. (HiGHS Status 13: model_status is Time limit reached; primal_status is At lower/fixed bound),,1.0
20260731_124647-0400,20260731_124647-0400-0141,141,150,A4x4_T60_S21,21,60,HiGHS-5s,,,,,,,,,,,,,,,,,,,7.93826116702985,7.93826116702985,0.5509262919658795,0.12784441700205207,8.617031875997782,False,,,,95399.0,27916.0,258345.0,Time limit reached. (HiGHS Status 13: model_status is Time limit reached; primal_status is At lower/fixed bound),,5.0
20260731_124647-0400,20260731_124647-0400-0141,141,150,A4x4_T60_S21,21,60,HiGHS-15s,,,,,,,,,,,,,,,,,,,15.034888791968115,15.034888791968115,0.5509262919658795,0.12784441700205207,15.713659500936046,False,,,,95399.0,27916.0,258345.0,Time limit reached. (HiGHS Status 13: model_status is Time limit reached; primal_status is At lower/fixed bound),,15.0
20260731_124647-0400,20260731_124647-0400-0141,141,150,A4x4_T60_S21,21,60,HiGHS-60s,0.2551037274468852,0.33105802047781563,0.3386524822695035,18.0,0.3,12.0,16.0,1700.0,0.26666666666666666,0.4444444444444444,0.32075471698113206,43.5,95.0,113.0,244.09712530503373,123.20653985097012,120.89058545406364,0.0010450910764643261,25.682331957970746,25.682331957970746,0.5509262919658795,0.12784441700205207,26.361102666938677,True,0.0,0.2551037274468852,0.2551037274468852,95399.0,27916.0,258345.0,Optimization terminated successfully. (HiGHS Status 7: Optimal),1.0,60.0
20260731_124647-0400,20260731_124647-0400-0141,141,150,A4x4_T60_S21,21,60,HiGHS-600s,0.2551037274468852,0.33105802047781563,0.3386524822695035,18.0,0.3,12.0,16.0,1700.0,0.26666666666666666,0.4444444444444444,0.32075471698113206,43.5,95.0,113.0,244.09712530503373,123.20653985097012,120.89058545406364,0.0010450910764643261,25.878092291066423,25.878092291066423,0.5509262919658795,0.12784441700205207,26.556863000034355,True,0.0,0.2551037274468852,0.2551037274468852,95399.0,27916.0,258345.0,Optimization terminated successfully. (HiGHS Status 7: Optimal),1.0,600.0
20260731_124647-0400,20260731_124647-0400-0142,142,150,A4x4_T60_S22,22,60,Greedy-Benefit,0.2472203570146725,0.358739837398374,0.3674339300937765,20.0,0.3333333333333333,20.0,15.0,1350.0,0.3333333333333333,0.38461538461538464,0.4426229508196721,45.0,97.0,115.0,232.908988993124,126.62675017263997,106.28223882048401,0.00106144618154678,0.002413958078250289,,,,0.0024142080219462514,False,,,,,,,Constructive heuristic,,
20260731_124647-0400,20260731_124647-0400-0142,142,150,A4x4_T60_S22,22,60,Greedy-Density-Operational,0.24988601794665183,0.38617886178861793,0.413469735720375,23.0,0.38333333333333336,20.0,15.0,2250.0,0.3333333333333333,0.38461538461538464,0.7377049180327869,46.04347826086956,96.0,110.0,211.32267965574928,105.94979125261155,105.37288840313771,0.0011824855635643242,0.002465000026859343,,,,0.0024652910651639104,False,,,,,,,Constructive heuristic,,
20260731_124647-0400,20260731_124647-0400-0142,142,150,A4x4_T60_S22,22,60,Greedy-Density-Cycle,0.24988601794665183,0.38617886178861793,0.413469735720375,23.0,0.38333333333333336,20.0,15.0,2250.0,0.3333333333333333,0.38461538461538464,0.7377049180327869,46.04347826086956,96.0,110.0,211.32267965574928,105.94979125261155,105.37288840313771,0.0011824855635643242,0.00245141691993922,,,,0.002451582928188145,False,,,,,,,Constructive heuristic,,
20260731_124647-0400,20260731_124647-0400-0142,142,150,A4x4_T60_S22,22,60,HiGHS-1s,,,,,,,,,,,,,,,,,,,5.8372230840614066,5.8372230840614066,0.4407609160989523,0.05642145802266896,6.334405458183028,False,,,,72510.0,21929.0,195665.0,Time limit reached. (HiGHS Status 13: model_status is Time limit reached; primal_status is At lower/fixed bound),,1.0
20260731_124647-0400,20260731_124647-0400-0142,142,150,A4x4_T60_S22,22,60,HiGHS-5s,,,,,,,,,,,,,,,,,,,5.9196348750265315,5.9196348750265315,0.4407609160989523,0.05642145802266896,6.416817249148153,False,,,,72510.0,21929.0,195665.0,Time limit reached. (HiGHS Status 13: model_status is Time limit reached; primal_status is At lower/fixed bound),,5.0
20260731_124647-0400,20260731_124647-0400-0142,142,150,A4x4_T60_S22,22,60,HiGHS-15s,0.29273499895237265,0.43953252032520335,0.4433077578857628,22.0,0.36666666666666664,26.0,17.0,1500.0,0.43333333333333335,0.4358974358974359,0.4918032786885246,45.68181818181818,104.0,120.0,234.5115549829093,118.56282492130079,115.94873006160852,0.0012482753737815032,12.930221084039658,12.930221084039658,0.4407609160989523,0.05642145802266896,13.42740345816128,True,0.0,0.29273499895237265,0.29273499895237265,72510.0,21929.0,195665.0,Optimization terminated successfully. (HiGHS Status 7: Optimal),1.0,15.0
20260731_124647-0400,20260731_124647-0400-0142,142,150,A4x4_T60_S22,22,60,HiGHS-60s,0.29273499895237265,0.43953252032520335,0.4433077578857628,22.0,0.36666666666666664,26.0,17.0,1500.0,0.43333333333333335,0.4358974358974359,0.4918032786885246,45.68181818181818,104.0,120.0,234.5115549829093,118.56282492130079,115.94873006160852,0.0012482753737815032,12.29036962497048,12.29036962497048,0.4407609160989523,0.05642145802266896,12.787551999092102,True,0.0,0.29273499895237265,0.29273499895237265,72510.0,21929.0,195665.0,Optimization terminated successfully. (HiGHS Status 7: Optimal),1.0,60.0
20260731_124647-0400,20260731_124647-0400-0142,142,150,A4x4_T60_S22,22,60,HiGHS-600s,0.29273499895237265,0.43953252032520335,0.4433077578857628,22.0,0.36666666666666664,26.0,17.0,1500.0,0.43333333333333335,0.4358974358974359,0.4918032786885246,45.68181818181818,104.0,120.0,234.5115549829093,118.56282492130079,115.94873006160852,0.0012482753737815032,12.23890062503051,12.23890062503051,0.4407609160989523,0.05642145802266896,12.736082999152131,True,0.0,0.29273499895237265,0.29273499895237265,72510.0,21929.0,195665.0,Optimization terminated successfully. (HiGHS Status 7: Optimal),1.0,600.0
20260731_124647-0400,20260731_124647-0400-0143,143,150,A4x4_T60_S23,23,60,Greedy-Benefit,0.1681598823254815,0.30790491984521834,0.28976234003656304,15.0,0.25,19.0,10.0,450.0,0.3333333333333333,0.3448275862068966,0.11538461538461539,55.733333333333334,99.0,114.0,280.80383975649937,154.84574448601188,125.95809527048749,0.0005988517908847055,0.0022283339640125632,,,,0.0022285839077085257,False,,,,,,,Constructive heuristic,,
20260731_124647-0400,20260731_124647-0400-0143,143,150,A4x4_T60_S23,23,60,Greedy-Density-Operational,0.21358264269409882,0.38363736871199555,0.37842778793418635,22.0,0.36666666666666664,20.0,16.0,900.0,0.3508771929824561,0.5517241379310345,0.23076923076923078,43.95454545454545,98.0,110.0,264.03183298191357,133.46498978360464,130.5668431983089,0.0008089276216505661,0.001996624981984496,,,,0.001996791921555996,False,,,,,,,Constructive heuristic,,
20260731_124647-0400,20260731_124647-0400-0143,143,150,A4x4_T60_S23,23,60,Greedy-Density-Cycle,0.21358264269409882,0.38363736871199555,0.37842778793418635,22.0,0.36666666666666664,20.0,16.0,900.0,0.3508771929824561,0.5517241379310345,0.23076923076923078,43.95454545454545,98.0,110.0,264.03183298191357,133.46498978360464,130.5668431983089,0.0008089276216505661,0.0021160419564694166,,,,0.0021161249605938792,False,,,,,,,Constructive heuristic,,
20260731_124647-0400,20260731_124647-0400-0143,143,150,A4x4_T60_S23,23,60,HiGHS-1s,,,,,,,,,,,,,,,,,,,20.212877165991813,20.212877165991813,1.3663761250209063,0.25995049998164177,21.83920379099436,False,,,,231146.0,56927.0,636575.0,Time limit reached. (HiGHS Status 13: model_status is Time limit reached; primal_status is At lower/fixed bound),,1.0
20260731_124647-0400,20260731_124647-0400-0143,143,150,A4x4_T60_S23,23,60,HiGHS-5s,,,,,,,,,,,,,,,,,,,20.22958149993792,20.22958149993792,1.3663761250209063,0.25995049998164177,21.85590812494047,False,,,,231146.0,56927.0,636575.0,Time limit reached. (HiGHS Status 13: model_status is Time limit reached; primal_status is At lower/fixed bound),,5.0
20260731_124647-0400,20260731_124647-0400-0143,143,150,A4x4_T60_S23,23,60,HiGHS-15s,,,,,,,,,,,,,,,,,,,20.191024041967466,20.191024041967466,1.3663761250209063,0.25995049998164177,21.817350666970015,False,,,,231146.0,56927.0,636575.0,Time limit reached. (HiGHS Status 13: model_status is Time limit reached; primal_status is At lower/fixed bound),,15.0
20260731_124647-0400,20260731_124647-0400-0143,143,150,A4x4_T60_S23,23,60,HiGHS-60s,,,,,,,,,,,,,,,,,,,60.113487916998565,60.113487916998565,1.3663761250209063,0.25995049998164177,61.73981454200111,False,,,,231146.0,56927.0,636575.0,Time limit reached. (HiGHS Status 13: model_status is Time limit reached; primal_status is At lower/fixed bound),,60.0
20260731_124647-0400,20260731_124647-0400-0143,143,150,A4x4_T60_S23,23,60,HiGHS-600s,0.2718785176552164,0.4173576561636263,0.4113345521023765,21.0,0.35,22.0,17.0,1000.0,0.38596491228070173,0.5862068965517241,0.2564102564102564,45.76190476190476,101.0,118.0,271.508863192429,144.45698885730906,127.05187433511992,0.0010013614821204767,99.54904137505218,99.54904137505218,1.3663761250209063,0.25995049998164177,101.17536800005473,True,0.0,0.2718785176552164,0.2718785176552164,231146.0,56927.0,636575.0,Optimization terminated successfully. (HiGHS Status 7: Optimal),1.0,600.0
20260731_124647-0400,20260731_124647-0400-0144,144,150,A4x4_T60_S24,24,60,Greedy-Benefit,0.17994190526446532,0.2864894194248509,0.2726480836236933,15.0,0.25,18.0,7.0,1050.0,0.36,0.1794871794871795,0.2441860465116279,45.93333333333333,79.0,98.0,239.18263044913883,141.73034795693061,97.45228249220818,0.0007523201200963847,0.0022444999776780605,,,,0.002244874951429665,False,,,,,,,Constructive heuristic,,
20260731_124647-0400,20260731_124647-0400-0144,144,150,A4x4_T60_S24,24,60,Greedy-Density-Operational,0.1837227805598547,0.28703201302224646,0.29094076655052253,19.0,0.31666666666666665,14.0,11.0,1400.0,0.28,0.28205128205128205,0.32558139534883723,42.68421052631579,87.0,103.0,217.4537356770746,114.82432590429067,102.62940977278393,0.0008448821538420871,0.0021460000425577164,,,,0.002146249986253679,False,,,,,,,Constructive heuristic,,
20260731_124647-0400,20260731_124647-0400-0144,144,150,A4x4_T60_S24,24,60,Greedy-Density-Cycle,0.18324372490197033,0.2702116115029844,0.2813588850174215,16.0,0.26666666666666666,12.0,11.0,1550.0,0.24,0.28205128205128205,0.36046511627906974,40.3125,72.0,92.0,219.1081290730868,127.54007722809357,91.56805184499322,0.0008363164145354309,0.002077292068861425,,,,0.002077417098917067,False,,,,,,,Constructive heuristic,,
20260731_124647-0400,20260731_124647-0400-0144,144,150,A4x4_T60_S24,24,60,HiGHS-1s,,,,,,,,,,,,,,,,,,,7.983407834079117,7.983407834079117,0.7492447920376435,0.1557996670017019,8.888452293118462,False,,,,138172.0,33257.0,381323.0,Time limit reached. (HiGHS Status 13: model_status is Time limit reached; primal_status is At lower/fixed bound),,1.0
20260731_124647-0400,20260731_124647-0400-0144,144,150,A4x4_T60_S24,24,60,HiGHS-5s,,,,,,,,,,,,,,,,,,,8.069069165969267,8.069069165969267,0.7492447920376435,0.1557996670017019,8.974113625008613,False,,,,138172.0,33257.0,381323.0,Time limit reached. (HiGHS Status 13: model_status is Time limit reached; primal_status is At lower/fixed bound),,5.0
20260731_124647-0400,20260731_124647-0400-0144,144,150,A4x4_T60_S24,24,60,HiGHS-15s,,,,,,,,,,,,,,,,,,,15.052565000019968,15.052565000019968,0.7492447920376435,0.1557996670017019,15.957609459059313,False,,,,138172.0,33257.0,381323.0,Time limit reached. (HiGHS Status 13: model_status is Time limit reached; primal_status is At lower/fixed bound),,15.0
20260731_124647-0400,20260731_124647-0400-0144,144,150,A4x4_T60_S24,24,60,HiGHS-60s,0.22476021813315494,0.3396635919696149,0.3275261324041811,18.0,0.3,19.0,12.0,1100.0,0.38,0.3076923076923077,0.2558139534883721,41.833333333333336,88.0,113.0,234.83805399539511,117.83679969343298,117.00125430196212,0.0009570860186806104,34.74980400002096,34.74980400002096,0.7492447920376435,0.1557996670017019,35.654848459060304,True,0.0,0.22476021813315494,0.22476021813315494,138172.0,33257.0,381323.0,Optimization terminated successfully. (HiGHS Status 7: Optimal),1.0,60.0
20260731_124647-0400,20260731_124647-0400-0144,144,150,A4x4_T60_S24,24,60,HiGHS-600s,0.22476021813315494,0.3396635919696149,0.3275261324041811,18.0,0.3,19.0,12.0,1100.0,0.38,0.3076923076923077,0.2558139534883721,41.833333333333336,88.0,113.0,234.83805399539511,117.83679969343298,117.00125430196212,0.0009570860186806104,34.817028083023615,34.817028083023615,0.7492447920376435,0.1557996670017019,35.72207254206296,True,0.0,0.22476021813315494,0.22476021813315494,138172.0,33257.0,381323.0,Optimization terminated successfully. (HiGHS Status 7: Optimal),1.0,600.0
20260731_124647-0400,20260731_124647-0400-0145,145,150,A4x4_T60_S25,25,60,Greedy-Benefit,0.23675860555838915,0.3479834539813858,0.3402835696413681,19.0,0.31666666666666665,23.0,7.0,1800.0,0.41818181818181815,0.1891891891891892,0.3870967741935484,48.63157894736842,85.0,100.0,222.27397026012227,124.00748337249136,98.26648688763089,0.0010651656839589262,0.0025587499840185046,,,,0.002559041022323072,False,,,,,,,Constructive heuristic,,
20260731_124647-0400,20260731_124647-0400-0145,145,150,A4x4_T60_S25,25,60,Greedy-Density-Operational,0.23499711354470046,0.37021716649431247,0.3469557964970812,20.0,0.3333333333333333,25.0,10.0,1100.0,0.45454545454545453,0.2702702702702703,0.23655913978494625,48.0,91.0,109.0,259.16642715158287,136.12712358105375,123.03930357052903,0.0009067421121149071,0.002483000047504902,,,,0.0024832499912008643,False,,,,,,,Constructive heuristic,,
20260731_124647-0400,20260731_124647-0400-0145,145,150,A4x4_T60_S25,25,60,Greedy-Density-Cycle,0.23488997032733316,0.376421923474664,0.3569641367806508,21.0,0.35,25.0,10.0,1300.0,0.45454545454545453,0.2702702702702703,0.27956989247311825,49.523809523809526,92.0,111.0,259.1664271515828,136.12712358105375,123.03930357052903,0.0009063286973893008,0.002379167010076344,,,,0.002379458979703486,False,,,,,,,Constructive heuristic,,
20260731_124647-0400,20260731_124647-0400-0145,145,150,A4x4_T60_S25,25,60,HiGHS-1s,,,,,,,,,,,,,,,,,,,6.775070709059946,6.775070709059946,0.7008911659941077,0.14990662492346019,7.625868499977514,False,,,,123649.0,33530.0,337481.0,Time limit reached. (HiGHS Status 13: model_status is Time limit reached; primal_status is At lower/fixed bound),,1.0
20260731_124647-0400,20260731_124647-0400-0145,145,150,A4x4_T60_S25,25,60,HiGHS-5s,,,,,,,,,,,,,,,,,,,6.758476666989736,6.758476666989736,0.7008911659941077,0.14990662492346019,7.609274457907304,False,,,,123649.0,33530.0,337481.0,Time limit reached. (HiGHS Status 13: model_status is Time limit reached; primal_status is At lower/fixed bound),,5.0
20260731_124647-0400,20260731_124647-0400-0145,145,150,A4x4_T60_S25,25,60,HiGHS-15s,,,,,,,,,,,,,,,,,,,15.058996499981731,15.058996499981731,0.7008911659941077,0.14990662492346019,15.909794290899299,False,,,,123649.0,33530.0,337481.0,Time limit reached. (HiGHS Status 13: model_status is Time limit reached; primal_status is At lower/fixed bound),,15.0
20260731_124647-0400,20260731_124647-0400-0145,145,150,A4x4_T60_S25,25,60,HiGHS-60s,0.26644695515979333,0.3764219234746639,0.35696413678065075,19.0,0.31666666666666665,25.0,10.0,1300.0,0.45454545454545453,0.2702702702702703,0.27956989247311825,47.89473684210526,89.0,104.0,237.56782024260662,119.00745226582642,118.56036797678016,0.0011215616445345799,25.828986249980517,25.828986249980517,0.7008911659941077,0.14990662492346019,26.679784040898085,True,0.0,0.26644695515979333,0.26644695515979333,123649.0,33530.0,337481.0,Optimization terminated successfully. (HiGHS Status 7: Optimal),1.0,60.0
20260731_124647-0400,20260731_124647-0400-0145,145,150,A4x4_T60_S25,25,60,HiGHS-600s,0.26644695515979333,0.3764219234746639,0.35696413678065075,19.0,0.31666666666666665,25.0,10.0,1300.0,0.45454545454545453,0.2702702702702703,0.27956989247311825,47.89473684210526,89.0,104.0,237.56782024260662,119.00745226582642,118.56036797678016,0.0011215616445345799,25.736950208083726,25.736950208083726,0.7008911659941077,0.14990662492346019,26.587747999001294,True,0.0,0.26644695515979333,0.26644695515979333,123649.0,33530.0,337481.0,Optimization terminated successfully. (HiGHS Status 7: Optimal),1.0,600.0
20260731_124647-0400,20260731_124647-0400-0146,146,150,A4x4_T60_S26,26,60,Greedy-Benefit,0.29656093314512505,0.45057345712725283,0.43133802816901406,23.0,0.38333333333333336,27.0,13.0,1500.0,0.5094339622641509,0.3939393939393939,0.32608695652173914,43.43478260869565,95.0,108.0,182.11682779312272,100.006713755085,82.11011403803772,0.0016284103821641686,0.0026691670063883066,,,,0.0026694999542087317,False,,,,,,,Constructive heuristic,,
20260731_124647-0400,20260731_124647-0400-0146,146,150,A4x4_T60_S26,26,60,Greedy-Density-Operational,0.30914688655080563,0.4489350081922447,0.4110915492957747,24.0,0.4,30.0,11.0,950.0,0.5660377358490566,0.3333333333333333,0.20652173913043478,40.333333333333336,84.0,91.0,164.5845789024313,82.47446486439355,82.11011403803772,0.001878346614320856,0.0023661250015720725,,,,0.002366458997130394,False,,,,,,,Constructive heuristic,,
20260731_124647-0400,20260731_124647-0400-0146,146,150,A4x4_T60_S26,26,60,Greedy-Density-Cycle,0.30914688655080563,0.4489350081922447,0.4110915492957747,24.0,0.4,30.0,11.0,950.0,0.5660377358490566,0.3333333333333333,0.20652173913043478,40.333333333333336,84.0,91.0,164.5845789024313,82.47446486439355,82.11011403803772,0.001878346614320856,0.0023447079584002495,,,,0.0023448748979717493,False,,,,,,,Constructive heuristic,,
20260731_124647-0400,20260731_124647-0400-0146,146,150,A4x4_T60_S26,26,60,HiGHS-1s,,,,,,,,,,,,,,,,,,,6.678074666997418,6.678074666997418,0.6972443331032991,0.09680900000967085,7.472128000110388,False,,,,122421.0,29284.0,338043.0,Time limit reached. (HiGHS Status 13: model_status is Time limit reached; primal_status is At lower/fixed bound),,1.0
20260731_124647-0400,20260731_124647-0400-0146,146,150,A4x4_T60_S26,26,60,HiGHS-5s,,,,,,,,,,,,,,,,,,,6.547736332984641,6.547736332984641,0.6972443331032991,0.09680900000967085,7.341789666097611,False,,,,122421.0,29284.0,338043.0,Time limit reached. (HiGHS Status 13: model_status is Time limit reached; primal_status is At lower/fixed bound),,5.0
20260731_124647-0400,20260731_124647-0400-0146,146,150,A4x4_T60_S26,26,60,HiGHS-15s,,,,,,,,,,,,,,,,,,,15.028130792081356,15.028130792081356,0.6972443331032991,0.09680900000967085,15.822184125194326,False,,,,122421.0,29284.0,338043.0,Time limit reached. (HiGHS Status 13: model_status is Time limit reached; primal_status is At lower/fixed bound),,15.0
20260731_124647-0400,20260731_124647-0400-0146,146,150,A4x4_T60_S26,26,60,HiGHS-60s,0.34235089481638514,0.48552703440742756,0.46126760563380276,25.0,0.4166666666666667,29.0,15.0,1400.0,0.5471698113207547,0.45454545454545453,0.30434782608695654,44.96,91.0,106.0,181.01825913603017,90.69455298697227,90.32370614905788,0.0018912506199671162,34.20477774995379,34.20477774995379,0.6972443331032991,0.09680900000967085,34.99883108306676,True,0.0,0.34235089481638514,0.34235089481638514,122421.0,29284.0,338043.0,Optimization terminated successfully. (HiGHS Status 7: Optimal),1.0,60.0
20260731_124647-0400,20260731_124647-0400-0146,146,150,A4x4_T60_S26,26,60,HiGHS-600s,0.34235089481638514,0.48552703440742756,0.46126760563380276,25.0,0.4166666666666667,29.0,15.0,1400.0,0.5471698113207547,0.45454545454545453,0.30434782608695654,44.96,91.0,106.0,181.01825913603017,90.69455298697227,90.32370614905788,0.0018912506199671162,34.185709874960594,34.185709874960594,0.6972443331032991,0.09680900000967085,34.979763208073564,True,0.0,0.34235089481638514,0.34235089481638514,122421.0,29284.0,338043.0,Optimization terminated successfully. (HiGHS Status 7: Optimal),1.0,600.0
20260731_124647-0400,20260731_124647-0400-0147,147,150,A4x4_T60_S27,27,60,Greedy-Benefit,0.24981305202589726,0.37292400603925524,0.36068111455108365,21.0,0.35,21.0,13.0,2100.0,0.42,0.3333333333333333,0.31343283582089554,48.666666666666664,94.0,110.0,244.5893086114282,123.5944131223896,120.99489548903863,0.001021357202586348,0.0027023329166695476,,,,0.0027024579467251897,False,,,,,,,Constructive heuristic,,
20260731_124647-0400,20260731_124647-0400-0147,147,150,A4x4_T60_S27,27,60,Greedy-Density-Operational,0.2591702329133433,0.3975842979365879,0.37925696594427244,23.0,0.38333333333333336,23.0,14.0,2000.0,0.46,0.358974358974359,0.29850746268656714,42.65217391304348,91.0,105.0,193.30488598431978,96.75413419782817,96.5507517864916,0.0013407329648892903,0.00250991596840322,,,,0.0025102499639615417,False,,,,,,,Constructive heuristic,,
20260731_124647-0400,20260731_124647-0400-0147,147,150,A4x4_T60_S27,27,60,Greedy-Density-Cycle,0.2591702329133433,0.3975842979365879,0.37925696594427244,23.0,0.38333333333333336,23.0,14.0,2000.0,0.46,0.358974358974359,0.29850746268656714,42.65217391304348,91.0,105.0,193.30488598431978,96.75413419782817,96.5507517864916,0.0013407329648892903,0.0023477079812437296,,,,0.0023479160154238343,False,,,,,,,Constructive heuristic,,
20260731_124647-0400,20260731_124647-0400-0147,147,150,A4x4_T60_S27,27,60,HiGHS-1s,,,,,,,,,,,,,,,,,,,11.443935416988097,11.443935416988097,0.8685794580960646,0.18914570903871208,12.501660584122874,False,,,,160786.0,37793.0,444629.0,Time limit reached. (HiGHS Status 13: model_status is Time limit reached; primal_status is At lower/fixed bound),,1.0
20260731_124647-0400,20260731_124647-0400-0147,147,150,A4x4_T60_S27,27,60,HiGHS-5s,,,,,,,,,,,,,,,,,,,11.396188625018112,11.396188625018112,0.8685794580960646,0.18914570903871208,12.453913792152889,False,,,,160786.0,37793.0,444629.0,Time limit reached. (HiGHS Status 13: model_status is Time limit reached; primal_status is At lower/fixed bound),,5.0
20260731_124647-0400,20260731_124647-0400-0147,147,150,A4x4_T60_S27,27,60,HiGHS-15s,,,,,,,,,,,,,,,,,,,15.101324041024782,15.101324041024782,0.8685794580960646,0.18914570903871208,16.15904920815956,False,,,,160786.0,37793.0,444629.0,Time limit reached. (HiGHS Status 13: model_status is Time limit reached; primal_status is At lower/fixed bound),,15.0
20260731_124647-0400,20260731_124647-0400-0147,147,150,A4x4_T60_S27,27,60,HiGHS-60s,0.2311686629379753,0.29793658782083543,0.26470588235294124,14.0,0.23333333333333334,20.0,10.0,700.0,0.4,0.2564102564102564,0.1044776119402985,37.92857142857143,82.0,98.0,107.62303338358106,54.788137395893784,52.83489598768728,0.0021479478478743782,60.4425847500097,60.4425847500097,0.8685794580960646,0.18914570903871208,61.50030991714448,False,0.33244092759556354,0.23116866293797533,0.308018587676102,160786.0,37793.0,444629.0,Time limit reached. (HiGHS Status 13: Time limit reached),0.0,60.0
20260731_124647-0400,20260731_124647-0400-0147,147,150,A4x4_T60_S27,27,60,HiGHS-600s,0.3072230677169499,0.4272773024660292,0.41331269349845207,24.0,0.4,24.0,15.0,2400.0,0.48,0.38461538461538464,0.3582089552238806,46.416666666666664,98.0,118.0,204.61685465384718,102.30842732692358,102.30842732692356,0.001501455333367737,196.1208354580449,196.1208354580449,0.8685794580960646,0.18914570903871208,197.17856062517967,True,0.0,0.30722306771694996,0.30722306771694996,160786.0,37793.0,444629.0,Optimization terminated successfully. (HiGHS Status 7: Optimal),0.0,600.0
20260731_124647-0400,20260731_124647-0400-0148,148,150,A4x4_T60_S28,28,60,Greedy-Benefit,0.21827745527963127,0.3415991902834008,0.34138218151540384,20.0,0.3333333333333333,21.0,11.0,1500.0,0.3442622950819672,0.3333333333333333,0.3448275862068966,48.15,90.0,97.0,190.67340390781632,109.74238318558554,80.93102072223077,0.0011447713776860065,0.0025776660768315196,,,,0.002577875042334199,False,,,,,,,Constructive heuristic,,
20260731_124647-0400,20260731_124647-0400-0148,148,150,A4x4_T60_S28,28,60,Greedy-Density-Operational,0.2408153314845171,0.3658906882591093,0.3605328892589509,22.0,0.36666666666666664,21.0,16.0,1050.0,0.3442622950819672,0.48484848484848486,0.2413793103448276,41.90909090909091,83.0,98.0,198.0478239600234,99.2373639784109,98.81045998161251,0.0012159453543560592,0.002344875014387071,,,,0.0023451250744983554,False,,,,,,,Constructive heuristic,,
20260731_124647-0400,20260731_124647-0400-0148,148,150,A4x4_T60_S28,28,60,Greedy-Density-Cycle,0.23914975222518703,0.36842105263157887,0.3605328892589509,22.0,0.36666666666666664,22.0,15.0,1050.0,0.36065573770491804,0.45454545454545453,0.2413793103448276,43.72727272727273,87.0,102.0,201.2214487514787,111.1654834867482,90.0559652647305,0.0011884903607892825,0.002500334056094289,,,,0.0025005420902743936,False,,,,,,,Constructive heuristic,,
20260731_124647-0400,20260731_124647-0400-0148,148,150,A4x4_T60_S28,28,60,HiGHS-1s,,,,,,,,,,,,,,,,,,,21.866254374966957,21.866254374966957,1.2344639159273356,0.23012416600249708,23.33084245689679,False,,,,216972.0,46810.0,604170.0,Time limit reached. (HiGHS Status 13: model_status is Time limit reached; primal_status is At lower/fixed bound),,1.0
20260731_124647-0400,20260731_124647-0400-0148,148,150,A4x4_T60_S28,28,60,HiGHS-5s,,,,,,,,,,,,,,,,,,,22.13194079103414,22.13194079103414,1.2344639159273356,0.23012416600249708,23.596528872963972,False,,,,216972.0,46810.0,604170.0,Time limit reached. (HiGHS Status 13: model_status is Time limit reached; primal_status is At lower/fixed bound),,5.0
20260731_124647-0400,20260731_124647-0400-0148,148,150,A4x4_T60_S28,28,60,HiGHS-15s,,,,,,,,,,,,,,,,,,,21.96312462503556,21.96312462503556,1.2344639159273356,0.23012416600249708,23.427712706965394,False,,,,216972.0,46810.0,604170.0,Time limit reached. (HiGHS Status 13: model_status is Time limit reached; primal_status is At lower/fixed bound),,15.0
20260731_124647-0400,20260731_124647-0400-0148,148,150,A4x4_T60_S28,28,60,HiGHS-60s,,,,,,,,,,,,,,,,,,,60.117319707991555,60.117319707991555,1.2344639159273356,0.23012416600249708,61.58190778992139,False,,,,216972.0,46810.0,604170.0,Time limit reached. (HiGHS Status 13: model_status is Time limit reached; primal_status is At lower/fixed bound),,60.0
20260731_124647-0400,20260731_124647-0400-0148,148,150,A4x4_T60_S28,28,60,HiGHS-600s,0.28591833397649685,0.4240890688259109,0.4229808492922565,25.0,0.4166666666666667,26.0,14.0,1800.0,0.4262295081967213,0.42424242424242425,0.41379310344827586,43.2,91.0,99.0,181.21190849394296,105.47360530457419,75.73830318936876,0.0015778120563530941,114.88236566598061,114.88236566598061,1.2344639159273356,0.23012416600249708,116.34695374791045,True,0.0,0.28591833397649685,0.28591833397649685,216972.0,46810.0,604170.0,Optimization terminated successfully. (HiGHS Status 7: Optimal),1.0,600.0
20260731_124647-0400,20260731_124647-0400-0149,149,150,A4x4_T60_S29,29,60,Greedy-Benefit,0.23035740618988507,0.38654060066740825,0.37906137184115524,21.0,0.35,22.0,11.0,1500.0,0.44,0.2894736842105263,0.39473684210526316,55.0,96.0,108.0,245.29001119392217,162.4869812486135,82.80302994530865,0.0009391226535016478,0.0024220829363912344,,,,0.002422416931949556,False,,,,,,,Constructive heuristic,,
20260731_124647-0400,20260731_124647-0400-0149,149,150,A4x4_T60_S29,29,60,Greedy-Density-Operational,0.24127076798096073,0.38654060066740814,0.38357400722021656,22.0,0.36666666666666664,22.0,10.0,1750.0,0.44,0.2631578947368421,0.4605263157894737,43.18181818181818,95.0,107.0,211.27086386993082,106.6759347966204,104.59492907331042,0.0011419973561972057,0.0027476659743115306,,,,0.002747916034422815,False,,,,,,,Constructive heuristic,,
20260731_124647-0400,20260731_124647-0400-0149,149,150,A4x4_T60_S29,29,60,Greedy-Density-Cycle,0.24385288700850438,0.41101223581757507,0.4097472924187725,24.0,0.4,23.0,11.0,1900.0,0.46,0.2894736842105263,0.5,47.083333333333336,99.0,117.0,230.05817413885214,124.7168195851983,105.34135455365387,0.0010599618462647036,0.0026716249994933605,,,,0.0026717089349403977,False,,,,,,,Constructive heuristic,,
20260731_124647-0400,20260731_124647-0400-0149,149,150,A4x4_T60_S29,29,60,HiGHS-1s,,,,,,,,,,,,,,,,,,,8.645003790967166,8.645003790967166,0.8054277499904856,0.17216358298901469,9.622595123946667,False,,,,139832.0,37776.0,381784.0,Time limit reached. (HiGHS Status 13: model_status is Time limit reached; primal_status is At lower/fixed bound),,1.0
20260731_124647-0400,20260731_124647-0400-0149,149,150,A4x4_T60_S29,29,60,HiGHS-5s,,,,,,,,,,,,,,,,,,,8.355471750022843,8.355471750022843,0.8054277499904856,0.17216358298901469,9.333063083002344,False,,,,139832.0,37776.0,381784.0,Time limit reached. (HiGHS Status 13: model_status is Time limit reached; primal_status is At lower/fixed bound),,5.0
20260731_124647-0400,20260731_124647-0400-0149,149,150,A4x4_T60_S29,29,60,HiGHS-15s,,,,,,,,,,,,,,,,,,,15.090921540977433,15.090921540977433,0.8054277499904856,0.17216358298901469,16.068512873956934,False,,,,139832.0,37776.0,381784.0,Time limit reached. (HiGHS Status 13: model_status is Time limit reached; primal_status is At lower/fixed bound),,15.0
20260731_124647-0400,20260731_124647-0400-0149,149,150,A4x4_T60_S29,29,60,HiGHS-60s,0.28092707414613327,0.39154616240266965,0.39169675090252704,21.0,0.35,22.0,10.0,1900.0,0.44,0.2631578947368421,0.5,46.095238095238095,94.0,102.0,240.62380003610986,137.14690495154932,103.47689508456052,0.0011674949614459383,31.084352124948055,31.084352124948055,0.8054277499904856,0.17216358298901469,32.061943457927555,True,0.0,0.28092707414613316,0.28092707414613316,139832.0,37776.0,381784.0,Optimization terminated successfully. (HiGHS Status 7: Optimal),1.0,60.0
20260731_124647-0400,20260731_124647-0400-0149,149,150,A4x4_T60_S29,29,60,HiGHS-600s,0.28092707414613327,0.39154616240266965,0.39169675090252704,21.0,0.35,22.0,10.0,1900.0,0.44,0.2631578947368421,0.5,46.095238095238095,94.0,102.0,240.62380003610986,137.14690495154932,103.47689508456052,0.0011674949614459383,31.076042833039537,31.076042833039537,0.8054277499904856,0.17216358298901469,32.05363416601904,True,0.0,0.28092707414613316,0.28092707414613316,139832.0,37776.0,381784.0,Optimization terminated successfully. (HiGHS Status 7: Optimal),1.0,600.0
20260731_124647-0400,20260731_124647-0400-0150,150,150,A4x4_T60_S30,30,60,Greedy-Benefit,0.2282770750264926,0.33023510114816845,0.3239683933274803,18.0,0.3,17.0,13.0,1150.0,0.3695652173913043,0.2826086956521739,0.3150684931506849,45.94444444444444,99.0,121.0,254.56440579539253,128.64521214959697,125.91919364579554,0.0008967360315486192,0.0023122919956222177,,,,0.002312583033926785,False,,,,,,,Constructive heuristic,,
20260731_124647-0400,20260731_124647-0400-0150,150,150,A4x4_T60_S30,30,60,Greedy-Density-Operational,0.21948904558618534,0.33624931656642976,0.3380158033362599,18.0,0.3,15.0,16.0,1250.0,0.32608695652173914,0.34782608695652173,0.3424657534246575,45.44444444444444,105.0,125.0,273.07695229569504,137.10069516226292,135.97625713343209,0.0008037626161453448,0.002068249974399805,,,,0.0020685000345110893,False,,,,,,,Constructive heuristic,,
20260731_124647-0400,20260731_124647-0400-0150,150,150,A4x4_T60_S30,30,60,Greedy-Density-Cycle,0.21948904558618534,0.33624931656642976,0.3380158033362599,18.0,0.3,15.0,16.0,1250.0,0.32608695652173914,0.34782608695652173,0.3424657534246575,45.44444444444444,105.0,125.0,273.07695229569504,137.10069516226292,135.97625713343209,0.0008037626161453448,0.0019745409954339266,,,,0.001974749960936606,False,,,,,,,Constructive heuristic,,
20260731_124647-0400,20260731_124647-0400-0150,150,150,A4x4_T60_S30,30,60,HiGHS-1s,,,,,,,,,,,,,,,,,,,30.516715500038117,30.516715500038117,1.2321190829388797,0.24480600003153086,31.993640583008528,False,,,,242823.0,46764.0,681769.0,Time limit reached. (HiGHS Status 13: model_status is Time limit reached; primal_status is At lower/fixed bound),,1.0
20260731_124647-0400,20260731_124647-0400-0150,150,150,A4x4_T60_S30,30,60,HiGHS-5s,,,,,,,,,,,,,,,,,,,30.382804458029568,30.382804458029568,1.2321190829388797,0.24480600003153086,31.85972954099998,False,,,,242823.0,46764.0,681769.0,Time limit reached. (HiGHS Status 13: model_status is Time limit reached; primal_status is At lower/fixed bound),,5.0
20260731_124647-0400,20260731_124647-0400-0150,150,150,A4x4_T60_S30,30,60,HiGHS-15s,,,,,,,,,,,,,,,,,,,30.26752741599921,30.26752741599921,1.2321190829388797,0.24480600003153086,31.744452498969622,False,,,,242823.0,46764.0,681769.0,Time limit reached. (HiGHS Status 13: model_status is Time limit reached; primal_status is At lower/fixed bound),,15.0
20260731_124647-0400,20260731_124647-0400-0150,150,150,A4x4_T60_S30,30,60,HiGHS-60s,,,,,,,,,,,,,,,,,,,60.18868858390488,60.18868858390488,1.2321190829388797,0.24480600003153086,61.66561366687529,False,,,,242823.0,46764.0,681769.0,Time limit reached. (HiGHS Status 13: model_status is Time limit reached; primal_status is At lower/fixed bound),,60.0
20260731_124647-0400,20260731_124647-0400-0150,150,150,A4x4_T60_S30,30,60,HiGHS-600s,0.2839204902274607,0.38600328048113725,0.3871817383669886,19.0,0.31666666666666665,17.0,19.0,1350.0,0.3695652173913043,0.41304347826086957,0.3698630136986301,47.73684210526316,105.0,125.0,261.286578508705,134.19008413115807,127.09649437754695,0.0010866248540125517,147.44706183404196,147.44706183404196,1.2321190829388797,0.24480600003153086,148.92398691701237,True,0.0,0.2839204902274607,0.2839204902274607,242823.0,46764.0,681769.0,Optimization terminated successfully. (HiGHS Status 7: Optimal),1.0,600.0
