Execution ID,Run ID,Run Correlative,Run Total,Scenario,Seed,Tasks,Method,Normalized Mission Value,Weighted Impact Coverage,Impact Coverage,Physical Completed Tasks,Physical Completion Rate,Medical Evacuees,Personnel Transported,Cargo Delivered kg,Medical Impact Coverage,Personnel Impact Coverage,Cargo Impact Coverage,Average Response Time,Maximum Response Time,Makespan,Total Flight Time,Task Flight Time,Return Flight Time,Value per Flight Minute,Runtime sec,Solver Time sec,Graph Time sec,Matrix Time sec,End-to-end sec,Optimal Certified,MIP Gap,Primal Bound,Dual Bound,Variables,Constraints,Nonzeros,Solver Message,Has Incumbent,MIP Nodes,Time Limit sec,Has Positive Plan,Solver Status Code
20260825_195505-0400,20260825_195505-0400-0001,1,150,B6x7_stress_T20_S1,1,20,Greedy-Benefit,0.6218912282955406,0.8598425196850393,0.8184210526315793,16.0,0.8,18.0,11.0,350.0,0.9473684210526315,0.8461538461538461,0.35,36.3125,74.0,96.0,327.2312272951001,173.92993942907015,153.30128786602998,0.0019004641868568166,0.001378833010676317,,,,0.0013795000122627243,False,,,,,,,Constructive heuristic,True,,,,
20260825_195505-0400,20260825_195505-0400-0001,1,150,B6x7_stress_T20_S1,1,20,Greedy-Density-Operational,0.6832460493327184,0.869291338582677,0.8473684210526319,17.0,0.85,18.0,10.0,700.0,0.9473684210526315,0.7692307692307693,0.7,35.411764705882355,79.0,102.0,324.67365462659524,169.4447597916778,155.22889483491744,0.0021044086564969817,0.0011733339924830943,,,,0.0011737499880837277,False,,,,,,,Constructive heuristic,True,,,,
20260825_195505-0400,20260825_195505-0400-0001,1,150,B6x7_stress_T20_S1,1,20,HiGHS-1s,,,,,,,,,,,,,,,,,,,1.3584885829914128,1.3584885829914128,0.9452322500001173,0.26892570800555404,2.5726465409970842,False,,,,217540.0,71293.0,581353.0,Time limit reached. (HiGHS Status 13: model_status is Time limit reached; primal_status is None),False,,1.0,False,1.0
20260825_195505-0400,20260825_195505-0400-0001,1,150,B6x7_stress_T20_S1,1,20,HiGHS-5s,,,,,,,,,,,,,,,,,,,6.136121415998787,6.136121415998787,0.9452322500001173,0.26892570800555404,7.350279374004458,False,,,,217540.0,71293.0,581353.0,Time limit reached. (HiGHS Status 13: model_status is Time limit reached; primal_status is None),False,,5.0,False,1.0
20260825_195505-0400,20260825_195505-0400-0001,1,150,B6x7_stress_T20_S1,1,20,HiGHS-15s,,,,,,,,,,,,,,,,,,,17.266976958009764,17.266976958009764,0.9452322500001173,0.26892570800555404,18.481134916015435,False,,,,217540.0,71293.0,581353.0,Time limit reached. (HiGHS Status 13: model_status is Time limit reached; primal_status is None),False,,15.0,False,1.0
20260825_195505-0400,20260825_195505-0400-0001,1,150,B6x7_stress_T20_S1,1,20,HiGHS-60s,0.0,0.0,0.0,0.0,0.0,0.0,0.0,0.0,0.0,0.0,0.0,,,0.0,0.0,0.0,0.0,,60.68358604199602,60.68358604199602,0.9452322500001173,0.26892570800555404,61.897744000001694,False,,-0.0,105.99764850874706,217540.0,71293.0,581353.0,Time limit reached. (HiGHS Status 13: Time limit reached),True,0.0,60.0,False,1.0
20260825_195505-0400,20260825_195505-0400-0001,1,150,B6x7_stress_T20_S1,1,20,HiGHS-600s,0.74286302537428,0.9354330708661416,0.918421052631579,18.0,0.9,18.0,13.0,650.0,0.9473684210526315,1.0,0.65,35.55555555555556,79.0,96.0,295.3287635150903,161.23147950388622,134.09728401120407,0.002515376479190528,73.7482471250114,73.7482471250114,0.9452322500001173,0.26892570800555404,74.96240508301707,True,0.0,0.7428630253742798,0.7428630253742798,217540.0,71293.0,581353.0,Optimization terminated successfully. (HiGHS Status 7: Optimal),True,1.0,600.0,True,0.0
20260825_195505-0400,20260825_195505-0400-0001,1,150,B6x7_stress_T20_S1,1,20,HiGHS-1800s,0.74286302537428,0.9354330708661416,0.918421052631579,18.0,0.9,18.0,13.0,650.0,0.9473684210526315,1.0,0.65,35.55555555555556,79.0,96.0,295.3287635150903,161.23147950388622,134.09728401120407,0.002515376479190528,78.15839799999958,78.15839799999958,0.9452322500001173,0.26892570800555404,79.37255595800525,True,0.0,0.7428630253742798,0.7428630253742798,217540.0,71293.0,581353.0,Optimization terminated successfully. (HiGHS Status 7: Optimal),True,1.0,1800.0,True,0.0
20260825_195505-0400,20260825_195505-0400-0002,2,150,B6x7_stress_T20_S2,2,20,Greedy-Benefit,0.6437781210231629,0.8122676579925651,0.7835365853658539,15.0,0.75,13.0,10.0,450.0,0.9285714285714286,0.7142857142857143,0.5625,34.46666666666667,74.0,90.0,267.90816475595835,162.7381009792382,105.1700637767202,0.0024029805945242106,0.0014134170050965622,,,,0.001414124999428168,False,,,,,,,Constructive heuristic,True,,,,
20260825_195505-0400,20260825_195505-0400-0002,2,150,B6x7_stress_T20_S2,2,20,Greedy-Density-Operational,0.6549422916303111,0.9070631970260222,0.9085365853658538,17.0,0.85,13.0,12.0,800.0,0.9285714285714286,0.8571428571428571,1.0,34.05882352941177,81.0,104.0,323.265353849543,161.7973608934231,161.4679929561199,0.002026020678773823,0.0010708750050980598,,,,0.0010714170057326555,False,,,,,,,Constructive heuristic,True,,,,
20260825_195505-0400,20260825_195505-0400-0002,2,150,B6x7_stress_T20_S2,2,20,HiGHS-1s,,,,,,,,,,,,,,,,,,,1.7872524999984307,1.7872524999984307,0.23677783300809097,0.036652750000939704,2.0606830830074614,False,,,,34572.0,14891.0,88851.0,Time limit reached. (HiGHS Status 13: model_status is Time limit reached; primal_status is None),False,,1.0,False,1.0
20260825_195505-0400,20260825_195505-0400-0002,2,150,B6x7_stress_T20_S2,2,20,HiGHS-5s,,,,,,,,,,,,,,,,,,,6.005266375010251,6.005266375010251,0.23677783300809097,0.036652750000939704,6.278696958019282,False,,,,34572.0,14891.0,88851.0,Time limit reached. (HiGHS Status 13: model_status is Time limit reached; primal_status is None),False,,5.0,False,1.0
20260825_195505-0400,20260825_195505-0400-0002,2,150,B6x7_stress_T20_S2,2,20,HiGHS-15s,0.7199434989131783,0.9349442379182157,0.9390243902439025,18.0,0.9,13.0,13.0,800.0,0.9285714285714286,0.9285714285714286,1.0,31.77777777777778,76.0,102.0,283.54386211858593,142.8350938669434,140.7087682516426,0.002539090402218186,7.542931292002322,7.542931292002322,0.23677783300809097,0.036652750000939704,7.816361875011353,True,0.0,0.719943498913181,0.719943498913181,34572.0,14891.0,88851.0,Optimization terminated successfully. (HiGHS Status 7: Optimal),True,1.0,15.0,True,0.0
20260825_195505-0400,20260825_195505-0400-0002,2,150,B6x7_stress_T20_S2,2,20,HiGHS-60s,0.7199434989131783,0.9349442379182157,0.9390243902439025,18.0,0.9,13.0,13.0,800.0,0.9285714285714286,0.9285714285714286,1.0,31.77777777777778,76.0,102.0,283.54386211858593,142.8350938669434,140.7087682516426,0.002539090402218186,7.3569434999953955,7.3569434999953955,0.23677783300809097,0.036652750000939704,7.630374083004426,True,0.0,0.719943498913181,0.719943498913181,34572.0,14891.0,88851.0,Optimization terminated successfully. (HiGHS Status 7: Optimal),True,1.0,60.0,True,0.0
20260825_195505-0400,20260825_195505-0400-0002,2,150,B6x7_stress_T20_S2,2,20,HiGHS-600s,0.7199434989131783,0.9349442379182157,0.9390243902439025,18.0,0.9,13.0,13.0,800.0,0.9285714285714286,0.9285714285714286,1.0,31.77777777777778,76.0,102.0,283.54386211858593,142.8350938669434,140.7087682516426,0.002539090402218186,7.896635750003043,7.896635750003043,0.23677783300809097,0.036652750000939704,8.170066333012073,True,0.0,0.719943498913181,0.719943498913181,34572.0,14891.0,88851.0,Optimization terminated successfully. (HiGHS Status 7: Optimal),True,1.0,600.0,True,0.0
20260825_195505-0400,20260825_195505-0400-0002,2,150,B6x7_stress_T20_S2,2,20,HiGHS-1800s,0.7199434989131783,0.9349442379182157,0.9390243902439025,18.0,0.9,13.0,13.0,800.0,0.9285714285714286,0.9285714285714286,1.0,31.77777777777778,76.0,102.0,283.54386211858593,142.8350938669434,140.7087682516426,0.002539090402218186,7.7226251249958295,7.7226251249958295,0.23677783300809097,0.036652750000939704,7.99605570800486,True,0.0,0.719943498913181,0.719943498913181,34572.0,14891.0,88851.0,Optimization terminated successfully. (HiGHS Status 7: Optimal),True,1.0,1800.0,True,0.0
20260825_195505-0400,20260825_195505-0400-0003,3,150,B6x7_stress_T20_S3,3,20,Greedy-Benefit,0.8143776642346937,0.9353741496598638,0.9228650137741046,18.0,0.9,17.0,9.0,1250.0,0.9444444444444444,1.0,0.8064516129032258,27.27777777777778,65.0,82.0,206.16338747925764,110.17171939009391,95.9916680891638,0.003950156592749182,0.0013062499929219484,,,,0.0013067919935565442,False,,,,,,,Constructive heuristic,True,,,,
20260825_195505-0400,20260825_195505-0400-0003,3,150,B6x7_stress_T20_S3,3,20,Greedy-Density-Operational,0.7770863498344258,0.9353741496598638,0.9228650137741047,18.0,0.9,17.0,9.0,1250.0,0.9444444444444444,1.0,0.8064516129032258,25.333333333333332,65.0,82.0,207.7276460162325,105.21385292831665,102.51379308791583,0.003740890366483534,0.001036625006236136,,,,0.0010370829986641183,False,,,,,,,Constructive heuristic,True,,,,
20260825_195505-0400,20260825_195505-0400-0003,3,150,B6x7_stress_T20_S3,3,20,HiGHS-1s,,,,,,,,,,,,,,,,,,,1.8872981250024168,1.8872981250024168,0.30185575000359677,0.05563479199190624,2.24478866699792,False,,,,62571.0,22727.0,165012.0,Time limit reached. (HiGHS Status 13: model_status is Time limit reached; primal_status is None),False,,1.0,False,1.0
20260825_195505-0400,20260825_195505-0400-0003,3,150,B6x7_stress_T20_S3,3,20,HiGHS-5s,,,,,,,,,,,,,,,,,,,5.640286250010831,5.640286250010831,0.30185575000359677,0.05563479199190624,5.997776792006334,False,,,,62571.0,22727.0,165012.0,Time limit reached. (HiGHS Status 13: model_status is Time limit reached; primal_status is None),False,,5.0,False,1.0
20260825_195505-0400,20260825_195505-0400-0003,3,150,B6x7_stress_T20_S3,3,20,HiGHS-15s,0.45602497034909956,0.4982993197278911,0.5041322314049587,11.0,0.55,7.0,8.0,550.0,0.3888888888888889,0.8888888888888888,0.3548387096774194,25.818181818181817,43.0,56.0,127.22778656031012,63.61389328015506,63.613893280155054,0.0035843189815530497,15.434343041008106,15.434343041008106,0.30185575000359677,0.05563479199190624,15.791833583003609,False,0.9546934252985999,0.45602497034909956,0.8913890113133739,62571.0,22727.0,165012.0,Time limit reached. (HiGHS Status 13: Time limit reached),True,0.0,15.0,True,1.0
20260825_195505-0400,20260825_195505-0400-0003,3,150,B6x7_stress_T20_S3,3,20,HiGHS-60s,0.8913890113133734,0.9693877551020409,0.9504132231404959,19.0,0.95,18.0,9.0,1250.0,1.0,1.0,0.8064516129032258,26.42105263157895,66.0,88.0,178.81561427348836,89.51674606375568,89.29886820973266,0.004984961827494798,14.207150291011203,14.207150291011203,0.30185575000359677,0.05563479199190624,14.564640833006706,True,0.0,0.8913890113133739,0.8913890113133739,62571.0,22727.0,165012.0,Optimization terminated successfully. (HiGHS Status 7: Optimal),True,1.0,60.0,True,0.0
20260825_195505-0400,20260825_195505-0400-0003,3,150,B6x7_stress_T20_S3,3,20,HiGHS-600s,0.8913890113133734,0.9693877551020409,0.9504132231404959,19.0,0.95,18.0,9.0,1250.0,1.0,1.0,0.8064516129032258,26.42105263157895,66.0,88.0,178.81561427348836,89.51674606375568,89.29886820973266,0.004984961827494798,14.129401708007208,14.129401708007208,0.30185575000359677,0.05563479199190624,14.486892250002711,True,0.0,0.8913890113133739,0.8913890113133739,62571.0,22727.0,165012.0,Optimization terminated successfully. (HiGHS Status 7: Optimal),True,1.0,600.0,True,0.0
20260825_195505-0400,20260825_195505-0400-0003,3,150,B6x7_stress_T20_S3,3,20,HiGHS-1800s,0.8913890113133734,0.9693877551020409,0.9504132231404959,19.0,0.95,18.0,9.0,1250.0,1.0,1.0,0.8064516129032258,26.42105263157895,66.0,88.0,178.81561427348836,89.51674606375568,89.29886820973266,0.004984961827494798,14.186330209005973,14.186330209005973,0.30185575000359677,0.05563479199190624,14.543820751001476,True,0.0,0.8913890113133739,0.8913890113133739,62571.0,22727.0,165012.0,Optimization terminated successfully. (HiGHS Status 7: Optimal),True,1.0,1800.0,True,0.0
20260825_195505-0400,20260825_195505-0400-0004,4,150,B6x7_stress_T20_S4,4,20,Greedy-Benefit,0.6967139756340073,0.9691252144082331,0.9504132231404959,19.0,0.95,20.0,4.0,1750.0,1.0,1.0,0.8536585365853658,35.421052631578945,74.0,100.0,269.47964162900627,140.59763060087258,128.88201102813366,0.0025854048618380466,0.0013699580013053492,,,,0.0013705830060644075,False,,,,,,,Constructive heuristic,True,,,,
20260825_195505-0400,20260825_195505-0400-0004,4,150,B6x7_stress_T20_S4,4,20,Greedy-Density-Operational,0.6771660569762207,0.9691252144082328,0.950413223140496,19.0,0.95,20.0,4.0,1750.0,1.0,1.0,0.8536585365853658,37.73684210526316,75.0,95.0,338.3148622220885,176.9343421335358,161.38052008855266,0.002001585305855383,0.0010860829934244975,,,,0.0010865419899346307,False,,,,,,,Constructive heuristic,True,,,,
20260825_195505-0400,20260825_195505-0400-0004,4,150,B6x7_stress_T20_S4,4,20,HiGHS-1s,,,,,,,,,,,,,,,,,,,1.223453958009486,1.223453958009486,0.32394050000584684,0.05709729201043956,1.6044917500257725,False,,,,65276.0,22396.0,173458.0,Time limit reached. (HiGHS Status 13: model_status is Time limit reached; primal_status is None),False,,1.0,False,1.0
20260825_195505-0400,20260825_195505-0400-0004,4,150,B6x7_stress_T20_S4,4,20,HiGHS-5s,,,,,,,,,,,,,,,,,,,6.831629209002131,6.831629209002131,0.32394050000584684,0.05709729201043956,7.212667001018417,False,,,,65276.0,22396.0,173458.0,Time limit reached. (HiGHS Status 13: model_status is Time limit reached; primal_status is None),False,,5.0,False,1.0
20260825_195505-0400,20260825_195505-0400-0004,4,150,B6x7_stress_T20_S4,4,20,HiGHS-15s,0.684855481257877,0.8181818181818181,0.763085399449036,15.0,0.75,18.0,4.0,950.0,0.9,1.0,0.4634146341463415,32.8,76.0,98.0,254.48552033613612,127.25460176062677,127.23091857550936,0.0026911373203209695,15.340838541000267,15.340838541000267,0.32394050000584684,0.05709729201043956,15.721876333016553,False,0.17682572744329567,0.684855481257877,0.8059555499248294,65276.0,22396.0,173458.0,Time limit reached. (HiGHS Status 13: Time limit reached),True,0.0,15.0,True,1.0
20260825_195505-0400,20260825_195505-0400-0004,4,150,B6x7_stress_T20_S4,4,20,HiGHS-60s,0.8014968827701798,0.9691252144082332,0.950413223140496,19.0,0.95,20.0,4.0,1750.0,1.0,1.0,0.8536585365853658,33.1578947368421,72.0,98.0,271.38313898354016,136.36156670564714,135.02157227789306,0.002953377596604452,21.006320583008346,21.006320583008346,0.32394050000584684,0.05709729201043956,21.387358375024633,True,0.0,0.8014968827701798,0.8014968827701798,65276.0,22396.0,173458.0,Optimization terminated successfully. (HiGHS Status 7: Optimal),True,1.0,60.0,True,0.0
20260825_195505-0400,20260825_195505-0400-0004,4,150,B6x7_stress_T20_S4,4,20,HiGHS-600s,0.8014968827701798,0.9691252144082332,0.950413223140496,19.0,0.95,20.0,4.0,1750.0,1.0,1.0,0.8536585365853658,33.1578947368421,72.0,98.0,271.38313898354016,136.36156670564714,135.02157227789306,0.002953377596604452,20.972542916992097,20.972542916992097,0.32394050000584684,0.05709729201043956,21.353580709008384,True,0.0,0.8014968827701798,0.8014968827701798,65276.0,22396.0,173458.0,Optimization terminated successfully. (HiGHS Status 7: Optimal),True,1.0,600.0,True,0.0
20260825_195505-0400,20260825_195505-0400-0004,4,150,B6x7_stress_T20_S4,4,20,HiGHS-1800s,0.8014968827701798,0.9691252144082332,0.950413223140496,19.0,0.95,20.0,4.0,1750.0,1.0,1.0,0.8536585365853658,33.1578947368421,72.0,98.0,271.38313898354016,136.36156670564714,135.02157227789306,0.002953377596604452,21.086516791008762,21.086516791008762,0.32394050000584684,0.05709729201043956,21.46755458302505,True,0.0,0.8014968827701798,0.8014968827701798,65276.0,22396.0,173458.0,Optimization terminated successfully. (HiGHS Status 7: Optimal),True,1.0,1800.0,True,0.0
20260825_195505-0400,20260825_195505-0400-0005,5,150,B6x7_stress_T20_S5,5,20,Greedy-Benefit,0.6297560670813257,0.8554421768707484,0.8641304347826089,18.0,0.9,13.0,11.0,1300.0,0.8666666666666667,0.7857142857142857,1.0,35.888888888888886,65.0,74.0,264.70858255672977,152.61271405724386,112.09586849948593,0.00237905420745609,0.0012484580074669793,,,,0.0012489579967223108,False,,,,,,,Constructive heuristic,True,,,,
20260825_195505-0400,20260825_195505-0400-0005,5,150,B6x7_stress_T20_S5,5,20,Greedy-Density-Operational,0.6471286922339808,0.8095238095238095,0.7907608695652173,17.0,0.85,13.0,11.0,850.0,0.8666666666666667,0.7857142857142857,0.6538461538461539,32.8235294117647,65.0,92.0,269.6258768568774,146.58066747615106,123.04520938072636,0.002400098609887838,0.0011011659953510389,,,,0.0011015409982064739,False,,,,,,,Constructive heuristic,True,,,,
20260825_195505-0400,20260825_195505-0400-0005,5,150,B6x7_stress_T20_S5,5,20,HiGHS-1s,,,,,,,,,,,,,,,,,,,1.5331639159994666,1.5331639159994666,0.2442622910020873,0.08381695799471345,1.8612431649962673,False,,,,50145.0,20008.0,130453.0,Time limit reached. (HiGHS Status 13: model_status is Time limit reached; primal_status is None),False,,1.0,False,1.0
20260825_195505-0400,20260825_195505-0400-0005,5,150,B6x7_stress_T20_S5,5,20,HiGHS-5s,,,,,,,,,,,,,,,,,,,6.69609945898992,6.69609945898992,0.2442622910020873,0.08381695799471345,7.024178707986721,False,,,,50145.0,20008.0,130453.0,Time limit reached. (HiGHS Status 13: model_status is Time limit reached; primal_status is None),False,,5.0,False,1.0
20260825_195505-0400,20260825_195505-0400-0005,5,150,B6x7_stress_T20_S5,5,20,HiGHS-15s,0.7140512242275608,0.8860544217687074,0.8722826086956523,18.0,0.9,13.0,14.0,850.0,0.8666666666666667,1.0,0.6538461538461539,33.27777777777778,76.0,97.0,272.6408987249482,148.87924168629252,123.7616570386557,0.00261901727718381,9.693792042002315,9.693792042002315,0.2442622910020873,0.08381695799471345,10.021871290999115,True,0.0,0.7140512242275608,0.7140512242275608,50145.0,20008.0,130453.0,Optimization terminated successfully. (HiGHS Status 7: Optimal),True,1.0,15.0,True,0.0
20260825_195505-0400,20260825_195505-0400-0005,5,150,B6x7_stress_T20_S5,5,20,HiGHS-60s,0.7140512242275608,0.8860544217687074,0.8722826086956523,18.0,0.9,13.0,14.0,850.0,0.8666666666666667,1.0,0.6538461538461539,33.27777777777778,76.0,97.0,272.6408987249482,148.87924168629252,123.7616570386557,0.00261901727718381,9.580583374990965,9.580583374990965,0.2442622910020873,0.08381695799471345,9.908662623987766,True,0.0,0.7140512242275608,0.7140512242275608,50145.0,20008.0,130453.0,Optimization terminated successfully. (HiGHS Status 7: Optimal),True,1.0,60.0,True,0.0
20260825_195505-0400,20260825_195505-0400-0005,5,150,B6x7_stress_T20_S5,5,20,HiGHS-600s,0.7140512242275608,0.8860544217687074,0.8722826086956523,18.0,0.9,13.0,14.0,850.0,0.8666666666666667,1.0,0.6538461538461539,33.27777777777778,76.0,97.0,272.6408987249482,148.87924168629252,123.7616570386557,0.00261901727718381,9.676256958991871,9.676256958991871,0.2442622910020873,0.08381695799471345,10.004336207988672,True,0.0,0.7140512242275608,0.7140512242275608,50145.0,20008.0,130453.0,Optimization terminated successfully. (HiGHS Status 7: Optimal),True,1.0,600.0,True,0.0
20260825_195505-0400,20260825_195505-0400-0005,5,150,B6x7_stress_T20_S5,5,20,HiGHS-1800s,0.7140512242275608,0.8860544217687074,0.8722826086956523,18.0,0.9,13.0,14.0,850.0,0.8666666666666667,1.0,0.6538461538461539,33.27777777777778,76.0,97.0,272.6408987249482,148.87924168629252,123.7616570386557,0.00261901727718381,10.927558374998625,10.927558374998625,0.2442622910020873,0.08381695799471345,11.255637623995426,True,0.0,0.7140512242275608,0.7140512242275608,50145.0,20008.0,130453.0,Optimization terminated successfully. (HiGHS Status 7: Optimal),True,1.0,1800.0,True,0.0
20260825_195505-0400,20260825_195505-0400-0006,6,150,B6x7_stress_T20_S6,6,20,Greedy-Benefit,0.6861912693210613,0.8499061913696059,0.858356940509915,17.0,0.85,12.0,6.0,2050.0,0.9230769230769231,0.6,1.0,35.705882352941174,84.0,107.0,308.43700399576215,171.60379621219587,136.8332077835662,0.0022247371762516843,0.001252250003744848,,,,0.0012528340012067929,False,,,,,,,Constructive heuristic,True,,,,
20260825_195505-0400,20260825_195505-0400-0006,6,150,B6x7_stress_T20_S6,6,20,Greedy-Density-Operational,0.647387267105594,0.7748592870544091,0.8016997167138808,16.0,0.8,10.0,6.0,2050.0,0.7692307692307693,0.6,1.0,30.875,71.0,94.0,273.6416023654045,142.67085445936573,130.97074790603875,0.0023658217957703382,0.0010732920054579154,,,,0.001073792009265162,False,,,,,,,Constructive heuristic,True,,,,
20260825_195505-0400,20260825_195505-0400-0006,6,150,B6x7_stress_T20_S6,6,20,HiGHS-1s,,,,,,,,,,,,,,,,,,,1.0809393749950686,1.0809393749950686,0.07339687499916181,0.01823941699694842,1.1725756669911789,False,,,,18771.0,8822.0,47517.0,Time limit reached. (HiGHS Status 13: model_status is Time limit reached; primal_status is None),False,,1.0,False,1.0
20260825_195505-0400,20260825_195505-0400-0006,6,150,B6x7_stress_T20_S6,6,20,HiGHS-5s,0.5841173759616565,0.7204502814258913,0.7195467422096318,13.0,0.65,9.0,8.0,1400.0,0.6923076923076923,0.8,0.6829268292682927,28.923076923076923,68.0,88.0,193.99478891226903,99.42659971934225,94.56818919292678,0.0030109951882563916,5.213702332999674,5.213702332999674,0.07339687499916181,0.01823941699694842,5.305338624995784,False,0.2555150717971767,0.5841173759616565,0.7333681692184776,18771.0,8822.0,47517.0,Time limit reached. (HiGHS Status 13: Time limit reached),True,0.0,5.0,True,1.0
20260825_195505-0400,20260825_195505-0400-0006,6,150,B6x7_stress_T20_S6,6,20,HiGHS-15s,0.7328873378422944,0.9343339587242028,0.9433427762039659,18.0,0.9,12.0,9.0,2050.0,0.9230769230769231,0.9,1.0,33.833333333333336,77.0,101.0,284.68173874599984,146.8883811659496,137.79335758005024,0.002574409377540703,5.392310458992142,5.392310458992142,0.07339687499916181,0.01823941699694842,5.4839467509882525,True,0.0,0.7328873378422943,0.7328873378422943,18771.0,8822.0,47517.0,Optimization terminated successfully. (HiGHS Status 7: Optimal),True,1.0,15.0,True,0.0
20260825_195505-0400,20260825_195505-0400-0006,6,150,B6x7_stress_T20_S6,6,20,HiGHS-60s,0.7328873378422944,0.9343339587242028,0.9433427762039659,18.0,0.9,12.0,9.0,2050.0,0.9230769230769231,0.9,1.0,33.833333333333336,77.0,101.0,284.68173874599984,146.8883811659496,137.79335758005024,0.002574409377540703,5.337032832991099,5.337032832991099,0.07339687499916181,0.01823941699694842,5.428669124987209,True,0.0,0.7328873378422943,0.7328873378422943,18771.0,8822.0,47517.0,Optimization terminated successfully. (HiGHS Status 7: Optimal),True,1.0,60.0,True,0.0
20260825_195505-0400,20260825_195505-0400-0006,6,150,B6x7_stress_T20_S6,6,20,HiGHS-600s,0.7328873378422944,0.9343339587242028,0.9433427762039659,18.0,0.9,12.0,9.0,2050.0,0.9230769230769231,0.9,1.0,33.833333333333336,77.0,101.0,284.68173874599984,146.8883811659496,137.79335758005024,0.002574409377540703,5.412749166993308,5.412749166993308,0.07339687499916181,0.01823941699694842,5.504385458989418,True,0.0,0.7328873378422943,0.7328873378422943,18771.0,8822.0,47517.0,Optimization terminated successfully. (HiGHS Status 7: Optimal),True,1.0,600.0,True,0.0
20260825_195505-0400,20260825_195505-0400-0006,6,150,B6x7_stress_T20_S6,6,20,HiGHS-1800s,0.7328873378422944,0.9343339587242028,0.9433427762039659,18.0,0.9,12.0,9.0,2050.0,0.9230769230769231,0.9,1.0,33.833333333333336,77.0,101.0,284.68173874599984,146.8883811659496,137.79335758005024,0.002574409377540703,5.3503381659975275,5.3503381659975275,0.07339687499916181,0.01823941699694842,5.441974457993638,True,0.0,0.7328873378422943,0.7328873378422943,18771.0,8822.0,47517.0,Optimization terminated successfully. (HiGHS Status 7: Optimal),True,1.0,1800.0,True,0.0
20260825_195505-0400,20260825_195505-0400-0007,7,150,B6x7_stress_T20_S7,7,20,Greedy-Benefit,0.7387332324390836,0.9414634146341462,0.9344827586206895,18.0,0.9,7.0,9.0,1850.0,1.0,0.9,0.925,32.05555555555556,69.0,88.0,263.8203024981863,160.70590598469954,103.11439651348678,0.0028001379175287776,0.0011368749983375892,,,,0.0011372919980203733,False,,,,,,,Constructive heuristic,True,,,,
20260825_195505-0400,20260825_195505-0400-0007,7,150,B6x7_stress_T20_S7,7,20,Greedy-Density-Operational,0.7259563148441448,0.8902439024390244,0.896551724137931,19.0,0.95,7.0,7.0,2000.0,1.0,0.7,1.0,30.63157894736842,63.0,84.0,275.01048111873473,153.72657887689027,121.28390224184442,0.0026397405360369373,0.0010409169917693362,,,,0.0010412499977974221,False,,,,,,,Constructive heuristic,True,,,,
20260825_195505-0400,20260825_195505-0400-0007,7,150,B6x7_stress_T20_S7,7,20,HiGHS-1s,,,,,,,,,,,,,,,,,,,1.5461564159923,1.5461564159923,1.6180858750012703,0.4696586250065593,3.6339009160001297,False,,,,374598.0,94130.0,1029690.0,Time limit reached. (HiGHS Status 13: model_status is Time limit reached; primal_status is None),False,,1.0,False,1.0
20260825_195505-0400,20260825_195505-0400-0007,7,150,B6x7_stress_T20_S7,7,20,HiGHS-5s,,,,,,,,,,,,,,,,,,,5.789266916006454,5.789266916006454,1.6180858750012703,0.4696586250065593,7.877011416014284,False,,,,374598.0,94130.0,1029690.0,Time limit reached. (HiGHS Status 13: model_status is Time limit reached; primal_status is None),False,,5.0,False,1.0
20260825_195505-0400,20260825_195505-0400-0007,7,150,B6x7_stress_T20_S7,7,20,HiGHS-15s,,,,,,,,,,,,,,,,,,,17.1740637079929,17.1740637079929,1.6180858750012703,0.4696586250065593,19.26180820800073,False,,,,374598.0,94130.0,1029690.0,Time limit reached. (HiGHS Status 13: model_status is Time limit reached; primal_status is None),False,,15.0,False,1.0
20260825_195505-0400,20260825_195505-0400-0007,7,150,B6x7_stress_T20_S7,7,20,HiGHS-60s,,,,,,,,,,,,,,,,,,,71.81690295800217,71.81690295800217,1.6180858750012703,0.4696586250065593,73.90464745801,False,,,,374598.0,94130.0,1029690.0,Time limit reached. (HiGHS Status 13: model_status is Time limit reached; primal_status is None),False,,60.0,False,1.0
20260825_195505-0400,20260825_195505-0400-0007,7,150,B6x7_stress_T20_S7,7,20,HiGHS-600s,0.8254026751665571,0.9999999999999998,0.9999999999999997,20.0,1.0,7.0,10.0,2000.0,1.0,1.0,1.0,29.3,54.0,75.0,225.3852763038792,117.45204379341739,107.93323251046178,0.003662185430665378,231.2965641660121,231.2965641660121,1.6180858750012703,0.4696586250065593,233.38430866601993,True,0.0,0.8254026751665571,0.8254026751665571,374598.0,94130.0,1029690.0,Optimization terminated successfully. (HiGHS Status 7: Optimal),True,1.0,600.0,True,0.0
20260825_195505-0400,20260825_195505-0400-0007,7,150,B6x7_stress_T20_S7,7,20,HiGHS-1800s,0.8254026751665571,0.9999999999999998,0.9999999999999997,20.0,1.0,7.0,10.0,2000.0,1.0,1.0,1.0,29.3,54.0,75.0,225.3852763038792,117.45204379341739,107.93323251046178,0.003662185430665378,231.41215883300174,231.41215883300174,1.6180858750012703,0.4696586250065593,233.49990333300957,True,0.0,0.8254026751665571,0.8254026751665571,374598.0,94130.0,1029690.0,Optimization terminated successfully. (HiGHS Status 7: Optimal),True,1.0,1800.0,True,0.0
20260825_195505-0400,20260825_195505-0400-0008,8,150,B6x7_stress_T20_S8,8,20,Greedy-Benefit,0.6932351211596023,0.9103139013452917,0.9056603773584904,18.0,0.9,15.0,15.0,1400.0,1.0,0.7894736842105263,1.0,38.5,79.0,102.0,348.7062246657534,184.92526016619732,163.7809644995561,0.0019880204943978027,0.0011980000126641244,,,,0.0011986669996986166,False,,,,,,,Constructive heuristic,True,,,,
20260825_195505-0400,20260825_195505-0400-0008,8,150,B6x7_stress_T20_S8,8,20,Greedy-Density-Operational,0.673933395569388,0.8654708520179372,0.8349056603773584,17.0,0.85,15.0,15.0,900.0,1.0,0.7894736842105263,0.6428571428571429,35.88235294117647,83.0,107.0,341.2041135249905,173.41573774785732,167.78837577713318,0.0019751619891300864,0.0008912079938454553,,,,0.0008916249935282394,False,,,,,,,Constructive heuristic,True,,,,
20260825_195505-0400,20260825_195505-0400-0008,8,150,B6x7_stress_T20_S8,8,20,HiGHS-1s,,,,,,,,,,,,,,,,,,,1.6221273749979446,1.6221273749979446,0.26099758299824316,0.046911833007470705,1.9300367910036584,False,,,,48124.0,21072.0,123326.0,Time limit reached. (HiGHS Status 13: model_status is Time limit reached; primal_status is None),False,,1.0,False,1.0
20260825_195505-0400,20260825_195505-0400-0008,8,150,B6x7_stress_T20_S8,8,20,HiGHS-5s,,,,,,,,,,,,,,,,,,,6.626406040988513,6.626406040988513,0.26099758299824316,0.046911833007470705,6.934315456994227,False,,,,48124.0,21072.0,123326.0,Time limit reached. (HiGHS Status 13: model_status is Time limit reached; primal_status is None),False,,5.0,False,1.0
20260825_195505-0400,20260825_195505-0400-0008,8,150,B6x7_stress_T20_S8,8,20,HiGHS-15s,0.7615192735210259,0.977578475336323,0.9764150943396225,19.0,0.95,15.0,18.0,1400.0,1.0,0.9473684210526315,1.0,37.1578947368421,83.0,106.0,361.1083516865636,185.3215124291384,175.78683925742519,0.0021088387182526666,8.279312999991816,8.279312999991816,0.26099758299824316,0.046911833007470705,8.58722241599753,True,0.0,0.761519273521026,0.761519273521026,48124.0,21072.0,123326.0,Optimization terminated successfully. (HiGHS Status 7: Optimal),True,1.0,15.0,True,0.0
20260825_195505-0400,20260825_195505-0400-0008,8,150,B6x7_stress_T20_S8,8,20,HiGHS-60s,0.7615192735210259,0.977578475336323,0.9764150943396225,19.0,0.95,15.0,18.0,1400.0,1.0,0.9473684210526315,1.0,37.1578947368421,83.0,106.0,361.1083516865636,185.3215124291384,175.78683925742519,0.0021088387182526666,8.361292166999192,8.361292166999192,0.26099758299824316,0.046911833007470705,8.669201583004906,True,0.0,0.761519273521026,0.761519273521026,48124.0,21072.0,123326.0,Optimization terminated successfully. (HiGHS Status 7: Optimal),True,1.0,60.0,True,0.0
20260825_195505-0400,20260825_195505-0400-0008,8,150,B6x7_stress_T20_S8,8,20,HiGHS-600s,0.7615192735210259,0.977578475336323,0.9764150943396225,19.0,0.95,15.0,18.0,1400.0,1.0,0.9473684210526315,1.0,37.1578947368421,83.0,106.0,361.1083516865636,185.3215124291384,175.78683925742519,0.0021088387182526666,8.318966167003964,8.318966167003964,0.26099758299824316,0.046911833007470705,8.626875583009678,True,0.0,0.761519273521026,0.761519273521026,48124.0,21072.0,123326.0,Optimization terminated successfully. (HiGHS Status 7: Optimal),True,1.0,600.0,True,0.0
20260825_195505-0400,20260825_195505-0400-0008,8,150,B6x7_stress_T20_S8,8,20,HiGHS-1800s,0.7615192735210259,0.977578475336323,0.9764150943396225,19.0,0.95,15.0,18.0,1400.0,1.0,0.9473684210526315,1.0,37.1578947368421,83.0,106.0,361.1083516865636,185.3215124291384,175.78683925742519,0.0021088387182526666,8.46233404200757,8.46233404200757,0.26099758299824316,0.046911833007470705,8.770243458013283,True,0.0,0.761519273521026,0.761519273521026,48124.0,21072.0,123326.0,Optimization terminated successfully. (HiGHS Status 7: Optimal),True,1.0,1800.0,True,0.0
20260825_195505-0400,20260825_195505-0400-0009,9,150,B6x7_stress_T20_S9,9,20,Greedy-Benefit,0.6543061568774917,0.8171846435100546,0.807121661721068,16.0,0.8,15.0,5.0,1200.0,0.8823529411764706,0.625,0.8275862068965517,34.5,83.0,107.0,300.3132379592676,167.0687652956525,133.24447266361508,0.0021787456368015227,0.0011218750005355105,,,,0.0011223750043427572,False,,,,,,,Constructive heuristic,True,,,,
20260825_195505-0400,20260825_195505-0400-0009,9,150,B6x7_stress_T20_S9,9,20,Greedy-Density-Operational,0.6471911718322376,0.862888482632541,0.86646884272997,17.0,0.85,14.0,8.0,1200.0,0.8235294117647058,1.0,0.8275862068965517,33.05882352941177,74.0,97.0,311.644561900435,171.3801380886209,140.26442381181417,0.0020766965028544406,0.0009682920062914491,,,,0.0009686669945949689,False,,,,,,,Constructive heuristic,True,,,,
20260825_195505-0400,20260825_195505-0400-0009,9,150,B6x7_stress_T20_S9,9,20,HiGHS-1s,,,,,,,,,,,,,,,,,,,1.6669828750018496,1.6669828750018496,0.28435012500267476,0.05387741600861773,2.005210416013142,False,,,,59378.0,23559.0,154601.0,Time limit reached. (HiGHS Status 13: model_status is Time limit reached; primal_status is None),False,,1.0,False,1.0
20260825_195505-0400,20260825_195505-0400-0009,9,150,B6x7_stress_T20_S9,9,20,HiGHS-5s,,,,,,,,,,,,,,,,,,,6.475749290999374,6.475749290999374,0.28435012500267476,0.05387741600861773,6.813976832010667,False,,,,59378.0,23559.0,154601.0,Time limit reached. (HiGHS Status 13: model_status is Time limit reached; primal_status is None),False,,5.0,False,1.0
20260825_195505-0400,20260825_195505-0400-0009,9,150,B6x7_stress_T20_S9,9,20,HiGHS-15s,0.645180215077116,0.7404021937842779,0.7566765578635013,13.0,0.65,12.0,6.0,1250.0,0.7058823529411765,0.75,0.8620689655172413,28.923076923076923,72.0,96.0,214.27190067475084,108.72722868302375,105.5446719917271,0.0030110351056084235,15.232482499995967,15.232482499995967,0.28435012500267476,0.05387741600861773,15.57071004100726,False,0.09860365179735618,0.645180215077116,0.7087973403511233,59378.0,23559.0,154601.0,Time limit reached. (HiGHS Status 13: Time limit reached),True,0.0,15.0,True,1.0
20260825_195505-0400,20260825_195505-0400-0009,9,150,B6x7_stress_T20_S9,9,20,HiGHS-60s,0.7087330009768895,0.8903107861060329,0.9109792284866467,18.0,0.9,14.0,8.0,1450.0,0.8235294117647058,1.0,1.0,34.388888888888886,79.0,102.0,302.7296288548753,155.37152735037134,147.35810150450394,0.0023411418421704837,16.579774957994232,16.579774957994232,0.28435012500267476,0.05387741600861773,16.918002499005524,True,0.0,0.7087330009768896,0.7087330009768896,59378.0,23559.0,154601.0,Optimization terminated successfully. (HiGHS Status 7: Optimal),True,1.0,60.0,True,0.0
20260825_195505-0400,20260825_195505-0400-0009,9,150,B6x7_stress_T20_S9,9,20,HiGHS-600s,0.7087330009768895,0.8903107861060329,0.9109792284866467,18.0,0.9,14.0,8.0,1450.0,0.8235294117647058,1.0,1.0,34.388888888888886,79.0,102.0,302.7296288548753,155.37152735037134,147.35810150450394,0.0023411418421704837,16.82852520799497,16.82852520799497,0.28435012500267476,0.05387741600861773,17.166752749006264,True,0.0,0.7087330009768896,0.7087330009768896,59378.0,23559.0,154601.0,Optimization terminated successfully. (HiGHS Status 7: Optimal),True,1.0,600.0,True,0.0
20260825_195505-0400,20260825_195505-0400-0009,9,150,B6x7_stress_T20_S9,9,20,HiGHS-1800s,0.7087330009768895,0.8903107861060329,0.9109792284866467,18.0,0.9,14.0,8.0,1450.0,0.8235294117647058,1.0,1.0,34.388888888888886,79.0,102.0,302.7296288548753,155.37152735037134,147.35810150450394,0.0023411418421704837,16.483776083987323,16.483776083987323,0.28435012500267476,0.05387741600861773,16.822003624998615,True,0.0,0.7087330009768896,0.7087330009768896,59378.0,23559.0,154601.0,Optimization terminated successfully. (HiGHS Status 7: Optimal),True,1.0,1800.0,True,0.0
20260825_195505-0400,20260825_195505-0400-0010,10,150,B6x7_stress_T20_S10,10,20,Greedy-Benefit,0.6267286479308739,0.8832116788321167,0.9080459770114944,17.0,0.85,10.0,22.0,1250.0,0.7142857142857143,1.0,1.0,36.1764705882353,70.0,88.0,289.3763982479331,156.09770673536,133.27869151257318,0.002165790478164369,0.0011789580021286383,,,,0.0011797920014942065,False,,,,,,,Constructive heuristic,True,,,,
20260825_195505-0400,20260825_195505-0400-0010,10,150,B6x7_stress_T20_S10,10,20,Greedy-Density-Operational,0.630955617388717,0.8540145985401462,0.8850574712643678,18.0,0.9,9.0,22.0,1250.0,0.6428571428571429,1.0,1.0,34.27777777777778,74.0,96.0,336.4178357767487,168.83219840060713,167.5856373761417,0.0018755117900687865,0.0010875839943764731,,,,0.0010881250054808334,False,,,,,,,Constructive heuristic,True,,,,
20260825_195505-0400,20260825_195505-0400-0010,10,150,B6x7_stress_T20_S10,10,20,HiGHS-1s,,,,,,,,,,,,,,,,,,,1.5069778329925612,1.5069778329925612,0.1486920830066083,0.028049334010574967,1.6837192500097444,False,,,,32526.0,14501.0,83103.0,Time limit reached. (HiGHS Status 13: model_status is Time limit reached; primal_status is None),False,,1.0,False,1.0
20260825_195505-0400,20260825_195505-0400-0010,10,150,B6x7_stress_T20_S10,10,20,HiGHS-5s,,,,,,,,,,,,,,,,,,,6.28276950000145,6.28276950000145,0.1486920830066083,0.028049334010574967,6.459510917018633,False,,,,32526.0,14501.0,83103.0,Time limit reached. (HiGHS Status 13: model_status is Time limit reached; primal_status is None),False,,5.0,False,1.0
20260825_195505-0400,20260825_195505-0400-0010,10,150,B6x7_stress_T20_S10,10,20,HiGHS-15s,0.7177745502975226,0.9416058394160586,0.9540229885057473,19.0,0.95,12.0,22.0,1250.0,0.8571428571428571,1.0,1.0,36.68421052631579,82.0,103.0,332.60550641241525,174.7193761994946,157.88613021292065,0.002158035680285809,11.463817208001274,11.463817208001274,0.1486920830066083,0.028049334010574967,11.640558625018457,True,0.0,0.7177745502975226,0.7177745502975226,32526.0,14501.0,83103.0,Optimization terminated successfully. (HiGHS Status 7: Optimal),True,1.0,15.0,True,0.0
20260825_195505-0400,20260825_195505-0400-0010,10,150,B6x7_stress_T20_S10,10,20,HiGHS-60s,0.7177745502975226,0.9416058394160586,0.9540229885057473,19.0,0.95,12.0,22.0,1250.0,0.8571428571428571,1.0,1.0,36.68421052631579,82.0,103.0,332.60550641241525,174.7193761994946,157.88613021292065,0.002158035680285809,11.331202542001847,11.331202542001847,0.1486920830066083,0.028049334010574967,11.50794395901903,True,0.0,0.7177745502975226,0.7177745502975226,32526.0,14501.0,83103.0,Optimization terminated successfully. (HiGHS Status 7: Optimal),True,1.0,60.0,True,0.0
20260825_195505-0400,20260825_195505-0400-0010,10,150,B6x7_stress_T20_S10,10,20,HiGHS-600s,0.7177745502975226,0.9416058394160586,0.9540229885057473,19.0,0.95,12.0,22.0,1250.0,0.8571428571428571,1.0,1.0,36.68421052631579,82.0,103.0,332.60550641241525,174.7193761994946,157.88613021292065,0.002158035680285809,10.725471291007125,10.725471291007125,0.1486920830066083,0.028049334010574967,10.902212708024308,True,0.0,0.7177745502975226,0.7177745502975226,32526.0,14501.0,83103.0,Optimization terminated successfully. (HiGHS Status 7: Optimal),True,1.0,600.0,True,0.0
20260825_195505-0400,20260825_195505-0400-0010,10,150,B6x7_stress_T20_S10,10,20,HiGHS-1800s,0.7177745502975226,0.9416058394160586,0.9540229885057473,19.0,0.95,12.0,22.0,1250.0,0.8571428571428571,1.0,1.0,36.68421052631579,82.0,103.0,332.60550641241525,174.7193761994946,157.88613021292065,0.002158035680285809,11.24742620899633,11.24742620899633,0.1486920830066083,0.028049334010574967,11.424167626013514,True,0.0,0.7177745502975226,0.7177745502975226,32526.0,14501.0,83103.0,Optimization terminated successfully. (HiGHS Status 7: Optimal),True,1.0,1800.0,True,0.0
20260825_195505-0400,20260825_195505-0400-0011,11,150,B6x7_stress_T20_S11,11,20,Greedy-Benefit,0.6213869274456862,0.8120204603580564,0.8213552361396306,17.0,0.85,19.0,9.0,2000.0,0.76,1.0,0.8163265306122449,35.529411764705884,79.0,102.0,320.80879948155433,177.28695213983266,143.52184734172158,0.0019369385392479371,0.0011537079990375787,,,,0.0011541249987203628,False,,,,,,,Constructive heuristic,True,,,,
20260825_195505-0400,20260825_195505-0400-0011,11,150,B6x7_stress_T20_S11,11,20,Greedy-Density-Operational,0.6412819781351591,0.7864450127877238,0.8008213552361397,16.0,0.8,18.0,9.0,2000.0,0.72,1.0,0.8163265306122449,30.3125,79.0,102.0,293.32831235796834,148.6813578202078,144.6469545377605,0.0021862259833703313,0.0009056669950950891,,,,0.000906000001123175,False,,,,,,,Constructive heuristic,True,,,,
20260825_195505-0400,20260825_195505-0400-0011,11,150,B6x7_stress_T20_S11,11,20,HiGHS-1s,,,,,,,,,,,,,,,,,,,2.6126352499995846,2.6126352499995846,0.13929500000085682,0.021171957996557467,2.773102207996999,False,,,,23768.0,11253.0,60077.0,Time limit reached. (HiGHS Status 13: model_status is Time limit reached; primal_status is None),False,,1.0,False,1.0
20260825_195505-0400,20260825_195505-0400-0011,11,150,B6x7_stress_T20_S11,11,20,HiGHS-5s,0.6824700287939132,0.8375959079283887,0.8418891170431211,16.0,0.8,20.0,9.0,2000.0,0.8,1.0,0.8163265306122449,29.5625,74.0,98.0,244.46718709829068,124.82314063586341,119.64404646242727,0.0027916631139520524,5.104395875008777,5.104395875008777,0.13929500000085682,0.021171957996557467,5.264862833006191,False,0.01660271118463249,0.6824700287939132,0.6938008815741463,23768.0,11253.0,60077.0,Time limit reached. (HiGHS Status 13: Time limit reached),True,0.0,5.0,True,1.0
20260825_195505-0400,20260825_195505-0400-0011,11,150,B6x7_stress_T20_S11,11,20,HiGHS-15s,0.6923138103136257,0.8631713554987213,0.8624229979466118,17.0,0.85,21.0,9.0,2000.0,0.84,1.0,0.8163265306122449,30.764705882352942,73.0,96.0,262.62770879296426,134.22972110568406,128.39798768728022,0.0026361034541842396,6.213478124991525,6.213478124991525,0.13929500000085682,0.021171957996557467,6.373945082988939,True,0.0,0.6923138103136258,0.6923138103136258,23768.0,11253.0,60077.0,Optimization terminated successfully. (HiGHS Status 7: Optimal),True,1.0,15.0,True,0.0
20260825_195505-0400,20260825_195505-0400-0011,11,150,B6x7_stress_T20_S11,11,20,HiGHS-60s,0.6923138103136257,0.8631713554987213,0.8624229979466118,17.0,0.85,21.0,9.0,2000.0,0.84,1.0,0.8163265306122449,30.764705882352942,73.0,96.0,262.62770879296426,134.22972110568406,128.39798768728022,0.0026361034541842396,6.158284083008766,6.158284083008766,0.13929500000085682,0.021171957996557467,6.3187510410061805,True,0.0,0.6923138103136258,0.6923138103136258,23768.0,11253.0,60077.0,Optimization terminated successfully. (HiGHS Status 7: Optimal),True,1.0,60.0,True,0.0
20260825_195505-0400,20260825_195505-0400-0011,11,150,B6x7_stress_T20_S11,11,20,HiGHS-600s,0.6923138103136257,0.8631713554987213,0.8624229979466118,17.0,0.85,21.0,9.0,2000.0,0.84,1.0,0.8163265306122449,30.764705882352942,73.0,96.0,262.62770879296426,134.22972110568406,128.39798768728022,0.0026361034541842396,6.142314541997621,6.142314541997621,0.13929500000085682,0.021171957996557467,6.302781499995035,True,0.0,0.6923138103136258,0.6923138103136258,23768.0,11253.0,60077.0,Optimization terminated successfully. (HiGHS Status 7: Optimal),True,1.0,600.0,True,0.0
20260825_195505-0400,20260825_195505-0400-0011,11,150,B6x7_stress_T20_S11,11,20,HiGHS-1800s,0.6923138103136257,0.8631713554987213,0.8624229979466118,17.0,0.85,21.0,9.0,2000.0,0.84,1.0,0.8163265306122449,30.764705882352942,73.0,96.0,262.62770879296426,134.22972110568406,128.39798768728022,0.0026361034541842396,6.155512291996274,6.155512291996274,0.13929500000085682,0.021171957996557467,6.315979249993688,True,0.0,0.6923138103136258,0.6923138103136258,23768.0,11253.0,60077.0,Optimization terminated successfully. (HiGHS Status 7: Optimal),True,1.0,1800.0,True,0.0
20260825_195505-0400,20260825_195505-0400-0012,12,150,B6x7_stress_T20_S12,12,20,Greedy-Benefit,0.7132980701220717,0.9312977099236645,0.9230769230769234,19.0,0.95,20.0,10.0,1000.0,1.0,0.7692307692307693,1.0,35.8421052631579,81.0,108.0,361.88833258471993,195.24420210843647,166.64413047628344,0.0019710446728897647,0.0011308749963063747,,,,0.001131416007410735,False,,,,,,,Constructive heuristic,True,,,,
20260825_195505-0400,20260825_195505-0400-0012,12,150,B6x7_stress_T20_S12,12,20,Greedy-Density-Operational,0.6826323796662206,0.8992366412213744,0.8692307692307694,18.0,0.9,20.0,10.0,650.0,1.0,0.7692307692307693,0.65,36.77777777777778,87.0,111.0,383.84491432102755,194.74532718720153,189.099587133826,0.0017784067319836965,0.000981999997748062,,,,0.000982375000603497,False,,,,,,,Constructive heuristic,True,,,,
20260825_195505-0400,20260825_195505-0400-0012,12,150,B6x7_stress_T20_S12,12,20,HiGHS-1s,,,,,,,,,,,,,,,,,,,1.2846923750039423,1.2846923750039423,0.5700772919954034,0.16089233300590422,2.01566200000525,False,,,,126498.0,47785.0,331735.0,Time limit reached. (HiGHS Status 13: model_status is Time limit reached; primal_status is None),False,,1.0,False,1.0
20260825_195505-0400,20260825_195505-0400-0012,12,150,B6x7_stress_T20_S12,12,20,HiGHS-5s,,,,,,,,,,,,,,,,,,,5.637308292003581,5.637308292003581,0.5700772919954034,0.16089233300590422,6.368277917004889,False,,,,126498.0,47785.0,331735.0,Time limit reached. (HiGHS Status 13: model_status is Time limit reached; primal_status is None),False,,5.0,False,1.0
20260825_195505-0400,20260825_195505-0400-0012,12,150,B6x7_stress_T20_S12,12,20,HiGHS-15s,,,,,,,,,,,,,,,,,,,20.206661292002536,20.206661292002536,0.5700772919954034,0.16089233300590422,20.937630917003844,False,,,,126498.0,47785.0,331735.0,Time limit reached. (HiGHS Status 13: model_status is Time limit reached; primal_status is None),False,,15.0,False,1.0
20260825_195505-0400,20260825_195505-0400-0012,12,150,B6x7_stress_T20_S12,12,20,HiGHS-60s,0.7014345567681127,0.8458015267175572,0.8435897435897436,16.0,0.8,16.0,13.0,650.0,0.8,1.0,0.65,32.5,59.0,83.0,232.27607172954725,129.42181332721418,102.85425840233307,0.0030198313220349032,60.46253016698756,60.46253016698756,0.5700772919954034,0.16089233300590422,61.19349979198887,False,0.12902127947471947,0.7014345567681127,0.7919345407501174,126498.0,47785.0,331735.0,Time limit reached. (HiGHS Status 13: Time limit reached),True,0.0,60.0,True,1.0
20260825_195505-0400,20260825_195505-0400-0012,12,150,B6x7_stress_T20_S12,12,20,HiGHS-600s,0.7899313730187771,0.9312977099236641,0.923076923076923,19.0,0.95,20.0,10.0,1000.0,1.0,0.7692307692307693,1.0,34.8421052631579,81.0,104.0,286.5688185279441,148.70061917232078,137.86819935562323,0.0027565154404325005,66.348127499994,66.348127499994,0.5700772919954034,0.16089233300590422,67.07909712499531,True,0.0,0.789931373018778,0.789931373018778,126498.0,47785.0,331735.0,Optimization terminated successfully. (HiGHS Status 7: Optimal),True,0.0,600.0,True,0.0
20260825_195505-0400,20260825_195505-0400-0012,12,150,B6x7_stress_T20_S12,12,20,HiGHS-1800s,0.7899313730187771,0.9312977099236641,0.923076923076923,19.0,0.95,20.0,10.0,1000.0,1.0,0.7692307692307693,1.0,34.8421052631579,81.0,104.0,286.5688185279441,148.70061917232078,137.86819935562323,0.0027565154404325005,64.68523595799343,64.68523595799343,0.5700772919954034,0.16089233300590422,65.41620558299473,True,0.0,0.789931373018778,0.789931373018778,126498.0,47785.0,331735.0,Optimization terminated successfully. (HiGHS Status 7: Optimal),True,0.0,1800.0,True,0.0
20260825_195505-0400,20260825_195505-0400-0013,13,150,B6x7_stress_T20_S13,13,20,Greedy-Benefit,0.734948714631259,0.9193548387096775,0.924433249370277,18.0,0.9,21.0,10.0,950.0,0.9130434782608695,0.9090909090909091,1.0,32.388888888888886,82.0,106.0,289.13711970182044,155.01867691357725,134.1184427882432,0.0025418691152114693,0.001247499996679835,,,,0.0012481250014388934,False,,,,,,,Constructive heuristic,True,,,,
20260825_195505-0400,20260825_195505-0400-0013,13,150,B6x7_stress_T20_S13,13,20,Greedy-Density-Operational,0.7217035139456673,0.9193548387096775,0.9244332493702772,18.0,0.9,21.0,10.0,950.0,0.9130434782608695,0.9090909090909091,1.0,30.944444444444443,82.0,106.0,293.616391163188,148.56605135473598,145.0503398084521,0.00245798101082359,0.0010874589934246615,,,,0.001087917000404559,False,,,,,,,Constructive heuristic,True,,,,
20260825_195505-0400,20260825_195505-0400-0013,13,150,B6x7_stress_T20_S13,13,20,HiGHS-1s,,,,,,,,,,,,,,,,,,,1.2264189170091413,1.2264189170091413,0.3331765409966465,0.10666295900591649,1.6662584170117043,False,,,,76538.0,30237.0,199403.0,Time limit reached. (HiGHS Status 13: model_status is Time limit reached; primal_status is None),False,,1.0,False,1.0
20260825_195505-0400,20260825_195505-0400-0013,13,150,B6x7_stress_T20_S13,13,20,HiGHS-5s,,,,,,,,,,,,,,,,,,,6.344972915991093,6.344972915991093,0.3331765409966465,0.10666295900591649,6.784812415993656,False,,,,76538.0,30237.0,199403.0,Time limit reached. (HiGHS Status 13: model_status is Time limit reached; primal_status is None),False,,5.0,False,1.0
20260825_195505-0400,20260825_195505-0400-0013,13,150,B6x7_stress_T20_S13,13,20,HiGHS-15s,,,,,,,,,,,,,,,,,,,16.70435220899526,16.70435220899526,0.3331765409966465,0.10666295900591649,17.144191708997823,False,,,,76538.0,30237.0,199403.0,Time limit reached. (HiGHS Status 13: model_status is Time limit reached; primal_status is None),False,,15.0,False,1.0
20260825_195505-0400,20260825_195505-0400-0013,13,150,B6x7_stress_T20_S13,13,20,HiGHS-60s,0.8001630685338518,0.9413489736070381,0.9496221662468517,19.0,0.95,21.0,11.0,950.0,0.9130434782608695,1.0,1.0,31.894736842105264,84.0,108.0,266.80810320214414,133.5974848520546,133.21061835008953,0.0029990208652981476,27.712871499999892,27.712871499999892,0.3331765409966465,0.10666295900591649,28.152711000002455,True,0.0,0.8001630685338518,0.8001630685338518,76538.0,30237.0,199403.0,Optimization terminated successfully. (HiGHS Status 7: Optimal),True,1.0,60.0,True,0.0
20260825_195505-0400,20260825_195505-0400-0013,13,150,B6x7_stress_T20_S13,13,20,HiGHS-600s,0.8001630685338518,0.9413489736070381,0.9496221662468517,19.0,0.95,21.0,11.0,950.0,0.9130434782608695,1.0,1.0,31.894736842105264,84.0,108.0,266.80810320214414,133.5974848520546,133.21061835008953,0.0029990208652981476,28.551756374989054,28.551756374989054,0.3331765409966465,0.10666295900591649,28.991595874991617,True,0.0,0.8001630685338518,0.8001630685338518,76538.0,30237.0,199403.0,Optimization terminated successfully. (HiGHS Status 7: Optimal),True,1.0,600.0,True,0.0
20260825_195505-0400,20260825_195505-0400-0013,13,150,B6x7_stress_T20_S13,13,20,HiGHS-1800s,0.8001630685338518,0.9413489736070381,0.9496221662468517,19.0,0.95,21.0,11.0,950.0,0.9130434782608695,1.0,1.0,31.894736842105264,84.0,108.0,266.80810320214414,133.5974848520546,133.21061835008953,0.0029990208652981476,28.346768124989467,28.346768124989467,0.3331765409966465,0.10666295900591649,28.78660762499203,True,0.0,0.8001630685338518,0.8001630685338518,76538.0,30237.0,199403.0,Optimization terminated successfully. (HiGHS Status 7: Optimal),True,1.0,1800.0,True,0.0
20260825_195505-0400,20260825_195505-0400-0014,14,150,B6x7_stress_T20_S14,14,20,Greedy-Benefit,0.5954971016329506,0.8657718120805369,0.9002493765586037,18.0,0.9,3.0,25.0,1350.0,0.42857142857142855,1.0,1.0,41.166666666666664,80.0,102.0,348.3326792251699,192.97646713866982,155.3562120865001,0.001709564267577686,0.0013204169954406098,,,,0.0013210420001996681,False,,,,,,,Constructive heuristic,True,,,,
20260825_195505-0400,20260825_195505-0400-0014,14,150,B6x7_stress_T20_S14,14,20,Greedy-Density-Operational,0.5404111108554714,0.8238255033557045,0.8503740648379053,18.0,0.9,4.0,22.0,1350.0,0.5714285714285714,0.88,1.0,40.166666666666664,82.0,106.0,405.73770765969346,204.15262069437034,201.58508696532311,0.0013319223248255084,0.0010498329938855022,,,,0.0010502499935682863,False,,,,,,,Constructive heuristic,True,,,,
20260825_195505-0400,20260825_195505-0400-0014,14,150,B6x7_stress_T20_S14,14,20,HiGHS-1s,,,,,,,,,,,,,,,,,,,1.2991442500060657,1.2991442500060657,0.28777045900642406,0.09729995799716562,1.6842146670096554,False,,,,67530.0,27848.0,174768.0,Time limit reached. (HiGHS Status 13: model_status is Time limit reached; primal_status is None),False,,1.0,False,1.0
20260825_195505-0400,20260825_195505-0400-0014,14,150,B6x7_stress_T20_S14,14,20,HiGHS-5s,,,,,,,,,,,,,,,,,,,5.545678499998758,5.545678499998758,0.28777045900642406,0.09729995799716562,5.930748917002347,False,,,,67530.0,27848.0,174768.0,Time limit reached. (HiGHS Status 13: model_status is Time limit reached; primal_status is None),False,,5.0,False,1.0
20260825_195505-0400,20260825_195505-0400-0014,14,150,B6x7_stress_T20_S14,14,20,HiGHS-15s,,,,,,,,,,,,,,,,,,,15.651707625002018,15.651707625002018,0.28777045900642406,0.09729995799716562,16.036778042005608,False,,,,67530.0,27848.0,174768.0,Time limit reached. (HiGHS Status 13: model_status is Time limit reached; primal_status is None),False,,15.0,False,1.0
20260825_195505-0400,20260825_195505-0400-0014,14,150,B6x7_stress_T20_S14,14,20,HiGHS-60s,0.6640633937186274,0.8657718120805369,0.9002493765586035,18.0,0.9,3.0,25.0,1350.0,0.42857142857142855,1.0,1.0,36.888888888888886,78.0,104.0,322.0583771624326,164.73137228950665,157.32700487292593,0.0020619348565608093,17.549701542011462,17.549701542011462,0.28777045900642406,0.09729995799716562,17.934771959015052,True,0.0,0.6640633937186274,0.6640633937186274,67530.0,27848.0,174768.0,Optimization terminated successfully. (HiGHS Status 7: Optimal),True,1.0,60.0,True,0.0
20260825_195505-0400,20260825_195505-0400-0014,14,150,B6x7_stress_T20_S14,14,20,HiGHS-600s,0.6640633937186274,0.8657718120805369,0.9002493765586035,18.0,0.9,3.0,25.0,1350.0,0.42857142857142855,1.0,1.0,36.888888888888886,78.0,104.0,322.0583771624326,164.73137228950665,157.32700487292593,0.0020619348565608093,17.71840854200127,17.71840854200127,0.28777045900642406,0.09729995799716562,18.10347895900486,True,0.0,0.6640633937186274,0.6640633937186274,67530.0,27848.0,174768.0,Optimization terminated successfully. (HiGHS Status 7: Optimal),True,1.0,600.0,True,0.0
20260825_195505-0400,20260825_195505-0400-0014,14,150,B6x7_stress_T20_S14,14,20,HiGHS-1800s,0.6640633937186274,0.8657718120805369,0.9002493765586035,18.0,0.9,3.0,25.0,1350.0,0.42857142857142855,1.0,1.0,36.888888888888886,78.0,104.0,322.0583771624326,164.73137228950665,157.32700487292593,0.0020619348565608093,17.734733040997526,17.734733040997526,0.28777045900642406,0.09729995799716562,18.119803458001115,True,0.0,0.6640633937186274,0.6640633937186274,67530.0,27848.0,174768.0,Optimization terminated successfully. (HiGHS Status 7: Optimal),True,1.0,1800.0,True,0.0
20260825_195505-0400,20260825_195505-0400-0015,15,150,B6x7_stress_T20_S15,15,20,Greedy-Benefit,0.6561313706030947,0.9124343257443082,0.9145299145299147,18.0,0.9,13.0,14.0,850.0,0.9285714285714286,0.875,1.0,35.94444444444444,75.0,96.0,300.06226716300006,160.52524278500084,139.53702437799916,0.0021866507135556317,0.0011820829968200997,,,,0.0011826249974546954,False,,,,,,,Constructive heuristic,True,,,,
20260825_195505-0400,20260825_195505-0400-0015,15,150,B6x7_stress_T20_S15,15,20,Greedy-Density-Operational,0.6354652465441666,0.8774080560420315,0.8860398860398858,17.0,0.85,12.0,14.0,850.0,0.8571428571428571,0.875,1.0,35.35294117647059,73.0,90.0,313.40304650541333,158.87129492593027,154.53175157948306,0.0020276294491387158,0.000966416992014274,,,,0.0009668330021668226,False,,,,,,,Constructive heuristic,True,,,,
20260825_195505-0400,20260825_195505-0400-0015,15,150,B6x7_stress_T20_S15,15,20,HiGHS-1s,,,,,,,,,,,,,,,,,,,1.880313000001479,1.880313000001479,0.16040933300973848,0.08018458400329109,2.1209069170145085,False,,,,46140.0,19651.0,118795.0,Time limit reached. (HiGHS Status 13: model_status is Time limit reached; primal_status is None),False,,1.0,False,1.0
20260825_195505-0400,20260825_195505-0400-0015,15,150,B6x7_stress_T20_S15,15,20,HiGHS-5s,,,,,,,,,,,,,,,,,,,7.17942945798859,7.17942945798859,0.16040933300973848,0.08018458400329109,7.42002337500162,False,,,,46140.0,19651.0,118795.0,Time limit reached. (HiGHS Status 13: model_status is Time limit reached; primal_status is None),False,,5.0,False,1.0
20260825_195505-0400,20260825_195505-0400-0015,15,150,B6x7_stress_T20_S15,15,20,HiGHS-15s,0.7211579004653628,0.9474605954465849,0.9430199430199431,19.0,0.95,14.0,14.0,850.0,1.0,0.875,1.0,34.421052631578945,75.0,92.0,308.336045408245,154.9916703140492,153.34437509419587,0.0023388699154863026,10.931538416989497,10.931538416989497,0.16040933300973848,0.08018458400329109,11.172132334002526,True,0.0,0.7211579004653628,0.7211579004653628,46140.0,19651.0,118795.0,Optimization terminated successfully. (HiGHS Status 7: Optimal),True,1.0,15.0,True,0.0
20260825_195505-0400,20260825_195505-0400-0015,15,150,B6x7_stress_T20_S15,15,20,HiGHS-60s,0.7211579004653628,0.9474605954465849,0.9430199430199431,19.0,0.95,14.0,14.0,850.0,1.0,0.875,1.0,34.421052631578945,75.0,92.0,308.336045408245,154.9916703140492,153.34437509419587,0.0023388699154863026,10.92620254198846,10.92620254198846,0.16040933300973848,0.08018458400329109,11.166796459001489,True,0.0,0.7211579004653628,0.7211579004653628,46140.0,19651.0,118795.0,Optimization terminated successfully. (HiGHS Status 7: Optimal),True,1.0,60.0,True,0.0
20260825_195505-0400,20260825_195505-0400-0015,15,150,B6x7_stress_T20_S15,15,20,HiGHS-600s,0.7211579004653628,0.9474605954465849,0.9430199430199431,19.0,0.95,14.0,14.0,850.0,1.0,0.875,1.0,34.421052631578945,75.0,92.0,308.336045408245,154.9916703140492,153.34437509419587,0.0023388699154863026,11.271657666991814,11.271657666991814,0.16040933300973848,0.08018458400329109,11.512251584004844,True,0.0,0.7211579004653628,0.7211579004653628,46140.0,19651.0,118795.0,Optimization terminated successfully. (HiGHS Status 7: Optimal),True,1.0,600.0,True,0.0
20260825_195505-0400,20260825_195505-0400-0015,15,150,B6x7_stress_T20_S15,15,20,HiGHS-1800s,0.7211579004653628,0.9474605954465849,0.9430199430199431,19.0,0.95,14.0,14.0,850.0,1.0,0.875,1.0,34.421052631578945,75.0,92.0,308.336045408245,154.9916703140492,153.34437509419587,0.0023388699154863026,11.064343457997893,11.064343457997893,0.16040933300973848,0.08018458400329109,11.304937375010923,True,0.0,0.7211579004653628,0.7211579004653628,46140.0,19651.0,118795.0,Optimization terminated successfully. (HiGHS Status 7: Optimal),True,1.0,1800.0,True,0.0
20260825_195505-0400,20260825_195505-0400-0016,16,150,B6x7_stress_T20_S16,16,20,Greedy-Benefit,0.6792693649019373,0.9999999999999997,1.0000000000000002,20.0,1.0,17.0,15.0,1100.0,1.0,1.0,1.0,38.1,90.0,111.0,340.42075163103107,183.02220759626925,157.39854403476176,0.001995381778717683,0.0011480410030344501,,,,0.0011485830036690459,False,,,,,,,Constructive heuristic,True,,,,
20260825_195505-0400,20260825_195505-0400-0016,16,150,B6x7_stress_T20_S16,16,20,Greedy-Density-Operational,0.6660875900696278,0.9999999999999998,1.0000000000000002,20.0,1.0,17.0,15.0,1100.0,1.0,1.0,1.0,35.35,86.0,107.0,354.0742625605794,178.28831783739776,175.78594472318167,0.001881208719472134,0.0009467499912716448,,,,0.0009470829972997308,False,,,,,,,Constructive heuristic,True,,,,
20260825_195505-0400,20260825_195505-0400-0016,16,150,B6x7_stress_T20_S16,16,20,HiGHS-1s,,,,,,,,,,,,,,,,,,,1.3488710000092397,1.3488710000092397,0.3830672079930082,0.0855773330113152,1.817515541013563,False,,,,86194.0,34220.0,224388.0,Time limit reached. (HiGHS Status 13: model_status is Time limit reached; primal_status is None),False,,1.0,False,1.0
20260825_195505-0400,20260825_195505-0400-0016,16,150,B6x7_stress_T20_S16,16,20,HiGHS-5s,,,,,,,,,,,,,,,,,,,5.1028710410028,5.1028710410028,0.3830672079930082,0.0855773330113152,5.571515582007123,False,,,,86194.0,34220.0,224388.0,Time limit reached. (HiGHS Status 13: model_status is Time limit reached; primal_status is None),False,,5.0,False,1.0
20260825_195505-0400,20260825_195505-0400-0016,16,150,B6x7_stress_T20_S16,16,20,HiGHS-15s,0.05467218277117411,0.10301109350237715,0.10362694300518135,3.0,0.15,1.0,3.0,0.0,0.058823529411764705,0.2,0.0,59.333333333333336,88.0,99.0,74.76372880752288,50.53480265376056,24.228926153762316,0.0007312661318956698,15.301397916991846,15.301397916991846,0.3830672079930082,0.0855773330113152,15.770042457996169,False,13.488866966924919,0.05467218277117412,0.7921379829629464,86194.0,34220.0,224388.0,Time limit reached. (HiGHS Status 13: Time limit reached),True,0.0,15.0,True,1.0
20260825_195505-0400,20260825_195505-0400-0016,16,150,B6x7_stress_T20_S16,16,20,HiGHS-60s,0.7895413907296587,0.9683042789223453,0.9740932642487049,19.0,0.95,16.0,15.0,1100.0,0.9411764705882353,1.0,1.0,33.73684210526316,76.0,100.0,295.6754128545999,161.2979115319342,134.37750132266572,0.002670297753563703,21.878448375005974,21.878448375005974,0.3830672079930082,0.0855773330113152,22.347092916010297,True,0.0,0.7895413907296593,0.7895413907296593,86194.0,34220.0,224388.0,Optimization terminated successfully. (HiGHS Status 7: Optimal),True,1.0,60.0,True,0.0
20260825_195505-0400,20260825_195505-0400-0016,16,150,B6x7_stress_T20_S16,16,20,HiGHS-600s,0.7895413907296587,0.9683042789223453,0.9740932642487049,19.0,0.95,16.0,15.0,1100.0,0.9411764705882353,1.0,1.0,33.73684210526316,76.0,100.0,295.6754128545999,161.2979115319342,134.37750132266572,0.002670297753563703,21.791676457985886,21.791676457985886,0.3830672079930082,0.0855773330113152,22.26032099899021,True,0.0,0.7895413907296593,0.7895413907296593,86194.0,34220.0,224388.0,Optimization terminated successfully. (HiGHS Status 7: Optimal),True,1.0,600.0,True,0.0
20260825_195505-0400,20260825_195505-0400-0016,16,150,B6x7_stress_T20_S16,16,20,HiGHS-1800s,0.7895413907296587,0.9683042789223453,0.9740932642487049,19.0,0.95,16.0,15.0,1100.0,0.9411764705882353,1.0,1.0,33.73684210526316,76.0,100.0,295.6754128545999,161.2979115319342,134.37750132266572,0.002670297753563703,21.463614624997717,21.463614624997717,0.3830672079930082,0.0855773330113152,21.93225916600204,True,0.0,0.7895413907296593,0.7895413907296593,86194.0,34220.0,224388.0,Optimization terminated successfully. (HiGHS Status 7: Optimal),True,1.0,1800.0,True,0.0
20260825_195505-0400,20260825_195505-0400-0017,17,150,B6x7_stress_T20_S17,17,20,Greedy-Benefit,0.6497743119752809,0.866153846153846,0.85,17.0,0.85,19.0,10.0,550.0,0.8636363636363636,1.0,0.55,34.11764705882353,65.0,78.0,280.003404948753,174.3308350242708,105.67256992448213,0.002320594323109051,0.001786082997568883,,,,0.001787040993804112,False,,,,,,,Constructive heuristic,True,,,,
20260825_195505-0400,20260825_195505-0400-0017,17,150,B6x7_stress_T20_S17,17,20,Greedy-Density-Operational,0.6487567392391526,0.8661538461538463,0.8499999999999999,18.0,0.9,19.0,10.0,550.0,0.8636363636363636,1.0,0.55,30.38888888888889,57.0,77.0,263.70045466976757,147.22969528423582,116.47075938553178,0.0024602033396248463,0.0011618330026976764,,,,0.001162291009677574,False,,,,,,,Constructive heuristic,True,,,,
20260825_195505-0400,20260825_195505-0400-0017,17,150,B6x7_stress_T20_S17,17,20,HiGHS-1s,,,,,,,,,,,,,,,,,,,1.4881648330047028,1.4881648330047028,0.5249729579954874,0.14409445799537934,2.1572322489955695,False,,,,108907.0,43011.0,283736.0,Time limit reached. (HiGHS Status 13: model_status is Time limit reached; primal_status is None),False,,1.0,False,1.0
20260825_195505-0400,20260825_195505-0400-0017,17,150,B6x7_stress_T20_S17,17,20,HiGHS-5s,,,,,,,,,,,,,,,,,,,5.217941042006714,5.217941042006714,0.5249729579954874,0.14409445799537934,5.887008457997581,False,,,,108907.0,43011.0,283736.0,Time limit reached. (HiGHS Status 13: model_status is Time limit reached; primal_status is None),False,,5.0,False,1.0
20260825_195505-0400,20260825_195505-0400-0017,17,150,B6x7_stress_T20_S17,17,20,HiGHS-15s,,,,,,,,,,,,,,,,,,,15.653923500009114,15.653923500009114,0.5249729579954874,0.14409445799537934,16.32299091599998,False,,,,108907.0,43011.0,283736.0,Time limit reached. (HiGHS Status 13: model_status is Time limit reached; primal_status is None),False,,15.0,False,1.0
20260825_195505-0400,20260825_195505-0400-0017,17,150,B6x7_stress_T20_S17,17,20,HiGHS-60s,0.7653972355302756,0.9769230769230769,0.9736842105263159,19.0,0.95,22.0,9.0,1000.0,1.0,0.9,1.0,33.526315789473685,64.0,74.0,245.4538347101393,131.8489998326375,113.60483487750182,0.0031182940630532278,36.3032013750053,36.3032013750053,0.5249729579954874,0.14409445799537934,36.97226879099617,True,0.0,0.7653972355302756,0.7653972355302756,108907.0,43011.0,283736.0,Optimization terminated successfully. (HiGHS Status 7: Optimal),True,1.0,60.0,True,0.0
20260825_195505-0400,20260825_195505-0400-0017,17,150,B6x7_stress_T20_S17,17,20,HiGHS-600s,0.7653972355302756,0.9769230769230769,0.9736842105263159,19.0,0.95,22.0,9.0,1000.0,1.0,0.9,1.0,33.526315789473685,64.0,74.0,245.4538347101393,131.8489998326375,113.60483487750182,0.0031182940630532278,38.62473329200293,38.62473329200293,0.5249729579954874,0.14409445799537934,39.293800707993796,True,0.0,0.7653972355302756,0.7653972355302756,108907.0,43011.0,283736.0,Optimization terminated successfully. (HiGHS Status 7: Optimal),True,1.0,600.0,True,0.0
20260825_195505-0400,20260825_195505-0400-0017,17,150,B6x7_stress_T20_S17,17,20,HiGHS-1800s,0.7653972355302756,0.9769230769230769,0.9736842105263159,19.0,0.95,22.0,9.0,1000.0,1.0,0.9,1.0,33.526315789473685,64.0,74.0,245.4538347101393,131.8489998326375,113.60483487750182,0.0031182940630532278,38.17533479099802,38.17533479099802,0.5249729579954874,0.14409445799537934,38.84440220698889,True,0.0,0.7653972355302756,0.7653972355302756,108907.0,43011.0,283736.0,Optimization terminated successfully. (HiGHS Status 7: Optimal),True,1.0,1800.0,True,0.0
20260825_195505-0400,20260825_195505-0400-0018,18,150,B6x7_stress_T20_S18,18,20,Greedy-Benefit,0.665849183268034,0.8948106591865356,0.8858447488584474,18.0,0.9,19.0,12.0,1300.0,1.0,0.7058823529411765,1.0,35.77777777777778,68.0,91.0,306.49647315535907,159.51416229880257,146.9823108565565,0.0021724530021933522,0.0012270419974811375,,,,0.0012276250054128468,False,,,,,,,Constructive heuristic,True,,,,
20260825_195505-0400,20260825_195505-0400-0018,18,150,B6x7_stress_T20_S18,18,20,Greedy-Density-Operational,0.6153916387470444,0.9158485273492286,0.9315068493150683,19.0,0.95,16.0,17.0,1300.0,0.8421052631578947,1.0,1.0,37.21052631578947,73.0,92.0,350.5406207415568,177.57717869008127,172.96344205147548,0.0017555501483542885,0.0010029999975813553,,,,0.0010034159931819886,False,,,,,,,Constructive heuristic,True,,,,
20260825_195505-0400,20260825_195505-0400-0018,18,150,B6x7_stress_T20_S18,18,20,HiGHS-1s,,,,,,,,,,,,,,,,,,,1.091450416992302,1.091450416992302,0.1448450000025332,0.11176587500085589,1.3480612919956911,False,,,,38410.0,17424.0,97832.0,Time limit reached. (HiGHS Status 13: model_status is Time limit reached; primal_status is None),False,,1.0,False,1.0
20260825_195505-0400,20260825_195505-0400-0018,18,150,B6x7_stress_T20_S18,18,20,HiGHS-5s,,,,,,,,,,,,,,,,,,,6.918625334001263,6.918625334001263,0.1448450000025332,0.11176587500085589,7.175236209004652,False,,,,38410.0,17424.0,97832.0,Time limit reached. (HiGHS Status 13: model_status is Time limit reached; primal_status is None),False,,5.0,False,1.0
20260825_195505-0400,20260825_195505-0400-0018,18,150,B6x7_stress_T20_S18,18,20,HiGHS-15s,0.757873596924576,0.9368863955119213,0.9315068493150683,19.0,0.95,19.0,14.0,1300.0,1.0,0.8235294117647058,1.0,35.21052631578947,83.0,104.0,273.12327505860634,140.28403245686238,132.839242601744,0.0027748407628824484,9.894726750004338,9.894726750004338,0.1448450000025332,0.11176587500085589,10.151337625007727,True,0.0,0.7578735969245776,0.7578735969245776,38410.0,17424.0,97832.0,Optimization terminated successfully. (HiGHS Status 7: Optimal),True,0.0,15.0,True,0.0
20260825_195505-0400,20260825_195505-0400-0018,18,150,B6x7_stress_T20_S18,18,20,HiGHS-60s,0.757873596924576,0.9368863955119213,0.9315068493150683,19.0,0.95,19.0,14.0,1300.0,1.0,0.8235294117647058,1.0,35.21052631578947,83.0,104.0,273.12327505860634,140.28403245686238,132.839242601744,0.0027748407628824484,10.22842720799963,10.22842720799963,0.1448450000025332,0.11176587500085589,10.485038083003019,True,0.0,0.7578735969245776,0.7578735969245776,38410.0,17424.0,97832.0,Optimization terminated successfully. (HiGHS Status 7: Optimal),True,0.0,60.0,True,0.0
20260825_195505-0400,20260825_195505-0400-0018,18,150,B6x7_stress_T20_S18,18,20,HiGHS-600s,0.757873596924576,0.9368863955119213,0.9315068493150683,19.0,0.95,19.0,14.0,1300.0,1.0,0.8235294117647058,1.0,35.21052631578947,83.0,104.0,273.12327505860634,140.28403245686238,132.839242601744,0.0027748407628824484,9.722228875005385,9.722228875005385,0.1448450000025332,0.11176587500085589,9.978839750008774,True,0.0,0.7578735969245776,0.7578735969245776,38410.0,17424.0,97832.0,Optimization terminated successfully. (HiGHS Status 7: Optimal),True,0.0,600.0,True,0.0
20260825_195505-0400,20260825_195505-0400-0018,18,150,B6x7_stress_T20_S18,18,20,HiGHS-1800s,0.757873596924576,0.9368863955119213,0.9315068493150683,19.0,0.95,19.0,14.0,1300.0,1.0,0.8235294117647058,1.0,35.21052631578947,83.0,104.0,273.12327505860634,140.28403245686238,132.839242601744,0.0027748407628824484,9.718534084007842,9.718534084007842,0.1448450000025332,0.11176587500085589,9.975144959011232,True,0.0,0.7578735969245776,0.7578735969245776,38410.0,17424.0,97832.0,Optimization terminated successfully. (HiGHS Status 7: Optimal),True,0.0,1800.0,True,0.0
20260825_195505-0400,20260825_195505-0400-0019,19,150,B6x7_stress_T20_S19,19,20,Greedy-Benefit,0.739596371073735,0.9698996655518396,0.9558823529411765,19.0,0.95,14.0,10.0,2500.0,1.0,1.0,0.8928571428571429,36.526315789473685,82.0,103.0,304.2994323256188,164.3976384518894,139.90179387372945,0.0024304888294445523,0.00120995900942944,,,,0.0012104170018574223,False,,,,,,,Constructive heuristic,True,,,,
20260825_195505-0400,20260825_195505-0400-0019,19,150,B6x7_stress_T20_S19,19,20,Greedy-Density-Operational,0.715222454460481,0.9749163879598662,0.9632352941176471,19.0,0.95,14.0,10.0,2550.0,1.0,1.0,0.9107142857142857,36.473684210526315,76.0,97.0,332.1075101937103,173.18749080802118,158.92001938568913,0.0021535871141345436,0.0009701249946374446,,,,0.0009704999974928796,False,,,,,,,Constructive heuristic,True,,,,
20260825_195505-0400,20260825_195505-0400-0019,19,150,B6x7_stress_T20_S19,19,20,HiGHS-1s,,,,,,,,,,,,,,,,,,,1.9200997090083547,1.9200997090083547,0.22710491600446403,0.04491329200391192,2.1921179170167306,False,,,,49584.0,21289.0,127489.0,Time limit reached. (HiGHS Status 13: model_status is Time limit reached; primal_status is None),False,,1.0,False,1.0
20260825_195505-0400,20260825_195505-0400-0019,19,150,B6x7_stress_T20_S19,19,20,HiGHS-5s,,,,,,,,,,,,,,,,,,,7.320378124990384,7.320378124990384,0.22710491600446403,0.04491329200391192,7.59239633299876,False,,,,49584.0,21289.0,127489.0,Time limit reached. (HiGHS Status 13: model_status is Time limit reached; primal_status is None),False,,5.0,False,1.0
20260825_195505-0400,20260825_195505-0400-0019,19,150,B6x7_stress_T20_S19,19,20,HiGHS-15s,0.803102799903099,0.9698996655518394,0.9558823529411766,19.0,0.95,14.0,10.0,2500.0,1.0,1.0,0.8928571428571429,33.473684210526315,74.0,92.0,298.69850905629585,154.53926461909202,144.15924443720382,0.002688673614208559,14.517897083002026,14.517897083002026,0.22710491600446403,0.04491329200391192,14.789915291010402,True,0.0,0.8031027999030991,0.8031027999030991,49584.0,21289.0,127489.0,Optimization terminated successfully. (HiGHS Status 7: Optimal),True,1.0,15.0,True,0.0
20260825_195505-0400,20260825_195505-0400-0019,19,150,B6x7_stress_T20_S19,19,20,HiGHS-60s,0.803102799903099,0.9698996655518394,0.9558823529411766,19.0,0.95,14.0,10.0,2500.0,1.0,1.0,0.8928571428571429,33.473684210526315,74.0,92.0,298.69850905629585,154.53926461909202,144.15924443720382,0.002688673614208559,14.283796916002757,14.283796916002757,0.22710491600446403,0.04491329200391192,14.555815124011133,True,0.0,0.8031027999030991,0.8031027999030991,49584.0,21289.0,127489.0,Optimization terminated successfully. (HiGHS Status 7: Optimal),True,1.0,60.0,True,0.0
20260825_195505-0400,20260825_195505-0400-0019,19,150,B6x7_stress_T20_S19,19,20,HiGHS-600s,0.803102799903099,0.9698996655518394,0.9558823529411766,19.0,0.95,14.0,10.0,2500.0,1.0,1.0,0.8928571428571429,33.473684210526315,74.0,92.0,298.69850905629585,154.53926461909202,144.15924443720382,0.002688673614208559,14.30978745900211,14.30978745900211,0.22710491600446403,0.04491329200391192,14.581805667010485,True,0.0,0.8031027999030991,0.8031027999030991,49584.0,21289.0,127489.0,Optimization terminated successfully. (HiGHS Status 7: Optimal),True,1.0,600.0,True,0.0
20260825_195505-0400,20260825_195505-0400-0019,19,150,B6x7_stress_T20_S19,19,20,HiGHS-1800s,0.803102799903099,0.9698996655518394,0.9558823529411766,19.0,0.95,14.0,10.0,2500.0,1.0,1.0,0.8928571428571429,33.473684210526315,74.0,92.0,298.69850905629585,154.53926461909202,144.15924443720382,0.002688673614208559,14.135194707996561,14.135194707996561,0.22710491600446403,0.04491329200391192,14.407212916004937,True,0.0,0.8031027999030991,0.8031027999030991,49584.0,21289.0,127489.0,Optimization terminated successfully. (HiGHS Status 7: Optimal),True,1.0,1800.0,True,0.0
20260825_195505-0400,20260825_195505-0400-0020,20,150,B6x7_stress_T20_S20,20,20,Greedy-Benefit,0.5547719372249909,0.7254290171606865,0.741687979539642,14.0,0.7,15.0,5.0,1500.0,0.6818181818181818,0.8333333333333334,0.8108108108108109,31.285714285714285,72.0,88.0,276.3933039919585,147.667946985809,128.7253570061495,0.0020071829860289657,0.0011574579984880984,,,,0.0011579999991226941,False,,,,,,,Constructive heuristic,True,,,,
20260825_195505-0400,20260825_195505-0400-0020,20,150,B6x7_stress_T20_S20,20,20,Greedy-Density-Operational,0.5799009686025336,0.8315132605304214,0.8132992327365729,15.0,0.75,19.0,5.0,1300.0,0.8636363636363636,0.8333333333333334,0.7027027027027027,31.266666666666666,77.0,104.0,299.4149020104786,150.30866338000916,149.10623863046945,0.0019367805834268022,0.0009018749988172203,,,,0.0009022080048453063,False,,,,,,,Constructive heuristic,True,,,,
20260825_195505-0400,20260825_195505-0400-0020,20,150,B6x7_stress_T20_S20,20,20,HiGHS-1s,,,,,,,,,,,,,,,,,,,1.1672037079988513,1.1672037079988513,0.18643499999598134,0.029722582999966107,1.3833612909947988,False,,,,33120.0,14709.0,84677.0,Time limit reached. (HiGHS Status 13: model_status is Time limit reached; primal_status is None),False,,1.0,False,1.0
20260825_195505-0400,20260825_195505-0400-0020,20,150,B6x7_stress_T20_S20,20,20,HiGHS-5s,0.35676440547280003,0.4305772230889236,0.4117647058823529,8.0,0.4,9.0,5.0,350.0,0.4090909090909091,0.8333333333333334,0.1891891891891892,27.0,41.0,60.0,148.34985286933,80.93895970228068,67.41089316704931,0.0024048854688588496,5.10904045800271,5.10904045800271,0.18643499999598134,0.029722582999966107,5.325198040998657,False,41.52787833506515,0.35676440547280003,15.17243323022909,33120.0,14709.0,84677.0,Time limit reached. (HiGHS Status 13: Time limit reached),True,0.0,5.0,True,1.0
20260825_195505-0400,20260825_195505-0400-0020,20,150,B6x7_stress_T20_S20,20,20,HiGHS-15s,0.6544919107696336,0.8689547581903277,0.8746803069053709,16.0,0.8,19.0,5.0,1700.0,0.8636363636363636,0.8333333333333334,0.918918918918919,30.5625,64.0,87.0,262.3661549458179,141.82079199522343,120.54536295059457,0.0024945744656157914,6.815572958003031,6.815572958003031,0.18643499999598134,0.029722582999966107,7.0317305409989785,True,0.0,0.6544919107696336,0.6544919107696336,33120.0,14709.0,84677.0,Optimization terminated successfully. (HiGHS Status 7: Optimal),True,1.0,15.0,True,0.0
20260825_195505-0400,20260825_195505-0400-0020,20,150,B6x7_stress_T20_S20,20,20,HiGHS-60s,0.6544919107696336,0.8689547581903277,0.8746803069053709,16.0,0.8,19.0,5.0,1700.0,0.8636363636363636,0.8333333333333334,0.918918918918919,30.5625,64.0,87.0,262.3661549458179,141.82079199522343,120.54536295059457,0.0024945744656157914,6.696821958001237,6.696821958001237,0.18643499999598134,0.029722582999966107,6.912979540997185,True,0.0,0.6544919107696336,0.6544919107696336,33120.0,14709.0,84677.0,Optimization terminated successfully. (HiGHS Status 7: Optimal),True,1.0,60.0,True,0.0
20260825_195505-0400,20260825_195505-0400-0020,20,150,B6x7_stress_T20_S20,20,20,HiGHS-600s,0.6544919107696336,0.8689547581903277,0.8746803069053709,16.0,0.8,19.0,5.0,1700.0,0.8636363636363636,0.8333333333333334,0.918918918918919,30.5625,64.0,87.0,262.3661549458179,141.82079199522343,120.54536295059457,0.0024945744656157914,6.688371124997502,6.688371124997502,0.18643499999598134,0.029722582999966107,6.90452870799345,True,0.0,0.6544919107696336,0.6544919107696336,33120.0,14709.0,84677.0,Optimization terminated successfully. (HiGHS Status 7: Optimal),True,1.0,600.0,True,0.0
20260825_195505-0400,20260825_195505-0400-0020,20,150,B6x7_stress_T20_S20,20,20,HiGHS-1800s,0.6544919107696336,0.8689547581903277,0.8746803069053709,16.0,0.8,19.0,5.0,1700.0,0.8636363636363636,0.8333333333333334,0.918918918918919,30.5625,64.0,87.0,262.3661549458179,141.82079199522343,120.54536295059457,0.0024945744656157914,6.781002250005258,6.781002250005258,0.18643499999598134,0.029722582999966107,6.997159833001206,True,0.0,0.6544919107696336,0.6544919107696336,33120.0,14709.0,84677.0,Optimization terminated successfully. (HiGHS Status 7: Optimal),True,1.0,1800.0,True,0.0
20260825_195505-0400,20260825_195505-0400-0021,21,150,B6x7_stress_T20_S21,21,20,Greedy-Benefit,0.70280204820345,0.9061913696060039,0.911242603550296,18.0,0.9,15.0,5.0,1800.0,0.9375,0.7142857142857143,1.0,33.888888888888886,71.0,89.0,268.6659536017885,139.25717136156445,129.408782240224,0.0026158954597020868,0.0012592499988386407,,,,0.0012597500026458874,False,,,,,,,Constructive heuristic,True,,,,
20260825_195505-0400,20260825_195505-0400-0021,21,150,B6x7_stress_T20_S21,21,20,Greedy-Density-Operational,0.6920851296064809,0.9249530956848031,0.9408284023668639,19.0,0.95,14.0,7.0,1800.0,0.875,1.0,1.0,32.68421052631579,75.0,98.0,285.18536154089725,152.25898067086388,132.9263808700334,0.0024267905122024713,0.0009121250041062012,,,,0.0009125000069616362,False,,,,,,,Constructive heuristic,True,,,,
20260825_195505-0400,20260825_195505-0400-0021,21,150,B6x7_stress_T20_S21,21,20,HiGHS-1s,,,,,,,,,,,,,,,,,,,1.3322941660007928,1.3322941660007928,0.5236113340070006,0.1923775420000311,2.0482830420078244,False,,,,102802.0,39058.0,269374.0,Time limit reached. (HiGHS Status 13: model_status is Time limit reached; primal_status is None),False,,1.0,False,1.0
20260825_195505-0400,20260825_195505-0400-0021,21,150,B6x7_stress_T20_S21,21,20,HiGHS-5s,,,,,,,,,,,,,,,,,,,5.687325666993274,5.687325666993274,0.5236113340070006,0.1923775420000311,6.403314543000306,False,,,,102802.0,39058.0,269374.0,Time limit reached. (HiGHS Status 13: model_status is Time limit reached; primal_status is None),False,,5.0,False,1.0
20260825_195505-0400,20260825_195505-0400-0021,21,150,B6x7_stress_T20_S21,21,20,HiGHS-15s,0.0,0.0,0.0,0.0,0.0,0.0,0.0,0.0,0.0,0.0,0.0,,,0.0,0.0,0.0,0.0,,15.22520162499859,15.22520162499859,0.5236113340070006,0.1923775420000311,15.941190501005622,False,,-0.0,44.30370605120849,102802.0,39058.0,269374.0,Time limit reached. (HiGHS Status 13: Time limit reached),True,0.0,15.0,False,1.0
20260825_195505-0400,20260825_195505-0400-0021,21,150,B6x7_stress_T20_S21,21,20,HiGHS-60s,0.7882995042826316,0.9624765478424017,0.970414201183432,19.0,0.95,15.0,7.0,1800.0,0.9375,1.0,1.0,32.1578947368421,60.0,76.0,239.5096051252268,125.41542373876698,114.09418138645988,0.003291306433704284,48.83685783400142,48.83685783400142,0.5236113340070006,0.1923775420000311,49.55284671000845,True,0.0,0.7882995042826335,0.7882995042826335,102802.0,39058.0,269374.0,Optimization terminated successfully. (HiGHS Status 7: Optimal),True,1.0,60.0,True,0.0
20260825_195505-0400,20260825_195505-0400-0021,21,150,B6x7_stress_T20_S21,21,20,HiGHS-600s,0.7882995042826316,0.9624765478424017,0.970414201183432,19.0,0.95,15.0,7.0,1800.0,0.9375,1.0,1.0,32.1578947368421,60.0,76.0,239.5096051252268,125.41542373876698,114.09418138645988,0.003291306433704284,48.15107612501015,48.15107612501015,0.5236113340070006,0.1923775420000311,48.86706500101718,True,0.0,0.7882995042826335,0.7882995042826335,102802.0,39058.0,269374.0,Optimization terminated successfully. (HiGHS Status 7: Optimal),True,1.0,600.0,True,0.0
20260825_195505-0400,20260825_195505-0400-0021,21,150,B6x7_stress_T20_S21,21,20,HiGHS-1800s,0.7882995042826316,0.9624765478424017,0.970414201183432,19.0,0.95,15.0,7.0,1800.0,0.9375,1.0,1.0,32.1578947368421,60.0,76.0,239.5096051252268,125.41542373876698,114.09418138645988,0.003291306433704284,49.74107891699532,49.74107891699532,0.5236113340070006,0.1923775420000311,50.45706779300235,True,0.0,0.7882995042826335,0.7882995042826335,102802.0,39058.0,269374.0,Optimization terminated successfully. (HiGHS Status 7: Optimal),True,1.0,1800.0,True,0.0
20260825_195505-0400,20260825_195505-0400-0022,22,150,B6x7_stress_T20_S22,22,20,Greedy-Benefit,0.6737899103367284,0.8979591836734694,0.9061032863849766,17.0,0.85,14.0,18.0,1100.0,0.875,0.9,1.0,34.1764705882353,66.0,88.0,279.7829675482305,148.63427686081064,131.14869068741987,0.002408259216925265,0.0014791249996051192,,,,0.001479625003412366,False,,,,,,,Constructive heuristic,True,,,,
20260825_195505-0400,20260825_195505-0400-0022,22,150,B6x7_stress_T20_S22,22,20,Greedy-Density-Operational,0.7162939905252064,0.883381924198251,0.8826291079812207,17.0,0.85,15.0,16.0,1100.0,0.9375,0.8,1.0,31.11764705882353,68.0,94.0,293.2366392045036,147.12135872359767,146.1152804809059,0.0024427165461600522,0.0010572500032139942,,,,0.0010576659988146275,False,,,,,,,Constructive heuristic,True,,,,
20260825_195505-0400,20260825_195505-0400-0022,22,150,B6x7_stress_T20_S22,22,20,HiGHS-1s,,,,,,,,,,,,,,,,,,,1.2187333339970792,1.2187333339970792,0.07689558301353827,0.09790545799478423,1.3935343750054017,False,,,,18298.0,8803.0,46117.0,Time limit reached. (HiGHS Status 13: model_status is Time limit reached; primal_status is None),False,,1.0,False,1.0
20260825_195505-0400,20260825_195505-0400-0022,22,150,B6x7_stress_T20_S22,22,20,HiGHS-5s,0.7729110307016439,0.9562682215743443,0.9530516431924885,19.0,0.95,16.0,18.0,1100.0,1.0,0.9,1.0,33.21052631578947,70.0,82.0,270.9185281374589,138.6606709502857,132.25785718717327,0.0028529279116321035,3.831903208003496,3.831903208003496,0.07689558301353827,0.09790545799478423,4.006704249011818,True,0.0,0.7729110307016439,0.7729110307016439,18298.0,8803.0,46117.0,Optimization terminated successfully. (HiGHS Status 7: Optimal),True,1.0,5.0,True,0.0
20260825_195505-0400,20260825_195505-0400-0022,22,150,B6x7_stress_T20_S22,22,20,HiGHS-15s,0.7729110307016439,0.9562682215743443,0.9530516431924885,19.0,0.95,16.0,18.0,1100.0,1.0,0.9,1.0,33.21052631578947,70.0,82.0,270.9185281374589,138.6606709502857,132.25785718717327,0.0028529279116321035,3.77100366599916,3.77100366599916,0.07689558301353827,0.09790545799478423,3.9458047070074826,True,0.0,0.7729110307016439,0.7729110307016439,18298.0,8803.0,46117.0,Optimization terminated successfully. (HiGHS Status 7: Optimal),True,1.0,15.0,True,0.0
20260825_195505-0400,20260825_195505-0400-0022,22,150,B6x7_stress_T20_S22,22,20,HiGHS-60s,0.7729110307016439,0.9562682215743443,0.9530516431924885,19.0,0.95,16.0,18.0,1100.0,1.0,0.9,1.0,33.21052631578947,70.0,82.0,270.9185281374589,138.6606709502857,132.25785718717327,0.0028529279116321035,4.249327166005969,4.249327166005969,0.07689558301353827,0.09790545799478423,4.4241282070142915,True,0.0,0.7729110307016439,0.7729110307016439,18298.0,8803.0,46117.0,Optimization terminated successfully. (HiGHS Status 7: Optimal),True,1.0,60.0,True,0.0
20260825_195505-0400,20260825_195505-0400-0022,22,150,B6x7_stress_T20_S22,22,20,HiGHS-600s,0.7729110307016439,0.9562682215743443,0.9530516431924885,19.0,0.95,16.0,18.0,1100.0,1.0,0.9,1.0,33.21052631578947,70.0,82.0,270.9185281374589,138.6606709502857,132.25785718717327,0.0028529279116321035,3.940374083991628,3.940374083991628,0.07689558301353827,0.09790545799478423,4.115175124999951,True,0.0,0.7729110307016439,0.7729110307016439,18298.0,8803.0,46117.0,Optimization terminated successfully. (HiGHS Status 7: Optimal),True,1.0,600.0,True,0.0
20260825_195505-0400,20260825_195505-0400-0022,22,150,B6x7_stress_T20_S22,22,20,HiGHS-1800s,0.7729110307016439,0.9562682215743443,0.9530516431924885,19.0,0.95,16.0,18.0,1100.0,1.0,0.9,1.0,33.21052631578947,70.0,82.0,270.9185281374589,138.6606709502857,132.25785718717327,0.0028529279116321035,3.745953499994357,3.745953499994357,0.07689558301353827,0.09790545799478423,3.9207545410026796,True,0.0,0.7729110307016439,0.7729110307016439,18298.0,8803.0,46117.0,Optimization terminated successfully. (HiGHS Status 7: Optimal),True,1.0,1800.0,True,0.0
20260825_195505-0400,20260825_195505-0400-0023,23,150,B6x7_stress_T20_S23,23,20,Greedy-Benefit,0.7255120139506533,1.0,1.0000000000000004,20.0,1.0,21.0,8.0,1950.0,1.0,1.0,1.0,36.9,82.0,106.0,327.78086824186164,164.07426312813237,163.70660511372924,0.002213405614068102,0.0012816250091418624,,,,0.0012822499993490055,False,,,,,,,Constructive heuristic,True,,,,
20260825_195505-0400,20260825_195505-0400-0023,23,150,B6x7_stress_T20_S23,23,20,Greedy-Density-Operational,0.7459371876892731,1.0,1.0000000000000002,20.0,1.0,21.0,8.0,1950.0,1.0,1.0,1.0,33.85,80.0,105.0,352.52780425771596,176.64368451286248,175.88411974485345,0.0021159669639673434,0.001103083006455563,,,,0.001103500006138347,False,,,,,,,Constructive heuristic,True,,,,
20260825_195505-0400,20260825_195505-0400-0023,23,150,B6x7_stress_T20_S23,23,20,HiGHS-1s,,,,,,,,,,,,,,,,,,,1.1873177500092424,1.1873177500092424,0.3768744169938145,0.11468479200266302,1.67887695900572,False,,,,80327.0,31327.0,209680.0,Time limit reached. (HiGHS Status 13: model_status is Time limit reached; primal_status is None),False,,1.0,False,1.0
20260825_195505-0400,20260825_195505-0400-0023,23,150,B6x7_stress_T20_S23,23,20,HiGHS-5s,,,,,,,,,,,,,,,,,,,6.136591582995607,6.136591582995607,0.3768744169938145,0.11468479200266302,6.628150791992084,False,,,,80327.0,31327.0,209680.0,Time limit reached. (HiGHS Status 13: model_status is Time limit reached; primal_status is None),False,,5.0,False,1.0
20260825_195505-0400,20260825_195505-0400-0023,23,150,B6x7_stress_T20_S23,23,20,HiGHS-15s,0.20928265126254755,0.3698630136986302,0.38820638820638825,8.0,0.4,6.0,5.0,800.0,0.2857142857142857,0.625,0.41025641025641024,39.75,84.0,100.0,106.128106014117,65.40826358119261,40.71984243292438,0.0019719814017477057,15.205748041989864,15.205748041989864,0.3768744169938145,0.11468479200266302,15.697307250986341,False,120.52817502084393,0.20928265126254755,25.433738671461125,80327.0,31327.0,209680.0,Time limit reached. (HiGHS Status 13: Time limit reached),True,0.0,15.0,True,1.0
20260825_195505-0400,20260825_195505-0400-0023,23,150,B6x7_stress_T20_S23,23,20,HiGHS-60s,0.8490832863860704,1.0000000000000002,1.0000000000000002,20.0,1.0,21.0,8.0,1950.0,1.0,1.0,1.0,32.3,82.0,104.0,255.1997417451466,133.6679662543907,121.53177549075588,0.00332713223210861,18.08841420900717,18.08841420900717,0.3768744169938145,0.11468479200266302,18.579973418003647,True,0.0,0.8490832863860703,0.8490832863860703,80327.0,31327.0,209680.0,Optimization terminated successfully. (HiGHS Status 7: Optimal),True,1.0,60.0,True,0.0
20260825_195505-0400,20260825_195505-0400-0023,23,150,B6x7_stress_T20_S23,23,20,HiGHS-600s,0.8490832863860704,1.0000000000000002,1.0000000000000002,20.0,1.0,21.0,8.0,1950.0,1.0,1.0,1.0,32.3,82.0,104.0,255.1997417451466,133.6679662543907,121.53177549075588,0.00332713223210861,17.868106583002373,17.868106583002373,0.3768744169938145,0.11468479200266302,18.35966579199885,True,0.0,0.8490832863860703,0.8490832863860703,80327.0,31327.0,209680.0,Optimization terminated successfully. (HiGHS Status 7: Optimal),True,1.0,600.0,True,0.0
20260825_195505-0400,20260825_195505-0400-0023,23,150,B6x7_stress_T20_S23,23,20,HiGHS-1800s,0.8490832863860704,1.0000000000000002,1.0000000000000002,20.0,1.0,21.0,8.0,1950.0,1.0,1.0,1.0,32.3,82.0,104.0,255.1997417451466,133.6679662543907,121.53177549075588,0.00332713223210861,18.1588480000064,18.1588480000064,0.3768744169938145,0.11468479200266302,18.65040720900288,True,0.0,0.8490832863860703,0.8490832863860703,80327.0,31327.0,209680.0,Optimization terminated successfully. (HiGHS Status 7: Optimal),True,1.0,1800.0,True,0.0
20260825_195505-0400,20260825_195505-0400-0024,24,150,B6x7_stress_T20_S24,24,20,Greedy-Benefit,0.6752799251593103,0.8542274052478136,0.8753117206982544,18.0,0.9,20.0,7.0,1350.0,0.8,1.0,1.0,35.333333333333336,70.0,80.0,281.6096525599529,160.2165917854266,121.39306077452625,0.002397928902723061,0.0012697089987341315,,,,0.001270167005714029,False,,,,,,,Constructive heuristic,True,,,,
20260825_195505-0400,20260825_195505-0400-0024,24,150,B6x7_stress_T20_S24,24,20,Greedy-Density-Operational,0.6385139704054061,0.8542274052478135,0.8753117206982542,18.0,0.9,20.0,7.0,1350.0,0.8,1.0,1.0,31.944444444444443,68.0,91.0,274.2440573669603,142.24756560977693,131.99649175718335,0.0023282691210735106,0.0009440420108148828,,,,0.0009445000032428652,False,,,,,,,Constructive heuristic,True,,,,
20260825_195505-0400,20260825_195505-0400-0024,24,150,B6x7_stress_T20_S24,24,20,HiGHS-1s,,,,,,,,,,,,,,,,,,,1.4803484589938307,1.4803484589938307,0.47820241599401925,0.14132912500645034,2.0998799999943003,False,,,,105601.0,41338.0,275491.0,Time limit reached. (HiGHS Status 13: model_status is Time limit reached; primal_status is None),False,,1.0,False,1.0
20260825_195505-0400,20260825_195505-0400-0024,24,150,B6x7_stress_T20_S24,24,20,HiGHS-5s,,,,,,,,,,,,,,,,,,,5.999984416994266,5.999984416994266,0.47820241599401925,0.14132912500645034,6.619515957994736,False,,,,105601.0,41338.0,275491.0,Time limit reached. (HiGHS Status 13: model_status is Time limit reached; primal_status is None),False,,5.0,False,1.0
20260825_195505-0400,20260825_195505-0400-0024,24,150,B6x7_stress_T20_S24,24,20,HiGHS-15s,,,,,,,,,,,,,,,,,,,15.78663758400944,15.78663758400944,0.47820241599401925,0.14132912500645034,16.40616912500991,False,,,,105601.0,41338.0,275491.0,Time limit reached. (HiGHS Status 13: model_status is Time limit reached; primal_status is None),False,,15.0,False,1.0
20260825_195505-0400,20260825_195505-0400-0024,24,150,B6x7_stress_T20_S24,24,20,HiGHS-60s,0.8016245303786779,0.9708454810495626,0.9750623441396509,19.0,0.95,24.0,7.0,1350.0,0.96,1.0,1.0,33.36842105263158,69.0,82.0,260.5684090027397,140.40122694529896,120.16718205744075,0.0030764455808234576,35.16356137499679,35.16356137499679,0.47820241599401925,0.14132912500645034,35.78309291599726,True,0.0,0.8016245303786781,0.8016245303786781,105601.0,41338.0,275491.0,Optimization terminated successfully. (HiGHS Status 7: Optimal),True,1.0,60.0,True,0.0
20260825_195505-0400,20260825_195505-0400-0024,24,150,B6x7_stress_T20_S24,24,20,HiGHS-600s,0.8016245303786779,0.9708454810495626,0.9750623441396509,19.0,0.95,24.0,7.0,1350.0,0.96,1.0,1.0,33.36842105263158,69.0,82.0,260.5684090027397,140.40122694529896,120.16718205744075,0.0030764455808234576,35.488080583992996,35.488080583992996,0.47820241599401925,0.14132912500645034,36.107612124993466,True,0.0,0.8016245303786781,0.8016245303786781,105601.0,41338.0,275491.0,Optimization terminated successfully. (HiGHS Status 7: Optimal),True,1.0,600.0,True,0.0
20260825_195505-0400,20260825_195505-0400-0024,24,150,B6x7_stress_T20_S24,24,20,HiGHS-1800s,0.8016245303786779,0.9708454810495626,0.9750623441396509,19.0,0.95,24.0,7.0,1350.0,0.96,1.0,1.0,33.36842105263158,69.0,82.0,260.5684090027397,140.40122694529896,120.16718205744075,0.0030764455808234576,36.09817020900664,36.09817020900664,0.47820241599401925,0.14132912500645034,36.71770175000711,True,0.0,0.8016245303786781,0.8016245303786781,105601.0,41338.0,275491.0,Optimization terminated successfully. (HiGHS Status 7: Optimal),True,1.0,1800.0,True,0.0
20260825_195505-0400,20260825_195505-0400-0025,25,150,B6x7_stress_T20_S25,25,20,Greedy-Benefit,0.5742828176932752,0.8620689655172413,0.8524173027989824,17.0,0.85,17.0,9.0,1250.0,0.8947368421052632,0.8181818181818182,0.8064516129032258,41.0,82.0,104.0,361.3090158357893,181.4215088263181,179.88750700947116,0.0015894505603875658,0.001456042009522207,,,,0.0014567500038538128,False,,,,,,,Constructive heuristic,True,,,,
20260825_195505-0400,20260825_195505-0400-0025,25,150,B6x7_stress_T20_S25,25,20,Greedy-Density-Operational,0.6157983798446476,0.768025078369906,0.776081424936387,16.0,0.8,14.0,9.0,1250.0,0.7368421052631579,0.8181818181818182,0.8064516129032258,32.1875,76.0,96.0,281.4205567543194,143.4762099324223,137.94434682189706,0.002188178386635204,0.0012180000048829243,,,,0.0012184170045657083,False,,,,,,,Constructive heuristic,True,,,,
20260825_195505-0400,20260825_195505-0400-0025,25,150,B6x7_stress_T20_S25,25,20,HiGHS-1s,,,,,,,,,,,,,,,,,,,1.8189126670040423,1.8189126670040423,0.22723120800219476,0.04451525000331458,2.0906591250095516,False,,,,48538.0,21194.0,124446.0,Time limit reached. (HiGHS Status 13: model_status is Time limit reached; primal_status is None),False,,1.0,False,1.0
20260825_195505-0400,20260825_195505-0400-0025,25,150,B6x7_stress_T20_S25,25,20,HiGHS-5s,,,,,,,,,,,,,,,,,,,6.928655708004953,6.928655708004953,0.22723120800219476,0.04451525000331458,7.200402166010463,False,,,,48538.0,21194.0,124446.0,Time limit reached. (HiGHS Status 13: model_status is Time limit reached; primal_status is None),False,,5.0,False,1.0
20260825_195505-0400,20260825_195505-0400-0025,25,150,B6x7_stress_T20_S25,25,20,HiGHS-15s,0.7062555570130785,0.858934169278997,0.8727735368956745,18.0,0.9,16.0,9.0,1550.0,0.8421052631578947,0.8181818181818182,1.0,37.05555555555556,78.0,100.0,334.4880177091194,175.80508016096786,158.68293754815153,0.002111452487446827,8.393229499997688,8.393229499997688,0.22723120800219476,0.04451525000331458,8.664975958003197,True,0.0,0.7062555570130785,0.7062555570130785,48538.0,21194.0,124446.0,Optimization terminated successfully. (HiGHS Status 7: Optimal),True,1.0,15.0,True,0.0
20260825_195505-0400,20260825_195505-0400-0025,25,150,B6x7_stress_T20_S25,25,20,HiGHS-60s,0.7062555570130785,0.858934169278997,0.8727735368956745,18.0,0.9,16.0,9.0,1550.0,0.8421052631578947,0.8181818181818182,1.0,37.05555555555556,78.0,100.0,334.4880177091194,175.80508016096786,158.68293754815153,0.002111452487446827,8.454934416004107,8.454934416004107,0.22723120800219476,0.04451525000331458,8.726680874009617,True,0.0,0.7062555570130785,0.7062555570130785,48538.0,21194.0,124446.0,Optimization terminated successfully. (HiGHS Status 7: Optimal),True,1.0,60.0,True,0.0
20260825_195505-0400,20260825_195505-0400-0025,25,150,B6x7_stress_T20_S25,25,20,HiGHS-600s,0.7062555570130785,0.858934169278997,0.8727735368956745,18.0,0.9,16.0,9.0,1550.0,0.8421052631578947,0.8181818181818182,1.0,37.05555555555556,78.0,100.0,334.4880177091194,175.80508016096786,158.68293754815153,0.002111452487446827,8.264879582988215,8.264879582988215,0.22723120800219476,0.04451525000331458,8.536626040993724,True,0.0,0.7062555570130785,0.7062555570130785,48538.0,21194.0,124446.0,Optimization terminated successfully. (HiGHS Status 7: Optimal),True,1.0,600.0,True,0.0
20260825_195505-0400,20260825_195505-0400-0025,25,150,B6x7_stress_T20_S25,25,20,HiGHS-1800s,0.7062555570130785,0.858934169278997,0.8727735368956745,18.0,0.9,16.0,9.0,1550.0,0.8421052631578947,0.8181818181818182,1.0,37.05555555555556,78.0,100.0,334.4880177091194,175.80508016096786,158.68293754815153,0.002111452487446827,8.609647999997833,8.609647999997833,0.22723120800219476,0.04451525000331458,8.881394458003342,True,0.0,0.7062555570130785,0.7062555570130785,48538.0,21194.0,124446.0,Optimization terminated successfully. (HiGHS Status 7: Optimal),True,1.0,1800.0,True,0.0
20260825_195505-0400,20260825_195505-0400-0026,26,150,B6x7_stress_T20_S26,26,20,Greedy-Benefit,0.700136821738274,0.8939393939393939,0.8523676880222839,17.0,0.85,18.0,9.0,600.0,1.0,0.8181818181818182,0.5217391304347826,34.64705882352941,63.0,73.0,258.8742383462507,166.65464973239264,92.21958861385804,0.0027045442072989264,0.001362749986583367,,,,0.0013634169881697744,False,,,,,,,Constructive heuristic,True,,,,
20260825_195505-0400,20260825_195505-0400-0026,26,150,B6x7_stress_T20_S26,26,20,Greedy-Density-Operational,0.7242920679273201,0.9494949494949493,0.9442896935933145,19.0,0.95,18.0,9.0,1150.0,1.0,0.8181818181818182,1.0,31.36842105263158,75.0,101.0,272.2826364576361,138.22742925029053,134.05520720734566,0.0026600743894295707,0.0011135419917991385,,,,0.001113999998779036,False,,,,,,,Constructive heuristic,True,,,,
20260825_195505-0400,20260825_195505-0400-0026,26,150,B6x7_stress_T20_S26,26,20,HiGHS-1s,,,,,,,,,,,,,,,,,,,1.0815374170051655,1.0815374170051655,0.29308816700358875,0.09880883299047127,1.4734344169992255,False,,,,57314.0,23166.0,148802.0,Time limit reached. (HiGHS Status 13: model_status is Time limit reached; primal_status is None),False,,1.0,False,1.0
20260825_195505-0400,20260825_195505-0400-0026,26,150,B6x7_stress_T20_S26,26,20,HiGHS-5s,,,,,,,,,,,,,,,,,,,6.352764000010211,6.352764000010211,0.29308816700358875,0.09880883299047127,6.744661000004271,False,,,,57314.0,23166.0,148802.0,Time limit reached. (HiGHS Status 13: model_status is Time limit reached; primal_status is None),False,,5.0,False,1.0
20260825_195505-0400,20260825_195505-0400-0026,26,150,B6x7_stress_T20_S26,26,20,HiGHS-15s,0.8132694245548631,0.9292929292929294,0.9108635097493035,18.0,0.9,18.0,9.0,950.0,1.0,0.8181818181818182,0.8260869565217391,27.72222222222222,63.0,85.0,210.8406962691301,107.31115062664925,103.52954564248085,0.003857269677751186,15.178987541992683,15.178987541992683,0.29308816700358875,0.09880883299047127,15.570884541986743,False,0.03361739135404682,0.8132694245548631,0.8406094210764044,57314.0,23166.0,148802.0,Time limit reached. (HiGHS Status 13: Time limit reached),True,0.0,15.0,True,1.0
20260825_195505-0400,20260825_195505-0400-0026,26,150,B6x7_stress_T20_S26,26,20,HiGHS-60s,0.8355824890223787,0.9494949494949495,0.9442896935933145,19.0,0.95,18.0,9.0,1150.0,1.0,0.8181818181818182,1.0,27.94736842105263,63.0,85.0,218.75267062334052,111.2919584750284,107.46071214831211,0.0038197590303303184,18.180449249994126,18.180449249994126,0.29308816700358875,0.09880883299047127,18.572346249988186,True,0.0,0.8355824890223795,0.8355824890223795,57314.0,23166.0,148802.0,Optimization terminated successfully. (HiGHS Status 7: Optimal),True,1.0,60.0,True,0.0
20260825_195505-0400,20260825_195505-0400-0026,26,150,B6x7_stress_T20_S26,26,20,HiGHS-600s,0.8355824890223787,0.9494949494949495,0.9442896935933145,19.0,0.95,18.0,9.0,1150.0,1.0,0.8181818181818182,1.0,27.94736842105263,63.0,85.0,218.75267062334052,111.2919584750284,107.46071214831211,0.0038197590303303184,18.02303904198925,18.02303904198925,0.29308816700358875,0.09880883299047127,18.41493604198331,True,0.0,0.8355824890223795,0.8355824890223795,57314.0,23166.0,148802.0,Optimization terminated successfully. (HiGHS Status 7: Optimal),True,1.0,600.0,True,0.0
20260825_195505-0400,20260825_195505-0400-0026,26,150,B6x7_stress_T20_S26,26,20,HiGHS-1800s,0.8355824890223787,0.9494949494949495,0.9442896935933145,19.0,0.95,18.0,9.0,1150.0,1.0,0.8181818181818182,1.0,27.94736842105263,63.0,85.0,218.75267062334052,111.2919584750284,107.46071214831211,0.0038197590303303184,18.083990500002983,18.083990500002983,0.29308816700358875,0.09880883299047127,18.475887499997043,True,0.0,0.8355824890223795,0.8355824890223795,57314.0,23166.0,148802.0,Optimization terminated successfully. (HiGHS Status 7: Optimal),True,1.0,1800.0,True,0.0
20260825_195505-0400,20260825_195505-0400-0027,27,150,B6x7_stress_T20_S27,27,20,Greedy-Benefit,0.6502277779372343,0.9243027888446216,0.8995726495726497,18.0,0.9,24.0,7.0,1850.0,1.0,0.7777777777777778,0.8043478260869565,36.611111111111114,72.0,92.0,311.5116643883905,176.36052896714455,135.15113542124595,0.0020873304350059103,0.0013856250006938353,,,,0.0013862079940736294,False,,,,,,,Constructive heuristic,True,,,,
20260825_195505-0400,20260825_195505-0400-0027,27,150,B6x7_stress_T20_S27,27,20,Greedy-Density-Operational,0.621060889693008,0.9641434262948207,0.9423076923076924,19.0,0.95,24.0,9.0,1850.0,1.0,1.0,0.8043478260869565,34.36842105263158,76.0,100.0,337.3103891481627,176.34667725073606,160.96371189742652,0.0018412148266806233,0.0010525420075282454,,,,0.0010531250009080395,False,,,,,,,Constructive heuristic,True,,,,
20260825_195505-0400,20260825_195505-0400-0027,27,150,B6x7_stress_T20_S27,27,20,HiGHS-1s,,,,,,,,,,,,,,,,,,,1.2646076250093756,1.2646076250093756,0.6187623340083519,0.17483024999091867,2.058200209008646,False,,,,142279.0,52345.0,374518.0,Time limit reached. (HiGHS Status 13: model_status is Time limit reached; primal_status is None),False,,1.0,False,1.0
20260825_195505-0400,20260825_195505-0400-0027,27,150,B6x7_stress_T20_S27,27,20,HiGHS-5s,,,,,,,,,,,,,,,,,,,5.476270291997935,5.476270291997935,0.6187623340083519,0.17483024999091867,6.269862875997205,False,,,,142279.0,52345.0,374518.0,Time limit reached. (HiGHS Status 13: model_status is Time limit reached; primal_status is None),False,,5.0,False,1.0
20260825_195505-0400,20260825_195505-0400-0027,27,150,B6x7_stress_T20_S27,27,20,HiGHS-15s,,,,,,,,,,,,,,,,,,,22.283484790998045,22.283484790998045,0.6187623340083519,0.17483024999091867,23.077077374997316,False,,,,142279.0,52345.0,374518.0,Time limit reached. (HiGHS Status 13: model_status is Time limit reached; primal_status is None),False,,15.0,False,1.0
20260825_195505-0400,20260825_195505-0400-0027,27,150,B6x7_stress_T20_S27,27,20,HiGHS-60s,0.6175638116096394,0.7211155378486056,0.7008547008547008,14.0,0.7,18.0,7.0,1300.0,0.75,0.7777777777777778,0.5652173913043478,27.571428571428573,51.0,66.0,200.99430618994208,109.99248167959823,91.0018245103439,0.003072543811395503,60.63745262500015,60.63745262500015,0.6187623340083519,0.17483024999091867,61.43104520899942,False,0.17265963362279477,0.6175638116096395,0.7241921530608566,142279.0,52345.0,374518.0,Time limit reached. (HiGHS Status 13: Time limit reached),True,0.0,60.0,True,1.0
20260825_195505-0400,20260825_195505-0400-0027,27,150,B6x7_stress_T20_S27,27,20,HiGHS-600s,0.7212578225223991,0.9203187250996016,0.935897435897436,19.0,0.95,21.0,9.0,2300.0,0.875,1.0,1.0,35.78947368421053,77.0,104.0,293.6699354761963,175.24674316822714,118.42319230796915,0.002456015190498999,69.93700933399668,69.93700933399668,0.6187623340083519,0.17483024999091867,70.73060191799595,True,0.0,0.7212578225224009,0.7212578225224009,142279.0,52345.0,374518.0,Optimization terminated successfully. (HiGHS Status 7: Optimal),True,0.0,600.0,True,0.0
20260825_195505-0400,20260825_195505-0400-0027,27,150,B6x7_stress_T20_S27,27,20,HiGHS-1800s,0.7212578225223991,0.9203187250996016,0.935897435897436,19.0,0.95,21.0,9.0,2300.0,0.875,1.0,1.0,35.78947368421053,77.0,104.0,293.6699354761963,175.24674316822714,118.42319230796915,0.002456015190498999,70.19442124999478,70.19442124999478,0.6187623340083519,0.17483024999091867,70.98801383399405,True,0.0,0.7212578225224009,0.7212578225224009,142279.0,52345.0,374518.0,Optimization terminated successfully. (HiGHS Status 7: Optimal),True,0.0,1800.0,True,0.0
20260825_195505-0400,20260825_195505-0400-0028,28,150,B6x7_stress_T20_S28,28,20,Greedy-Benefit,0.5940101790142721,0.8157099697885196,0.8186397984886649,16.0,0.8,18.0,7.0,1250.0,0.8181818181818182,0.7777777777777778,0.8620689655172413,36.6875,64.0,80.0,249.52563167999534,165.31978156585257,84.20585011414278,0.002380557760799747,0.0012986249930690974,,,,0.0012994589924346656,False,,,,,,,Constructive heuristic,True,,,,
20260825_195505-0400,20260825_195505-0400-0028,28,150,B6x7_stress_T20_S28,28,20,Greedy-Density-Operational,0.5731886966067037,0.7658610271903324,0.7732997481108312,16.0,0.8,18.0,4.0,1450.0,0.8181818181818182,0.4444444444444444,1.0,30.9375,62.0,82.0,250.50932059941832,135.32765970004584,115.18166089937252,0.002288093294234237,0.0010279999987687916,,,,0.00102845900983084,False,,,,,,,Constructive heuristic,True,,,,
20260825_195505-0400,20260825_195505-0400-0028,28,150,B6x7_stress_T20_S28,28,20,HiGHS-1s,,,,,,,,,,,,,,,,,,,1.5345538749970729,1.5345538749970729,0.45712800000910647,0.14011120899522211,2.1317930840014014,False,,,,96936.0,34657.0,256177.0,Time limit reached. (HiGHS Status 13: model_status is Time limit reached; primal_status is None),False,,1.0,False,1.0
20260825_195505-0400,20260825_195505-0400-0028,28,150,B6x7_stress_T20_S28,28,20,HiGHS-5s,,,,,,,,,,,,,,,,,,,5.29292020900175,5.29292020900175,0.45712800000910647,0.14011120899522211,5.890159418006078,False,,,,96936.0,34657.0,256177.0,Time limit reached. (HiGHS Status 13: model_status is Time limit reached; primal_status is None),False,,5.0,False,1.0
20260825_195505-0400,20260825_195505-0400-0028,28,150,B6x7_stress_T20_S28,28,20,HiGHS-15s,,,,,,,,,,,,,,,,,,,15.535047791010584,15.535047791010584,0.45712800000910647,0.14011120899522211,16.132287000014912,False,,,,96936.0,34657.0,256177.0,Time limit reached. (HiGHS Status 13: model_status is Time limit reached; primal_status is None),False,,15.0,False,1.0
20260825_195505-0400,20260825_195505-0400-0028,28,150,B6x7_stress_T20_S28,28,20,HiGHS-60s,0.6960879824375472,0.9063444108761332,0.8942065491183879,17.0,0.85,21.0,7.0,1250.0,0.9545454545454546,0.7777777777777778,0.8620689655172413,32.94117647058823,81.0,104.0,242.6185726880016,147.32503889492867,95.29353379307292,0.00286906305121451,24.430083457991714,24.430083457991714,0.45712800000910647,0.14011120899522211,25.027322666996042,True,0.0,0.696087982437547,0.696087982437547,96936.0,34657.0,256177.0,Optimization terminated successfully. (HiGHS Status 7: Optimal),True,1.0,60.0,True,0.0
20260825_195505-0400,20260825_195505-0400-0028,28,150,B6x7_stress_T20_S28,28,20,HiGHS-600s,0.6960879824375472,0.9063444108761332,0.8942065491183879,17.0,0.85,21.0,7.0,1250.0,0.9545454545454546,0.7777777777777778,0.8620689655172413,32.94117647058823,81.0,104.0,242.6185726880016,147.32503889492867,95.29353379307292,0.00286906305121451,24.89853179200145,24.89853179200145,0.45712800000910647,0.14011120899522211,25.495771001005778,True,0.0,0.696087982437547,0.696087982437547,96936.0,34657.0,256177.0,Optimization terminated successfully. (HiGHS Status 7: Optimal),True,1.0,600.0,True,0.0
20260825_195505-0400,20260825_195505-0400-0028,28,150,B6x7_stress_T20_S28,28,20,HiGHS-1800s,0.6960879824375472,0.9063444108761332,0.8942065491183879,17.0,0.85,21.0,7.0,1250.0,0.9545454545454546,0.7777777777777778,0.8620689655172413,32.94117647058823,81.0,104.0,242.6185726880016,147.32503889492867,95.29353379307292,0.00286906305121451,24.40296849999868,24.40296849999868,0.45712800000910647,0.14011120899522211,25.000207709003007,True,0.0,0.696087982437547,0.696087982437547,96936.0,34657.0,256177.0,Optimization terminated successfully. (HiGHS Status 7: Optimal),True,1.0,1800.0,True,0.0
20260825_195505-0400,20260825_195505-0400-0029,29,150,B6x7_stress_T20_S29,29,20,Greedy-Benefit,0.649888702318483,0.8728522336769758,0.8465909090909093,17.0,0.85,17.0,8.0,800.0,0.9444444444444444,0.8,0.6666666666666666,36.411764705882355,69.0,89.0,303.64335231703717,182.29084048371075,121.35251183332642,0.0021403027511036283,0.0013828329974785447,,,,0.0013833749981131405,False,,,,,,,Constructive heuristic,True,,,,
20260825_195505-0400,20260825_195505-0400-0029,29,150,B6x7_stress_T20_S29,29,20,Greedy-Density-Operational,0.6413134679522314,0.8728522336769761,0.8465909090909092,17.0,0.85,17.0,8.0,800.0,0.9444444444444444,0.8,0.6666666666666666,34.411764705882355,74.0,97.0,344.58001015280223,176.65292376087726,167.92708639192497,0.001861145304592232,0.0010721669968916103,,,,0.001072625003871508,False,,,,,,,Constructive heuristic,True,,,,
20260825_195505-0400,20260825_195505-0400-0029,29,150,B6x7_stress_T20_S29,29,20,HiGHS-1s,,,,,,,,,,,,,,,,,,,1.1784075409959769,1.1784075409959769,0.2982280829892261,0.06202112500614021,1.5386567489913432,False,,,,67281.0,29155.0,172714.0,Time limit reached. (HiGHS Status 13: model_status is Time limit reached; primal_status is None),False,,1.0,False,1.0
20260825_195505-0400,20260825_195505-0400-0029,29,150,B6x7_stress_T20_S29,29,20,HiGHS-5s,,,,,,,,,,,,,,,,,,,5.087382249999791,5.087382249999791,0.2982280829892261,0.06202112500614021,5.447631457995158,False,,,,67281.0,29155.0,172714.0,Time limit reached. (HiGHS Status 13: model_status is Time limit reached; primal_status is None),False,,5.0,False,1.0
20260825_195505-0400,20260825_195505-0400-0029,29,150,B6x7_stress_T20_S29,29,20,HiGHS-15s,0.5667036021729209,0.6580756013745704,0.6335227272727274,12.0,0.6,13.0,6.0,550.0,0.7222222222222222,0.6,0.4583333333333333,28.833333333333332,47.0,70.0,187.73847427268666,98.25530791385034,89.48316635883633,0.003018579992025473,15.203575834006188,15.203575834006188,0.2982280829892261,0.06202112500614021,15.563825042001554,False,0.2929032494432792,0.566703602172921,0.732692928720581,67281.0,29155.0,172714.0,Time limit reached. (HiGHS Status 13: Time limit reached),True,0.0,15.0,True,1.0
20260825_195505-0400,20260825_195505-0400-0029,29,150,B6x7_stress_T20_S29,29,20,HiGHS-60s,0.7292421102964477,0.9243986254295533,0.903409090909091,18.0,0.9,17.0,10.0,800.0,0.9444444444444444,1.0,0.6666666666666666,34.388888888888886,75.0,98.0,309.5226591707942,166.14330588337506,143.37935328741912,0.002356021727940935,21.946316500005196,21.946316500005196,0.2982280829892261,0.06202112500614021,22.306565708000562,True,0.0,0.7292421102964496,0.7292421102964496,67281.0,29155.0,172714.0,Optimization terminated successfully. (HiGHS Status 7: Optimal),True,0.0,60.0,True,0.0
20260825_195505-0400,20260825_195505-0400-0029,29,150,B6x7_stress_T20_S29,29,20,HiGHS-600s,0.7292421102964477,0.9243986254295533,0.903409090909091,18.0,0.9,17.0,10.0,800.0,0.9444444444444444,1.0,0.6666666666666666,34.388888888888886,75.0,98.0,309.5226591707942,166.14330588337506,143.37935328741912,0.002356021727940935,22.395050541992532,22.395050541992532,0.2982280829892261,0.06202112500614021,22.7552997499879,True,0.0,0.7292421102964496,0.7292421102964496,67281.0,29155.0,172714.0,Optimization terminated successfully. (HiGHS Status 7: Optimal),True,0.0,600.0,True,0.0
20260825_195505-0400,20260825_195505-0400-0029,29,150,B6x7_stress_T20_S29,29,20,HiGHS-1800s,0.7292421102964477,0.9243986254295533,0.903409090909091,18.0,0.9,17.0,10.0,800.0,0.9444444444444444,1.0,0.6666666666666666,34.388888888888886,75.0,98.0,309.5226591707942,166.14330588337506,143.37935328741912,0.002356021727940935,21.989968667010544,21.989968667010544,0.2982280829892261,0.06202112500614021,22.35021787500591,True,0.0,0.7292421102964496,0.7292421102964496,67281.0,29155.0,172714.0,Optimization terminated successfully. (HiGHS Status 7: Optimal),True,0.0,1800.0,True,0.0
20260825_195505-0400,20260825_195505-0400-0030,30,150,B6x7_stress_T20_S30,30,20,Greedy-Benefit,0.679786845521622,0.9220103986135182,0.9159663865546218,19.0,0.95,11.0,19.0,450.0,1.0,0.8636363636363636,1.0,38.0,84.0,106.0,360.49956050820515,198.7513899003321,161.74817060787308,0.0018856800950417519,0.0014135419914964586,,,,0.0014142500003799796,False,,,,,,,Constructive heuristic,True,,,,
20260825_195505-0400,20260825_195505-0400-0030,30,150,B6x7_stress_T20_S30,30,20,Greedy-Density-Operational,0.6533038775653672,0.8873483535528597,0.8879551820728291,18.0,0.9,10.0,19.0,450.0,0.9090909090909091,0.8636363636363636,1.0,34.55555555555556,92.0,116.0,356.5805204999437,181.088781090112,175.49173940983167,0.0018321356327861168,0.0011000829981639981,,,,0.0011005419946741313,False,,,,,,,Constructive heuristic,True,,,,
20260825_195505-0400,20260825_195505-0400-0030,30,150,B6x7_stress_T20_S30,30,20,HiGHS-1s,,,,,,,,,,,,,,,,,,,1.2559329999930924,1.2559329999930924,0.9247111250006128,0.2760392499912996,2.4566833749850048,False,,,,188663.0,66467.0,499548.0,Time limit reached. (HiGHS Status 13: model_status is Time limit reached; primal_status is None),False,,1.0,False,1.0
20260825_195505-0400,20260825_195505-0400-0030,30,150,B6x7_stress_T20_S30,30,20,HiGHS-5s,,,,,,,,,,,,,,,,,,,5.397454332996858,5.397454332996858,0.9247111250006128,0.2760392499912996,6.598204707988771,False,,,,188663.0,66467.0,499548.0,Time limit reached. (HiGHS Status 13: model_status is Time limit reached; primal_status is None),False,,5.0,False,1.0
20260825_195505-0400,20260825_195505-0400-0030,30,150,B6x7_stress_T20_S30,30,20,HiGHS-15s,,,,,,,,,,,,,,,,,,,16.094194125005743,16.094194125005743,0.9247111250006128,0.2760392499912996,17.294944499997655,False,,,,188663.0,66467.0,499548.0,Time limit reached. (HiGHS Status 13: model_status is Time limit reached; primal_status is None),False,,15.0,False,1.0
20260825_195505-0400,20260825_195505-0400-0030,30,150,B6x7_stress_T20_S30,30,20,HiGHS-60s,,,,,,,,,,,,,,,,,,,62.83781291700143,62.83781291700143,0.9247111250006128,0.2760392499912996,64.03856329199334,False,,,,188663.0,66467.0,499548.0,Time limit reached. (HiGHS Status 13: model_status is Time limit reached; primal_status is None),False,,60.0,False,1.0
20260825_195505-0400,20260825_195505-0400-0030,30,150,B6x7_stress_T20_S30,30,20,HiGHS-600s,0.7884505269547736,1.0000000000000002,1.0,20.0,1.0,11.0,22.0,450.0,1.0,1.0,1.0,33.15,81.0,102.0,293.92519152359125,154.64712631791627,139.27806520567492,0.002682487073897136,123.26699691700924,123.26699691700924,0.9247111250006128,0.2760392499912996,124.46774729200115,True,0.0,0.7884505269547736,0.7884505269547736,188663.0,66467.0,499548.0,Optimization terminated successfully. (HiGHS Status 7: Optimal),True,1.0,600.0,True,0.0
20260825_195505-0400,20260825_195505-0400-0030,30,150,B6x7_stress_T20_S30,30,20,HiGHS-1800s,0.7884505269547736,1.0000000000000002,1.0,20.0,1.0,11.0,22.0,450.0,1.0,1.0,1.0,33.15,81.0,102.0,293.92519152359125,154.64712631791627,139.27806520567492,0.002682487073897136,124.51715079099813,124.51715079099813,0.9247111250006128,0.2760392499912996,125.71790116599004,True,0.0,0.7884505269547736,0.7884505269547736,188663.0,66467.0,499548.0,Optimization terminated successfully. (HiGHS Status 7: Optimal),True,1.0,1800.0,True,0.0
20260825_195505-0400,20260825_195505-0400-0031,31,150,B6x7_stress_T30_S1,1,30,Greedy-Benefit,0.5091644321039276,0.7983453981385725,0.7619047619047618,23.0,0.7666666666666667,29.0,10.0,700.0,0.90625,0.625,0.4827586206896552,42.69565217391305,82.0,98.0,364.6701663358976,194.32596026782355,170.34420606807416,0.0013962327580012027,0.0016006250225473195,,,,0.0016011250263545662,False,,,,,,,Constructive heuristic,True,,,,
20260825_195505-0400,20260825_195505-0400-0031,31,150,B6x7_stress_T30_S1,1,30,Greedy-Density-Operational,0.47549780181801127,0.78076525336091,0.7760141093474427,23.0,0.7666666666666667,25.0,13.0,1000.0,0.78125,0.8125,0.6896551724137931,40.69565217391305,85.0,106.0,355.32267870962903,180.08450620985107,175.23817249977805,0.0013382140524911155,0.0013252920180093497,,,,0.0013256250240374357,False,,,,,,,Constructive heuristic,True,,,,
20260825_195505-0400,20260825_195505-0400-0031,31,150,B6x7_stress_T30_S1,1,30,HiGHS-1s,,,,,,,,,,,,,,,,,,,1.9692292499821633,1.9692292499821633,2.1636608749977313,0.5324294999882113,4.665319624968106,False,,,,414022.0,115625.0,1126477.0,Time limit reached. (HiGHS Status 13: model_status is Time limit reached; primal_status is None),False,,1.0,False,1.0
20260825_195505-0400,20260825_195505-0400-0031,31,150,B6x7_stress_T30_S1,1,30,HiGHS-5s,,,,,,,,,,,,,,,,,,,6.129144667007495,6.129144667007495,2.1636608749977313,0.5324294999882113,8.825235041993437,False,,,,414022.0,115625.0,1126477.0,Time limit reached. (HiGHS Status 13: model_status is Time limit reached; primal_status is None),False,,5.0,False,1.0
20260825_195505-0400,20260825_195505-0400-0031,31,150,B6x7_stress_T30_S1,1,30,HiGHS-15s,,,,,,,,,,,,,,,,,,,15.736058165988652,15.736058165988652,2.1636608749977313,0.5324294999882113,18.432148540974595,False,,,,414022.0,115625.0,1126477.0,Time limit reached. (HiGHS Status 13: model_status is Time limit reached; primal_status is None),False,,15.0,False,1.0
20260825_195505-0400,20260825_195505-0400-0031,31,150,B6x7_stress_T30_S1,1,30,HiGHS-60s,,,,,,,,,,,,,,,,,,,148.7257539999846,148.7257539999846,2.1636608749977313,0.5324294999882113,151.42184437497053,False,,,,414022.0,115625.0,1126477.0,Time limit reached. (HiGHS Status 13: model_status is Time limit reached; primal_status is None),False,,60.0,False,1.0
20260825_195505-0400,20260825_195505-0400-0031,31,150,B6x7_stress_T30_S1,1,30,HiGHS-600s,0.5944466067179959,0.840744570837642,0.8430335097001763,25.0,0.8333333333333334,27.0,13.0,1300.0,0.84375,0.8125,0.896551724137931,38.68,84.0,102.0,306.12233058212104,160.8854637813387,145.23686680078237,0.0019418596663222788,397.6306702500151,397.6306702500151,2.1636608749977313,0.5324294999882113,400.32676062500104,True,0.0,0.5944466067179959,0.5944466067179959,414022.0,115625.0,1126477.0,Optimization terminated successfully. (HiGHS Status 7: Optimal),True,1.0,600.0,True,0.0
20260825_195505-0400,20260825_195505-0400-0031,31,150,B6x7_stress_T30_S1,1,30,HiGHS-1800s,0.5944466067179959,0.840744570837642,0.8430335097001763,25.0,0.8333333333333334,27.0,13.0,1300.0,0.84375,0.8125,0.896551724137931,38.68,84.0,102.0,306.12233058212104,160.8854637813387,145.23686680078237,0.0019418596663222788,344.67708270801813,344.67708270801813,2.1636608749977313,0.5324294999882113,347.3731730830041,True,0.0,0.5944466067179959,0.5944466067179959,414022.0,115625.0,1126477.0,Optimization terminated successfully. (HiGHS Status 7: Optimal),True,1.0,1800.0,True,0.0
20260825_195505-0400,20260825_195505-0400-0032,32,150,B6x7_stress_T30_S2,2,30,Greedy-Benefit,0.5636777426482789,0.777019340159272,0.7640449438202249,21.0,0.7,19.0,17.0,800.0,0.7916666666666666,0.8095238095238095,0.5714285714285714,38.76190476190476,76.0,95.0,306.2657738670406,166.05810232723576,140.20767153980478,0.0018404855871782418,0.0017524169816169888,,,,0.0017530419863760471,False,,,,,,,Constructive heuristic,True,,,,
20260825_195505-0400,20260825_195505-0400-0032,32,150,B6x7_stress_T30_S2,2,30,Greedy-Density-Operational,0.5723217659988908,0.7428896473265074,0.7265917602996256,20.0,0.6666666666666666,19.0,15.0,800.0,0.7916666666666666,0.7142857142857143,0.5714285714285714,33.05,67.0,90.0,287.1664872060481,144.7615479366712,142.40493926937688,0.001992996367950964,0.0013083749799989164,,,,0.001308790990151465,False,,,,,,,Constructive heuristic,True,,,,
20260825_195505-0400,20260825_195505-0400-0032,32,150,B6x7_stress_T30_S2,2,30,HiGHS-1s,,,,,,,,,,,,,,,,,,,1.1699182500015013,1.1699182500015013,0.6743717499775812,0.16841208399273455,2.012702083971817,False,,,,129976.0,44838.0,345126.0,Time limit reached. (HiGHS Status 13: model_status is Time limit reached; primal_status is None),False,,1.0,False,1.0
20260825_195505-0400,20260825_195505-0400-0032,32,150,B6x7_stress_T30_S2,2,30,HiGHS-5s,,,,,,,,,,,,,,,,,,,5.588401292014169,5.588401292014169,0.6743717499775812,0.16841208399273455,6.431185125984484,False,,,,129976.0,44838.0,345126.0,Time limit reached. (HiGHS Status 13: model_status is Time limit reached; primal_status is None),False,,5.0,False,1.0
20260825_195505-0400,20260825_195505-0400-0032,32,150,B6x7_stress_T30_S2,2,30,HiGHS-15s,,,,,,,,,,,,,,,,,,,15.714469083992299,15.714469083992299,0.6743717499775812,0.16841208399273455,16.557252917962614,False,,,,129976.0,44838.0,345126.0,Time limit reached. (HiGHS Status 13: model_status is Time limit reached; primal_status is None),False,,15.0,False,1.0
20260825_195505-0400,20260825_195505-0400-0032,32,150,B6x7_stress_T30_S2,2,30,HiGHS-60s,0.517162746559808,0.6814562002275313,0.7191011235955057,20.0,0.6666666666666666,13.0,17.0,1400.0,0.5416666666666666,0.8095238095238095,1.0,37.5,78.0,102.0,286.28453493857296,153.5354079249856,132.74912701358733,0.0018064641412459592,60.33110558401677,60.33110558401677,0.6743717499775812,0.16841208399273455,61.173889417987084,False,0.19945526040461775,0.517162746559808,0.6203135768464618,129976.0,44838.0,345126.0,Time limit reached. (HiGHS Status 13: Time limit reached),True,0.0,60.0,True,1.0
20260825_195505-0400,20260825_195505-0400-0032,32,150,B6x7_stress_T30_S2,2,30,HiGHS-600s,0.6187617751320744,0.8179749715585893,0.8220973782771537,23.0,0.7666666666666667,19.0,18.0,1150.0,0.7916666666666666,0.8571428571428571,0.8214285714285714,37.34782608695652,85.0,106.0,310.094468264477,160.35811531513951,149.73635294933743,0.0019953976560598873,83.95026099999086,83.95026099999086,0.6743717499775812,0.16841208399273455,84.79304483396118,True,0.0,0.6187617751320744,0.6187617751320744,129976.0,44838.0,345126.0,Optimization terminated successfully. (HiGHS Status 7: Optimal),True,1.0,600.0,True,0.0
20260825_195505-0400,20260825_195505-0400-0032,32,150,B6x7_stress_T30_S2,2,30,HiGHS-1800s,0.6187617751320744,0.8179749715585893,0.8220973782771537,23.0,0.7666666666666667,19.0,18.0,1150.0,0.7916666666666666,0.8571428571428571,0.8214285714285714,37.34782608695652,85.0,106.0,310.094468264477,160.35811531513951,149.73635294933743,0.0019953976560598873,84.16071079199901,84.16071079199901,0.6743717499775812,0.16841208399273455,85.00349462596932,True,0.0,0.6187617751320744,0.6187617751320744,129976.0,44838.0,345126.0,Optimization terminated successfully. (HiGHS Status 7: Optimal),True,1.0,1800.0,True,0.0
20260825_195505-0400,20260825_195505-0400-0033,33,150,B6x7_stress_T30_S3,3,30,Greedy-Benefit,0.6206415156504652,0.7610921501706481,0.758812615955473,22.0,0.7333333333333333,21.0,10.0,1650.0,0.7777777777777778,0.7142857142857143,0.7674418604651163,31.863636363636363,74.0,90.0,227.80428256875743,128.21444245230452,99.58984011645295,0.002724450605809568,0.001568375009810552,,,,0.0015688750136177987,False,,,,,,,Constructive heuristic,True,,,,
20260825_195505-0400,20260825_195505-0400-0033,33,150,B6x7_stress_T30_S3,3,30,Greedy-Density-Operational,0.5805650208007614,0.7804323094425483,0.7810760667903525,23.0,0.7666666666666667,22.0,9.0,1850.0,0.8148148148148148,0.6428571428571429,0.8604651162790697,30.82608695652174,75.0,96.0,272.78932367031166,137.83344400619183,134.95587966411986,0.0021282541889448064,0.0013529589923564345,,,,0.0013534589961636811,False,,,,,,,Constructive heuristic,True,,,,
20260825_195505-0400,20260825_195505-0400-0033,33,150,B6x7_stress_T30_S3,3,30,HiGHS-1s,,,,,,,,,,,,,,,,,,,1.3562726659874897,1.3562726659874897,1.5355866250174586,0.3972777080198284,3.2891369990247767,False,,,,306372.0,84354.0,834798.0,Time limit reached. (HiGHS Status 13: model_status is Time limit reached; primal_status is None),False,,1.0,False,1.0
20260825_195505-0400,20260825_195505-0400-0033,33,150,B6x7_stress_T30_S3,3,30,HiGHS-5s,,,,,,,,,,,,,,,,,,,5.870577916997718,5.870577916997718,1.5355866250174586,0.3972777080198284,7.803442250035005,False,,,,306372.0,84354.0,834798.0,Time limit reached. (HiGHS Status 13: model_status is Time limit reached; primal_status is None),False,,5.0,False,1.0
20260825_195505-0400,20260825_195505-0400-0033,33,150,B6x7_stress_T30_S3,3,30,HiGHS-15s,,,,,,,,,,,,,,,,,,,18.203409083012957,18.203409083012957,1.5355866250174586,0.3972777080198284,20.136273416050244,False,,,,306372.0,84354.0,834798.0,Time limit reached. (HiGHS Status 13: model_status is Time limit reached; primal_status is None),False,,15.0,False,1.0
20260825_195505-0400,20260825_195505-0400-0033,33,150,B6x7_stress_T30_S3,3,30,HiGHS-60s,,,,,,,,,,,,,,,,,,,76.66133870798512,76.66133870798512,1.5355866250174586,0.3972777080198284,78.59420304102241,False,,,,306372.0,84354.0,834798.0,Time limit reached. (HiGHS Status 13: model_status is Time limit reached; primal_status is None),False,,60.0,False,1.0
20260825_195505-0400,20260825_195505-0400-0033,33,150,B6x7_stress_T30_S3,3,30,HiGHS-600s,0.7185509040761447,0.8043230944254831,0.8014842300556586,23.0,0.7666666666666667,22.0,11.0,1700.0,0.8148148148148148,0.7857142857142857,0.7906976744186046,30.17391304347826,50.0,67.0,181.49367650773448,98.4962465902232,82.99742991751128,0.003959096084791269,358.78210795801715,358.78210795801715,1.5355866250174586,0.3972777080198284,360.71497229105444,True,0.0,0.7185509040762146,0.7185509040762146,306372.0,84354.0,834798.0,Optimization terminated successfully. (HiGHS Status 7: Optimal),True,1.0,600.0,True,0.0
20260825_195505-0400,20260825_195505-0400-0033,33,150,B6x7_stress_T30_S3,3,30,HiGHS-1800s,0.7185509040761447,0.8043230944254831,0.8014842300556586,23.0,0.7666666666666667,22.0,11.0,1700.0,0.8148148148148148,0.7857142857142857,0.7906976744186046,30.17391304347826,50.0,67.0,181.49367650773448,98.4962465902232,82.99742991751128,0.003959096084791269,360.1398296249972,360.1398296249972,1.5355866250174586,0.3972777080198284,362.0726939580345,True,0.0,0.7185509040762146,0.7185509040762146,306372.0,84354.0,834798.0,Optimization terminated successfully. (HiGHS Status 7: Optimal),True,1.0,1800.0,True,0.0
20260825_195505-0400,20260825_195505-0400-0034,34,150,B6x7_stress_T30_S4,4,30,Greedy-Benefit,0.5802947004047966,0.8110979929161745,0.7755834829443448,23.0,0.7666666666666667,21.0,9.0,2200.0,0.9130434782608695,0.75,0.6376811594202898,38.869565217391305,73.0,90.0,308.22900015623253,158.25718530912684,149.97181484710572,0.0018826739213722969,0.0017339589830953628,,,,0.0017347919929306954,False,,,,,,,Constructive heuristic,True,,,,
20260825_195505-0400,20260825_195505-0400-0034,34,150,B6x7_stress_T30_S4,4,30,Greedy-Density-Operational,0.5465903886564469,0.831168831168831,0.7971274685816876,23.0,0.7666666666666667,22.0,8.0,2400.0,0.9565217391304348,0.6666666666666666,0.6956521739130435,38.95652173913044,84.0,105.0,342.7271366067498,174.17300274928328,168.55413385746652,0.001594826701112999,0.0014675830025225878,,,,0.0014681250031571835,False,,,,,,,Constructive heuristic,True,,,,
20260825_195505-0400,20260825_195505-0400-0034,34,150,B6x7_stress_T30_S4,4,30,HiGHS-1s,,,,,,,,,,,,,,,,,,,1.3597028340154793,1.3597028340154793,0.7399690410238691,0.18852141598472372,2.288193291024072,False,,,,152451.0,45778.0,411611.0,Time limit reached. (HiGHS Status 13: model_status is Time limit reached; primal_status is None),False,,1.0,False,1.0
20260825_195505-0400,20260825_195505-0400-0034,34,150,B6x7_stress_T30_S4,4,30,HiGHS-5s,,,,,,,,,,,,,,,,,,,5.8989966249791905,5.8989966249791905,0.7399690410238691,0.18852141598472372,6.827487081987783,False,,,,152451.0,45778.0,411611.0,Time limit reached. (HiGHS Status 13: model_status is Time limit reached; primal_status is None),False,,5.0,False,1.0
20260825_195505-0400,20260825_195505-0400-0034,34,150,B6x7_stress_T30_S4,4,30,HiGHS-15s,,,,,,,,,,,,,,,,,,,22.833647791005205,22.833647791005205,0.7399690410238691,0.18852141598472372,23.762138248013798,False,,,,152451.0,45778.0,411611.0,Time limit reached. (HiGHS Status 13: model_status is Time limit reached; primal_status is None),False,,15.0,False,1.0
20260825_195505-0400,20260825_195505-0400-0034,34,150,B6x7_stress_T30_S4,4,30,HiGHS-60s,0.0,0.0,0.0,0.0,0.0,0.0,0.0,0.0,0.0,0.0,0.0,,,0.0,0.0,0.0,0.0,,60.41889712502598,60.41889712502598,0.7399690410238691,0.18852141598472372,61.34738758203457,False,,-0.0,0.6692864942564607,152451.0,45778.0,411611.0,Time limit reached. (HiGHS Status 13: Time limit reached),True,0.0,60.0,False,1.0
20260825_195505-0400,20260825_195505-0400-0034,34,150,B6x7_stress_T30_S4,4,30,HiGHS-600s,0.6635898939300975,0.8347107438016528,0.8114901256732497,24.0,0.8,22.0,7.0,2700.0,0.9565217391304348,0.5833333333333334,0.782608695652174,36.75,71.0,95.0,292.8945008478887,151.74971774968316,141.1447830982055,0.002265627698741688,109.62050450002425,109.62050450002425,0.7399690410238691,0.18852141598472372,110.54899495703285,True,0.0,0.6635898939301079,0.6635898939301079,152451.0,45778.0,411611.0,Optimization terminated successfully. (HiGHS Status 7: Optimal),True,1.0,600.0,True,0.0
20260825_195505-0400,20260825_195505-0400-0034,34,150,B6x7_stress_T30_S4,4,30,HiGHS-1800s,0.6635898939300975,0.8347107438016528,0.8114901256732497,24.0,0.8,22.0,7.0,2700.0,0.9565217391304348,0.5833333333333334,0.782608695652174,36.75,71.0,95.0,292.8945008478887,151.74971774968316,141.1447830982055,0.002265627698741688,109.17647512498661,109.17647512498661,0.7399690410238691,0.18852141598472372,110.1049655819952,True,0.0,0.6635898939301079,0.6635898939301079,152451.0,45778.0,411611.0,Optimization terminated successfully. (HiGHS Status 7: Optimal),True,1.0,1800.0,True,0.0
20260825_195505-0400,20260825_195505-0400-0035,35,150,B6x7_stress_T30_S5,5,30,Greedy-Benefit,0.45929051240341207,0.6463547334058758,0.6373056994818654,19.0,0.6333333333333333,15.0,15.0,1150.0,0.6521739130434783,0.6818181818181818,0.5348837209302325,40.0,74.0,84.0,296.74206334178007,206.63194685586012,90.11011648591986,0.0015477769050706261,0.0015681670047342777,,,,0.0015688750136177987,False,,,,,,,Constructive heuristic,True,,,,
20260825_195505-0400,20260825_195505-0400-0035,35,150,B6x7_stress_T30_S5,5,30,Greedy-Density-Operational,0.47852684776773774,0.6898803046789989,0.689119170984456,22.0,0.7333333333333333,14.0,19.0,1150.0,0.6086956521739131,0.8636363636363636,0.5348837209302325,39.13636363636363,84.0,105.0,364.3705609595399,183.37015941086113,181.00040154867872,0.0013132972282600896,0.0014071250043343753,,,,0.0014075409853830934,False,,,,,,,Constructive heuristic,True,,,,
20260825_195505-0400,20260825_195505-0400-0035,35,150,B6x7_stress_T30_S5,5,30,HiGHS-1s,,,,,,,,,,,,,,,,,,,1.1582600830006413,1.1582600830006413,0.688483375008218,0.17175666699768044,2.0185001250065397,False,,,,132431.0,45484.0,351845.0,Time limit reached. (HiGHS Status 13: model_status is Time limit reached; primal_status is None),False,,1.0,False,1.0
20260825_195505-0400,20260825_195505-0400-0035,35,150,B6x7_stress_T30_S5,5,30,HiGHS-5s,,,,,,,,,,,,,,,,,,,6.265426333004143,6.265426333004143,0.688483375008218,0.17175666699768044,7.1256663750100415,False,,,,132431.0,45484.0,351845.0,Time limit reached. (HiGHS Status 13: model_status is Time limit reached; primal_status is None),False,,5.0,False,1.0
20260825_195505-0400,20260825_195505-0400-0035,35,150,B6x7_stress_T30_S5,5,30,HiGHS-15s,,,,,,,,,,,,,,,,,,,15.734339124988765,15.734339124988765,0.688483375008218,0.17175666699768044,16.594579166994663,False,,,,132431.0,45484.0,351845.0,Time limit reached. (HiGHS Status 13: model_status is Time limit reached; primal_status is None),False,,15.0,False,1.0
20260825_195505-0400,20260825_195505-0400-0035,35,150,B6x7_stress_T30_S5,5,30,HiGHS-60s,0.40411169191786994,0.5538628944504896,0.5509499136442142,17.0,0.5666666666666667,13.0,12.0,1150.0,0.5652173913043478,0.5454545454545454,0.5348837209302325,36.94117647058823,84.0,108.0,275.29519951471656,150.60260197189868,124.69259754281788,0.0014679213172994947,61.35670245799702,61.35670245799702,0.688483375008218,0.17175666699768044,62.216942500002915,False,0.35244272592797293,0.40411169191786994,0.5465379181967692,132431.0,45484.0,351845.0,Time limit reached. (HiGHS Status 13: Time limit reached),True,0.0,60.0,True,1.0
20260825_195505-0400,20260825_195505-0400-0035,35,150,B6x7_stress_T30_S5,5,30,HiGHS-600s,0.5465379181967693,0.7551686615886833,0.7409326424870467,23.0,0.7666666666666667,17.0,19.0,1150.0,0.7391304347826086,0.8636363636363636,0.5348837209302325,38.30434782608695,78.0,101.0,306.85277221778307,166.41100952760695,140.44176269017606,0.0017811079699448639,86.93042545797653,86.93042545797653,0.688483375008218,0.17175666699768044,87.79066549998242,True,0.0,0.5465379181967692,0.5465379181967692,132431.0,45484.0,351845.0,Optimization terminated successfully. (HiGHS Status 7: Optimal),True,1.0,600.0,True,0.0
20260825_195505-0400,20260825_195505-0400-0035,35,150,B6x7_stress_T30_S5,5,30,HiGHS-1800s,0.5465379181967693,0.7551686615886833,0.7409326424870467,23.0,0.7666666666666667,17.0,19.0,1150.0,0.7391304347826086,0.8636363636363636,0.5348837209302325,38.30434782608695,78.0,101.0,306.85277221778307,166.41100952760695,140.44176269017606,0.0017811079699448639,87.86645620898344,87.86645620898344,0.688483375008218,0.17175666699768044,88.72669625098933,True,0.0,0.5465379181967692,0.5465379181967692,132431.0,45484.0,351845.0,Optimization terminated successfully. (HiGHS Status 7: Optimal),True,1.0,1800.0,True,0.0
20260825_195505-0400,20260825_195505-0400-0036,36,150,B6x7_stress_T30_S6,6,30,Greedy-Benefit,0.4614604092469035,0.6538461538461541,0.6876155268022182,19.0,0.6333333333333333,10.0,11.0,2700.0,0.5263157894736842,0.7333333333333333,0.8059701492537313,45.10526315789474,92.0,115.0,396.93619497316683,216.233272656077,180.7029223170898,0.0011625556325950536,0.0017980829870793968,,,,0.0017988329927902669,False,,,,,,,Constructive heuristic,True,,,,
20260825_195505-0400,20260825_195505-0400-0036,36,150,B6x7_stress_T30_S6,6,30,Greedy-Density-Operational,0.48131157110027933,0.7444168734491314,0.7578558225508318,22.0,0.7333333333333333,15.0,8.0,3000.0,0.7894736842105263,0.5333333333333333,0.8955223880597015,44.04545454545455,90.0,113.0,376.3787660530568,189.74156867707796,186.63719737597881,0.0012787957624379653,0.0014080830151215196,,,,0.0014085000148043036,False,,,,,,,Constructive heuristic,True,,,,
20260825_195505-0400,20260825_195505-0400-0036,36,150,B6x7_stress_T30_S6,6,30,HiGHS-1s,,,,,,,,,,,,,,,,,,,1.4365766670089215,1.4365766670089215,0.4010391249903478,0.06831270799739286,1.9059284999966621,False,,,,73678.0,27538.0,193532.0,Time limit reached. (HiGHS Status 13: model_status is Time limit reached; primal_status is None),False,,1.0,False,1.0
20260825_195505-0400,20260825_195505-0400-0036,36,150,B6x7_stress_T30_S6,6,30,HiGHS-5s,,,,,,,,,,,,,,,,,,,5.348928999999771,5.348928999999771,0.4010391249903478,0.06831270799739286,5.8182808329875115,False,,,,73678.0,27538.0,193532.0,Time limit reached. (HiGHS Status 13: model_status is Time limit reached; primal_status is None),False,,5.0,False,1.0
20260825_195505-0400,20260825_195505-0400-0036,36,150,B6x7_stress_T30_S6,6,30,HiGHS-15s,,,,,,,,,,,,,,,,,,,15.152001124981325,15.152001124981325,0.4010391249903478,0.06831270799739286,15.621352957969066,False,,,,73678.0,27538.0,193532.0,Time limit reached. (HiGHS Status 13: model_status is Time limit reached; primal_status is None),False,,15.0,False,1.0
20260825_195505-0400,20260825_195505-0400-0036,36,150,B6x7_stress_T30_S6,6,30,HiGHS-60s,0.5804771032735883,0.8523573200992559,0.8724584103512015,24.0,0.8,15.0,13.0,3200.0,0.7894736842105263,0.8666666666666667,0.9552238805970149,42.875,88.0,106.0,370.5238090656327,194.27522784345,176.24858122218268,0.0015666391445597104,26.021937749988865,26.021937749988865,0.4010391249903478,0.06831270799739286,26.491289582976606,True,0.0,0.5804771032735883,0.5804771032735883,73678.0,27538.0,193532.0,Optimization terminated successfully. (HiGHS Status 7: Optimal),True,1.0,60.0,True,0.0
20260825_195505-0400,20260825_195505-0400-0036,36,150,B6x7_stress_T30_S6,6,30,HiGHS-600s,0.5804771032735883,0.8523573200992559,0.8724584103512015,24.0,0.8,15.0,13.0,3200.0,0.7894736842105263,0.8666666666666667,0.9552238805970149,42.875,88.0,106.0,370.5238090656327,194.27522784345,176.24858122218268,0.0015666391445597104,25.952883165999083,25.952883165999083,0.4010391249903478,0.06831270799739286,26.422234998986823,True,0.0,0.5804771032735883,0.5804771032735883,73678.0,27538.0,193532.0,Optimization terminated successfully. (HiGHS Status 7: Optimal),True,1.0,600.0,True,0.0
20260825_195505-0400,20260825_195505-0400-0036,36,150,B6x7_stress_T30_S6,6,30,HiGHS-1800s,0.5804771032735883,0.8523573200992559,0.8724584103512015,24.0,0.8,15.0,13.0,3200.0,0.7894736842105263,0.8666666666666667,0.9552238805970149,42.875,88.0,106.0,370.5238090656327,194.27522784345,176.24858122218268,0.0015666391445597104,25.46562574998825,25.46562574998825,0.4010391249903478,0.06831270799739286,25.93497758297599,True,0.0,0.5804771032735883,0.5804771032735883,73678.0,27538.0,193532.0,Optimization terminated successfully. (HiGHS Status 7: Optimal),True,1.0,1800.0,True,0.0
20260825_195505-0400,20260825_195505-0400-0037,37,150,B6x7_stress_T30_S7,7,30,Greedy-Benefit,0.553964230886079,0.7564102564102565,0.7745098039215685,22.0,0.7333333333333333,13.0,13.0,2250.0,0.7222222222222222,0.7222222222222222,0.9,40.5,83.0,100.0,317.2336392561549,182.34550863138543,134.8881306247695,0.0017462342019749443,0.0018713749886956066,,,,0.001871999993454665,False,,,,,,,Constructive heuristic,True,,,,
20260825_195505-0400,20260825_195505-0400-0037,37,150,B6x7_stress_T30_S7,7,30,Greedy-Density-Operational,0.5086276484519706,0.771794871794872,0.7392156862745096,22.0,0.7333333333333333,16.0,13.0,1450.0,0.8888888888888888,0.7222222222222222,0.58,35.27272727272727,92.0,115.0,330.7864959587533,172.6131935794363,158.173302379317,0.001537631235452226,0.0014392500161193311,,,,0.0014397080230992287,False,,,,,,,Constructive heuristic,True,,,,
20260825_195505-0400,20260825_195505-0400-0037,37,150,B6x7_stress_T30_S7,7,30,HiGHS-1s,,,,,,,,,,,,,,,,,,,2.851438749989029,2.851438749989029,3.0984855410060845,0.8091061669983901,6.759030457993504,False,,,,623852.0,143472.0,1728120.0,Time limit reached. (HiGHS Status 13: model_status is Time limit reached; primal_status is None),False,,1.0,False,1.0
20260825_195505-0400,20260825_195505-0400-0037,37,150,B6x7_stress_T30_S7,7,30,HiGHS-5s,,,,,,,,,,,,,,,,,,,6.625632209004834,6.625632209004834,3.0984855410060845,0.8091061669983901,10.533223917009309,False,,,,623852.0,143472.0,1728120.0,Time limit reached. (HiGHS Status 13: model_status is Time limit reached; primal_status is None),False,,5.0,False,1.0
20260825_195505-0400,20260825_195505-0400-0037,37,150,B6x7_stress_T30_S7,7,30,HiGHS-15s,,,,,,,,,,,,,,,,,,,17.1258447089931,17.1258447089931,3.0984855410060845,0.8091061669983901,21.033436416997574,False,,,,623852.0,143472.0,1728120.0,Time limit reached. (HiGHS Status 13: model_status is Time limit reached; primal_status is None),False,,15.0,False,1.0
20260825_195505-0400,20260825_195505-0400-0037,37,150,B6x7_stress_T30_S7,7,30,HiGHS-60s,,,,,,,,,,,,,,,,,,,122.05332491698209,122.05332491698209,3.0984855410060845,0.8091061669983901,125.96091662498657,False,,,,623852.0,143472.0,1728120.0,Time limit reached. (HiGHS Status 13: model_status is Time limit reached; primal_status is None),False,,60.0,False,1.0
20260825_195505-0400,20260825_195505-0400-0037,37,150,B6x7_stress_T30_S7,7,30,HiGHS-600s,0.0,0.0,0.0,0.0,0.0,0.0,0.0,0.0,0.0,0.0,0.0,,,0.0,0.0,0.0,0.0,,601.6765545419767,601.6765545419767,3.0984855410060845,0.8091061669983901,605.5841462499811,False,,-0.0,215.25472273935065,623852.0,143472.0,1728120.0,Time limit reached. (HiGHS Status 13: Time limit reached),True,0.0,600.0,False,1.0
20260825_195505-0400,20260825_195505-0400-0037,37,150,B6x7_stress_T30_S7,7,30,HiGHS-1800s,0.6057312507057927,0.7512820512820514,0.7470588235294118,22.0,0.7333333333333333,14.0,13.0,1850.0,0.7777777777777778,0.7222222222222222,0.74,34.13636363636363,67.0,86.0,262.4557844310703,143.0425702428564,119.41321418821393,0.002307936371144748,1175.0247122090077,1175.0247122090077,3.0984855410060845,0.8091061669983901,1178.9323039170122,True,0.0,0.6057312507057927,0.6057312507057927,623852.0,143472.0,1728120.0,Optimization terminated successfully. (HiGHS Status 7: Optimal),True,1.0,1800.0,True,0.0
20260825_195505-0400,20260825_195505-0400-0038,38,150,B6x7_stress_T30_S8,8,30,Greedy-Benefit,0.523694114943872,0.7314906219151037,0.7181528662420381,21.0,0.7,21.0,16.0,1350.0,0.75,0.7619047619047619,0.5869565217391305,41.42857142857143,81.0,104.0,381.9641089646666,200.07059167784848,181.89351728681814,0.0013710558208292708,0.002050000010058284,,,,0.002050459006568417,False,,,,,,,Constructive heuristic,True,,,,
20260825_195505-0400,20260825_195505-0400-0038,38,150,B6x7_stress_T30_S8,8,30,Greedy-Density-Operational,0.4829580130716235,0.75715695952616,0.7436305732484076,22.0,0.7333333333333333,22.0,16.0,1450.0,0.7857142857142857,0.7619047619047619,0.6304347826086957,44.81818181818182,85.0,111.0,402.7511382576423,205.62336872482976,197.12776953281258,0.0011991474813974887,0.0013341660087462515,,,,0.0013345830084290355,False,,,,,,,Constructive heuristic,True,,,,
20260825_195505-0400,20260825_195505-0400-0038,38,150,B6x7_stress_T30_S8,8,30,HiGHS-1s,,,,,,,,,,,,,,,,,,,1.3554981670167763,1.3554981670167763,0.8452237080200575,0.21360925000044517,2.414331125037279,False,,,,158295.0,55640.0,419281.0,Time limit reached. (HiGHS Status 13: model_status is Time limit reached; primal_status is None),False,,1.0,False,1.0
20260825_195505-0400,20260825_195505-0400-0038,38,150,B6x7_stress_T30_S8,8,30,HiGHS-5s,,,,,,,,,,,,,,,,,,,5.628333249973366,5.628333249973366,0.8452237080200575,0.21360925000044517,6.687166207993869,False,,,,158295.0,55640.0,419281.0,Time limit reached. (HiGHS Status 13: model_status is Time limit reached; primal_status is None),False,,5.0,False,1.0
20260825_195505-0400,20260825_195505-0400-0038,38,150,B6x7_stress_T30_S8,8,30,HiGHS-15s,,,,,,,,,,,,,,,,,,,15.841048917005537,15.841048917005537,0.8452237080200575,0.21360925000044517,16.89988187502604,False,,,,158295.0,55640.0,419281.0,Time limit reached. (HiGHS Status 13: model_status is Time limit reached; primal_status is None),False,,15.0,False,1.0
20260825_195505-0400,20260825_195505-0400-0038,38,150,B6x7_stress_T30_S8,8,30,HiGHS-60s,0.4127345407148523,0.5923000987166831,0.5414012738853502,17.0,0.5666666666666667,21.0,10.0,500.0,0.75,0.47619047619047616,0.21739130434782608,37.588235294117645,85.0,102.0,289.6314931840984,151.16745005828002,138.46404312581842,0.0014250333628342893,60.54553983299411,60.54553983299411,0.8452237080200575,0.21360925000044517,61.60437279101461,False,0.4027837609701672,0.4127345407148523,0.5789773113062752,158295.0,55640.0,419281.0,Time limit reached. (HiGHS Status 13: Time limit reached),True,0.0,60.0,True,1.0
20260825_195505-0400,20260825_195505-0400-0038,38,150,B6x7_stress_T30_S8,8,30,HiGHS-600s,0.5785765915782767,0.755182625863771,0.732484076433121,22.0,0.7333333333333333,21.0,19.0,1000.0,0.75,0.9047619047619048,0.43478260869565216,40.40909090909091,86.0,104.0,353.32907023564286,184.38021248797133,168.9488577476715,0.0016375006766140452,68.46458316600183,68.46458316600183,0.8452237080200575,0.21360925000044517,69.52341612402233,True,0.0,0.5785765915782766,0.5785765915782766,158295.0,55640.0,419281.0,Optimization terminated successfully. (HiGHS Status 7: Optimal),True,1.0,600.0,True,0.0
20260825_195505-0400,20260825_195505-0400-0038,38,150,B6x7_stress_T30_S8,8,30,HiGHS-1800s,0.5785765915782767,0.755182625863771,0.732484076433121,22.0,0.7333333333333333,21.0,19.0,1000.0,0.75,0.9047619047619048,0.43478260869565216,40.40909090909091,86.0,104.0,353.32907023564286,184.38021248797133,168.9488577476715,0.0016375006766140452,68.47877554199658,68.47877554199658,0.8452237080200575,0.21360925000044517,69.53760850001709,True,0.0,0.5785765915782766,0.5785765915782766,158295.0,55640.0,419281.0,Optimization terminated successfully. (HiGHS Status 7: Optimal),True,1.0,1800.0,True,0.0
20260825_195505-0400,20260825_195505-0400-0039,39,150,B6x7_stress_T30_S9,9,30,Greedy-Benefit,0.5464096876145776,0.7780320366132725,0.7468123861566482,22.0,0.7333333333333333,22.0,10.0,1500.0,0.8461538461538461,0.7692307692307693,0.5660377358490566,41.68181818181818,101.0,128.0,381.15687466848624,210.18928607948934,170.9675885889969,0.0014335559029069623,0.0016405830101575702,,,,0.001641167007619515,False,,,,,,,Constructive heuristic,True,,,,
20260825_195505-0400,20260825_195505-0400-0039,39,150,B6x7_stress_T30_S9,9,30,Greedy-Density-Operational,0.5205520230972526,0.7093821510297483,0.692167577413479,21.0,0.7,19.0,10.0,1500.0,0.7307692307692307,0.7692307692307693,0.5660377358490566,36.76190476190476,84.0,108.0,342.5484204774261,174.95031741768284,167.5981030597432,0.0015196450836694397,0.001550332992337644,,,,0.0015507499920204282,False,,,,,,,Constructive heuristic,True,,,,
20260825_195505-0400,20260825_195505-0400-0039,39,150,B6x7_stress_T30_S9,9,30,HiGHS-1s,,,,,,,,,,,,,,,,,,,1.3191257499856874,1.3191257499856874,0.7634146670170594,0.1973287909931969,2.2798692079959437,False,,,,160452.0,55557.0,425835.0,Time limit reached. (HiGHS Status 13: model_status is Time limit reached; primal_status is None),False,,1.0,False,1.0
20260825_195505-0400,20260825_195505-0400-0039,39,150,B6x7_stress_T30_S9,9,30,HiGHS-5s,,,,,,,,,,,,,,,,,,,6.365602957986994,6.365602957986994,0.7634146670170594,0.1973287909931969,7.32634641599725,False,,,,160452.0,55557.0,425835.0,Time limit reached. (HiGHS Status 13: model_status is Time limit reached; primal_status is None),False,,5.0,False,1.0
20260825_195505-0400,20260825_195505-0400-0039,39,150,B6x7_stress_T30_S9,9,30,HiGHS-15s,,,,,,,,,,,,,,,,,,,16.071553416986717,16.071553416986717,0.7634146670170594,0.1973287909931969,17.032296874996973,False,,,,160452.0,55557.0,425835.0,Time limit reached. (HiGHS Status 13: model_status is Time limit reached; primal_status is None),False,,15.0,False,1.0
20260825_195505-0400,20260825_195505-0400-0039,39,150,B6x7_stress_T30_S9,9,30,HiGHS-60s,0.14682789923214398,0.18993135011441648,0.17486338797814205,5.0,0.16666666666666666,5.0,4.0,100.0,0.19230769230769232,0.3076923076923077,0.03773584905660377,36.8,63.0,74.0,93.39716442527606,53.318581640844194,40.07858278443187,0.0015720809099040267,60.34690766700078,60.34690766700078,0.7634146670170594,0.1973287909931969,61.307651125011034,False,3.0687595133434775,0.14682789923214398,0.5974074118250233,160452.0,55557.0,425835.0,Time limit reached. (HiGHS Status 13: Time limit reached),True,0.0,60.0,True,1.0
20260825_195505-0400,20260825_195505-0400-0039,39,150,B6x7_stress_T30_S9,9,30,HiGHS-600s,0.5952118425684587,0.7345537757437072,0.6958105646630236,20.0,0.6666666666666666,21.0,10.0,1200.0,0.8076923076923077,0.7692307692307693,0.4528301886792453,35.3,83.0,107.0,310.63307468335455,169.0269121463955,141.60616253695903,0.0019161251363049186,97.1819588750077,97.1819588750077,0.7634146670170594,0.1973287909931969,98.14270233301795,True,0.0,0.5952118425684587,0.5952118425684587,160452.0,55557.0,425835.0,Optimization terminated successfully. (HiGHS Status 7: Optimal),True,1.0,600.0,True,0.0
20260825_195505-0400,20260825_195505-0400-0039,39,150,B6x7_stress_T30_S9,9,30,HiGHS-1800s,0.5952118425684587,0.7345537757437072,0.6958105646630236,20.0,0.6666666666666666,21.0,10.0,1200.0,0.8076923076923077,0.7692307692307693,0.4528301886792453,35.3,83.0,107.0,310.63307468335455,169.0269121463955,141.60616253695903,0.0019161251363049186,97.23906429100316,97.23906429100316,0.7634146670170594,0.1973287909931969,98.19980774901342,True,0.0,0.5952118425684587,0.5952118425684587,160452.0,55557.0,425835.0,Optimization terminated successfully. (HiGHS Status 7: Optimal),True,1.0,1800.0,True,0.0
20260825_195505-0400,20260825_195505-0400-0040,40,150,B6x7_stress_T30_S10,10,30,Greedy-Benefit,0.5183582997762358,0.7015655577299413,0.7118380062305294,20.0,0.6666666666666666,15.0,22.0,1450.0,0.6,0.8461538461538461,0.6590909090909091,38.6,81.0,99.0,330.4052154413552,188.46636417121258,141.93885127014272,0.0015688562878276994,0.0016294579836539924,,,,0.0016300829884130508,False,,,,,,,Constructive heuristic,True,,,,
20260825_195505-0400,20260825_195505-0400-0040,40,150,B6x7_stress_T30_S10,10,30,Greedy-Density-Operational,0.5161651229396337,0.7240704500978473,0.7476635514018691,22.0,0.7333333333333333,13.0,26.0,1500.0,0.52,1.0,0.6818181818181818,34.09090909090909,73.0,96.0,287.49960031482107,146.15269449278205,141.34690582203896,0.0017953594452806776,0.0013879589969292283,,,,0.0013883339997846633,False,,,,,,,Constructive heuristic,True,,,,
20260825_195505-0400,20260825_195505-0400-0040,40,150,B6x7_stress_T30_S10,10,30,HiGHS-1s,,,,,,,,,,,,,,,,,,,1.223683207994327,1.223683207994327,0.7766411250049714,0.23512654099613428,2.2354508739954326,False,,,,156609.0,54655.0,415208.0,Time limit reached. (HiGHS Status 13: model_status is Time limit reached; primal_status is None),False,,1.0,False,1.0
20260825_195505-0400,20260825_195505-0400-0040,40,150,B6x7_stress_T30_S10,10,30,HiGHS-5s,,,,,,,,,,,,,,,,,,,5.475309375004144,5.475309375004144,0.7766411250049714,0.23512654099613428,6.48707704100525,False,,,,156609.0,54655.0,415208.0,Time limit reached. (HiGHS Status 13: model_status is Time limit reached; primal_status is None),False,,5.0,False,1.0
20260825_195505-0400,20260825_195505-0400-0040,40,150,B6x7_stress_T30_S10,10,30,HiGHS-15s,,,,,,,,,,,,,,,,,,,17.59088616698864,17.59088616698864,0.7766411250049714,0.23512654099613428,18.602653832989745,False,,,,156609.0,54655.0,415208.0,Time limit reached. (HiGHS Status 13: model_status is Time limit reached; primal_status is None),False,,15.0,False,1.0
20260825_195505-0400,20260825_195505-0400-0040,40,150,B6x7_stress_T30_S10,10,30,HiGHS-60s,0.36775643563428706,0.518590998043053,0.5140186915887849,14.0,0.4666666666666667,13.0,14.0,1000.0,0.52,0.5384615384615384,0.45454545454545453,34.214285714285715,70.0,87.0,196.62347927575053,99.43998873397207,97.1834905417785,0.0018703587027800207,60.55300849999185,60.55300849999185,0.7766411250049714,0.23512654099613428,61.56477616599295,False,0.611812826127666,0.36775643563428706,0.5927545398463373,156609.0,54655.0,415208.0,Time limit reached. (HiGHS Status 13: Time limit reached),True,0.0,60.0,True,1.0
20260825_195505-0400,20260825_195505-0400-0040,40,150,B6x7_stress_T30_S10,10,30,HiGHS-600s,0.586478802937801,0.7671232876712328,0.8006230529595014,23.0,0.7666666666666667,14.0,26.0,1900.0,0.56,1.0,0.8636363636363636,37.30434782608695,78.0,99.0,310.049470906962,165.49825824739338,144.55121265956862,0.0018915652435149244,104.69195587499416,104.69195587499416,0.7766411250049714,0.23512654099613428,105.70372354099527,True,0.0,0.586478802937815,0.586478802937815,156609.0,54655.0,415208.0,Optimization terminated successfully. (HiGHS Status 7: Optimal),True,1.0,600.0,True,0.0
20260825_195505-0400,20260825_195505-0400-0040,40,150,B6x7_stress_T30_S10,10,30,HiGHS-1800s,0.586478802937801,0.7671232876712328,0.8006230529595014,23.0,0.7666666666666667,14.0,26.0,1900.0,0.56,1.0,0.8636363636363636,37.30434782608695,78.0,99.0,310.049470906962,165.49825824739338,144.55121265956862,0.0018915652435149244,104.356985542021,104.356985542021,0.7766411250049714,0.23512654099613428,105.3687532080221,True,0.0,0.586478802937815,0.586478802937815,156609.0,54655.0,415208.0,Optimization terminated successfully. (HiGHS Status 7: Optimal),True,1.0,1800.0,True,0.0
20260825_195505-0400,20260825_195505-0400-0041,41,150,B6x7_stress_T30_S11,11,30,Greedy-Benefit,0.47973084714152553,0.6280107047279216,0.6619115549215409,20.0,0.6666666666666666,19.0,10.0,2900.0,0.5588235294117647,0.625,0.8656716417910447,39.2,82.0,101.0,351.78153631951153,192.64401476206785,159.13752155744362,0.0013637180966365498,0.0017448330181650817,,,,0.0017456250207033008,False,,,,,,,Constructive heuristic,True,,,,
20260825_195505-0400,20260825_195505-0400-0041,41,150,B6x7_stress_T30_S11,11,30,Greedy-Density-Operational,0.47027485272225134,0.6636931311329171,0.6904422253922968,22.0,0.7333333333333333,21.0,10.0,2900.0,0.6176470588235294,0.625,0.8656716417910447,37.40909090909091,82.0,103.0,372.2721793151172,187.51467270068542,184.75750661443175,0.0012632554320535937,0.0013722919975407422,,,,0.0013727920013479888,False,,,,,,,Constructive heuristic,True,,,,
20260825_195505-0400,20260825_195505-0400-0041,41,150,B6x7_stress_T30_S11,11,30,HiGHS-1s,,,,,,,,,,,,,,,,,,,1.3143717500206549,1.3143717500206549,0.3448234579991549,0.11390170900267549,1.7730969170224853,False,,,,67701.0,29519.0,173620.0,Time limit reached. (HiGHS Status 13: model_status is Time limit reached; primal_status is None),False,,1.0,False,1.0
20260825_195505-0400,20260825_195505-0400-0041,41,150,B6x7_stress_T30_S11,11,30,HiGHS-5s,,,,,,,,,,,,,,,,,,,6.76830104200053,6.76830104200053,0.3448234579991549,0.11390170900267549,7.227026209002361,False,,,,67701.0,29519.0,173620.0,Time limit reached. (HiGHS Status 13: model_status is Time limit reached; primal_status is None),False,,5.0,False,1.0
20260825_195505-0400,20260825_195505-0400-0041,41,150,B6x7_stress_T30_S11,11,30,HiGHS-15s,0.37636085828746363,0.4594112399643176,0.4778887303851641,15.0,0.5,16.0,4.0,2250.0,0.47058823529411764,0.25,0.6716417910447762,34.86666666666667,70.0,90.0,199.73644653804078,102.26628489084774,97.47016164719304,0.00188428734370111,15.270251709007425,15.270251709007425,0.3448234579991549,0.11390170900267549,15.728976876009256,False,0.43435331151902257,0.37636085828746363,0.539834443410765,67701.0,29519.0,173620.0,Time limit reached. (HiGHS Status 13: Time limit reached),True,0.0,15.0,True,1.0
20260825_195505-0400,20260825_195505-0400-0041,41,150,B6x7_stress_T30_S11,11,30,HiGHS-60s,0.5358008252463252,0.7439785905441572,0.7617689015691869,23.0,0.7666666666666667,24.0,12.0,2900.0,0.7058823529411765,0.75,0.8656716417910447,39.34782608695652,86.0,109.0,331.81789103888923,169.24684190688376,162.57104913200558,0.0016147436281051194,21.000652083021123,21.000652083021123,0.3448234579991549,0.11390170900267549,21.459377250022953,True,0.0,0.5358008252463251,0.5358008252463251,67701.0,29519.0,173620.0,Optimization terminated successfully. (HiGHS Status 7: Optimal),True,1.0,60.0,True,0.0
20260825_195505-0400,20260825_195505-0400-0041,41,150,B6x7_stress_T30_S11,11,30,HiGHS-600s,0.5358008252463252,0.7439785905441572,0.7617689015691869,23.0,0.7666666666666667,24.0,12.0,2900.0,0.7058823529411765,0.75,0.8656716417910447,39.34782608695652,86.0,109.0,331.81789103888923,169.24684190688376,162.57104913200558,0.0016147436281051194,21.08030724999844,21.08030724999844,0.3448234579991549,0.11390170900267549,21.53903241700027,True,0.0,0.5358008252463251,0.5358008252463251,67701.0,29519.0,173620.0,Optimization terminated successfully. (HiGHS Status 7: Optimal),True,1.0,600.0,True,0.0
20260825_195505-0400,20260825_195505-0400-0041,41,150,B6x7_stress_T30_S11,11,30,HiGHS-1800s,0.5358008252463252,0.7439785905441572,0.7617689015691869,23.0,0.7666666666666667,24.0,12.0,2900.0,0.7058823529411765,0.75,0.8656716417910447,39.34782608695652,86.0,109.0,331.81789103888923,169.24684190688376,162.57104913200558,0.0016147436281051194,20.6776359170035,20.6776359170035,0.3448234579991549,0.11390170900267549,21.13636108400533,True,0.0,0.5358008252463251,0.5358008252463251,67701.0,29519.0,173620.0,Optimization terminated successfully. (HiGHS Status 7: Optimal),True,1.0,1800.0,True,0.0
20260825_195505-0400,20260825_195505-0400-0042,42,150,B6x7_stress_T30_S12,12,30,Greedy-Benefit,0.6044581952495608,0.7593750000000001,0.7504424778761064,22.0,0.7333333333333333,24.0,13.0,900.0,0.8,0.6842105263157895,0.72,35.90909090909091,78.0,100.0,279.48312851399385,159.6875582618613,119.7955702521325,0.002162771679505138,0.0015227089752443135,,,,0.0015232089790515602,False,,,,,,,Constructive heuristic,True,,,,
20260825_195505-0400,20260825_195505-0400-0042,42,150,B6x7_stress_T30_S12,12,30,Greedy-Density-Operational,0.5939425021436704,0.8531250000000002,0.8389380530973454,25.0,0.8333333333333334,27.0,15.0,900.0,0.9,0.7894736842105263,0.72,42.76,91.0,115.0,400.6889529368537,211.1556145860891,189.53333835076464,0.0014823031625662822,0.0013152499741408974,,,,0.0013155829801689833,False,,,,,,,Constructive heuristic,True,,,,
20260825_195505-0400,20260825_195505-0400-0042,42,150,B6x7_stress_T30_S12,12,30,HiGHS-1s,,,,,,,,,,,,,,,,,,,1.3687322500045411,1.3687322500045411,1.4241443749924656,0.39030058300704695,3.1831772080040537,False,,,,299035.0,95618.0,801523.0,Time limit reached. (HiGHS Status 13: model_status is Time limit reached; primal_status is None),False,,1.0,False,1.0
20260825_195505-0400,20260825_195505-0400-0042,42,150,B6x7_stress_T30_S12,12,30,HiGHS-5s,,,,,,,,,,,,,,,,,,,5.687428833014565,5.687428833014565,1.4241443749924656,0.39030058300704695,7.501873791014077,False,,,,299035.0,95618.0,801523.0,Time limit reached. (HiGHS Status 13: model_status is Time limit reached; primal_status is None),False,,5.0,False,1.0
20260825_195505-0400,20260825_195505-0400-0042,42,150,B6x7_stress_T30_S12,12,30,HiGHS-15s,,,,,,,,,,,,,,,,,,,17.4664541669772,17.4664541669772,1.4241443749924656,0.39030058300704695,19.280899124976713,False,,,,299035.0,95618.0,801523.0,Time limit reached. (HiGHS Status 13: model_status is Time limit reached; primal_status is None),False,,15.0,False,1.0
20260825_195505-0400,20260825_195505-0400-0042,42,150,B6x7_stress_T30_S12,12,30,HiGHS-60s,,,,,,,,,,,,,,,,,,,74.14847908401862,74.14847908401862,1.4241443749924656,0.39030058300704695,75.96292404201813,False,,,,299035.0,95618.0,801523.0,Time limit reached. (HiGHS Status 13: model_status is Time limit reached; primal_status is None),False,,60.0,False,1.0
20260825_195505-0400,20260825_195505-0400-0042,42,150,B6x7_stress_T30_S12,12,30,HiGHS-600s,0.6527248240757204,0.8531250000000001,0.8389380530973454,25.0,0.8333333333333334,27.0,15.0,900.0,0.9,0.7894736842105263,0.72,39.04,83.0,107.0,317.45215115374447,171.9534235632555,145.49872759048893,0.002056136087607108,360.39035016699927,360.39035016699927,1.4241443749924656,0.39030058300704695,362.2047951249988,True,0.0,0.6527248240757216,0.6527248240757216,299035.0,95618.0,801523.0,Optimization terminated successfully. (HiGHS Status 7: Optimal),True,1.0,600.0,True,0.0
20260825_195505-0400,20260825_195505-0400-0042,42,150,B6x7_stress_T30_S12,12,30,HiGHS-1800s,0.6527248240757204,0.8531250000000001,0.8389380530973454,25.0,0.8333333333333334,27.0,15.0,900.0,0.9,0.7894736842105263,0.72,39.04,83.0,107.0,317.45215115374447,171.9534235632555,145.49872759048893,0.002056136087607108,361.0638622920087,361.0638622920087,1.4241443749924656,0.39030058300704695,362.8783072500082,True,0.0,0.6527248240757216,0.6527248240757216,299035.0,95618.0,801523.0,Optimization terminated successfully. (HiGHS Status 7: Optimal),True,1.0,1800.0,True,0.0
20260825_195505-0400,20260825_195505-0400-0043,43,150,B6x7_stress_T30_S13,13,30,Greedy-Benefit,0.5505481587161517,0.7828685258964142,0.7808219178082193,21.0,0.7,27.0,12.0,1100.0,0.7941176470588235,0.75,0.7857142857142857,39.38095238095238,88.0,112.0,346.3718072710829,179.1216290008413,167.25017827024155,0.0015894716231488006,0.0018964170012623072,,,,0.001897374982945621,False,,,,,,,Constructive heuristic,True,,,,
20260825_195505-0400,20260825_195505-0400-0043,43,150,B6x7_stress_T30_S13,13,30,Greedy-Density-Operational,0.6077863732427023,0.8007968127490039,0.8116438356164385,23.0,0.7666666666666667,27.0,12.0,1400.0,0.7941176470588235,0.75,1.0,34.65217391304348,89.0,113.0,329.09604634851416,167.2953053326706,161.80074101584353,0.001846835840133594,0.0013831660035066307,,,,0.0013836660073138773,False,,,,,,,Constructive heuristic,True,,,,
20260825_195505-0400,20260825_195505-0400-0043,43,150,B6x7_stress_T30_S13,13,30,HiGHS-1s,,,,,,,,,,,,,,,,,,,1.381159291981021,1.381159291981021,1.4553363750164863,0.4130714169878047,3.249567083985312,False,,,,303456.0,92329.0,818075.0,Time limit reached. (HiGHS Status 13: model_status is Time limit reached; primal_status is None),False,,1.0,False,1.0
20260825_195505-0400,20260825_195505-0400-0043,43,150,B6x7_stress_T30_S13,13,30,HiGHS-5s,,,,,,,,,,,,,,,,,,,5.835858959006146,5.835858959006146,1.4553363750164863,0.4130714169878047,7.704266751010437,False,,,,303456.0,92329.0,818075.0,Time limit reached. (HiGHS Status 13: model_status is Time limit reached; primal_status is None),False,,5.0,False,1.0
20260825_195505-0400,20260825_195505-0400-0043,43,150,B6x7_stress_T30_S13,13,30,HiGHS-15s,,,,,,,,,,,,,,,,,,,15.406707457994344,15.406707457994344,1.4553363750164863,0.4130714169878047,17.275115249998635,False,,,,303456.0,92329.0,818075.0,Time limit reached. (HiGHS Status 13: model_status is Time limit reached; primal_status is None),False,,15.0,False,1.0
20260825_195505-0400,20260825_195505-0400-0043,43,150,B6x7_stress_T30_S13,13,30,HiGHS-60s,,,,,,,,,,,,,,,,,,,105.80360199999996,105.80360199999996,1.4553363750164863,0.4130714169878047,107.67200979200425,False,,,,303456.0,92329.0,818075.0,Time limit reached. (HiGHS Status 13: model_status is Time limit reached; primal_status is None),False,,60.0,False,1.0
20260825_195505-0400,20260825_195505-0400-0043,43,150,B6x7_stress_T30_S13,13,30,HiGHS-600s,0.6717389698101386,0.805776892430279,0.8030821917808221,23.0,0.7666666666666667,28.0,12.0,1150.0,0.8235294117647058,0.75,0.8214285714285714,34.91304347826087,86.0,109.0,314.45851365173917,167.0303607548425,147.42815289689668,0.0021361767630628864,460.8724273330008,460.8724273330008,1.4553363750164863,0.4130714169878047,462.7408351250051,True,0.0,0.6717389698101428,0.6717389698101428,303456.0,92329.0,818075.0,Optimization terminated successfully. (HiGHS Status 7: Optimal),True,40.0,600.0,True,0.0
20260825_195505-0400,20260825_195505-0400-0043,43,150,B6x7_stress_T30_S13,13,30,HiGHS-1800s,0.6717389698101386,0.805776892430279,0.8030821917808221,23.0,0.7666666666666667,28.0,12.0,1150.0,0.8235294117647058,0.75,0.8214285714285714,34.91304347826087,86.0,109.0,314.45851365173917,167.0303607548425,147.42815289689668,0.0021361767630628864,459.85185670800274,459.85185670800274,1.4553363750164863,0.4130714169878047,461.72026450000703,True,0.0,0.6717389698101428,0.6717389698101428,303456.0,92329.0,818075.0,Optimization terminated successfully. (HiGHS Status 7: Optimal),True,40.0,1800.0,True,0.0
20260825_195505-0400,20260825_195505-0400-0044,44,150,B6x7_stress_T30_S14,14,30,Greedy-Benefit,0.448579543539341,0.6892039258451473,0.6933560477001705,22.0,0.7333333333333333,10.0,25.0,950.0,0.625,0.7352941176470589,0.6551724137931034,43.90909090909091,90.0,117.0,425.6278491575001,214.12442760175068,211.50342155574938,0.0010539243247998742,0.0015504170150961727,,,,0.0015509170189034194,False,,,,,,,Constructive heuristic,True,,,,
20260825_195505-0400,20260825_195505-0400-0044,44,150,B6x7_stress_T30_S14,14,30,Greedy-Density-Operational,0.4274124900816067,0.6892039258451472,0.6933560477001702,22.0,0.7333333333333333,10.0,25.0,950.0,0.625,0.7352941176470589,0.6551724137931034,41.81818181818182,92.0,115.0,427.6184272345377,215.3182609129546,212.30016632158313,0.0009995184090773102,0.0012565839861053973,,,,0.0012569169921334833,False,,,,,,,Constructive heuristic,True,,,,
20260825_195505-0400,20260825_195505-0400-0044,44,150,B6x7_stress_T30_S14,14,30,HiGHS-1s,,,,,,,,,,,,,,,,,,,1.20541462500114,1.20541462500114,0.6159563339897431,0.15783337500761263,1.9792043339984957,False,,,,119342.0,39438.0,318624.0,Time limit reached. (HiGHS Status 13: model_status is Time limit reached; primal_status is None),False,,1.0,False,1.0
20260825_195505-0400,20260825_195505-0400-0044,44,150,B6x7_stress_T30_S14,14,30,HiGHS-5s,,,,,,,,,,,,,,,,,,,5.971541042003082,5.971541042003082,0.6159563339897431,0.15783337500761263,6.745330751000438,False,,,,119342.0,39438.0,318624.0,Time limit reached. (HiGHS Status 13: model_status is Time limit reached; primal_status is None),False,,5.0,False,1.0
20260825_195505-0400,20260825_195505-0400-0044,44,150,B6x7_stress_T30_S14,14,30,HiGHS-15s,,,,,,,,,,,,,,,,,,,18.010913582984358,18.010913582984358,0.6159563339897431,0.15783337500761263,18.784703291981714,False,,,,119342.0,39438.0,318624.0,Time limit reached. (HiGHS Status 13: model_status is Time limit reached; primal_status is None),False,,15.0,False,1.0
20260825_195505-0400,20260825_195505-0400-0044,44,150,B6x7_stress_T30_S14,14,30,HiGHS-60s,0.4141551805089198,0.5114503816793894,0.5178875638841567,13.0,0.43333333333333335,8.0,17.0,900.0,0.5,0.5,0.6206896551724138,32.46153846153846,86.0,108.0,225.5914055836697,112.79570279183487,112.79570279183486,0.0018358641785904098,60.28878345899284,60.28878345899284,0.6159563339897431,0.15783337500761263,61.062573167990195,False,0.259527251895218,0.4141551805089198,0.5216397363645677,119342.0,39438.0,318624.0,Time limit reached. (HiGHS Status 13: Time limit reached),True,0.0,60.0,True,1.0
20260825_195505-0400,20260825_195505-0400-0044,44,150,B6x7_stress_T30_S14,14,30,HiGHS-600s,0.5192781258350073,0.732824427480916,0.7614991482112435,22.0,0.7333333333333333,9.0,27.0,1450.0,0.5625,0.7941176470588235,1.0,40.95454545454545,86.0,108.0,369.47966371020834,185.526114018261,183.9535496919473,0.0014054308716765788,74.05451512499712,74.05451512499712,0.6159563339897431,0.15783337500761263,74.82830483399448,True,0.0,0.5192781258350078,0.5192781258350078,119342.0,39438.0,318624.0,Optimization terminated successfully. (HiGHS Status 7: Optimal),True,1.0,600.0,True,0.0
20260825_195505-0400,20260825_195505-0400-0044,44,150,B6x7_stress_T30_S14,14,30,HiGHS-1800s,0.5192781258350073,0.732824427480916,0.7614991482112435,22.0,0.7333333333333333,9.0,27.0,1450.0,0.5625,0.7941176470588235,1.0,40.95454545454545,86.0,108.0,369.47966371020834,185.526114018261,183.9535496919473,0.0014054308716765788,74.62224562498159,74.62224562498159,0.6159563339897431,0.15783337500761263,75.39603533397894,True,0.0,0.5192781258350078,0.5192781258350078,119342.0,39438.0,318624.0,Optimization terminated successfully. (HiGHS Status 7: Optimal),True,1.0,1800.0,True,0.0
20260825_195505-0400,20260825_195505-0400-0045,45,150,B6x7_stress_T30_S15,15,30,Greedy-Benefit,0.4788017147067332,0.7652347652347653,0.7689768976897687,21.0,0.7,20.0,20.0,1100.0,0.8,0.6896551724137931,1.0,41.76190476190476,90.0,112.0,372.24759739891897,209.66043835805036,162.58715904086867,0.0012862452788207671,0.001729458977933973,,,,0.0017299589817412198,False,,,,,,,Constructive heuristic,True,,,,
20260825_195505-0400,20260825_195505-0400-0045,45,150,B6x7_stress_T30_S15,15,30,Greedy-Density-Operational,0.4908005697515931,0.7562437562437565,0.7376237623762373,21.0,0.7,20.0,22.0,450.0,0.8,0.7586206896551724,0.4090909090909091,37.142857142857146,81.0,101.0,352.6094161069101,179.26623742464156,173.34317868226861,0.001391909992564645,0.0014357909967657179,,,,0.0014362910005729645,False,,,,,,,Constructive heuristic,True,,,,
20260825_195505-0400,20260825_195505-0400-0045,45,150,B6x7_stress_T30_S15,15,30,HiGHS-1s,,,,,,,,,,,,,,,,,,,1.3960824999958277,1.3960824999958277,0.558600916992873,0.18394645801163279,2.1386298750003334,False,,,,111915.0,42517.0,293264.0,Time limit reached. (HiGHS Status 13: model_status is Time limit reached; primal_status is None),False,,1.0,False,1.0
20260825_195505-0400,20260825_195505-0400-0045,45,150,B6x7_stress_T30_S15,15,30,HiGHS-5s,,,,,,,,,,,,,,,,,,,5.227723415999208,5.227723415999208,0.558600916992873,0.18394645801163279,5.970270791003713,False,,,,111915.0,42517.0,293264.0,Time limit reached. (HiGHS Status 13: model_status is Time limit reached; primal_status is None),False,,5.0,False,1.0
20260825_195505-0400,20260825_195505-0400-0045,45,150,B6x7_stress_T30_S15,15,30,HiGHS-15s,,,,,,,,,,,,,,,,,,,16.852496833977057,16.852496833977057,0.558600916992873,0.18394645801163279,17.595044208981562,False,,,,111915.0,42517.0,293264.0,Time limit reached. (HiGHS Status 13: model_status is Time limit reached; primal_status is None),False,,15.0,False,1.0
20260825_195505-0400,20260825_195505-0400-0045,45,150,B6x7_stress_T30_S15,15,30,HiGHS-60s,0.6160328697750649,0.8351648351648352,0.8349834983498345,23.0,0.7666666666666667,22.0,22.0,1100.0,0.88,0.7586206896551724,1.0,38.391304347826086,79.0,96.0,313.43476469113136,164.79513407451,148.6396306166214,0.0019654261083071733,29.299560041021323,29.299560041021323,0.558600916992873,0.18394645801163279,30.04210741602583,True,0.0,0.616032869775065,0.616032869775065,111915.0,42517.0,293264.0,Optimization terminated successfully. (HiGHS Status 7: Optimal),True,1.0,60.0,True,0.0
20260825_195505-0400,20260825_195505-0400-0045,45,150,B6x7_stress_T30_S15,15,30,HiGHS-600s,0.6160328697750649,0.8351648351648352,0.8349834983498345,23.0,0.7666666666666667,22.0,22.0,1100.0,0.88,0.7586206896551724,1.0,38.391304347826086,79.0,96.0,313.43476469113136,164.79513407451,148.6396306166214,0.0019654261083071733,29.27564712500316,29.27564712500316,0.558600916992873,0.18394645801163279,30.018194500007667,True,0.0,0.616032869775065,0.616032869775065,111915.0,42517.0,293264.0,Optimization terminated successfully. (HiGHS Status 7: Optimal),True,1.0,600.0,True,0.0
20260825_195505-0400,20260825_195505-0400-0045,45,150,B6x7_stress_T30_S15,15,30,HiGHS-1800s,0.6160328697750649,0.8351648351648352,0.8349834983498345,23.0,0.7666666666666667,22.0,22.0,1100.0,0.88,0.7586206896551724,1.0,38.391304347826086,79.0,96.0,313.43476469113136,164.79513407451,148.6396306166214,0.0019654261083071733,29.05844699998852,29.05844699998852,0.558600916992873,0.18394645801163279,29.800994374993024,True,0.0,0.616032869775065,0.616032869775065,111915.0,42517.0,293264.0,Optimization terminated successfully. (HiGHS Status 7: Optimal),True,1.0,1800.0,True,0.0
20260825_195505-0400,20260825_195505-0400-0046,46,150,B6x7_stress_T30_S16,16,30,Greedy-Benefit,0.502230209288025,0.7405660377358488,0.7716535433070867,22.0,0.7333333333333333,22.0,15.0,2000.0,0.6285714285714286,1.0,0.8888888888888888,43.81818181818182,87.0,109.0,393.9299470877162,213.73447584610707,180.19547124160914,0.001274922642974878,0.0017322080093435943,,,,0.001732708013150841,False,,,,,,,Constructive heuristic,True,,,,
20260825_195505-0400,20260825_195505-0400-0046,46,150,B6x7_stress_T30_S16,16,30,Greedy-Density-Operational,0.5479296322470762,0.7735849056603772,0.8110236220472441,24.0,0.8,23.0,15.0,2250.0,0.6571428571428571,1.0,1.0,37.041666666666664,81.0,102.0,344.3163463147672,173.52637269565275,170.78997361911442,0.0015913552699765518,0.0014511250192299485,,,,0.0014515420189127326,False,,,,,,,Constructive heuristic,True,,,,
20260825_195505-0400,20260825_195505-0400-0046,46,150,B6x7_stress_T30_S16,16,30,HiGHS-1s,,,,,,,,,,,,,,,,,,,1.2391164999862667,1.2391164999862667,0.7924458749766927,0.20941683399723843,2.240979208960198,False,,,,170103.0,61289.0,449056.0,Time limit reached. (HiGHS Status 13: model_status is Time limit reached; primal_status is None),False,,1.0,False,1.0
20260825_195505-0400,20260825_195505-0400-0046,46,150,B6x7_stress_T30_S16,16,30,HiGHS-5s,,,,,,,,,,,,,,,,,,,5.626375916006509,5.626375916006509,0.7924458749766927,0.20941683399723843,6.62823862498044,False,,,,170103.0,61289.0,449056.0,Time limit reached. (HiGHS Status 13: model_status is Time limit reached; primal_status is None),False,,5.0,False,1.0
20260825_195505-0400,20260825_195505-0400-0046,46,150,B6x7_stress_T30_S16,16,30,HiGHS-15s,,,,,,,,,,,,,,,,,,,17.990554541000165,17.990554541000165,0.7924458749766927,0.20941683399723843,18.992417249974096,False,,,,170103.0,61289.0,449056.0,Time limit reached. (HiGHS Status 13: model_status is Time limit reached; primal_status is None),False,,15.0,False,1.0
20260825_195505-0400,20260825_195505-0400-0046,46,150,B6x7_stress_T30_S16,16,30,HiGHS-60s,0.6362195769894432,0.8867924528301884,0.9055118110236221,27.0,0.9,29.0,15.0,2250.0,0.8285714285714286,1.0,1.0,40.370370370370374,86.0,108.0,367.3876663416711,192.71320959196396,174.67445674970713,0.0017317390736730884,47.412337417015806,47.412337417015806,0.7924458749766927,0.20941683399723843,48.41420012598974,True,0.0,0.6362195769894431,0.6362195769894431,170103.0,61289.0,449056.0,Optimization terminated successfully. (HiGHS Status 7: Optimal),True,1.0,60.0,True,0.0
20260825_195505-0400,20260825_195505-0400-0046,46,150,B6x7_stress_T30_S16,16,30,HiGHS-600s,0.6362195769894432,0.8867924528301884,0.9055118110236221,27.0,0.9,29.0,15.0,2250.0,0.8285714285714286,1.0,1.0,40.370370370370374,86.0,108.0,367.3876663416711,192.71320959196396,174.67445674970713,0.0017317390736730884,48.618420916987816,48.618420916987816,0.7924458749766927,0.20941683399723843,49.62028362596175,True,0.0,0.6362195769894431,0.6362195769894431,170103.0,61289.0,449056.0,Optimization terminated successfully. (HiGHS Status 7: Optimal),True,1.0,600.0,True,0.0
20260825_195505-0400,20260825_195505-0400-0046,46,150,B6x7_stress_T30_S16,16,30,HiGHS-1800s,0.6362195769894432,0.8867924528301884,0.9055118110236221,27.0,0.9,29.0,15.0,2250.0,0.8285714285714286,1.0,1.0,40.370370370370374,86.0,108.0,367.3876663416711,192.71320959196396,174.67445674970713,0.0017317390736730884,46.93157991699991,46.93157991699991,0.7924458749766927,0.20941683399723843,47.93344262597384,True,0.0,0.6362195769894431,0.6362195769894431,170103.0,61289.0,449056.0,Optimization terminated successfully. (HiGHS Status 7: Optimal),True,1.0,1800.0,True,0.0
20260825_195505-0400,20260825_195505-0400-0047,47,150,B6x7_stress_T30_S17,17,30,Greedy-Benefit,0.5103195838156391,0.7413622902270484,0.7283737024221453,22.0,0.7333333333333333,29.0,8.0,850.0,0.7837837837837838,0.6153846153846154,0.6538461538461539,38.68181818181818,79.0,100.0,326.9876961664143,192.9390038717579,134.04869229465635,0.0015606690704225198,0.0016940000059548765,,,,0.001694625010713935,False,,,,,,,Constructive heuristic,True,,,,
20260825_195505-0400,20260825_195505-0400-0047,47,150,B6x7_stress_T30_S17,17,30,Greedy-Density-Operational,0.5136453522461567,0.7117472852912141,0.7110726643598616,22.0,0.7333333333333333,26.0,10.0,850.0,0.7027027027027027,0.7692307692307693,0.6538461538461539,34.72727272727273,80.0,97.0,326.14445212942144,172.86554779119996,153.27890433822154,0.0015749013938226694,0.001498500001616776,,,,0.0014989160117693245,False,,,,,,,Constructive heuristic,True,,,,
20260825_195505-0400,20260825_195505-0400-0047,47,150,B6x7_stress_T30_S17,17,30,HiGHS-1s,,,,,,,,,,,,,,,,,,,1.4216845000046305,1.4216845000046305,0.8047398749913555,0.2486535409989301,2.475077915994916,False,,,,167658.0,60588.0,442422.0,Time limit reached. (HiGHS Status 13: model_status is Time limit reached; primal_status is None),False,,1.0,False,1.0
20260825_195505-0400,20260825_195505-0400-0047,47,150,B6x7_stress_T30_S17,17,30,HiGHS-5s,,,,,,,,,,,,,,,,,,,5.465609082981246,5.465609082981246,0.8047398749913555,0.2486535409989301,6.519002498971531,False,,,,167658.0,60588.0,442422.0,Time limit reached. (HiGHS Status 13: model_status is Time limit reached; primal_status is None),False,,5.0,False,1.0
20260825_195505-0400,20260825_195505-0400-0047,47,150,B6x7_stress_T30_S17,17,30,HiGHS-15s,,,,,,,,,,,,,,,,,,,16.48864691698691,16.48864691698691,0.8047398749913555,0.2486535409989301,17.542040332977194,False,,,,167658.0,60588.0,442422.0,Time limit reached. (HiGHS Status 13: model_status is Time limit reached; primal_status is None),False,,15.0,False,1.0
20260825_195505-0400,20260825_195505-0400-0047,47,150,B6x7_stress_T30_S17,17,30,HiGHS-60s,0.039594715644042544,0.06515301085883514,0.06228373702422144,3.0,0.1,3.0,0.0,100.0,0.08108108108108109,0.0,0.07692307692307693,46.0,64.0,88.0,66.84284156724812,44.9598823220856,21.882959245162517,0.000592355362454299,60.33680274998187,60.33680274998187,0.8047398749913555,0.2486535409989301,61.39019616597216,False,13.42557234781816,0.039594715644042544,0.5711764351144233,167658.0,60588.0,442422.0,Time limit reached. (HiGHS Status 13: Time limit reached),True,0.0,60.0,True,1.0
20260825_195505-0400,20260825_195505-0400-0047,47,150,B6x7_stress_T30_S17,17,30,HiGHS-600s,0.56326510374154,0.8311944718657452,0.8339100346020761,24.0,0.8,31.0,10.0,1200.0,0.8378378378378378,0.7692307692307693,0.9230769230769231,38.708333333333336,81.0,102.0,335.41487493977087,176.46647112240169,158.94840381736924,0.0016793086586952453,147.775625417009,147.775625417009,0.8047398749913555,0.2486535409989301,148.82901883299928,True,0.0,0.5632651037415446,0.5632651037415446,167658.0,60588.0,442422.0,Optimization terminated successfully. (HiGHS Status 7: Optimal),True,1.0,600.0,True,0.0
20260825_195505-0400,20260825_195505-0400-0047,47,150,B6x7_stress_T30_S17,17,30,HiGHS-1800s,0.56326510374154,0.8311944718657452,0.8339100346020761,24.0,0.8,31.0,10.0,1200.0,0.8378378378378378,0.7692307692307693,0.9230769230769231,38.708333333333336,81.0,102.0,335.41487493977087,176.46647112240169,158.94840381736924,0.0016793086586952453,147.12455437501194,147.12455437501194,0.8047398749913555,0.2486535409989301,148.17794779100223,True,0.0,0.5632651037415446,0.5632651037415446,167658.0,60588.0,442422.0,Optimization terminated successfully. (HiGHS Status 7: Optimal),True,1.0,1800.0,True,0.0
20260825_195505-0400,20260825_195505-0400-0048,48,150,B6x7_stress_T30_S18,18,30,Greedy-Benefit,0.5137949473257325,0.7461685823754789,0.7261345852895148,22.0,0.7333333333333333,25.0,13.0,1400.0,0.8333333333333334,0.6190476190476191,0.6511627906976745,43.36363636363637,83.0,104.0,360.5414773872535,200.3626248517423,160.17885253551117,0.0014250647416465517,0.0017569169867783785,,,,0.0017575829988345504,False,,,,,,,Constructive heuristic,True,,,,
20260825_195505-0400,20260825_195505-0400-0048,48,150,B6x7_stress_T30_S18,18,30,Greedy-Density-Operational,0.5088278186251897,0.7605363984674328,0.7261345852895149,22.0,0.7333333333333333,25.0,16.0,900.0,0.8333333333333334,0.7619047619047619,0.4186046511627907,40.27272727272727,81.0,98.0,338.0478868854629,182.47740972979005,155.5704771556729,0.001505194495706433,0.0014245840138755739,,,,0.0014249590167310089,False,,,,,,,Constructive heuristic,True,,,,
20260825_195505-0400,20260825_195505-0400-0048,48,150,B6x7_stress_T30_S18,18,30,HiGHS-1s,,,,,,,,,,,,,,,,,,,1.3385016249958426,1.3385016249958426,0.7173964160028845,0.18772733301739208,2.243625374016119,False,,,,143772.0,53882.0,377470.0,Time limit reached. (HiGHS Status 13: model_status is Time limit reached; primal_status is None),False,,1.0,False,1.0
20260825_195505-0400,20260825_195505-0400-0048,48,150,B6x7_stress_T30_S18,18,30,HiGHS-5s,,,,,,,,,,,,,,,,,,,5.301431750005577,5.301431750005577,0.7173964160028845,0.18772733301739208,6.206555499025853,False,,,,143772.0,53882.0,377470.0,Time limit reached. (HiGHS Status 13: model_status is Time limit reached; primal_status is None),False,,5.0,False,1.0
20260825_195505-0400,20260825_195505-0400-0048,48,150,B6x7_stress_T30_S18,18,30,HiGHS-15s,,,,,,,,,,,,,,,,,,,17.271256542007904,17.271256542007904,0.7173964160028845,0.18772733301739208,18.17638029102818,False,,,,143772.0,53882.0,377470.0,Time limit reached. (HiGHS Status 13: model_status is Time limit reached; primal_status is None),False,,15.0,False,1.0
20260825_195505-0400,20260825_195505-0400-0048,48,150,B6x7_stress_T30_S18,18,30,HiGHS-60s,0.5992649431514547,0.8275862068965516,0.8043818466353677,24.0,0.8,27.0,16.0,1400.0,0.9,0.7619047619047619,0.6511627906976745,39.791666666666664,80.0,97.0,332.756004400721,179.60465217927427,153.1513522214467,0.0018009139887068444,56.96527037501801,56.96527037501801,0.7173964160028845,0.18772733301739208,57.870394124038285,True,0.0,0.5992649431514547,0.5992649431514547,143772.0,53882.0,377470.0,Optimization terminated successfully. (HiGHS Status 7: Optimal),True,1.0,60.0,True,0.0
20260825_195505-0400,20260825_195505-0400-0048,48,150,B6x7_stress_T30_S18,18,30,HiGHS-600s,0.5992649431514547,0.8275862068965516,0.8043818466353677,24.0,0.8,27.0,16.0,1400.0,0.9,0.7619047619047619,0.6511627906976745,39.791666666666664,80.0,97.0,332.756004400721,179.60465217927427,153.1513522214467,0.0018009139887068444,57.37665537500288,57.37665537500288,0.7173964160028845,0.18772733301739208,58.28177912402316,True,0.0,0.5992649431514547,0.5992649431514547,143772.0,53882.0,377470.0,Optimization terminated successfully. (HiGHS Status 7: Optimal),True,1.0,600.0,True,0.0
20260825_195505-0400,20260825_195505-0400-0048,48,150,B6x7_stress_T30_S18,18,30,HiGHS-1800s,0.5992649431514547,0.8275862068965516,0.8043818466353677,24.0,0.8,27.0,16.0,1400.0,0.9,0.7619047619047619,0.6511627906976745,39.791666666666664,80.0,97.0,332.756004400721,179.60465217927427,153.1513522214467,0.0018009139887068444,56.50401695800247,56.50401695800247,0.7173964160028845,0.18772733301739208,57.40914070702274,True,0.0,0.5992649431514547,0.5992649431514547,143772.0,53882.0,377470.0,Optimization terminated successfully. (HiGHS Status 7: Optimal),True,1.0,1800.0,True,0.0
20260825_195505-0400,20260825_195505-0400-0049,49,150,B6x7_stress_T30_S19,19,30,Greedy-Benefit,0.5675997069969272,0.8173178458289337,0.8138385502471168,24.0,0.8,21.0,14.0,2400.0,0.84,0.7777777777777778,0.8135593220338984,42.916666666666664,83.0,104.0,378.216720314244,209.846707987156,168.37001232708803,0.0015007261088968594,0.0017796249885577708,,,,0.001780083985067904,False,,,,,,,Constructive heuristic,True,,,,
20260825_195505-0400,20260825_195505-0400-0049,49,150,B6x7_stress_T30_S19,19,30,Greedy-Density-Operational,0.5475179988668438,0.8078141499472018,0.7990115321252059,23.0,0.7666666666666667,21.0,14.0,2250.0,0.84,0.7777777777777778,0.7627118644067796,39.34782608695652,84.0,107.0,389.37354538124396,196.6335955065494,192.7399498746946,0.0014061509965469206,0.0018038339912891388,,,,0.001804375002393499,False,,,,,,,Constructive heuristic,True,,,,
20260825_195505-0400,20260825_195505-0400-0049,49,150,B6x7_stress_T30_S19,19,30,HiGHS-1s,,,,,,,,,,,,,,,,,,,1.3482877089991234,1.3482877089991234,1.2733664590050466,0.3672218330029864,2.9888760010071564,False,,,,265842.0,87976.0,709586.0,Time limit reached. (HiGHS Status 13: model_status is Time limit reached; primal_status is None),False,,1.0,False,1.0
20260825_195505-0400,20260825_195505-0400-0049,49,150,B6x7_stress_T30_S19,19,30,HiGHS-5s,,,,,,,,,,,,,,,,,,,6.278593167022336,6.278593167022336,1.2733664590050466,0.3672218330029864,7.919181459030369,False,,,,265842.0,87976.0,709586.0,Time limit reached. (HiGHS Status 13: model_status is Time limit reached; primal_status is None),False,,5.0,False,1.0
20260825_195505-0400,20260825_195505-0400-0049,49,150,B6x7_stress_T30_S19,19,30,HiGHS-15s,,,,,,,,,,,,,,,,,,,16.171704833977856,16.171704833977856,1.2733664590050466,0.3672218330029864,17.81229312598589,False,,,,265842.0,87976.0,709586.0,Time limit reached. (HiGHS Status 13: model_status is Time limit reached; primal_status is None),False,,15.0,False,1.0
20260825_195505-0400,20260825_195505-0400-0049,49,150,B6x7_stress_T30_S19,19,30,HiGHS-60s,,,,,,,,,,,,,,,,,,,66.8086675000086,66.8086675000086,1.2733664590050466,0.3672218330029864,68.44925579201663,False,,,,265842.0,87976.0,709586.0,Time limit reached. (HiGHS Status 13: model_status is Time limit reached; primal_status is None),False,,60.0,False,1.0
20260825_195505-0400,20260825_195505-0400-0049,49,150,B6x7_stress_T30_S19,19,30,HiGHS-600s,0.6647569995088759,0.8658922914466739,0.840197693574959,24.0,0.8,23.0,16.0,2000.0,0.92,0.8888888888888888,0.6779661016949152,40.916666666666664,84.0,106.0,352.3449301874495,182.61279663445254,169.73213355299708,0.0018866654308186623,222.11808095799643,222.11808095799643,1.2733664590050466,0.3672218330029864,223.75866925000446,True,0.0,0.6647569995088859,0.6647569995088859,265842.0,87976.0,709586.0,Optimization terminated successfully. (HiGHS Status 7: Optimal),True,1.0,600.0,True,0.0
20260825_195505-0400,20260825_195505-0400-0049,49,150,B6x7_stress_T30_S19,19,30,HiGHS-1800s,0.6647569995088759,0.8658922914466739,0.840197693574959,24.0,0.8,23.0,16.0,2000.0,0.92,0.8888888888888888,0.6779661016949152,40.916666666666664,84.0,106.0,352.3449301874495,182.61279663445254,169.73213355299708,0.0018866654308186623,222.34482633299194,222.34482633299194,1.2733664590050466,0.3672218330029864,223.98541462499998,True,0.0,0.6647569995088859,0.6647569995088859,265842.0,87976.0,709586.0,Optimization terminated successfully. (HiGHS Status 7: Optimal),True,1.0,1800.0,True,0.0
20260825_195505-0400,20260825_195505-0400-0050,50,150,B6x7_stress_T30_S20,20,30,Greedy-Benefit,0.4278293525802954,0.5950570342205322,0.5700164744645798,18.0,0.6,25.0,6.0,600.0,0.625,0.6666666666666666,0.3076923076923077,39.22222222222222,76.0,91.0,320.72409100902934,191.863328405927,128.86076260310227,0.0013339482894294047,0.0019147909770254046,,,,0.0019155000045429915,False,,,,,,,Constructive heuristic,True,,,,
20260825_195505-0400,20260825_195505-0400-0050,50,150,B6x7_stress_T30_S20,20,30,Greedy-Density-Operational,0.4067322690050112,0.6055133079847909,0.6210873146622733,19.0,0.6333333333333333,23.0,6.0,1450.0,0.575,0.6666666666666666,0.7435897435897436,34.78947368421053,80.0,96.0,331.06352245566575,167.57558674924817,163.48793570641757,0.0012285626214210254,0.0013775000115856528,,,,0.0013780000153928995,False,,,,,,,Constructive heuristic,True,,,,
20260825_195505-0400,20260825_195505-0400-0050,50,150,B6x7_stress_T30_S20,20,30,HiGHS-1s,,,,,,,,,,,,,,,,,,,1.2458954159810673,1.2458954159810673,0.44369800001732074,0.07618958398234099,1.765782999980729,False,,,,84631.0,34081.0,219848.0,Time limit reached. (HiGHS Status 13: model_status is Time limit reached; primal_status is None),False,,1.0,False,1.0
20260825_195505-0400,20260825_195505-0400-0050,50,150,B6x7_stress_T30_S20,20,30,HiGHS-5s,,,,,,,,,,,,,,,,,,,6.6834942499990575,6.6834942499990575,0.44369800001732074,0.07618958398234099,7.203381833998719,False,,,,84631.0,34081.0,219848.0,Time limit reached. (HiGHS Status 13: model_status is Time limit reached; primal_status is None),False,,5.0,False,1.0
20260825_195505-0400,20260825_195505-0400-0050,50,150,B6x7_stress_T30_S20,20,30,HiGHS-15s,0.5214512695736641,0.7129277566539924,0.7248764415156507,21.0,0.7,27.0,8.0,1500.0,0.675,0.8888888888888888,0.7692307692307693,38.23809523809524,78.0,94.0,333.66669552768553,172.69216186735196,160.97453366033363,0.0015627908825272534,11.197219666995807,11.197219666995807,0.44369800001732074,0.07618958398234099,11.717107250995468,True,0.0,0.5214512695736642,0.5214512695736642,84631.0,34081.0,219848.0,Optimization terminated successfully. (HiGHS Status 7: Optimal),True,1.0,15.0,True,0.0
20260825_195505-0400,20260825_195505-0400-0050,50,150,B6x7_stress_T30_S20,20,30,HiGHS-60s,0.5214512695736641,0.7129277566539924,0.7248764415156507,21.0,0.7,27.0,8.0,1500.0,0.675,0.8888888888888888,0.7692307692307693,38.23809523809524,78.0,94.0,333.66669552768553,172.69216186735196,160.97453366033363,0.0015627908825272534,11.436240166978678,11.436240166978678,0.44369800001732074,0.07618958398234099,11.95612775097834,True,0.0,0.5214512695736642,0.5214512695736642,84631.0,34081.0,219848.0,Optimization terminated successfully. (HiGHS Status 7: Optimal),True,1.0,60.0,True,0.0
20260825_195505-0400,20260825_195505-0400-0050,50,150,B6x7_stress_T30_S20,20,30,HiGHS-600s,0.5214512695736641,0.7129277566539924,0.7248764415156507,21.0,0.7,27.0,8.0,1500.0,0.675,0.8888888888888888,0.7692307692307693,38.23809523809524,78.0,94.0,333.66669552768553,172.69216186735196,160.97453366033363,0.0015627908825272534,11.124044416006655,11.124044416006655,0.44369800001732074,0.07618958398234099,11.643932000006316,True,0.0,0.5214512695736642,0.5214512695736642,84631.0,34081.0,219848.0,Optimization terminated successfully. (HiGHS Status 7: Optimal),True,1.0,600.0,True,0.0
20260825_195505-0400,20260825_195505-0400-0050,50,150,B6x7_stress_T30_S20,20,30,HiGHS-1800s,0.5214512695736641,0.7129277566539924,0.7248764415156507,21.0,0.7,27.0,8.0,1500.0,0.675,0.8888888888888888,0.7692307692307693,38.23809523809524,78.0,94.0,333.66669552768553,172.69216186735196,160.97453366033363,0.0015627908825272534,11.210326875007013,11.210326875007013,0.44369800001732074,0.07618958398234099,11.730214459006675,True,0.0,0.5214512695736642,0.5214512695736642,84631.0,34081.0,219848.0,Optimization terminated successfully. (HiGHS Status 7: Optimal),True,1.0,1800.0,True,0.0
20260825_195505-0400,20260825_195505-0400-0051,51,150,B6x7_stress_T30_S21,21,30,Greedy-Benefit,0.5346140309990637,0.7731481481481484,0.7656529516994635,23.0,0.7666666666666667,16.0,16.0,1800.0,0.7619047619047619,0.8421052631578947,0.6792452830188679,38.391304347826086,79.0,96.0,305.721629006899,174.40837816689753,131.31325084000147,0.001748695480708038,0.0016633749764878303,,,,0.0016641249821987003,False,,,,,,,Constructive heuristic,True,,,,
20260825_195505-0400,20260825_195505-0400-0051,51,150,B6x7_stress_T30_S21,21,30,Greedy-Density-Operational,0.5504956630683717,0.7349537037037037,0.7334525939177103,22.0,0.7333333333333333,16.0,13.0,2000.0,0.7619047619047619,0.6842105263157895,0.7547169811320755,34.72727272727273,76.0,93.0,264.9479385276658,135.37391729313887,129.574021234527,0.002077750316260298,0.001436582999303937,,,,0.001436958002159372,False,,,,,,,Constructive heuristic,True,,,,
20260825_195505-0400,20260825_195505-0400-0051,51,150,B6x7_stress_T30_S21,21,30,HiGHS-1s,,,,,,,,,,,,,,,,,,,1.4167451659741346,1.4167451659741346,1.3191748749813996,0.3900030840013642,3.1259231249568984,False,,,,286831.0,85623.0,774906.0,Time limit reached. (HiGHS Status 13: model_status is Time limit reached; primal_status is None),False,,1.0,False,1.0
20260825_195505-0400,20260825_195505-0400-0051,51,150,B6x7_stress_T30_S21,21,30,HiGHS-5s,,,,,,,,,,,,,,,,,,,5.889254083973356,5.889254083973356,1.3191748749813996,0.3900030840013642,7.598432042956119,False,,,,286831.0,85623.0,774906.0,Time limit reached. (HiGHS Status 13: model_status is Time limit reached; primal_status is None),False,,5.0,False,1.0
20260825_195505-0400,20260825_195505-0400-0051,51,150,B6x7_stress_T30_S21,21,30,HiGHS-15s,,,,,,,,,,,,,,,,,,,16.733412833011243,16.733412833011243,1.3191748749813996,0.3900030840013642,18.442590791994007,False,,,,286831.0,85623.0,774906.0,Time limit reached. (HiGHS Status 13: model_status is Time limit reached; primal_status is None),False,,15.0,False,1.0
20260825_195505-0400,20260825_195505-0400-0051,51,150,B6x7_stress_T30_S21,21,30,HiGHS-60s,,,,,,,,,,,,,,,,,,,69.26253245898988,69.26253245898988,1.3191748749813996,0.3900030840013642,70.97171041797264,False,,,,286831.0,85623.0,774906.0,Time limit reached. (HiGHS Status 13: model_status is Time limit reached; primal_status is None),False,,60.0,False,1.0
20260825_195505-0400,20260825_195505-0400-0051,51,150,B6x7_stress_T30_S21,21,30,HiGHS-600s,0.6449498558495411,0.8263888888888892,0.821109123434705,25.0,0.8333333333333334,18.0,15.0,2150.0,0.8571428571428571,0.7894736842105263,0.8113207547169812,36.12,79.0,96.0,274.5036518125255,142.7863517539646,131.71730005856097,0.002349512844696197,384.51947033399483,384.51947033399483,1.3191748749813996,0.3900030840013642,386.2286482929776,True,0.0,0.6449498558495663,0.6449498558495663,286831.0,85623.0,774906.0,Optimization terminated successfully. (HiGHS Status 7: Optimal),True,1.0,600.0,True,0.0
20260825_195505-0400,20260825_195505-0400-0051,51,150,B6x7_stress_T30_S21,21,30,HiGHS-1800s,0.6449498558495411,0.8263888888888892,0.821109123434705,25.0,0.8333333333333334,18.0,15.0,2150.0,0.8571428571428571,0.7894736842105263,0.8113207547169812,36.12,79.0,96.0,274.5036518125255,142.7863517539646,131.71730005856097,0.002349512844696197,384.50936791699496,384.50936791699496,1.3191748749813996,0.3900030840013642,386.2185458759777,True,0.0,0.6449498558495663,0.6449498558495663,286831.0,85623.0,774906.0,Optimization terminated successfully. (HiGHS Status 7: Optimal),True,1.0,1800.0,True,0.0
20260825_195505-0400,20260825_195505-0400-0052,52,150,B6x7_stress_T30_S22,22,30,Greedy-Benefit,0.553768630174435,0.7561455260570308,0.773006134969325,21.0,0.7,17.0,19.0,2400.0,0.7083333333333334,0.76,0.8888888888888888,36.42857142857143,67.0,79.0,254.9215491932361,132.59383380442932,122.3277153888068,0.002172309998613206,0.0015511249948758632,,,,0.0015516249986831099,False,,,,,,,Constructive heuristic,True,,,,
20260825_195505-0400,20260825_195505-0400-0052,52,150,B6x7_stress_T30_S22,22,30,Greedy-Density-Operational,0.5317399322832659,0.761061946902655,0.7730061349693252,22.0,0.7333333333333333,18.0,18.0,2400.0,0.75,0.72,0.8888888888888888,33.45454545454545,71.0,92.0,298.2572699673273,149.90574525743517,148.35152470989217,0.001782823038451051,0.0013247079914435744,,,,0.0013249999901745468,False,,,,,,,Constructive heuristic,True,,,,
20260825_195505-0400,20260825_195505-0400-0052,52,150,B6x7_stress_T30_S22,22,30,HiGHS-1s,,,,,,,,,,,,,,,,,,,1.6457146670145448,1.6457146670145448,0.2659173329884652,0.044591916986973956,1.956223916989984,False,,,,49202.0,20128.0,127514.0,Time limit reached. (HiGHS Status 13: model_status is Time limit reached; primal_status is None),False,,1.0,False,1.0
20260825_195505-0400,20260825_195505-0400-0052,52,150,B6x7_stress_T30_S22,22,30,HiGHS-5s,,,,,,,,,,,,,,,,,,,6.909502916998463,6.909502916998463,0.2659173329884652,0.044591916986973956,7.220012166973902,False,,,,49202.0,20128.0,127514.0,Time limit reached. (HiGHS Status 13: model_status is Time limit reached; primal_status is None),False,,5.0,False,1.0
20260825_195505-0400,20260825_195505-0400-0052,52,150,B6x7_stress_T30_S22,22,30,HiGHS-15s,0.6408442303283985,0.763028515240905,0.7607361963190181,22.0,0.7333333333333333,19.0,18.0,2100.0,0.7916666666666666,0.72,0.7777777777777778,32.0,71.0,81.0,235.0502159945794,121.50959302682415,113.54062296775523,0.002726414130771007,11.874615375010762,11.874615375010762,0.2659173329884652,0.044591916986973956,12.185124624986202,True,0.0,0.6408442303283988,0.6408442303283988,49202.0,20128.0,127514.0,Optimization terminated successfully. (HiGHS Status 7: Optimal),True,1.0,15.0,True,0.0
20260825_195505-0400,20260825_195505-0400-0052,52,150,B6x7_stress_T30_S22,22,30,HiGHS-60s,0.6408442303283985,0.763028515240905,0.7607361963190181,22.0,0.7333333333333333,19.0,18.0,2100.0,0.7916666666666666,0.72,0.7777777777777778,32.0,71.0,81.0,235.0502159945794,121.50959302682415,113.54062296775523,0.002726414130771007,12.140053999988595,12.140053999988595,0.2659173329884652,0.044591916986973956,12.450563249964034,True,0.0,0.6408442303283988,0.6408442303283988,49202.0,20128.0,127514.0,Optimization terminated successfully. (HiGHS Status 7: Optimal),True,1.0,60.0,True,0.0
20260825_195505-0400,20260825_195505-0400-0052,52,150,B6x7_stress_T30_S22,22,30,HiGHS-600s,0.6408442303283985,0.763028515240905,0.7607361963190181,22.0,0.7333333333333333,19.0,18.0,2100.0,0.7916666666666666,0.72,0.7777777777777778,32.0,71.0,81.0,235.0502159945794,121.50959302682415,113.54062296775523,0.002726414130771007,12.13604858299368,12.13604858299368,0.2659173329884652,0.044591916986973956,12.44655783296912,True,0.0,0.6408442303283988,0.6408442303283988,49202.0,20128.0,127514.0,Optimization terminated successfully. (HiGHS Status 7: Optimal),True,1.0,600.0,True,0.0
20260825_195505-0400,20260825_195505-0400-0052,52,150,B6x7_stress_T30_S22,22,30,HiGHS-1800s,0.6408442303283985,0.763028515240905,0.7607361963190181,22.0,0.7333333333333333,19.0,18.0,2100.0,0.7916666666666666,0.72,0.7777777777777778,32.0,71.0,81.0,235.0502159945794,121.50959302682415,113.54062296775523,0.002726414130771007,12.181827833002899,12.181827833002899,0.2659173329884652,0.044591916986973956,12.492337082978338,True,0.0,0.6408442303283988,0.6408442303283988,49202.0,20128.0,127514.0,Optimization terminated successfully. (HiGHS Status 7: Optimal),True,1.0,1800.0,True,0.0
20260825_195505-0400,20260825_195505-0400-0053,53,150,B6x7_stress_T30_S23,23,30,Greedy-Benefit,0.6010258380981852,0.8984455958549222,0.8666666666666666,25.0,0.8333333333333334,30.0,12.0,1450.0,0.967741935483871,0.8571428571428571,0.6444444444444445,39.16,78.0,94.0,311.8355294908602,163.36389662728402,148.47163286357613,0.0019273808827348555,0.0016465829976368695,,,,0.001647249999223277,False,,,,,,,Constructive heuristic,True,,,,
20260825_195505-0400,20260825_195505-0400-0053,53,150,B6x7_stress_T30_S23,23,30,Greedy-Density-Operational,0.6185767301312162,0.8393782383419689,0.8290598290598291,25.0,0.8333333333333334,27.0,11.0,1750.0,0.8709677419354839,0.7857142857142857,0.7777777777777778,35.56,79.0,94.0,290.3044616674832,148.3469620326066,141.95749963487663,0.0021307861635269606,0.0014328749966807663,,,,0.0014331659767776728,False,,,,,,,Constructive heuristic,True,,,,
20260825_195505-0400,20260825_195505-0400-0053,53,150,B6x7_stress_T30_S23,23,30,HiGHS-1s,,,,,,,,,,,,,,,,,,,1.6387276660243515,1.6387276660243515,1.2373464580159634,0.35298041699570604,3.229054541036021,False,,,,263997.0,83313.0,708714.0,Time limit reached. (HiGHS Status 13: model_status is Time limit reached; primal_status is None),False,,1.0,False,1.0
20260825_195505-0400,20260825_195505-0400-0053,53,150,B6x7_stress_T30_S23,23,30,HiGHS-5s,,,,,,,,,,,,,,,,,,,5.570223916991381,5.570223916991381,1.2373464580159634,0.35298041699570604,7.1605507920030504,False,,,,263997.0,83313.0,708714.0,Time limit reached. (HiGHS Status 13: model_status is Time limit reached; primal_status is None),False,,5.0,False,1.0
20260825_195505-0400,20260825_195505-0400-0053,53,150,B6x7_stress_T30_S23,23,30,HiGHS-15s,,,,,,,,,,,,,,,,,,,17.785976209008368,17.785976209008368,1.2373464580159634,0.35298041699570604,19.376303084020037,False,,,,263997.0,83313.0,708714.0,Time limit reached. (HiGHS Status 13: model_status is Time limit reached; primal_status is None),False,,15.0,False,1.0
20260825_195505-0400,20260825_195505-0400-0053,53,150,B6x7_stress_T30_S23,23,30,HiGHS-60s,,,,,,,,,,,,,,,,,,,66.74748579200241,66.74748579200241,1.2373464580159634,0.35298041699570604,68.33781266701408,False,,,,263997.0,83313.0,708714.0,Time limit reached. (HiGHS Status 13: model_status is Time limit reached; primal_status is None),False,,60.0,False,1.0
20260825_195505-0400,20260825_195505-0400-0053,53,150,B6x7_stress_T30_S23,23,30,HiGHS-600s,0.7047620305725604,0.8601036269430052,0.8461538461538461,26.0,0.8666666666666667,28.0,11.0,1750.0,0.9032258064516129,0.7857142857142857,0.7777777777777778,33.57692307692308,75.0,85.0,239.67760783130626,132.70705364900456,106.97055418230174,0.0029404583805283857,250.48425900001894,250.48425900001894,1.2373464580159634,0.35298041699570604,252.0745858750306,True,0.0,0.7047620305725604,0.7047620305725604,263997.0,83313.0,708714.0,Optimization terminated successfully. (HiGHS Status 7: Optimal),True,1.0,600.0,True,0.0
20260825_195505-0400,20260825_195505-0400-0053,53,150,B6x7_stress_T30_S23,23,30,HiGHS-1800s,0.7047620305725604,0.8601036269430052,0.8461538461538461,26.0,0.8666666666666667,28.0,11.0,1750.0,0.9032258064516129,0.7857142857142857,0.7777777777777778,33.57692307692308,75.0,85.0,239.67760783130626,132.70705364900456,106.97055418230174,0.0029404583805283857,250.55283225001767,250.55283225001767,1.2373464580159634,0.35298041699570604,252.14315912502934,True,0.0,0.7047620305725604,0.7047620305725604,263997.0,83313.0,708714.0,Optimization terminated successfully. (HiGHS Status 7: Optimal),True,1.0,1800.0,True,0.0
20260825_195505-0400,20260825_195505-0400-0054,54,150,B6x7_stress_T30_S24,24,30,Greedy-Benefit,0.54663637455571,0.7324239244491082,0.7580645161290323,22.0,0.7333333333333333,22.0,11.0,1550.0,0.6470588235294118,1.0,0.8611111111111112,36.45454545454545,78.0,94.0,321.73897846213185,164.86646555041807,156.87251291171384,0.0016990057504644195,0.0015370840264949948,,,,0.0015376250084955245,False,,,,,,,Constructive heuristic,True,,,,
20260825_195505-0400,20260825_195505-0400-0054,54,150,B6x7_stress_T30_S24,24,30,Greedy-Density-Operational,0.5183688275366389,0.7691500524658972,0.8028673835125447,24.0,0.8,23.0,11.0,1800.0,0.6764705882352942,1.0,1.0,37.958333333333336,81.0,99.0,376.57462168376657,193.09832549249768,183.47629619126894,0.0013765368075492508,0.0012915000261273235,,,,0.0012917500280309469,False,,,,,,,Constructive heuristic,True,,,,
20260825_195505-0400,20260825_195505-0400-0054,54,150,B6x7_stress_T30_S24,24,30,HiGHS-1s,,,,,,,,,,,,,,,,,,,1.5013194999773987,1.5013194999773987,1.4508687920169905,0.33224649998010136,3.2844347919744905,False,,,,295149.0,86706.0,798777.0,Time limit reached. (HiGHS Status 13: model_status is Time limit reached; primal_status is None),False,,1.0,False,1.0
20260825_195505-0400,20260825_195505-0400-0054,54,150,B6x7_stress_T30_S24,24,30,HiGHS-5s,,,,,,,,,,,,,,,,,,,6.308175374986604,6.308175374986604,1.4508687920169905,0.33224649998010136,8.091290666983696,False,,,,295149.0,86706.0,798777.0,Time limit reached. (HiGHS Status 13: model_status is Time limit reached; primal_status is None),False,,5.0,False,1.0
20260825_195505-0400,20260825_195505-0400-0054,54,150,B6x7_stress_T30_S24,24,30,HiGHS-15s,,,,,,,,,,,,,,,,,,,15.527612208010396,15.527612208010396,1.4508687920169905,0.33224649998010136,17.310727500007488,False,,,,295149.0,86706.0,798777.0,Time limit reached. (HiGHS Status 13: model_status is Time limit reached; primal_status is None),False,,15.0,False,1.0
20260825_195505-0400,20260825_195505-0400-0054,54,150,B6x7_stress_T30_S24,24,30,HiGHS-60s,,,,,,,,,,,,,,,,,,,72.15777233298286,72.15777233298286,1.4508687920169905,0.33224649998010136,73.94088762497995,False,,,,295149.0,86706.0,798777.0,Time limit reached. (HiGHS Status 13: model_status is Time limit reached; primal_status is None),False,,60.0,False,1.0
20260825_195505-0400,20260825_195505-0400-0054,54,150,B6x7_stress_T30_S24,24,30,HiGHS-600s,0.6403129509057517,0.8310598111227704,0.8369175627240143,24.0,0.8,27.0,11.0,1450.0,0.7941176470588235,1.0,0.8055555555555556,37.375,75.0,92.0,304.30255079291186,164.4329241334791,139.86962665943275,0.0021041984342139355,175.92614687499008,175.92614687499008,1.4508687920169905,0.33224649998010136,177.70926216698717,True,0.0,0.6403129509057517,0.6403129509057517,295149.0,86706.0,798777.0,Optimization terminated successfully. (HiGHS Status 7: Optimal),True,1.0,600.0,True,0.0
20260825_195505-0400,20260825_195505-0400-0054,54,150,B6x7_stress_T30_S24,24,30,HiGHS-1800s,0.6403129509057517,0.8310598111227704,0.8369175627240143,24.0,0.8,27.0,11.0,1450.0,0.7941176470588235,1.0,0.8055555555555556,37.375,75.0,92.0,304.30255079291186,164.4329241334791,139.86962665943275,0.0021041984342139355,175.75334875000408,175.75334875000408,1.4508687920169905,0.33224649998010136,177.53646404200117,True,0.0,0.6403129509057517,0.6403129509057517,295149.0,86706.0,798777.0,Optimization terminated successfully. (HiGHS Status 7: Optimal),True,1.0,1800.0,True,0.0
20260825_195505-0400,20260825_195505-0400-0055,55,150,B6x7_stress_T30_S25,25,30,Greedy-Benefit,0.4639316244599693,0.6980351602895551,0.6727574750830567,20.0,0.6666666666666666,24.0,6.0,1750.0,0.8275862068965517,0.4,0.6481481481481481,43.45,75.0,94.0,335.62071276733786,189.03257767269704,146.58813509464082,0.001382309275952168,0.0017610000213608146,,,,0.001761666004313156,False,,,,,,,Constructive heuristic,True,,,,
20260825_195505-0400,20260825_195505-0400-0055,55,150,B6x7_stress_T30_S25,25,30,Greedy-Density-Operational,0.47681196942426207,0.7083764219234746,0.7142857142857144,21.0,0.7,20.0,11.0,2000.0,0.6896551724137931,0.7333333333333333,0.7407407407407407,39.333333333333336,78.0,102.0,336.91715826079593,170.2518355568951,166.66532270390084,0.0014152202039386145,0.0014442910032812506,,,,0.0014446660061366856,False,,,,,,,Constructive heuristic,True,,,,
20260825_195505-0400,20260825_195505-0400-0055,55,150,B6x7_stress_T30_S25,25,30,HiGHS-1s,,,,,,,,,,,,,,,,,,,1.3581606250081677,1.3581606250081677,0.5891486670006998,0.15729683300014585,2.1046061250090133,False,,,,119378.0,48543.0,309627.0,Time limit reached. (HiGHS Status 13: model_status is Time limit reached; primal_status is None),False,,1.0,False,1.0
20260825_195505-0400,20260825_195505-0400-0055,55,150,B6x7_stress_T30_S25,25,30,HiGHS-5s,,,,,,,,,,,,,,,,,,,6.433982290996937,6.433982290996937,0.5891486670006998,0.15729683300014585,7.180427790997783,False,,,,119378.0,48543.0,309627.0,Time limit reached. (HiGHS Status 13: model_status is Time limit reached; primal_status is None),False,,5.0,False,1.0
20260825_195505-0400,20260825_195505-0400-0055,55,150,B6x7_stress_T30_S25,25,30,HiGHS-15s,,,,,,,,,,,,,,,,,,,16.502860583015718,16.502860583015718,0.5891486670006998,0.15729683300014585,17.249306083016563,False,,,,119378.0,48543.0,309627.0,Time limit reached. (HiGHS Status 13: model_status is Time limit reached; primal_status is None),False,,15.0,False,1.0
20260825_195505-0400,20260825_195505-0400-0055,55,150,B6x7_stress_T30_S25,25,30,HiGHS-60s,0.5906887694981712,0.7642192347466391,0.7375415282392029,21.0,0.7,23.0,13.0,1400.0,0.7931034482758621,0.8666666666666667,0.5185185185185185,39.0,71.0,91.0,310.54869756031457,162.7106739311851,147.83802362912945,0.001902080975185697,46.21231641701888,46.21231641701888,0.5891486670006998,0.15729683300014585,46.95876191701973,True,0.0,0.590688769498172,0.590688769498172,119378.0,48543.0,309627.0,Optimization terminated successfully. (HiGHS Status 7: Optimal),True,1.0,60.0,True,0.0
20260825_195505-0400,20260825_195505-0400-0055,55,150,B6x7_stress_T30_S25,25,30,HiGHS-600s,0.5906887694981712,0.7642192347466391,0.7375415282392029,21.0,0.7,23.0,13.0,1400.0,0.7931034482758621,0.8666666666666667,0.5185185185185185,39.0,71.0,91.0,310.54869756031457,162.7106739311851,147.83802362912945,0.001902080975185697,46.06056195902056,46.06056195902056,0.5891486670006998,0.15729683300014585,46.807007459021406,True,0.0,0.590688769498172,0.590688769498172,119378.0,48543.0,309627.0,Optimization terminated successfully. (HiGHS Status 7: Optimal),True,1.0,600.0,True,0.0
20260825_195505-0400,20260825_195505-0400-0055,55,150,B6x7_stress_T30_S25,25,30,HiGHS-1800s,0.5906887694981712,0.7642192347466391,0.7375415282392029,21.0,0.7,23.0,13.0,1400.0,0.7931034482758621,0.8666666666666667,0.5185185185185185,39.0,71.0,91.0,310.54869756031457,162.7106739311851,147.83802362912945,0.001902080975185697,46.04639949998818,46.04639949998818,0.5891486670006998,0.15729683300014585,46.79284499998903,True,0.0,0.590688769498172,0.590688769498172,119378.0,48543.0,309627.0,Optimization terminated successfully. (HiGHS Status 7: Optimal),True,1.0,1800.0,True,0.0
20260825_195505-0400,20260825_195505-0400-0056,56,150,B6x7_stress_T30_S26,26,30,Greedy-Benefit,0.5931559397826442,0.7895981087470451,0.7541589648798521,23.0,0.7666666666666667,19.0,14.0,1300.0,0.9047619047619048,0.7368421052631579,0.5531914893617021,39.34782608695652,86.0,108.0,329.4157316096984,198.88646795116568,130.52926365853276,0.0018006302761685744,0.0018213750154245645,,,,0.0018220830243080854,False,,,,,,,Constructive heuristic,True,,,,
20260825_195505-0400,20260825_195505-0400-0056,56,150,B6x7_stress_T30_S26,26,30,Greedy-Density-Operational,0.6180425335798023,0.8770685579196217,0.8447319778188539,25.0,0.8333333333333334,20.0,17.0,1450.0,0.9523809523809523,0.8947368421052632,0.6170212765957447,37.04,77.0,99.0,321.33961837052186,173.1852238151169,148.15439455540502,0.001923331261528935,0.0014899169909767807,,,,0.0014902499970048666,False,,,,,,,Constructive heuristic,True,,,,
20260825_195505-0400,20260825_195505-0400-0056,56,150,B6x7_stress_T30_S26,26,30,HiGHS-1s,,,,,,,,,,,,,,,,,,,1.2155097920040134,1.2155097920040134,0.8190443750063423,0.20717670800513588,2.2417308750154916,False,,,,166033.0,60104.0,438031.0,Time limit reached. (HiGHS Status 13: model_status is Time limit reached; primal_status is None),False,,1.0,False,1.0
20260825_195505-0400,20260825_195505-0400-0056,56,150,B6x7_stress_T30_S26,26,30,HiGHS-5s,,,,,,,,,,,,,,,,,,,6.770117500011111,6.770117500011111,0.8190443750063423,0.20717670800513588,7.796338583022589,False,,,,166033.0,60104.0,438031.0,Time limit reached. (HiGHS Status 13: model_status is Time limit reached; primal_status is None),False,,5.0,False,1.0
20260825_195505-0400,20260825_195505-0400-0056,56,150,B6x7_stress_T30_S26,26,30,HiGHS-15s,,,,,,,,,,,,,,,,,,,20.83356720901793,20.83356720901793,0.8190443750063423,0.20717670800513588,21.859788292029407,False,,,,166033.0,60104.0,438031.0,Time limit reached. (HiGHS Status 13: model_status is Time limit reached; primal_status is None),False,,15.0,False,1.0
20260825_195505-0400,20260825_195505-0400-0056,56,150,B6x7_stress_T30_S26,26,30,HiGHS-60s,0.6993620265519136,0.8877068557919623,0.8613678373382625,25.0,0.8333333333333334,20.0,17.0,1600.0,0.9523809523809523,0.8947368421052632,0.6808510638297872,35.88,74.0,97.0,299.7291002494088,156.74488293913515,142.98421731027364,0.002333313735536405,46.814986333978595,46.814986333978595,0.8190443750063423,0.20717670800513588,47.84120741699007,True,0.0,0.6993620265519135,0.6993620265519135,166033.0,60104.0,438031.0,Optimization terminated successfully. (HiGHS Status 7: Optimal),True,1.0,60.0,True,0.0
20260825_195505-0400,20260825_195505-0400-0056,56,150,B6x7_stress_T30_S26,26,30,HiGHS-600s,0.6993620265519136,0.8877068557919623,0.8613678373382625,25.0,0.8333333333333334,20.0,17.0,1600.0,0.9523809523809523,0.8947368421052632,0.6808510638297872,35.88,74.0,97.0,299.7291002494088,156.74488293913515,142.98421731027364,0.002333313735536405,48.83656374999555,48.83656374999555,0.8190443750063423,0.20717670800513588,49.86278483300703,True,0.0,0.6993620265519135,0.6993620265519135,166033.0,60104.0,438031.0,Optimization terminated successfully. (HiGHS Status 7: Optimal),True,1.0,600.0,True,0.0
20260825_195505-0400,20260825_195505-0400-0056,56,150,B6x7_stress_T30_S26,26,30,HiGHS-1800s,0.6993620265519136,0.8877068557919623,0.8613678373382625,25.0,0.8333333333333334,20.0,17.0,1600.0,0.9523809523809523,0.8947368421052632,0.6808510638297872,35.88,74.0,97.0,299.7291002494088,156.74488293913515,142.98421731027364,0.002333313735536405,49.53548112499993,49.53548112499993,0.8190443750063423,0.20717670800513588,50.56170220801141,True,0.0,0.6993620265519135,0.6993620265519135,166033.0,60104.0,438031.0,Optimization terminated successfully. (HiGHS Status 7: Optimal),True,1.0,1800.0,True,0.0
20260825_195505-0400,20260825_195505-0400-0057,57,150,B6x7_stress_T30_S27,27,30,Greedy-Benefit,0.5264630351883526,0.7042910447761194,0.6845238095238096,20.0,0.6666666666666666,25.0,9.0,2000.0,0.78125,0.5625,0.625,39.45,85.0,108.0,358.07935380869384,196.1016782909034,161.97767551779046,0.0014702412456586893,0.001788374996976927,,,,0.0017888750007841736,False,,,,,,,Constructive heuristic,True,,,,
20260825_195505-0400,20260825_195505-0400-0057,57,150,B6x7_stress_T30_S27,27,30,Greedy-Density-Operational,0.48972580759380446,0.7201492537313433,0.717261904761905,22.0,0.7333333333333333,23.0,12.0,2200.0,0.71875,0.75,0.6875,36.77272727272727,86.0,109.0,370.56620305531914,187.37570159263606,183.19050146268307,0.0013215609074870135,0.0013913340226281434,,,,0.0013918339973315597,False,,,,,,,Constructive heuristic,True,,,,
20260825_195505-0400,20260825_195505-0400-0057,57,150,B6x7_stress_T30_S27,27,30,HiGHS-1s,,,,,,,,,,,,,,,,,,,1.3228896670043468,1.3228896670043468,1.4773365409928374,0.38503958299406804,3.1852657909912523,False,,,,286606.0,93707.0,766147.0,Time limit reached. (HiGHS Status 13: model_status is Time limit reached; primal_status is None),False,,1.0,False,1.0
20260825_195505-0400,20260825_195505-0400-0057,57,150,B6x7_stress_T30_S27,27,30,HiGHS-5s,,,,,,,,,,,,,,,,,,,5.528770292003173,5.528770292003173,1.4773365409928374,0.38503958299406804,7.391146415990079,False,,,,286606.0,93707.0,766147.0,Time limit reached. (HiGHS Status 13: model_status is Time limit reached; primal_status is None),False,,5.0,False,1.0
20260825_195505-0400,20260825_195505-0400-0057,57,150,B6x7_stress_T30_S27,27,30,HiGHS-15s,,,,,,,,,,,,,,,,,,,15.777378291997593,15.777378291997593,1.4773365409928374,0.38503958299406804,17.6397544159845,False,,,,286606.0,93707.0,766147.0,Time limit reached. (HiGHS Status 13: model_status is Time limit reached; primal_status is None),False,,15.0,False,1.0
20260825_195505-0400,20260825_195505-0400-0057,57,150,B6x7_stress_T30_S27,27,30,HiGHS-60s,,,,,,,,,,,,,,,,,,,61.273675540986005,61.273675540986005,1.4773365409928374,0.38503958299406804,63.13605166497291,False,,,,286606.0,93707.0,766147.0,Time limit reached. (HiGHS Status 13: model_status is Time limit reached; primal_status is None),False,,60.0,False,1.0
20260825_195505-0400,20260825_195505-0400-0057,57,150,B6x7_stress_T30_S27,27,30,HiGHS-600s,0.5798709227011543,0.8078358208955223,0.7678571428571429,23.0,0.7666666666666667,28.0,14.0,1600.0,0.875,0.875,0.5,37.130434782608695,82.0,104.0,327.091034558347,170.03372867399816,157.05730588434884,0.0017728120352920157,139.837610165996,139.837610165996,1.4773365409928374,0.38503958299406804,141.69998628998292,True,0.0,0.5798709227011543,0.5798709227011543,286606.0,93707.0,766147.0,Optimization terminated successfully. (HiGHS Status 7: Optimal),True,1.0,600.0,True,0.0
20260825_195505-0400,20260825_195505-0400-0057,57,150,B6x7_stress_T30_S27,27,30,HiGHS-1800s,0.5798709227011543,0.8078358208955223,0.7678571428571429,23.0,0.7666666666666667,28.0,14.0,1600.0,0.875,0.875,0.5,37.130434782608695,82.0,104.0,327.091034558347,170.03372867399816,157.05730588434884,0.0017728120352920157,140.00757183297537,140.00757183297537,1.4773365409928374,0.38503958299406804,141.86994795696228,True,0.0,0.5798709227011543,0.5798709227011543,286606.0,93707.0,766147.0,Optimization terminated successfully. (HiGHS Status 7: Optimal),True,1.0,1800.0,True,0.0
20260825_195505-0400,20260825_195505-0400-0058,58,150,B6x7_stress_T30_S28,28,30,Greedy-Benefit,0.46216963636723946,0.6620879120879121,0.6718995290423861,21.0,0.7,21.0,17.0,800.0,0.5833333333333334,0.8947368421052632,0.5517241379310345,38.19047619047619,75.0,99.0,302.74024120650745,175.2235302733565,127.516710933151,0.0015266210878519476,0.0016351250233128667,,,,0.0016359169967472553,False,,,,,,,Constructive heuristic,True,,,,
20260825_195505-0400,20260825_195505-0400-0058,58,150,B6x7_stress_T30_S28,28,30,Greedy-Density-Operational,0.49135523563266087,0.7417582417582417,0.7456828885400313,22.0,0.7333333333333333,27.0,13.0,1250.0,0.75,0.6842105263157895,0.8620689655172413,34.22727272727273,76.0,92.0,297.82919025250305,158.40227154655588,139.42691870594714,0.0016497887101532397,0.001372458995319903,,,,0.0013727500045206398,False,,,,,,,Constructive heuristic,True,,,,
20260825_195505-0400,20260825_195505-0400-0058,58,150,B6x7_stress_T30_S28,28,30,HiGHS-1s,,,,,,,,,,,,,,,,,,,1.334165792010026,1.334165792010026,0.8152524170000106,0.19683037500362843,2.346248584013665,False,,,,153406.0,52381.0,407873.0,Time limit reached. (HiGHS Status 13: model_status is Time limit reached; primal_status is None),False,,1.0,False,1.0
20260825_195505-0400,20260825_195505-0400-0058,58,150,B6x7_stress_T30_S28,28,30,HiGHS-5s,,,,,,,,,,,,,,,,,,,5.472731791989645,5.472731791989645,0.8152524170000106,0.19683037500362843,6.484814583993284,False,,,,153406.0,52381.0,407873.0,Time limit reached. (HiGHS Status 13: model_status is Time limit reached; primal_status is None),False,,5.0,False,1.0
20260825_195505-0400,20260825_195505-0400-0058,58,150,B6x7_stress_T30_S28,28,30,HiGHS-15s,,,,,,,,,,,,,,,,,,,16.182066040986683,16.182066040986683,0.8152524170000106,0.19683037500362843,17.194148832990322,False,,,,153406.0,52381.0,407873.0,Time limit reached. (HiGHS Status 13: model_status is Time limit reached; primal_status is None),False,,15.0,False,1.0
20260825_195505-0400,20260825_195505-0400-0058,58,150,B6x7_stress_T30_S28,28,30,HiGHS-60s,0.5654055417522427,0.7142857142857143,0.7299843014128728,21.0,0.7,24.0,15.0,1250.0,0.6666666666666666,0.7894736842105263,0.8620689655172413,33.76190476190476,74.0,90.0,289.0104657413734,144.53985795674532,144.4706077846281,0.001956349713156086,60.50389395799721,60.50389395799721,0.8152524170000106,0.19683037500362843,61.515976750000846,False,0.02232666600339678,0.5654055417522427,0.5780291624394145,153406.0,52381.0,407873.0,Time limit reached. (HiGHS Status 13: Time limit reached),True,0.0,60.0,True,1.0
20260825_195505-0400,20260825_195505-0400-0058,58,150,B6x7_stress_T30_S28,28,30,HiGHS-600s,0.5763253764503806,0.782967032967033,0.7927786499215072,23.0,0.7666666666666667,27.0,16.0,1250.0,0.75,0.8421052631578947,0.8620689655172413,37.21739130434783,84.0,107.0,317.2444264288486,163.20509400916546,154.03933241968318,0.0018166603679628033,65.05260154200369,65.05260154200369,0.8152524170000106,0.19683037500362843,66.06468433400732,True,0.0,0.5763253764503826,0.5763253764503826,153406.0,52381.0,407873.0,Optimization terminated successfully. (HiGHS Status 7: Optimal),True,1.0,600.0,True,0.0
20260825_195505-0400,20260825_195505-0400-0058,58,150,B6x7_stress_T30_S28,28,30,HiGHS-1800s,0.5763253764503806,0.782967032967033,0.7927786499215072,23.0,0.7666666666666667,27.0,16.0,1250.0,0.75,0.8421052631578947,0.8620689655172413,37.21739130434783,84.0,107.0,317.2444264288486,163.20509400916546,154.03933241968318,0.0018166603679628033,65.41666249997797,65.41666249997797,0.8152524170000106,0.19683037500362843,66.42874529198161,True,0.0,0.5763253764503826,0.5763253764503826,153406.0,52381.0,407873.0,Optimization terminated successfully. (HiGHS Status 7: Optimal),True,1.0,1800.0,True,0.0
20260825_195505-0400,20260825_195505-0400-0059,59,150,B6x7_stress_T30_S29,29,30,Greedy-Benefit,0.5305359517502218,0.7429193899782136,0.7335766423357665,21.0,0.7,23.0,10.0,1200.0,0.7666666666666667,0.7142857142857143,0.6666666666666666,42.19047619047619,88.0,110.0,363.7400398950245,189.4656586974999,174.27438119752466,0.001458558018257585,0.0021406669984571636,,,,0.0021414170041680336,False,,,,,,,Constructive heuristic,True,,,,
20260825_195505-0400,20260825_195505-0400-0059,59,150,B6x7_stress_T30_S29,29,30,Greedy-Density-Operational,0.5326464290047139,0.7429193899782137,0.7335766423357664,21.0,0.7,23.0,10.0,1200.0,0.7666666666666667,0.7142857142857143,0.6666666666666666,43.23809523809524,90.0,117.0,423.9325162764279,229.07234130746374,194.86017496896412,0.001256441552733828,0.001785959000699222,,,,0.0017865840054582804,False,,,,,,,Constructive heuristic,True,,,,
20260825_195505-0400,20260825_195505-0400-0059,59,150,B6x7_stress_T30_S29,29,30,HiGHS-1s,,,,,,,,,,,,,,,,,,,1.162913666019449,1.162913666019449,0.5949335419863928,0.16396608401555568,1.9218132920213975,False,,,,128262.0,49425.0,335397.0,Time limit reached. (HiGHS Status 13: model_status is Time limit reached; primal_status is None),False,,1.0,False,1.0
20260825_195505-0400,20260825_195505-0400-0059,59,150,B6x7_stress_T30_S29,29,30,HiGHS-5s,,,,,,,,,,,,,,,,,,,6.206156125001144,6.206156125001144,0.5949335419863928,0.16396608401555568,6.965055751003092,False,,,,128262.0,49425.0,335397.0,Time limit reached. (HiGHS Status 13: model_status is Time limit reached; primal_status is None),False,,5.0,False,1.0
20260825_195505-0400,20260825_195505-0400-0059,59,150,B6x7_stress_T30_S29,29,30,HiGHS-15s,,,,,,,,,,,,,,,,,,,19.306338250025874,19.306338250025874,0.5949335419863928,0.16396608401555568,20.065237876027822,False,,,,128262.0,49425.0,335397.0,Time limit reached. (HiGHS Status 13: model_status is Time limit reached; primal_status is None),False,,15.0,False,1.0
20260825_195505-0400,20260825_195505-0400-0059,59,150,B6x7_stress_T30_S29,29,30,HiGHS-60s,0.578093916804607,0.7636165577342049,0.7408759124087592,21.0,0.7,25.0,9.0,1100.0,0.8333333333333334,0.6428571428571429,0.6111111111111112,39.95238095238095,86.0,108.0,356.4982677861634,191.65515492145673,164.8431128647067,0.0016215896935335523,56.7186448329885,56.7186448329885,0.5949335419863928,0.16396608401555568,57.47754445899045,True,0.0,0.5780939168046071,0.5780939168046071,128262.0,49425.0,335397.0,Optimization terminated successfully. (HiGHS Status 7: Optimal),True,1.0,60.0,True,0.0
20260825_195505-0400,20260825_195505-0400-0059,59,150,B6x7_stress_T30_S29,29,30,HiGHS-600s,0.578093916804607,0.7636165577342049,0.7408759124087592,21.0,0.7,25.0,9.0,1100.0,0.8333333333333334,0.6428571428571429,0.6111111111111112,39.95238095238095,86.0,108.0,356.4982677861634,191.65515492145673,164.8431128647067,0.0016215896935335523,56.87487574998522,56.87487574998522,0.5949335419863928,0.16396608401555568,57.63377537598717,True,0.0,0.5780939168046071,0.5780939168046071,128262.0,49425.0,335397.0,Optimization terminated successfully. (HiGHS Status 7: Optimal),True,1.0,600.0,True,0.0
20260825_195505-0400,20260825_195505-0400-0059,59,150,B6x7_stress_T30_S29,29,30,HiGHS-1800s,0.578093916804607,0.7636165577342049,0.7408759124087592,21.0,0.7,25.0,9.0,1100.0,0.8333333333333334,0.6428571428571429,0.6111111111111112,39.95238095238095,86.0,108.0,356.4982677861634,191.65515492145673,164.8431128647067,0.0016215896935335523,57.69073745797505,57.69073745797505,0.5949335419863928,0.16396608401555568,58.449637083976995,True,0.0,0.5780939168046071,0.5780939168046071,128262.0,49425.0,335397.0,Optimization terminated successfully. (HiGHS Status 7: Optimal),True,1.0,1800.0,True,0.0
20260825_195505-0400,20260825_195505-0400-0060,60,150,B6x7_stress_T30_S30,30,30,Greedy-Benefit,0.5364759172873603,0.6698821007502681,0.6462585034013606,20.0,0.6666666666666666,17.0,15.0,1000.0,0.8095238095238095,0.5555555555555556,0.5555555555555556,37.65,70.0,84.0,294.01817600359806,170.59952225860695,123.4186537449911,0.0018246352133032592,0.0015872920048423111,,,,0.0015879999846220016,False,,,,,,,Constructive heuristic,True,,,,
20260825_195505-0400,20260825_195505-0400-0060,60,150,B6x7_stress_T30_S30,30,30,Greedy-Density-Operational,0.517210851240778,0.7213290460878884,0.6938775510204083,23.0,0.7666666666666667,20.0,13.0,1300.0,0.9523809523809523,0.48148148148148145,0.7222222222222222,39.47826086956522,76.0,96.0,371.58042229032526,193.82992355432984,177.75049873599548,0.0013919216950473996,0.0013715829991269857,,,,0.0013719160051550716,False,,,,,,,Constructive heuristic,True,,,,
20260825_195505-0400,20260825_195505-0400-0060,60,150,B6x7_stress_T30_S30,30,30,HiGHS-1s,,,,,,,,,,,,,,,,,,,1.8592516670178156,1.8592516670178156,2.7520811250142287,0.7348307079810183,5.346163500013063,False,,,,544533.0,139357.0,1494278.0,Time limit reached. (HiGHS Status 13: model_status is Time limit reached; primal_status is None),False,,1.0,False,1.0
20260825_195505-0400,20260825_195505-0400-0060,60,150,B6x7_stress_T30_S30,30,30,HiGHS-5s,,,,,,,,,,,,,,,,,,,6.916341667005327,6.916341667005327,2.7520811250142287,0.7348307079810183,10.403253500000574,False,,,,544533.0,139357.0,1494278.0,Time limit reached. (HiGHS Status 13: model_status is Time limit reached; primal_status is None),False,,5.0,False,1.0
20260825_195505-0400,20260825_195505-0400-0060,60,150,B6x7_stress_T30_S30,30,30,HiGHS-15s,,,,,,,,,,,,,,,,,,,16.08260095800506,16.08260095800506,2.7520811250142287,0.7348307079810183,19.569512791000307,False,,,,544533.0,139357.0,1494278.0,Time limit reached. (HiGHS Status 13: model_status is Time limit reached; primal_status is None),False,,15.0,False,1.0
20260825_195505-0400,20260825_195505-0400-0060,60,150,B6x7_stress_T30_S30,30,30,HiGHS-60s,,,,,,,,,,,,,,,,,,,61.99258445799933,61.99258445799933,2.7520811250142287,0.7348307079810183,65.47949629099458,False,,,,544533.0,139357.0,1494278.0,Time limit reached. (HiGHS Status 13: model_status is Time limit reached; primal_status is None),False,,60.0,False,1.0
20260825_195505-0400,20260825_195505-0400-0060,60,150,B6x7_stress_T30_S30,30,30,HiGHS-600s,0.06882881859502016,0.10396570203644158,0.11394557823129253,4.0,0.13333333333333333,2.0,2.0,450.0,0.09523809523809523,0.07407407407407407,0.25,40.5,60.0,84.0,54.686586700518184,33.61410742739872,21.072479273119463,0.0012586051305770738,601.4715739169915,601.4715739169915,2.7520811250142287,0.7348307079810183,604.9584857499867,False,2956.3449382671665,0.06882881859502016,203.55055827889188,544533.0,139357.0,1494278.0,Time limit reached. (HiGHS Status 13: Time limit reached),True,0.0,600.0,True,1.0
20260825_195505-0400,20260825_195505-0400-0060,60,150,B6x7_stress_T30_S30,30,30,HiGHS-1800s,0.6415943469415399,0.8606645230439444,0.846938775510204,25.0,0.8333333333333334,19.0,23.0,1300.0,0.9047619047619048,0.8518518518518519,0.7222222222222222,42.16,92.0,113.0,326.8139376423722,175.79208590380102,151.02185173857114,0.001963179268209875,1254.749333166983,1254.749333166983,2.7520811250142287,0.7348307079810183,1258.2362449999782,True,0.0,0.6415943469415402,0.6415943469415402,544533.0,139357.0,1494278.0,Optimization terminated successfully. (HiGHS Status 7: Optimal),True,1.0,1800.0,True,0.0
20260825_195505-0400,20260825_195505-0400-0061,61,150,B6x7_stress_T40_S1,1,40,Greedy-Benefit,0.4051428468999716,0.6372165754495698,0.6136950904392764,23.0,0.575,28.0,12.0,1250.0,0.6829268292682927,0.631578947368421,0.43103448275862066,48.17391304347826,85.0,103.0,410.20694758464185,219.59070876627902,190.61623881836283,0.0009876547661747603,0.0020847079867962748,,,,0.002085332991555333,False,,,,,,,Constructive heuristic,True,,,,
20260825_195505-0400,20260825_195505-0400-0061,61,150,B6x7_stress_T40_S1,1,40,Greedy-Density-Operational,0.40109002960056767,0.6270523846755277,0.6098191214470284,25.0,0.625,29.0,8.0,1700.0,0.7073170731707317,0.42105263157894735,0.5862068965517241,43.4,88.0,108.0,402.7793032250208,207.47961618971584,195.29968703530494,0.0009958059572303562,0.0021016249957028776,,,,0.002102290978655219,False,,,,,,,Constructive heuristic,True,,,,
20260825_195505-0400,20260825_195505-0400-0061,61,150,B6x7_stress_T40_S1,1,40,HiGHS-1s,,,,,,,,,,,,,,,,,,,2.7979080420045648,2.7979080420045648,2.980831541994121,0.7700530840083957,6.548792668007081,False,,,,577298.0,142386.0,1589554.0,Time limit reached. (HiGHS Status 13: model_status is Time limit reached; primal_status is None),False,,1.0,False,1.0
20260825_195505-0400,20260825_195505-0400-0061,61,150,B6x7_stress_T40_S1,1,40,HiGHS-5s,,,,,,,,,,,,,,,,,,,5.9406222910038196,5.9406222910038196,2.980831541994121,0.7700530840083957,9.691506917006336,False,,,,577298.0,142386.0,1589554.0,Time limit reached. (HiGHS Status 13: model_status is Time limit reached; primal_status is None),False,,5.0,False,1.0
20260825_195505-0400,20260825_195505-0400-0061,61,150,B6x7_stress_T40_S1,1,40,HiGHS-15s,,,,,,,,,,,,,,,,,,,16.1606713749934,16.1606713749934,2.980831541994121,0.7700530840083957,19.911556000995915,False,,,,577298.0,142386.0,1589554.0,Time limit reached. (HiGHS Status 13: model_status is Time limit reached; primal_status is None),False,,15.0,False,1.0
20260825_195505-0400,20260825_195505-0400-0061,61,150,B6x7_stress_T40_S1,1,40,HiGHS-60s,,,,,,,,,,,,,,,,,,,63.472627749986714,63.472627749986714,2.980831541994121,0.7700530840083957,67.22351237598923,False,,,,577298.0,142386.0,1589554.0,Time limit reached. (HiGHS Status 13: model_status is Time limit reached; primal_status is None),False,,60.0,False,1.0
20260825_195505-0400,20260825_195505-0400-0061,61,150,B6x7_stress_T40_S1,1,40,HiGHS-600s,0.0,0.0,0.0,0.0,0.0,0.0,0.0,0.0,0.0,0.0,0.0,,,0.0,0.0,0.0,0.0,,601.3934495419962,601.3934495419962,2.980831541994121,0.7700530840083957,605.1443341679987,False,,-0.0,144.58188966605087,577298.0,142386.0,1589554.0,Time limit reached. (HiGHS Status 13: Time limit reached),True,0.0,600.0,False,1.0
20260825_195505-0400,20260825_195505-0400-0061,61,150,B6x7_stress_T40_S1,1,40,HiGHS-1800s,0.07106840208282744,0.08209538702111024,0.07751937984496125,2.0,0.05,3.0,3.0,0.0,0.07317073170731707,0.15789473684210525,0.0,23.0,25.0,46.0,66.29501844937026,33.14750922468513,33.14750922468513,0.0010720021465429207,1801.531860707997,1801.531860707997,2.980831541994121,0.7700530840083957,1805.2827453339996,False,6.0876817911978565,0.07106840208282744,0.5037102193719839,577298.0,142386.0,1589554.0,Time limit reached. (HiGHS Status 13: Time limit reached),True,0.0,1800.0,True,1.0
20260825_195505-0400,20260825_195505-0400-0062,62,150,B6x7_stress_T40_S2,2,40,Greedy-Benefit,0.4482824351440643,0.6754155730533684,0.6810966810966812,24.0,0.6,20.0,20.0,1200.0,0.6666666666666666,0.6666666666666666,0.7741935483870968,42.875,90.0,112.0,371.64651456850316,211.99595794668102,159.65055662182215,0.0012062064826964369,0.0021061250008642673,,,,0.002106874977471307,False,,,,,,,Constructive heuristic,True,,,,
20260825_195505-0400,20260825_195505-0400-0062,62,150,B6x7_stress_T40_S2,2,40,Greedy-Density-Operational,0.479415034454425,0.6981627296587926,0.6753246753246753,24.0,0.6,24.0,18.0,800.0,0.8,0.6,0.5161290322580645,39.083333333333336,91.0,113.0,351.81903628421014,177.64037834922553,174.17865793498459,0.0013626750829569636,0.0018792920163832605,,,,0.0018797079974319786,False,,,,,,,Constructive heuristic,True,,,,
20260825_195505-0400,20260825_195505-0400-0062,62,150,B6x7_stress_T40_S2,2,40,HiGHS-1s,,,,,,,,,,,,,,,,,,,1.4499177919933572,1.4499177919933572,1.740320541022811,0.45185749998199753,3.642095832998166,False,,,,330517.0,90694.0,900903.0,Time limit reached. (HiGHS Status 13: model_status is Time limit reached; primal_status is None),False,,1.0,False,1.0
20260825_195505-0400,20260825_195505-0400-0062,62,150,B6x7_stress_T40_S2,2,40,HiGHS-5s,,,,,,,,,,,,,,,,,,,6.27925162500469,6.27925162500469,1.740320541022811,0.45185749998199753,8.471429666009499,False,,,,330517.0,90694.0,900903.0,Time limit reached. (HiGHS Status 13: model_status is Time limit reached; primal_status is None),False,,5.0,False,1.0
20260825_195505-0400,20260825_195505-0400-0062,62,150,B6x7_stress_T40_S2,2,40,HiGHS-15s,,,,,,,,,,,,,,,,,,,16.150517625006614,16.150517625006614,1.740320541022811,0.45185749998199753,18.342695666011423,False,,,,330517.0,90694.0,900903.0,Time limit reached. (HiGHS Status 13: model_status is Time limit reached; primal_status is None),False,,15.0,False,1.0
20260825_195505-0400,20260825_195505-0400-0062,62,150,B6x7_stress_T40_S2,2,40,HiGHS-60s,,,,,,,,,,,,,,,,,,,73.85261879101745,73.85261879101745,1.740320541022811,0.45185749998199753,76.04479683202226,False,,,,330517.0,90694.0,900903.0,Time limit reached. (HiGHS Status 13: model_status is Time limit reached; primal_status is None),False,,60.0,False,1.0
20260825_195505-0400,20260825_195505-0400-0062,62,150,B6x7_stress_T40_S2,2,40,HiGHS-600s,0.5512337812240219,0.7244094488188978,0.7041847041847044,25.0,0.625,24.0,20.0,800.0,0.8,0.6666666666666666,0.5161290322580645,41.88,89.0,111.0,371.7047780529696,187.21126990916656,184.493508143803,0.001482988150196629,498.01284075001604,498.01284075001604,1.740320541022811,0.45185749998199753,500.20501879102085,True,0.0,0.5512337812240223,0.5512337812240223,330517.0,90694.0,900903.0,Optimization terminated successfully. (HiGHS Status 7: Optimal),True,1.0,600.0,True,0.0
20260825_195505-0400,20260825_195505-0400-0062,62,150,B6x7_stress_T40_S2,2,40,HiGHS-1800s,0.5512337812240219,0.7244094488188978,0.7041847041847044,25.0,0.625,24.0,20.0,800.0,0.8,0.6666666666666666,0.5161290322580645,41.88,89.0,111.0,371.7047780529696,187.21126990916656,184.493508143803,0.001482988150196629,494.3924318749923,494.3924318749923,1.740320541022811,0.45185749998199753,496.58460991599713,True,0.0,0.5512337812240223,0.5512337812240223,330517.0,90694.0,900903.0,Optimization terminated successfully. (HiGHS Status 7: Optimal),True,1.0,1800.0,True,0.0
20260825_195505-0400,20260825_195505-0400-0063,63,150,B6x7_stress_T40_S3,3,40,Greedy-Benefit,0.5125886393134883,0.7451587916343917,0.7354085603112839,27.0,0.675,34.0,11.0,1950.0,0.7727272727272727,0.6875,0.6842105263157895,38.0,88.0,110.0,281.9468886990724,154.0154609915196,127.93142770755279,0.0018180326148609658,0.0019574589969124645,,,,0.001958042004844174,False,,,,,,,Constructive heuristic,True,,,,
20260825_195505-0400,20260825_195505-0400-0063,63,150,B6x7_stress_T40_S3,3,40,Greedy-Density-Operational,0.48108309941657007,0.7374128582494188,0.7224383916990919,26.0,0.65,35.0,9.0,1950.0,0.7954545454545454,0.5625,0.6842105263157895,37.07692307692308,83.0,103.0,339.0572760499907,169.8658122888358,169.19146376115486,0.0014188844581693597,0.0016701670247130096,,,,0.001670458004809916,False,,,,,,,Constructive heuristic,True,,,,
20260825_195505-0400,20260825_195505-0400-0063,63,150,B6x7_stress_T40_S3,3,40,HiGHS-1s,,,,,,,,,,,,,,,,,,,1.9987102500163019,1.9987102500163019,2.139167916000588,0.6182161250035278,4.756094291020418,False,,,,424677.0,110728.0,1163349.0,Time limit reached. (HiGHS Status 13: model_status is Time limit reached; primal_status is None),False,,1.0,False,1.0
20260825_195505-0400,20260825_195505-0400-0063,63,150,B6x7_stress_T40_S3,3,40,HiGHS-5s,,,,,,,,,,,,,,,,,,,5.8658536250004545,5.8658536250004545,2.139167916000588,0.6182161250035278,8.62323766600457,False,,,,424677.0,110728.0,1163349.0,Time limit reached. (HiGHS Status 13: model_status is Time limit reached; primal_status is None),False,,5.0,False,1.0
20260825_195505-0400,20260825_195505-0400-0063,63,150,B6x7_stress_T40_S3,3,40,HiGHS-15s,,,,,,,,,,,,,,,,,,,17.62494374997914,17.62494374997914,2.139167916000588,0.6182161250035278,20.382327790983254,False,,,,424677.0,110728.0,1163349.0,Time limit reached. (HiGHS Status 13: model_status is Time limit reached; primal_status is None),False,,15.0,False,1.0
20260825_195505-0400,20260825_195505-0400-0063,63,150,B6x7_stress_T40_S3,3,40,HiGHS-60s,,,,,,,,,,,,,,,,,,,68.82943095898372,68.82943095898372,2.139167916000588,0.6182161250035278,71.58681499998784,False,,,,424677.0,110728.0,1163349.0,Time limit reached. (HiGHS Status 13: model_status is Time limit reached; primal_status is None),False,,60.0,False,1.0
20260825_195505-0400,20260825_195505-0400-0063,63,150,B6x7_stress_T40_S3,3,40,HiGHS-600s,0.6080190398228068,0.8024786986831911,0.7795071335927366,28.0,0.7,38.0,11.0,1850.0,0.8636363636363636,0.6875,0.6491228070175439,35.964285714285715,76.0,92.0,273.04971830612527,145.56513868369768,127.48457962242757,0.002226770434317519,588.1785126249888,588.1785126249888,2.139167916000588,0.6182161250035278,590.9358966659929,True,0.0,0.6080190398228138,0.6080190398228138,424677.0,110728.0,1163349.0,Optimization terminated successfully. (HiGHS Status 7: Optimal),True,1.0,600.0,True,0.0
20260825_195505-0400,20260825_195505-0400-0063,63,150,B6x7_stress_T40_S3,3,40,HiGHS-1800s,0.6080190398228068,0.8024786986831911,0.7795071335927366,28.0,0.7,38.0,11.0,1850.0,0.8636363636363636,0.6875,0.6491228070175439,35.964285714285715,76.0,92.0,273.04971830612527,145.56513868369768,127.48457962242757,0.002226770434317519,572.2090025419893,572.2090025419893,2.139167916000588,0.6182161250035278,574.9663865829934,True,0.0,0.6080190398228094,0.6080190398228094,424677.0,110728.0,1163349.0,Optimization terminated successfully. (HiGHS Status 7: Optimal),True,0.0,1800.0,True,0.0
20260825_195505-0400,20260825_195505-0400-0064,64,150,B6x7_stress_T40_S4,4,40,Greedy-Benefit,0.4946191595411522,0.6747967479674795,0.6352201257861637,25.0,0.625,28.0,9.0,2250.0,0.7777777777777778,0.6,0.47368421052631576,42.36,84.0,106.0,364.46169776837513,200.85335952385276,163.60833824452234,0.0013571224701244067,0.0020839589997194707,,,,0.0020844590035267174,False,,,,,,,Constructive heuristic,True,,,,
20260825_195505-0400,20260825_195505-0400-0064,64,150,B6x7_stress_T40_S4,4,40,Greedy-Density-Operational,0.45589311271287525,0.6715447154471541,0.6176100628930817,25.0,0.625,29.0,9.0,1850.0,0.8055555555555556,0.6,0.3894736842105263,40.92,84.0,105.0,386.7375317827766,196.40468501597996,190.3328467667967,0.0011788178680546115,0.001598125003511086,,,,0.0015983750054147094,False,,,,,,,Constructive heuristic,True,,,,
20260825_195505-0400,20260825_195505-0400-0064,64,150,B6x7_stress_T40_S4,4,40,HiGHS-1s,,,,,,,,,,,,,,,,,,,1.7361419580120128,1.7361419580120128,1.917546124983346,0.4986546250001993,4.152342707995558,False,,,,386023.0,91873.0,1066242.0,Time limit reached. (HiGHS Status 13: model_status is Time limit reached; primal_status is None),False,,1.0,False,1.0
20260825_195505-0400,20260825_195505-0400-0064,64,150,B6x7_stress_T40_S4,4,40,HiGHS-5s,,,,,,,,,,,,,,,,,,,6.11464350001188,6.11464350001188,1.917546124983346,0.4986546250001993,8.530844249995425,False,,,,386023.0,91873.0,1066242.0,Time limit reached. (HiGHS Status 13: model_status is Time limit reached; primal_status is None),False,,5.0,False,1.0
20260825_195505-0400,20260825_195505-0400-0064,64,150,B6x7_stress_T40_S4,4,40,HiGHS-15s,,,,,,,,,,,,,,,,,,,16.652441417012597,16.652441417012597,1.917546124983346,0.4986546250001993,19.068642166996142,False,,,,386023.0,91873.0,1066242.0,Time limit reached. (HiGHS Status 13: model_status is Time limit reached; primal_status is None),False,,15.0,False,1.0
20260825_195505-0400,20260825_195505-0400-0064,64,150,B6x7_stress_T40_S4,4,40,HiGHS-60s,,,,,,,,,,,,,,,,,,,101.17567829100881,101.17567829100881,1.917546124983346,0.4986546250001993,103.59187904099235,False,,,,386023.0,91873.0,1066242.0,Time limit reached. (HiGHS Status 13: model_status is Time limit reached; primal_status is None),False,,60.0,False,1.0
20260825_195505-0400,20260825_195505-0400-0064,64,150,B6x7_stress_T40_S4,4,40,HiGHS-600s,0.5800624356533497,0.7617886178861786,0.70062893081761,27.0,0.675,32.0,12.0,1950.0,0.8888888888888888,0.8,0.4105263157894737,39.592592592592595,81.0,92.0,283.56523896128357,148.23527341327335,135.3299655480102,0.0020456048765996604,466.8013818330073,466.8013818330073,1.917546124983346,0.4986546250001993,469.2175825829909,True,0.0,0.5800624356533497,0.5800624356533497,386023.0,91873.0,1066242.0,Optimization terminated successfully. (HiGHS Status 7: Optimal),True,1.0,600.0,True,0.0
20260825_195505-0400,20260825_195505-0400-0064,64,150,B6x7_stress_T40_S4,4,40,HiGHS-1800s,0.5800624356533497,0.7617886178861786,0.70062893081761,27.0,0.675,32.0,12.0,1950.0,0.8888888888888888,0.8,0.4105263157894737,39.592592592592595,81.0,92.0,283.56523896128357,148.23527341327335,135.3299655480102,0.0020456048765996604,646.3298287079961,646.3298287079961,1.917546124983346,0.4986546250001993,648.7460294579796,True,0.0,0.5800624356533497,0.5800624356533497,386023.0,91873.0,1066242.0,Optimization terminated successfully. (HiGHS Status 7: Optimal),True,1.0,1800.0,True,0.0
20260825_195505-0400,20260825_195505-0400-0065,65,150,B6x7_stress_T40_S5,5,40,Greedy-Benefit,0.3852558375010632,0.6199524940617578,0.6143958868894601,25.0,0.625,21.0,19.0,1300.0,0.6363636363636364,0.6129032258064516,0.5652173913043478,44.52,87.0,100.0,346.0029280157131,227.03310942025755,118.96981859545551,0.001113446755235457,0.0020059579983353615,,,,0.00200658300309442,False,,,,,,,Constructive heuristic,True,,,,
20260825_195505-0400,20260825_195505-0400-0065,65,150,B6x7_stress_T40_S5,5,40,Greedy-Density-Operational,0.3545911254269922,0.5827395091053049,0.5732647814910027,25.0,0.625,20.0,18.0,1100.0,0.6060606060606061,0.5806451612903226,0.4782608695652174,38.96,81.0,105.0,329.5480781006982,170.93416403282362,158.61391406787453,0.0010759920903518113,0.0017245839990209788,,,,0.0017249170050490648,False,,,,,,,Constructive heuristic,True,,,,
20260825_195505-0400,20260825_195505-0400-0065,65,150,B6x7_stress_T40_S5,5,40,HiGHS-1s,,,,,,,,,,,,,,,,,,,2.017149416002212,2.017149416002212,2.2943459580128547,0.5994645000027958,4.910959874017863,False,,,,437705.0,120075.0,1193086.0,Time limit reached. (HiGHS Status 13: model_status is Time limit reached; primal_status is None),False,,1.0,False,1.0
20260825_195505-0400,20260825_195505-0400-0065,65,150,B6x7_stress_T40_S5,5,40,HiGHS-5s,,,,,,,,,,,,,,,,,,,5.933217459009029,5.933217459009029,2.2943459580128547,0.5994645000027958,8.82702791702468,False,,,,437705.0,120075.0,1193086.0,Time limit reached. (HiGHS Status 13: model_status is Time limit reached; primal_status is None),False,,5.0,False,1.0
20260825_195505-0400,20260825_195505-0400-0065,65,150,B6x7_stress_T40_S5,5,40,HiGHS-15s,,,,,,,,,,,,,,,,,,,17.269361707993085,17.269361707993085,2.2943459580128547,0.5994645000027958,20.163172166008735,False,,,,437705.0,120075.0,1193086.0,Time limit reached. (HiGHS Status 13: model_status is Time limit reached; primal_status is None),False,,15.0,False,1.0
20260825_195505-0400,20260825_195505-0400-0065,65,150,B6x7_stress_T40_S5,5,40,HiGHS-60s,,,,,,,,,,,,,,,,,,,60.67693291697651,60.67693291697651,2.2943459580128547,0.5994645000027958,63.57074337499216,False,,,,437705.0,120075.0,1193086.0,Time limit reached. (HiGHS Status 13: model_status is Time limit reached; primal_status is None),False,,60.0,False,1.0
20260825_195505-0400,20260825_195505-0400-0065,65,150,B6x7_stress_T40_S5,5,40,HiGHS-600s,0.4368713093206131,0.52652414885194,0.4948586118251928,20.0,0.5,22.0,12.0,750.0,0.6666666666666666,0.3870967741935484,0.32608695652173914,32.85,78.0,88.0,230.23398931814333,123.68908345311048,106.54490586503282,0.0018975100532047547,601.6729143749981,601.6729143749981,2.2943459580128547,0.5994645000027958,604.5667248330137,False,0.08095260907028841,0.43687130932061313,0.47223718163806977,437705.0,120075.0,1193086.0,Time limit reached. (HiGHS Status 13: Time limit reached),True,0.0,600.0,True,1.0
20260825_195505-0400,20260825_195505-0400-0065,65,150,B6x7_stress_T40_S5,5,40,HiGHS-1800s,0.4690945917646451,0.6183689627870151,0.5989717223650386,26.0,0.65,23.0,17.0,1100.0,0.696969696969697,0.5483870967741935,0.4782608695652174,37.65384615384615,78.0,88.0,280.2559025054186,156.92055238484247,123.33535012057617,0.0016738080717339232,712.5267605000117,712.5267605000117,2.2943459580128547,0.5994645000027958,715.4205709580274,True,0.0,0.4690945917646453,0.4690945917646453,437705.0,120075.0,1193086.0,Optimization terminated successfully. (HiGHS Status 7: Optimal),True,1.0,1800.0,True,0.0
20260825_195505-0400,20260825_195505-0400-0066,66,150,B6x7_stress_T40_S6,6,40,Greedy-Benefit,0.395785161994849,0.5850973751058426,0.6057818659658345,21.0,0.525,17.0,12.0,2850.0,0.5483870967741935,0.5454545454545454,0.7402597402597403,49.95238095238095,89.0,110.0,424.65343737774447,220.4061952763947,204.24724210134977,0.000932019211804434,0.0020443750254344195,,,,0.002045042027020827,False,,,,,,,Constructive heuristic,True,,,,
20260825_195505-0400,20260825_195505-0400-0066,66,150,B6x7_stress_T40_S6,6,40,Greedy-Density-Operational,0.3762090065925942,0.6147332768839967,0.6254927726675428,24.0,0.6,21.0,8.0,3100.0,0.6774193548387096,0.36363636363636365,0.8051948051948052,47.291666666666664,91.0,112.0,412.61560222714064,211.10377165434932,201.51183057279133,0.0009117663136390442,0.0018082089954987168,,,,0.0018085839983541518,False,,,,,,,Constructive heuristic,True,,,,
20260825_195505-0400,20260825_195505-0400-0066,66,150,B6x7_stress_T40_S6,6,40,HiGHS-1s,,,,,,,,,,,,,,,,,,,1.3487343750020955,1.3487343750020955,1.0638734999811277,0.2496187920041848,2.662226666987408,False,,,,197912.0,57648.0,536134.0,Time limit reached. (HiGHS Status 13: model_status is Time limit reached; primal_status is None),False,,1.0,False,1.0
20260825_195505-0400,20260825_195505-0400-0066,66,150,B6x7_stress_T40_S6,6,40,HiGHS-5s,,,,,,,,,,,,,,,,,,,5.257038542011287,5.257038542011287,1.0638734999811277,0.2496187920041848,6.5705308339965995,False,,,,197912.0,57648.0,536134.0,Time limit reached. (HiGHS Status 13: model_status is Time limit reached; primal_status is None),False,,5.0,False,1.0
20260825_195505-0400,20260825_195505-0400-0066,66,150,B6x7_stress_T40_S6,6,40,HiGHS-15s,,,,,,,,,,,,,,,,,,,16.547421666007722,16.547421666007722,1.0638734999811277,0.2496187920041848,17.860913957993034,False,,,,197912.0,57648.0,536134.0,Time limit reached. (HiGHS Status 13: model_status is Time limit reached; primal_status is None),False,,15.0,False,1.0
20260825_195505-0400,20260825_195505-0400-0066,66,150,B6x7_stress_T40_S6,6,40,HiGHS-60s,,,,,,,,,,,,,,,,,,,66.66870795798604,66.66870795798604,1.0638734999811277,0.2496187920041848,67.98220024997136,False,,,,197912.0,57648.0,536134.0,Time limit reached. (HiGHS Status 13: model_status is Time limit reached; primal_status is None),False,,60.0,False,1.0
20260825_195505-0400,20260825_195505-0400-0066,66,150,B6x7_stress_T40_S6,6,40,HiGHS-600s,0.44999644910370273,0.651143099068586,0.64257555847569,24.0,0.6,23.0,10.0,2650.0,0.7419354838709677,0.45454545454545453,0.6883116883116883,43.416666666666664,88.0,106.0,339.7217828781704,187.53380242839273,152.18798044977768,0.0013246028714769772,117.1718989579822,117.1718989579822,1.0638734999811277,0.2496187920041848,118.4853912499675,True,0.0,0.44999644910370273,0.44999644910370273,197912.0,57648.0,536134.0,Optimization terminated successfully. (HiGHS Status 7: Optimal),True,1.0,600.0,True,0.0
20260825_195505-0400,20260825_195505-0400-0066,66,150,B6x7_stress_T40_S6,6,40,HiGHS-1800s,0.44999644910370273,0.651143099068586,0.64257555847569,24.0,0.6,23.0,10.0,2650.0,0.7419354838709677,0.45454545454545453,0.6883116883116883,43.416666666666664,88.0,106.0,339.7217828781704,187.53380242839273,152.18798044977768,0.0013246028714769772,118.27112275001127,118.27112275001127,1.0638734999811277,0.2496187920041848,119.58461504199659,True,0.0,0.44999644910370273,0.44999644910370273,197912.0,57648.0,536134.0,Optimization terminated successfully. (HiGHS Status 7: Optimal),True,1.0,1800.0,True,0.0
20260825_195505-0400,20260825_195505-0400-0067,67,150,B6x7_stress_T40_S7,7,40,Greedy-Benefit,0.4481977041709758,0.6691176470588237,0.6443812233285917,24.0,0.6,19.0,17.0,1550.0,0.76,0.6296296296296297,0.5081967213114754,43.791666666666664,87.0,110.0,366.9122631295469,204.63881898513998,162.2734441444069,0.0012215391776445729,0.002283624984556809,,,,0.0022842079924885184,False,,,,,,,Constructive heuristic,True,,,,
20260825_195505-0400,20260825_195505-0400-0067,67,150,B6x7_stress_T40_S7,7,40,Greedy-Density-Operational,0.4380824409533405,0.7049632352941178,0.6998577524893314,27.0,0.675,19.0,17.0,2200.0,0.76,0.6296296296296297,0.7213114754098361,43.851851851851855,88.0,114.0,432.5998816935133,221.5483246716352,211.0515570218781,0.0010126735107701935,0.0020917090005241334,,,,0.002092125010676682,False,,,,,,,Constructive heuristic,True,,,,
20260825_195505-0400,20260825_195505-0400-0067,67,150,B6x7_stress_T40_S7,7,40,HiGHS-1s,,,,,,,,,,,,,,,,,,,2.0903496659884695,2.0903496659884695,3.7536684579972643,1.0851830840110779,6.929201207996812,False,,,,732997.0,158287.0,2040750.0,Time limit reached. (HiGHS Status 13: model_status is Time limit reached; primal_status is None),False,,1.0,False,1.0
20260825_195505-0400,20260825_195505-0400-0067,67,150,B6x7_stress_T40_S7,7,40,HiGHS-5s,,,,,,,,,,,,,,,,,,,5.95112104099826,5.95112104099826,3.7536684579972643,1.0851830840110779,10.789972583006602,False,,,,732997.0,158287.0,2040750.0,Time limit reached. (HiGHS Status 13: model_status is Time limit reached; primal_status is None),False,,5.0,False,1.0
20260825_195505-0400,20260825_195505-0400-0067,67,150,B6x7_stress_T40_S7,7,40,HiGHS-15s,,,,,,,,,,,,,,,,,,,16.030371708009625,16.030371708009625,3.7536684579972643,1.0851830840110779,20.869223250017967,False,,,,732997.0,158287.0,2040750.0,Time limit reached. (HiGHS Status 13: model_status is Time limit reached; primal_status is None),False,,15.0,False,1.0
20260825_195505-0400,20260825_195505-0400-0067,67,150,B6x7_stress_T40_S7,7,40,HiGHS-60s,,,,,,,,,,,,,,,,,,,62.91738749999786,62.91738749999786,3.7536684579972643,1.0851830840110779,67.7562390420062,False,,,,732997.0,158287.0,2040750.0,Time limit reached. (HiGHS Status 13: model_status is Time limit reached; primal_status is None),False,,60.0,False,1.0
20260825_195505-0400,20260825_195505-0400-0067,67,150,B6x7_stress_T40_S7,7,40,HiGHS-600s,,,,,,,,,,,,,,,,,,,617.2181091670063,617.2181091670063,3.7536684579972643,1.0851830840110779,622.0569607090147,False,,,,732997.0,158287.0,2040750.0,Time limit reached. (HiGHS Status 13: model_status is Time limit reached; primal_status is None),False,,600.0,False,1.0
20260825_195505-0400,20260825_195505-0400-0067,67,150,B6x7_stress_T40_S7,7,40,HiGHS-1800s,0.3217142284763748,0.40165441176470595,0.4011379800853485,14.0,0.35,10.0,11.0,1200.0,0.4,0.4074074074074074,0.39344262295081966,35.92857142857143,87.0,106.0,186.34373830267063,100.51184175991843,85.83189654275222,0.0017264558037030863,1803.4036000000197,1803.4036000000197,3.7536684579972643,1.0851830840110779,1808.242451542028,False,0.6190816400853797,0.3217142284763748,0.5208816006803315,732997.0,158287.0,2040750.0,Time limit reached. (HiGHS Status 13: Time limit reached),True,0.0,1800.0,True,1.0
20260825_195505-0400,20260825_195505-0400-0068,68,150,B6x7_stress_T40_S8,8,40,Greedy-Benefit,0.40976695481241987,0.6364985163204749,0.6338535414165666,25.0,0.625,24.0,18.0,1800.0,0.631578947368421,0.6666666666666666,0.5901639344262295,46.4,85.0,107.0,383.86061299243744,206.34858327916282,177.51202971327453,0.00106748892942682,0.002334584016352892,,,,0.002335375000257045,False,,,,,,,Constructive heuristic,True,,,,
20260825_195505-0400,20260825_195505-0400-0068,68,150,B6x7_stress_T40_S8,8,40,Greedy-Density-Operational,0.4337454412381366,0.6135014836795253,0.6086434573829532,24.0,0.6,22.0,20.0,1450.0,0.5789473684210527,0.7407407407407407,0.47540983606557374,41.208333333333336,91.0,112.0,378.56728551670824,192.1385108053251,186.42877471138317,0.001145755214019921,0.0017173750093206763,,,,0.0017177500121761113,False,,,,,,,Constructive heuristic,True,,,,
20260825_195505-0400,20260825_195505-0400-0068,68,150,B6x7_stress_T40_S8,8,40,HiGHS-1s,,,,,,,,,,,,,,,,,,,1.4308847500069533,1.4308847500069533,1.4119857499899808,0.32623270800104365,3.1691032079979777,False,,,,269886.0,82930.0,726774.0,Time limit reached. (HiGHS Status 13: model_status is Time limit reached; primal_status is None),False,,1.0,False,1.0
20260825_195505-0400,20260825_195505-0400-0068,68,150,B6x7_stress_T40_S8,8,40,HiGHS-5s,,,,,,,,,,,,,,,,,,,5.480328417004785,5.480328417004785,1.4119857499899808,0.32623270800104365,7.218546874995809,False,,,,269886.0,82930.0,726774.0,Time limit reached. (HiGHS Status 13: model_status is Time limit reached; primal_status is None),False,,5.0,False,1.0
20260825_195505-0400,20260825_195505-0400-0068,68,150,B6x7_stress_T40_S8,8,40,HiGHS-15s,,,,,,,,,,,,,,,,,,,17.635223332996247,17.635223332996247,1.4119857499899808,0.32623270800104365,19.373441790987272,False,,,,269886.0,82930.0,726774.0,Time limit reached. (HiGHS Status 13: model_status is Time limit reached; primal_status is None),False,,15.0,False,1.0
20260825_195505-0400,20260825_195505-0400-0068,68,150,B6x7_stress_T40_S8,8,40,HiGHS-60s,,,,,,,,,,,,,,,,,,,67.73319554200862,67.73319554200862,1.4119857499899808,0.32623270800104365,69.47141399999964,False,,,,269886.0,82930.0,726774.0,Time limit reached. (HiGHS Status 13: model_status is Time limit reached; primal_status is None),False,,60.0,False,1.0
20260825_195505-0400,20260825_195505-0400-0068,68,150,B6x7_stress_T40_S8,8,40,HiGHS-600s,0.4741784141142107,0.6468842729970327,0.6326530612244898,26.0,0.65,22.0,25.0,950.0,0.5789473684210527,0.9259259259259259,0.3114754098360656,43.42307692307692,88.0,112.0,370.1260400655911,193.25328840593212,176.87275165965895,0.001281126867026649,278.92086104198825,278.92086104198825,1.4119857499899808,0.32623270800104365,280.65907949997927,True,0.0,0.4741784141142111,0.4741784141142111,269886.0,82930.0,726774.0,Optimization terminated successfully. (HiGHS Status 7: Optimal),True,1.0,600.0,True,0.0
20260825_195505-0400,20260825_195505-0400-0068,68,150,B6x7_stress_T40_S8,8,40,HiGHS-1800s,0.4741784141142107,0.6468842729970327,0.6326530612244898,26.0,0.65,22.0,25.0,950.0,0.5789473684210527,0.9259259259259259,0.3114754098360656,43.42307692307692,88.0,112.0,370.1260400655911,193.25328840593212,176.87275165965895,0.001281126867026649,278.971744917013,278.971744917013,1.4119857499899808,0.32623270800104365,280.709963375004,True,0.0,0.4741784141142111,0.4741784141142111,269886.0,82930.0,726774.0,Optimization terminated successfully. (HiGHS Status 7: Optimal),True,1.0,1800.0,True,0.0
20260825_195505-0400,20260825_195505-0400-0069,69,150,B6x7_stress_T40_S9,9,40,Greedy-Benefit,0.45642074210976835,0.6611353711790393,0.6372413793103447,23.0,0.575,23.0,13.0,1700.0,0.6764705882352942,0.8125,0.4533333333333333,44.78260869565217,101.0,128.0,391.6480687229681,203.24513325203438,188.4029354709336,0.0011653848915890279,0.0020767909882124513,,,,0.002077499986626208,False,,,,,,,Constructive heuristic,True,,,,
20260825_195505-0400,20260825_195505-0400-0069,69,150,B6x7_stress_T40_S9,9,40,Greedy-Density-Operational,0.4139095952719455,0.5930131004366812,0.550344827586207,22.0,0.55,23.0,10.0,1150.0,0.6764705882352942,0.625,0.30666666666666664,39.54545454545455,96.0,123.0,377.66746638359376,192.1642269490242,185.50323943456962,0.0010959630683452645,0.0018938750145025551,,,,0.0018942090100608766,False,,,,,,,Constructive heuristic,True,,,,
20260825_195505-0400,20260825_195505-0400-0069,69,150,B6x7_stress_T40_S9,9,40,HiGHS-1s,,,,,,,,,,,,,,,,,,,1.2771012500161305,1.2771012500161305,1.1984374999883585,0.30825420800829306,2.783792958012782,False,,,,221253.0,73705.0,590100.0,Time limit reached. (HiGHS Status 13: model_status is Time limit reached; primal_status is None),False,,1.0,False,1.0
20260825_195505-0400,20260825_195505-0400-0069,69,150,B6x7_stress_T40_S9,9,40,HiGHS-5s,,,,,,,,,,,,,,,,,,,5.66613770800177,5.66613770800177,1.1984374999883585,0.30825420800829306,7.172829415998422,False,,,,221253.0,73705.0,590100.0,Time limit reached. (HiGHS Status 13: model_status is Time limit reached; primal_status is None),False,,5.0,False,1.0
20260825_195505-0400,20260825_195505-0400-0069,69,150,B6x7_stress_T40_S9,9,40,HiGHS-15s,,,,,,,,,,,,,,,,,,,16.168112207989907,16.168112207989907,1.1984374999883585,0.30825420800829306,17.67480391598656,False,,,,221253.0,73705.0,590100.0,Time limit reached. (HiGHS Status 13: model_status is Time limit reached; primal_status is None),False,,15.0,False,1.0
20260825_195505-0400,20260825_195505-0400-0069,69,150,B6x7_stress_T40_S9,9,40,HiGHS-60s,0.0,0.0,0.0,0.0,0.0,0.0,0.0,0.0,0.0,0.0,0.0,,,0.0,0.0,0.0,0.0,,60.490973124979064,60.490973124979064,1.1984374999883585,0.30825420800829306,61.997664832975715,False,,-0.0,28.415676324083886,221253.0,73705.0,590100.0,Time limit reached. (HiGHS Status 13: Time limit reached),True,0.0,60.0,False,1.0
20260825_195505-0400,20260825_195505-0400-0069,69,150,B6x7_stress_T40_S9,9,40,HiGHS-600s,0.48365496104861266,0.6777292576419215,0.6358620689655171,23.0,0.575,25.0,13.0,1350.0,0.7352941176470589,0.8125,0.36,41.34782608695652,93.0,117.0,400.0118670696547,217.73254294000273,182.2793241296519,0.0012091015313913,202.16866733401548,202.16866733401548,1.1984374999883585,0.30825420800829306,203.67535904201213,True,0.0,0.48365496104861394,0.48365496104861394,221253.0,73705.0,590100.0,Optimization terminated successfully. (HiGHS Status 7: Optimal),True,1.0,600.0,True,0.0
20260825_195505-0400,20260825_195505-0400-0069,69,150,B6x7_stress_T40_S9,9,40,HiGHS-1800s,0.48365496104861266,0.6777292576419215,0.6358620689655171,23.0,0.575,25.0,13.0,1350.0,0.7352941176470589,0.8125,0.36,41.34782608695652,93.0,117.0,400.0118670696547,217.73254294000273,182.2793241296519,0.0012091015313913,202.2934060000116,202.2934060000116,1.1984374999883585,0.30825420800829306,203.80009770800825,True,0.0,0.48365496104861394,0.48365496104861394,221253.0,73705.0,590100.0,Optimization terminated successfully. (HiGHS Status 7: Optimal),True,1.0,1800.0,True,0.0
20260825_195505-0400,20260825_195505-0400-0070,70,150,B6x7_stress_T40_S10,10,40,Greedy-Benefit,0.4333985513576852,0.5963718820861678,0.5990396158463385,21.0,0.525,18.0,22.0,1650.0,0.5454545454545454,0.6875,0.5409836065573771,39.42857142857143,84.0,110.0,338.30016870348834,198.65545633852284,139.64471236496553,0.001281106518565021,0.0020730840042233467,,,,0.002073667012155056,False,,,,,,,Constructive heuristic,True,,,,
20260825_195505-0400,20260825_195505-0400-0070,70,150,B6x7_stress_T40_S10,10,40,Greedy-Density-Operational,0.40693945708883783,0.6470143613000755,0.6794717887154863,26.0,0.65,14.0,30.0,2100.0,0.42424242424242425,0.9375,0.6885245901639344,39.38461538461539,88.0,114.0,330.21597534923933,169.20574587968392,161.0102294695554,0.0012323433372914653,0.001929666002979502,,,,0.0019302910077385604,False,,,,,,,Constructive heuristic,True,,,,
20260825_195505-0400,20260825_195505-0400-0070,70,150,B6x7_stress_T40_S10,10,40,HiGHS-1s,,,,,,,,,,,,,,,,,,,1.334895542007871,1.334895542007871,1.435581124998862,0.38458095901296474,3.1550576260196976,False,,,,267244.0,79365.0,722413.0,Time limit reached. (HiGHS Status 13: model_status is Time limit reached; primal_status is None),False,,1.0,False,1.0
20260825_195505-0400,20260825_195505-0400-0070,70,150,B6x7_stress_T40_S10,10,40,HiGHS-5s,,,,,,,,,,,,,,,,,,,5.826262707996648,5.826262707996648,1.435581124998862,0.38458095901296474,7.6464247920084745,False,,,,267244.0,79365.0,722413.0,Time limit reached. (HiGHS Status 13: model_status is Time limit reached; primal_status is None),False,,5.0,False,1.0
20260825_195505-0400,20260825_195505-0400-0070,70,150,B6x7_stress_T40_S10,10,40,HiGHS-15s,,,,,,,,,,,,,,,,,,,16.56350841699168,16.56350841699168,1.435581124998862,0.38458095901296474,18.383670501003508,False,,,,267244.0,79365.0,722413.0,Time limit reached. (HiGHS Status 13: model_status is Time limit reached; primal_status is None),False,,15.0,False,1.0
20260825_195505-0400,20260825_195505-0400-0070,70,150,B6x7_stress_T40_S10,10,40,HiGHS-60s,,,,,,,,,,,,,,,,,,,73.81936633400619,73.81936633400619,1.435581124998862,0.38458095901296474,75.63952841801802,False,,,,267244.0,79365.0,722413.0,Time limit reached. (HiGHS Status 13: model_status is Time limit reached; primal_status is None),False,,60.0,False,1.0
20260825_195505-0400,20260825_195505-0400-0070,70,150,B6x7_stress_T40_S10,10,40,HiGHS-600s,0.47834989399046207,0.6848072562358276,0.6974789915966386,26.0,0.65,18.0,29.0,1850.0,0.5454545454545454,0.90625,0.6065573770491803,40.92307692307692,81.0,100.0,319.05288785312183,172.2824339463982,146.77045390672367,0.001499280878506493,285.72212720799143,285.72212720799143,1.435581124998862,0.38458095901296474,287.54228929200326,True,0.0,0.4783498939904621,0.4783498939904621,267244.0,79365.0,722413.0,Optimization terminated successfully. (HiGHS Status 7: Optimal),True,1.0,600.0,True,0.0
20260825_195505-0400,20260825_195505-0400-0070,70,150,B6x7_stress_T40_S10,10,40,HiGHS-1800s,0.47834989399046207,0.6848072562358276,0.6974789915966386,26.0,0.65,18.0,29.0,1850.0,0.5454545454545454,0.90625,0.6065573770491803,40.92307692307692,81.0,100.0,319.05288785312183,172.2824339463982,146.77045390672367,0.001499280878506493,285.7815743329993,285.7815743329993,1.435581124998862,0.38458095901296474,287.6017364170111,True,0.0,0.4783498939904621,0.4783498939904621,267244.0,79365.0,722413.0,Optimization terminated successfully. (HiGHS Status 7: Optimal),True,1.0,1800.0,True,0.0
20260825_195505-0400,20260825_195505-0400-0071,71,150,B6x7_stress_T40_S11,11,40,Greedy-Benefit,0.43295523161243304,0.6181818181818183,0.6395348837209304,26.0,0.65,23.0,14.0,3000.0,0.5609756097560976,0.6666666666666666,0.75,44.88461538461539,90.0,109.0,348.95164391410617,195.59487697551438,153.3567669385917,0.0012407313138178085,0.0021730419830419123,,,,0.0021735829941462725,False,,,,,,,Constructive heuristic,True,,,,
20260825_195505-0400,20260825_195505-0400-0071,71,150,B6x7_stress_T40_S11,11,40,Greedy-Density-Operational,0.42661335406486534,0.6138181818181819,0.644186046511628,27.0,0.675,23.0,12.0,3400.0,0.5609756097560976,0.5714285714285714,0.85,40.074074074074076,87.0,106.0,371.16378680100985,188.52429845792625,182.6394883430836,0.0011493937965817323,0.0018972910183947533,,,,0.0018976250139530748,False,,,,,,,Constructive heuristic,True,,,,
20260825_195505-0400,20260825_195505-0400-0071,71,150,B6x7_stress_T40_S11,11,40,HiGHS-1s,,,,,,,,,,,,,,,,,,,1.8236643330019433,1.8236643330019433,3.0028402500029188,0.9078786250029225,5.734383208007785,False,,,,575219.0,155021.0,1570682.0,Time limit reached. (HiGHS Status 13: model_status is Time limit reached; primal_status is None),False,,1.0,False,1.0
20260825_195505-0400,20260825_195505-0400-0071,71,150,B6x7_stress_T40_S11,11,40,HiGHS-5s,,,,,,,,,,,,,,,,,,,6.029464167018887,6.029464167018887,3.0028402500029188,0.9078786250029225,9.940183042024728,False,,,,575219.0,155021.0,1570682.0,Time limit reached. (HiGHS Status 13: model_status is Time limit reached; primal_status is None),False,,5.0,False,1.0
20260825_195505-0400,20260825_195505-0400-0071,71,150,B6x7_stress_T40_S11,11,40,HiGHS-15s,,,,,,,,,,,,,,,,,,,15.948549124994315,15.948549124994315,3.0028402500029188,0.9078786250029225,19.859268000000156,False,,,,575219.0,155021.0,1570682.0,Time limit reached. (HiGHS Status 13: model_status is Time limit reached; primal_status is None),False,,15.0,False,1.0
20260825_195505-0400,20260825_195505-0400-0071,71,150,B6x7_stress_T40_S11,11,40,HiGHS-60s,,,,,,,,,,,,,,,,,,,65.15785533300368,65.15785533300368,3.0028402500029188,0.9078786250029225,69.06857420800952,False,,,,575219.0,155021.0,1570682.0,Time limit reached. (HiGHS Status 13: model_status is Time limit reached; primal_status is None),False,,60.0,False,1.0
20260825_195505-0400,20260825_195505-0400-0071,71,150,B6x7_stress_T40_S11,11,40,HiGHS-600s,0.2977842664679721,0.41381818181818175,0.3825581395348837,16.0,0.4,19.0,10.0,650.0,0.4634146341463415,0.47619047619047616,0.1625,38.9375,89.0,110.0,235.5467589440462,127.34516253680064,108.20159640724555,0.0012642257011004356,601.3488292910042,601.3488292910042,3.0028402500029188,0.9078786250029225,605.2595481660101,False,0.6268292062024313,0.2977842664679721,0.4844441418376644,575219.0,155021.0,1570682.0,Time limit reached. (HiGHS Status 13: Time limit reached),True,0.0,600.0,True,1.0
20260825_195505-0400,20260825_195505-0400-0071,71,150,B6x7_stress_T40_S11,11,40,HiGHS-1800s,0.4795630180435466,0.64,0.6511627906976746,27.0,0.675,26.0,12.0,3000.0,0.6341463414634146,0.5714285714285714,0.75,41.888888888888886,93.0,110.0,354.8168656984243,181.25159278874082,173.56527290968342,0.0013515789817363135,1326.3565677920124,1326.3565677920124,3.0028402500029188,0.9078786250029225,1330.2672866670182,True,0.0,0.47956301804360457,0.47956301804360457,575219.0,155021.0,1570682.0,Optimization terminated successfully. (HiGHS Status 7: Optimal),True,1.0,1800.0,True,0.0
20260825_195505-0400,20260825_195505-0400-0072,72,150,B6x7_stress_T40_S12,12,40,Greedy-Benefit,0.4512652950089356,0.6556390977443609,0.6522292993630574,25.0,0.625,28.0,16.0,1200.0,0.6829268292682927,0.5925925925925926,0.6857142857142857,42.6,89.0,110.0,327.50018073968397,179.3274154898391,148.17276524984487,0.001377908537301319,0.0026568339962977916,,,,0.0026575000083539635,False,,,,,,,Constructive heuristic,True,,,,
20260825_195505-0400,20260825_195505-0400-0072,72,150,B6x7_stress_T40_S12,12,40,Greedy-Density-Operational,0.4588760394748567,0.7481203007518796,0.7388535031847134,27.0,0.675,31.0,21.0,1000.0,0.7560975609756098,0.7777777777777778,0.5714285714285714,42.111111111111114,84.0,111.0,352.386156967591,184.0108530764843,168.37530389110665,0.0013021965545515445,0.001954292005393654,,,,0.0019547080155462027,False,,,,,,,Constructive heuristic,True,,,,
20260825_195505-0400,20260825_195505-0400-0072,72,150,B6x7_stress_T40_S12,12,40,HiGHS-1s,,,,,,,,,,,,,,,,,,,2.0066897080105264,2.0066897080105264,2.329113290994428,0.6377693340182304,4.973572333023185,False,,,,442061.0,123732.0,1202497.0,Time limit reached. (HiGHS Status 13: model_status is Time limit reached; primal_status is None),False,,1.0,False,1.0
20260825_195505-0400,20260825_195505-0400-0072,72,150,B6x7_stress_T40_S12,12,40,HiGHS-5s,,,,,,,,,,,,,,,,,,,6.176060750003671,6.176060750003671,2.329113290994428,0.6377693340182304,9.14294337501633,False,,,,442061.0,123732.0,1202497.0,Time limit reached. (HiGHS Status 13: model_status is Time limit reached; primal_status is None),False,,5.0,False,1.0
20260825_195505-0400,20260825_195505-0400-0072,72,150,B6x7_stress_T40_S12,12,40,HiGHS-15s,,,,,,,,,,,,,,,,,,,16.165188333019614,16.165188333019614,2.329113290994428,0.6377693340182304,19.132070958032273,False,,,,442061.0,123732.0,1202497.0,Time limit reached. (HiGHS Status 13: model_status is Time limit reached; primal_status is None),False,,15.0,False,1.0
20260825_195505-0400,20260825_195505-0400-0072,72,150,B6x7_stress_T40_S12,12,40,HiGHS-60s,,,,,,,,,,,,,,,,,,,81.5498736250156,81.5498736250156,2.329113290994428,0.6377693340182304,84.51675625002827,False,,,,442061.0,123732.0,1202497.0,Time limit reached. (HiGHS Status 13: model_status is Time limit reached; primal_status is None),False,,60.0,False,1.0
20260825_195505-0400,20260825_195505-0400-0072,72,150,B6x7_stress_T40_S12,12,40,HiGHS-600s,0.34672442452169266,0.6368421052631578,0.6394904458598728,24.0,0.6,26.0,17.0,1200.0,0.6341463414634146,0.6296296296296297,0.6857142857142857,45.583333333333336,107.0,117.0,381.01160247216865,204.52330968367335,176.48829278849527,0.0009100101473865733,601.3956771660014,601.3956771660014,2.329113290994428,0.6377693340182304,604.3625597910141,False,0.5238424950962012,0.34672442452169266,0.5283534121739306,442061.0,123732.0,1202497.0,Time limit reached. (HiGHS Status 13: Time limit reached),True,0.0,600.0,True,1.0
20260825_195505-0400,20260825_195505-0400-0072,72,150,B6x7_stress_T40_S12,12,40,HiGHS-1800s,0.5277476549577343,0.725563909774436,0.7133757961783438,26.0,0.65,31.0,19.0,1000.0,0.7560975609756098,0.7037037037037037,0.5714285714285714,40.57692307692308,92.0,114.0,319.04053802681756,175.28010496397135,143.76043306284618,0.0016541711539910127,632.9502705409832,632.9502705409832,2.329113290994428,0.6377693340182304,635.9171531659958,True,0.0,0.5277476549577345,0.5277476549577345,442061.0,123732.0,1202497.0,Optimization terminated successfully. (HiGHS Status 7: Optimal),True,1.0,1800.0,True,0.0
20260825_195505-0400,20260825_195505-0400-0073,73,150,B6x7_stress_T40_S13,13,40,Greedy-Benefit,0.5035666843360869,0.6615831517792302,0.6599749058971144,25.0,0.625,31.0,15.0,1100.0,0.6458333333333334,0.75,0.5641025641025641,37.48,84.0,96.0,291.78597778008793,165.80464180156804,125.98133597851984,0.0017258083756019728,0.0021078749850858003,,,,0.002108458982547745,False,,,,,,,Constructive heuristic,True,,,,
20260825_195505-0400,20260825_195505-0400-0073,73,150,B6x7_stress_T40_S13,13,40,Greedy-Density-Operational,0.4620008403850821,0.6485112563543938,0.668757841907152,26.0,0.65,28.0,16.0,1550.0,0.5833333333333334,0.8,0.7948717948717948,37.07692307692308,90.0,114.0,346.6133064474472,174.42032949912985,172.19297694831735,0.0013328998967762644,0.0018023330194409937,,,,0.001802625018171966,False,,,,,,,Constructive heuristic,True,,,,
20260825_195505-0400,20260825_195505-0400-0073,73,150,B6x7_stress_T40_S13,13,40,HiGHS-1s,,,,,,,,,,,,,,,,,,,2.339476207998814,2.339476207998814,2.45288850000361,0.6990762499917764,5.4914409579942,False,,,,481131.0,121639.0,1321800.0,Time limit reached. (HiGHS Status 13: model_status is Time limit reached; primal_status is None),False,,1.0,False,1.0
20260825_195505-0400,20260825_195505-0400-0073,73,150,B6x7_stress_T40_S13,13,40,HiGHS-5s,,,,,,,,,,,,,,,,,,,5.941026707994752,5.941026707994752,2.45288850000361,0.6990762499917764,9.092991457990138,False,,,,481131.0,121639.0,1321800.0,Time limit reached. (HiGHS Status 13: model_status is Time limit reached; primal_status is None),False,,5.0,False,1.0
20260825_195505-0400,20260825_195505-0400-0073,73,150,B6x7_stress_T40_S13,13,40,HiGHS-15s,,,,,,,,,,,,,,,,,,,15.622405125002842,15.622405125002842,2.45288850000361,0.6990762499917764,18.77436987499823,False,,,,481131.0,121639.0,1321800.0,Time limit reached. (HiGHS Status 13: model_status is Time limit reached; primal_status is None),False,,15.0,False,1.0
20260825_195505-0400,20260825_195505-0400-0073,73,150,B6x7_stress_T40_S13,13,40,HiGHS-60s,,,,,,,,,,,,,,,,,,,60.705010708014015,60.705010708014015,2.45288850000361,0.6990762499917764,63.8569754580094,False,,,,481131.0,121639.0,1321800.0,Time limit reached. (HiGHS Status 13: model_status is Time limit reached; primal_status is None),False,,60.0,False,1.0
20260825_195505-0400,20260825_195505-0400-0073,73,150,B6x7_stress_T40_S13,13,40,HiGHS-600s,0.36787532189183025,0.6071169208424111,0.5972396486825599,24.0,0.6,31.0,10.0,1100.0,0.6458333333333334,0.5,0.5641025641025641,41.666666666666664,90.0,107.0,344.2927100418447,196.5841119400883,147.70859810175648,0.001068495821032979,603.5355695839971,603.5355695839971,2.45288850000361,0.6990762499917764,606.6875343339925,False,0.5061973880209897,0.36787532189183025,0.5540928489508555,481131.0,121639.0,1321800.0,Time limit reached. (HiGHS Status 13: Time limit reached),True,0.0,600.0,True,1.0
20260825_195505-0400,20260825_195505-0400-0073,73,150,B6x7_stress_T40_S13,13,40,HiGHS-1800s,0.5519577627624835,0.664488017429194,0.6775407779171896,26.0,0.65,30.0,15.0,1500.0,0.625,0.75,0.7692307692307693,36.65384615384615,91.0,114.0,304.3539817933497,161.55813634103907,142.79584545231063,0.0018135388257783723,930.9045346660132,930.9045346660132,2.45288850000361,0.6990762499917764,934.0564994160086,True,0.0,0.5519577627624837,0.5519577627624837,481131.0,121639.0,1321800.0,Optimization terminated successfully. (HiGHS Status 7: Optimal),True,1.0,1800.0,True,0.0
20260825_195505-0400,20260825_195505-0400-0074,74,150,B6x7_stress_T40_S14,14,40,Greedy-Benefit,0.41907683566086973,0.5642054574638845,0.556532663316583,24.0,0.6,17.0,18.0,1550.0,0.6538461538461539,0.47368421052631576,0.5961538461538461,42.125,87.0,109.0,377.39685064959446,192.3365010682497,185.06034958134467,0.0011104407335131006,0.002103457984048873,,,,0.0021039169805590063,False,,,,,,,Constructive heuristic,True,,,,
20260825_195505-0400,20260825_195505-0400-0074,74,150,B6x7_stress_T40_S14,14,40,Greedy-Density-Operational,0.3780242899911237,0.5722311396468701,0.5816582914572865,24.0,0.6,13.0,24.0,1550.0,0.5,0.631578947368421,0.5961538461538461,42.916666666666664,87.0,109.0,406.51209292888313,204.71366172491855,201.79843120396464,0.0009299213887279284,0.001732708013150841,,,,0.0017331670096609741,False,,,,,,,Constructive heuristic,True,,,,
20260825_195505-0400,20260825_195505-0400-0074,74,150,B6x7_stress_T40_S14,14,40,HiGHS-1s,,,,,,,,,,,,,,,,,,,1.7001927089877427,1.7001927089877427,1.856844625028316,0.5121025000116788,4.069139834027737,False,,,,384920.0,96681.0,1058125.0,Time limit reached. (HiGHS Status 13: model_status is Time limit reached; primal_status is None),False,,1.0,False,1.0
20260825_195505-0400,20260825_195505-0400-0074,74,150,B6x7_stress_T40_S14,14,40,HiGHS-5s,,,,,,,,,,,,,,,,,,,5.675369459000649,5.675369459000649,1.856844625028316,0.5121025000116788,8.044316584040644,False,,,,384920.0,96681.0,1058125.0,Time limit reached. (HiGHS Status 13: model_status is Time limit reached; primal_status is None),False,,5.0,False,1.0
20260825_195505-0400,20260825_195505-0400-0074,74,150,B6x7_stress_T40_S14,14,40,HiGHS-15s,,,,,,,,,,,,,,,,,,,15.695221874979325,15.695221874979325,1.856844625028316,0.5121025000116788,18.06416900001932,False,,,,384920.0,96681.0,1058125.0,Time limit reached. (HiGHS Status 13: model_status is Time limit reached; primal_status is None),False,,15.0,False,1.0
20260825_195505-0400,20260825_195505-0400-0074,74,150,B6x7_stress_T40_S14,14,40,HiGHS-60s,,,,,,,,,,,,,,,,,,,168.0523121250153,168.0523121250153,1.856844625028316,0.5121025000116788,170.4212592500553,False,,,,384920.0,96681.0,1058125.0,Time limit reached. (HiGHS Status 13: model_status is Time limit reached; primal_status is None),False,,60.0,False,1.0
20260825_195505-0400,20260825_195505-0400-0074,74,150,B6x7_stress_T40_S14,14,40,HiGHS-600s,0.46857708042003504,0.6693418940609953,0.6896984924623116,28.0,0.7,15.0,27.0,2150.0,0.5769230769230769,0.7105263157894737,0.8269230769230769,44.32142857142857,95.0,122.0,385.87780373886744,193.23398192607232,192.64382181279512,0.0012143146765112515,394.66531320798094,394.66531320798094,1.856844625028316,0.5121025000116788,397.03426033302094,True,0.0,0.46857708042003504,0.46857708042003504,384920.0,96681.0,1058125.0,Optimization terminated successfully. (HiGHS Status 7: Optimal),True,1.0,600.0,True,0.0
20260825_195505-0400,20260825_195505-0400-0074,74,150,B6x7_stress_T40_S14,14,40,HiGHS-1800s,0.46857708042003504,0.6693418940609953,0.6896984924623116,28.0,0.7,15.0,27.0,2150.0,0.5769230769230769,0.7105263157894737,0.8269230769230769,44.32142857142857,95.0,122.0,385.87780373886744,193.23398192607232,192.64382181279512,0.0012143146765112515,398.52071712500765,398.52071712500765,1.856844625028316,0.5121025000116788,400.88966425004764,True,0.0,0.46857708042003504,0.46857708042003504,384920.0,96681.0,1058125.0,Optimization terminated successfully. (HiGHS Status 7: Optimal),True,1.0,1800.0,True,0.0
20260825_195505-0400,20260825_195505-0400-0075,75,150,B6x7_stress_T40_S15,15,40,Greedy-Benefit,0.35255126438003254,0.6216017634092578,0.627791563275434,23.0,0.575,24.0,20.0,1100.0,0.6486486486486487,0.5405405405405406,1.0,45.43478260869565,90.0,112.0,405.65216116776224,227.00907013316933,178.64309103459308,0.0008690974636129963,0.0020843329839408398,,,,0.002084999985527247,False,,,,,,,Constructive heuristic,True,,,,
20260825_195505-0400,20260825_195505-0400-0075,75,150,B6x7_stress_T40_S15,15,40,Greedy-Density-Operational,0.37393714825491914,0.6039676708302719,0.6042183622828782,23.0,0.575,21.0,25.0,450.0,0.5675675675675675,0.6756756756756757,0.4090909090909091,38.78260869565217,80.0,102.0,357.19170126020043,180.63350361287323,176.55819764732735,0.0010468808399961126,0.00236154199228622,,,,0.002362041996093467,False,,,,,,,Constructive heuristic,True,,,,
20260825_195505-0400,20260825_195505-0400-0075,75,150,B6x7_stress_T40_S15,15,40,HiGHS-1s,,,,,,,,,,,,,,,,,,,1.276786084024934,1.276786084024934,0.834452582988888,0.2251430000178516,2.3363816670316737,False,,,,153758.0,54746.0,406574.0,Time limit reached. (HiGHS Status 13: model_status is Time limit reached; primal_status is None),False,,1.0,False,1.0
20260825_195505-0400,20260825_195505-0400-0075,75,150,B6x7_stress_T40_S15,15,40,HiGHS-5s,,,,,,,,,,,,,,,,,,,5.431644958007382,5.431644958007382,0.834452582988888,0.2251430000178516,6.491240541014122,False,,,,153758.0,54746.0,406574.0,Time limit reached. (HiGHS Status 13: model_status is Time limit reached; primal_status is None),False,,5.0,False,1.0
20260825_195505-0400,20260825_195505-0400-0075,75,150,B6x7_stress_T40_S15,15,40,HiGHS-15s,,,,,,,,,,,,,,,,,,,15.170961458992679,15.170961458992679,0.834452582988888,0.2251430000178516,16.23055704199942,False,,,,153758.0,54746.0,406574.0,Time limit reached. (HiGHS Status 13: model_status is Time limit reached; primal_status is None),False,,15.0,False,1.0
20260825_195505-0400,20260825_195505-0400-0075,75,150,B6x7_stress_T40_S15,15,40,HiGHS-60s,0.46039284604864755,0.6105804555473915,0.6091811414392054,22.0,0.55,21.0,26.0,350.0,0.5675675675675675,0.7027027027027027,0.3181818181818182,38.36363636363637,82.0,98.0,313.1699597816146,168.9473553506293,144.2226044309853,0.0014701053905990765,57.08135958400089,57.08135958400089,0.834452582988888,0.2251430000178516,58.14095516700763,True,0.0,0.46039284604864766,0.46039284604864766,153758.0,54746.0,406574.0,Optimization terminated successfully. (HiGHS Status 7: Optimal),True,1.0,60.0,True,0.0
20260825_195505-0400,20260825_195505-0400-0075,75,150,B6x7_stress_T40_S15,15,40,HiGHS-600s,0.46039284604864755,0.6105804555473915,0.6091811414392054,22.0,0.55,21.0,26.0,350.0,0.5675675675675675,0.7027027027027027,0.3181818181818182,38.36363636363637,82.0,98.0,313.1699597816146,168.9473553506293,144.2226044309853,0.0014701053905990765,57.388296958990395,57.388296958990395,0.834452582988888,0.2251430000178516,58.447892541997135,True,0.0,0.46039284604864766,0.46039284604864766,153758.0,54746.0,406574.0,Optimization terminated successfully. (HiGHS Status 7: Optimal),True,1.0,600.0,True,0.0
20260825_195505-0400,20260825_195505-0400-0075,75,150,B6x7_stress_T40_S15,15,40,HiGHS-1800s,0.46039284604864755,0.6105804555473915,0.6091811414392054,22.0,0.55,21.0,26.0,350.0,0.5675675675675675,0.7027027027027027,0.3181818181818182,38.36363636363637,82.0,98.0,313.1699597816146,168.9473553506293,144.2226044309853,0.0014701053905990765,56.54572383398772,56.54572383398772,0.834452582988888,0.2251430000178516,57.60531941699446,True,0.0,0.46039284604864766,0.46039284604864766,153758.0,54746.0,406574.0,Optimization terminated successfully. (HiGHS Status 7: Optimal),True,1.0,1800.0,True,0.0
20260825_195505-0400,20260825_195505-0400-0076,76,150,B6x7_stress_T40_S16,16,40,Greedy-Benefit,0.45779445735658764,0.6882530120481926,0.6871980676328502,27.0,0.675,25.0,19.0,2150.0,0.625,0.95,0.5657894736842105,43.148148148148145,85.0,105.0,362.08079827255983,197.99089074987197,164.08990752268792,0.0012643433718127698,0.002332125004613772,,,,0.0023326250084210187,False,,,,,,,Constructive heuristic,True,,,,
20260825_195505-0400,20260825_195505-0400-0076,76,150,B6x7_stress_T40_S16,16,40,Greedy-Density-Operational,0.4505251102051563,0.7070783132530117,0.7294685990338164,28.0,0.7,24.0,19.0,2900.0,0.6,0.95,0.7631578947368421,39.107142857142854,90.0,112.0,359.3219585388575,186.729032566772,172.59292597208557,0.00125382014513437,0.002036791993305087,,,,0.0020372919971123338,False,,,,,,,Constructive heuristic,True,,,,
20260825_195505-0400,20260825_195505-0400-0076,76,150,B6x7_stress_T40_S16,16,40,HiGHS-1s,,,,,,,,,,,,,,,,,,,1.7782956669980194,1.7782956669980194,1.9289488749927841,0.5437511250202078,4.250995667011011,False,,,,384732.0,111321.0,1042921.0,Time limit reached. (HiGHS Status 13: model_status is Time limit reached; primal_status is None),False,,1.0,False,1.0
20260825_195505-0400,20260825_195505-0400-0076,76,150,B6x7_stress_T40_S16,16,40,HiGHS-5s,,,,,,,,,,,,,,,,,,,5.775745833001565,5.775745833001565,1.9289488749927841,0.5437511250202078,8.248445833014557,False,,,,384732.0,111321.0,1042921.0,Time limit reached. (HiGHS Status 13: model_status is Time limit reached; primal_status is None),False,,5.0,False,1.0
20260825_195505-0400,20260825_195505-0400-0076,76,150,B6x7_stress_T40_S16,16,40,HiGHS-15s,,,,,,,,,,,,,,,,,,,15.953778625000268,15.953778625000268,1.9289488749927841,0.5437511250202078,18.42647862501326,False,,,,384732.0,111321.0,1042921.0,Time limit reached. (HiGHS Status 13: model_status is Time limit reached; primal_status is None),False,,15.0,False,1.0
20260825_195505-0400,20260825_195505-0400-0076,76,150,B6x7_stress_T40_S16,16,40,HiGHS-60s,,,,,,,,,,,,,,,,,,,60.897643125004834,60.897643125004834,1.9289488749927841,0.5437511250202078,63.370343125017826,False,,,,384732.0,111321.0,1042921.0,Time limit reached. (HiGHS Status 13: model_status is Time limit reached; primal_status is None),False,,60.0,False,1.0
20260825_195505-0400,20260825_195505-0400-0076,76,150,B6x7_stress_T40_S16,16,40,HiGHS-600s,0.5374632688290119,0.7740963855421684,0.7886473429951693,31.0,0.775,28.0,19.0,3050.0,0.7,0.95,0.8026315789473685,43.58064516129032,90.0,112.0,347.56845711494475,180.0034296569002,167.56502745804454,0.0015463522590350217,507.4884447499935,507.4884447499935,1.9289488749927841,0.5437511250202078,509.9611447500065,True,0.0,0.5374632688290124,0.5374632688290124,384732.0,111321.0,1042921.0,Optimization terminated successfully. (HiGHS Status 7: Optimal),True,1.0,600.0,True,0.0
20260825_195505-0400,20260825_195505-0400-0076,76,150,B6x7_stress_T40_S16,16,40,HiGHS-1800s,0.5374632688290119,0.7740963855421684,0.7886473429951693,31.0,0.775,28.0,19.0,3050.0,0.7,0.95,0.8026315789473685,43.58064516129032,90.0,112.0,347.56845711494475,180.0034296569002,167.56502745804454,0.0015463522590350217,507.4962087919994,507.4962087919994,1.9289488749927841,0.5437511250202078,509.96890879201237,True,0.0,0.5374632688290124,0.5374632688290124,384732.0,111321.0,1042921.0,Optimization terminated successfully. (HiGHS Status 7: Optimal),True,1.0,1800.0,True,0.0
20260825_195505-0400,20260825_195505-0400-0077,77,150,B6x7_stress_T40_S17,17,40,Greedy-Benefit,0.4327703244043131,0.6649096385542168,0.6365914786967418,24.0,0.6,32.0,11.0,1300.0,0.7441860465116279,0.55,0.4642857142857143,42.5,85.0,106.0,382.89648027982645,221.0936559933727,161.80282428645373,0.0011302541200902084,0.0020799170015379786,,,,0.002080542006297037,False,,,,,,,Constructive heuristic,True,,,,
20260825_195505-0400,20260825_195505-0400-0077,77,150,B6x7_stress_T40_S17,17,40,Greedy-Density-Operational,0.4559732007257368,0.6295180722891567,0.6403508771929823,26.0,0.65,28.0,9.0,2350.0,0.6511627906976745,0.45,0.8392857142857143,39.80769230769231,86.0,104.0,356.6079001038359,186.05292736984327,170.55497273399268,0.0012786402112599526,0.0020473340118769556,,,,0.0020477090147323906,False,,,,,,,Constructive heuristic,True,,,,
20260825_195505-0400,20260825_195505-0400-0077,77,150,B6x7_stress_T40_S17,17,40,HiGHS-1s,,,,,,,,,,,,,,,,,,,1.356208459008485,1.356208459008485,1.192143207998015,0.3234914159984328,2.871843083004933,False,,,,233248.0,77869.0,621921.0,Time limit reached. (HiGHS Status 13: model_status is Time limit reached; primal_status is None),False,,1.0,False,1.0
20260825_195505-0400,20260825_195505-0400-0077,77,150,B6x7_stress_T40_S17,17,40,HiGHS-5s,,,,,,,,,,,,,,,,,,,5.733078291988932,5.733078291988932,1.192143207998015,0.3234914159984328,7.248712915985379,False,,,,233248.0,77869.0,621921.0,Time limit reached. (HiGHS Status 13: model_status is Time limit reached; primal_status is None),False,,5.0,False,1.0
20260825_195505-0400,20260825_195505-0400-0077,77,150,B6x7_stress_T40_S17,17,40,HiGHS-15s,,,,,,,,,,,,,,,,,,,16.764037000015378,16.764037000015378,1.192143207998015,0.3234914159984328,18.279671624011826,False,,,,233248.0,77869.0,621921.0,Time limit reached. (HiGHS Status 13: model_status is Time limit reached; primal_status is None),False,,15.0,False,1.0
20260825_195505-0400,20260825_195505-0400-0077,77,150,B6x7_stress_T40_S17,17,40,HiGHS-60s,0.018738420513455343,0.10240963855421685,0.12656641604010022,6.0,0.15,2.0,3.0,850.0,0.046511627906976744,0.15,0.30357142857142855,53.166666666666664,85.0,95.0,74.20089424169062,54.79484675403193,19.406047487658697,0.00025253631650879686,60.50359095801832,60.50359095801832,1.192143207998015,0.3234914159984328,62.01922558201477,False,2331.9162829442303,0.018738420513455346,43.71516633249616,233248.0,77869.0,621921.0,Time limit reached. (HiGHS Status 13: Time limit reached),True,0.0,60.0,True,1.0
20260825_195505-0400,20260825_195505-0400-0077,77,150,B6x7_stress_T40_S17,17,40,HiGHS-600s,0.5024454385438749,0.664156626506024,0.6604010025062657,25.0,0.625,30.0,11.0,1950.0,0.6976744186046512,0.55,0.6964285714285714,38.64,81.0,102.0,319.0613982034266,167.23268154318296,151.82871666024369,0.0015747609750757958,192.1823504169879,192.1823504169879,1.192143207998015,0.3234914159984328,193.69798504098435,True,0.0,0.5024454385438749,0.5024454385438749,233248.0,77869.0,621921.0,Optimization terminated successfully. (HiGHS Status 7: Optimal),True,1.0,600.0,True,0.0
20260825_195505-0400,20260825_195505-0400-0077,77,150,B6x7_stress_T40_S17,17,40,HiGHS-1800s,0.5024454385438749,0.664156626506024,0.6604010025062657,25.0,0.625,30.0,11.0,1950.0,0.6976744186046512,0.55,0.6964285714285714,38.64,81.0,102.0,319.0613982034266,167.23268154318296,151.82871666024369,0.0015747609750757958,192.86811570898863,192.86811570898863,1.192143207998015,0.3234914159984328,194.38375033298507,True,0.0,0.5024454385438749,0.5024454385438749,233248.0,77869.0,621921.0,Optimization terminated successfully. (HiGHS Status 7: Optimal),True,1.0,1800.0,True,0.0
20260825_195505-0400,20260825_195505-0400-0078,78,150,B6x7_stress_T40_S18,18,40,Greedy-Benefit,0.4210525933774008,0.6028421839940166,0.6009791921664627,24.0,0.6,22.0,19.0,1350.0,0.5945945945945946,0.6333333333333333,0.5510204081632653,44.625,85.0,98.0,340.44890419712925,206.22154139363667,134.22736280349258,0.0012367570821540956,0.002097457996569574,,,,0.0020980419940315187,False,,,,,,,Constructive heuristic,True,,,,
20260825_195505-0400,20260825_195505-0400-0078,78,150,B6x7_stress_T40_S18,18,40,Greedy-Density-Operational,0.40337545736342195,0.6372475691847421,0.6266829865361077,26.0,0.65,24.0,20.0,1200.0,0.6486486486486487,0.6666666666666666,0.4897959183673469,45.19230769230769,95.0,112.0,369.95933745070334,191.77267799807913,178.1866594526243,0.001090323764073589,0.0017778340261429548,,,,0.001778334000846371,False,,,,,,,Constructive heuristic,True,,,,
20260825_195505-0400,20260825_195505-0400-0078,78,150,B6x7_stress_T40_S18,18,40,HiGHS-1s,,,,,,,,,,,,,,,,,,,2.151714041014202,2.151714041014202,2.249993542005541,0.5814716669847257,4.9831792500044685,False,,,,449658.0,115266.0,1233754.0,Time limit reached. (HiGHS Status 13: model_status is Time limit reached; primal_status is None),False,,1.0,False,1.0
20260825_195505-0400,20260825_195505-0400-0078,78,150,B6x7_stress_T40_S18,18,40,HiGHS-5s,,,,,,,,,,,,,,,,,,,6.276318083022488,6.276318083022488,2.249993542005541,0.5814716669847257,9.107783292012755,False,,,,449658.0,115266.0,1233754.0,Time limit reached. (HiGHS Status 13: model_status is Time limit reached; primal_status is None),False,,5.0,False,1.0
20260825_195505-0400,20260825_195505-0400-0078,78,150,B6x7_stress_T40_S18,18,40,HiGHS-15s,,,,,,,,,,,,,,,,,,,17.327142833994003,17.327142833994003,2.249993542005541,0.5814716669847257,20.15860804298427,False,,,,449658.0,115266.0,1233754.0,Time limit reached. (HiGHS Status 13: model_status is Time limit reached; primal_status is None),False,,15.0,False,1.0
20260825_195505-0400,20260825_195505-0400-0078,78,150,B6x7_stress_T40_S18,18,40,HiGHS-60s,,,,,,,,,,,,,,,,,,,67.31397062499309,67.31397062499309,2.249993542005541,0.5814716669847257,70.14543583398336,False,,,,449658.0,115266.0,1233754.0,Time limit reached. (HiGHS Status 13: model_status is Time limit reached; primal_status is None),False,,60.0,False,1.0
20260825_195505-0400,20260825_195505-0400-0078,78,150,B6x7_stress_T40_S18,18,40,HiGHS-600s,0.27176079751809956,0.32236350037397166,0.3378212974296205,12.0,0.3,10.0,11.0,1100.0,0.2702702702702703,0.36666666666666664,0.4489795918367347,35.833333333333336,78.0,95.0,152.2203275925342,84.45106545019756,67.76926214233663,0.0017853121315410199,603.1607667079952,603.1607667079952,2.249993542005541,0.5814716669847257,605.9922319169855,False,0.8317560529977132,0.27176079751809956,0.49779948582126476,449658.0,115266.0,1233754.0,Time limit reached. (HiGHS Status 13: Time limit reached),True,0.0,600.0,True,1.0
20260825_195505-0400,20260825_195505-0400-0078,78,150,B6x7_stress_T40_S18,18,40,HiGHS-1800s,0.4945432017040145,0.6409872849663427,0.6511627906976746,27.0,0.675,22.0,21.0,1700.0,0.5945945945945946,0.7,0.6938775510204082,42.888888888888886,86.0,103.0,321.8275286850766,167.64130050095736,154.18622818411916,0.001536671532496365,922.9302040420007,922.9302040420007,2.249993542005541,0.5814716669847257,925.761669250991,True,0.0,0.49454320170403754,0.49454320170403754,449658.0,115266.0,1233754.0,Optimization terminated successfully. (HiGHS Status 7: Optimal),True,1.0,1800.0,True,0.0
20260825_195505-0400,20260825_195505-0400-0079,79,150,B6x7_stress_T40_S19,19,40,Greedy-Benefit,0.4642671270089016,0.6649964209019328,0.6505190311418684,25.0,0.625,28.0,17.0,1900.0,0.7,0.6538461538461539,0.5507246376811594,41.44,84.0,99.0,317.784123061704,187.1336214202318,130.65050164147226,0.0014609512978052558,0.002306249982211739,,,,0.0023070409952197224,False,,,,,,,Constructive heuristic,True,,,,
20260825_195505-0400,20260825_195505-0400-0079,79,150,B6x7_stress_T40_S19,19,40,Greedy-Density-Operational,0.42716440446931986,0.6836077308518255,0.6862745098039216,26.0,0.65,29.0,14.0,2750.0,0.725,0.5384615384615384,0.7971014492753623,43.80769230769231,85.0,105.0,383.2977008571066,197.41024429903854,185.88745655806795,0.0011144455171896968,0.0017647909990046173,,,,0.0017652079986874014,False,,,,,,,Constructive heuristic,True,,,,
20260825_195505-0400,20260825_195505-0400-0079,79,150,B6x7_stress_T40_S19,19,40,HiGHS-1s,,,,,,,,,,,,,,,,,,,1.6382642909884453,1.6382642909884453,1.8302649169927463,0.529863750009099,3.9983929579902906,False,,,,352902.0,107804.0,950948.0,Time limit reached. (HiGHS Status 13: model_status is Time limit reached; primal_status is None),False,,1.0,False,1.0
20260825_195505-0400,20260825_195505-0400-0079,79,150,B6x7_stress_T40_S19,19,40,HiGHS-5s,,,,,,,,,,,,,,,,,,,6.460448500001803,6.460448500001803,1.8302649169927463,0.529863750009099,8.820577167003648,False,,,,352902.0,107804.0,950948.0,Time limit reached. (HiGHS Status 13: model_status is Time limit reached; primal_status is None),False,,5.0,False,1.0
20260825_195505-0400,20260825_195505-0400-0079,79,150,B6x7_stress_T40_S19,19,40,HiGHS-15s,,,,,,,,,,,,,,,,,,,15.638123792014085,15.638123792014085,1.8302649169927463,0.529863750009099,17.99825245901593,False,,,,352902.0,107804.0,950948.0,Time limit reached. (HiGHS Status 13: model_status is Time limit reached; primal_status is None),False,,15.0,False,1.0
20260825_195505-0400,20260825_195505-0400-0079,79,150,B6x7_stress_T40_S19,19,40,HiGHS-60s,,,,,,,,,,,,,,,,,,,66.01591679200646,66.01591679200646,1.8302649169927463,0.529863750009099,68.37604545900831,False,,,,352902.0,107804.0,950948.0,Time limit reached. (HiGHS Status 13: model_status is Time limit reached; primal_status is None),False,,60.0,False,1.0
20260825_195505-0400,20260825_195505-0400-0079,79,150,B6x7_stress_T40_S19,19,40,HiGHS-600s,0.5118488763549391,0.6871868289191124,0.6689734717416378,25.0,0.625,30.0,16.0,2000.0,0.75,0.6153846153846154,0.5797101449275363,41.44,89.0,116.0,336.31900217000435,179.5272752243945,156.79172694560984,0.0015219148280423565,409.9818455000059,409.9818455000059,1.8302649169927463,0.529863750009099,412.3419741670077,True,0.0,0.5118488763549391,0.5118488763549391,352902.0,107804.0,950948.0,Optimization terminated successfully. (HiGHS Status 7: Optimal),True,1.0,600.0,True,0.0
20260825_195505-0400,20260825_195505-0400-0079,79,150,B6x7_stress_T40_S19,19,40,HiGHS-1800s,0.5118488763549391,0.6871868289191124,0.6689734717416378,25.0,0.625,30.0,16.0,2000.0,0.75,0.6153846153846154,0.5797101449275363,41.44,89.0,116.0,336.31900217000435,179.5272752243945,156.79172694560984,0.0015219148280423565,410.5148373339907,410.5148373339907,1.8302649169927463,0.529863750009099,412.8749660009926,True,0.0,0.5118488763549391,0.5118488763549391,352902.0,107804.0,950948.0,Optimization terminated successfully. (HiGHS Status 7: Optimal),True,1.0,1800.0,True,0.0
20260825_195505-0400,20260825_195505-0400-0080,80,150,B6x7_stress_T40_S20,20,40,Greedy-Benefit,0.3835721674755212,0.5965697240865026,0.5610357583230577,21.0,0.525,28.0,13.0,750.0,0.6222222222222222,0.8125,0.22388059701492538,45.0,87.0,111.0,394.7977244734466,213.95771013633467,180.84001433711188,0.0009715663077519071,0.0020774579897988588,,,,0.002078249992337078,False,,,,,,,Constructive heuristic,True,,,,
20260825_195505-0400,20260825_195505-0400-0080,80,150,B6x7_stress_T40_S20,20,40,Greedy-Density-Operational,0.3679237813801487,0.5719612229679343,0.5573366214549936,24.0,0.6,25.0,13.0,1200.0,0.5555555555555556,0.8125,0.3582089552238806,41.791666666666664,86.0,110.0,363.00583772592006,183.45980469380032,179.54603303211968,0.0010135478362690736,0.0017437920032534748,,,,0.001744291977956891,False,,,,,,,Constructive heuristic,True,,,,
20260825_195505-0400,20260825_195505-0400-0080,80,150,B6x7_stress_T40_S20,20,40,HiGHS-1s,,,,,,,,,,,,,,,,,,,1.5892108329862822,1.5892108329862822,1.4335421670111828,0.3711730829963926,3.3939260829938576,False,,,,270328.0,81489.0,729541.0,Time limit reached. (HiGHS Status 13: model_status is Time limit reached; primal_status is None),False,,1.0,False,1.0
20260825_195505-0400,20260825_195505-0400-0080,80,150,B6x7_stress_T40_S20,20,40,HiGHS-5s,,,,,,,,,,,,,,,,,,,5.344896041991888,5.344896041991888,1.4335421670111828,0.3711730829963926,7.149611291999463,False,,,,270328.0,81489.0,729541.0,Time limit reached. (HiGHS Status 13: model_status is Time limit reached; primal_status is None),False,,5.0,False,1.0
20260825_195505-0400,20260825_195505-0400-0080,80,150,B6x7_stress_T40_S20,20,40,HiGHS-15s,,,,,,,,,,,,,,,,,,,17.437365833000513,17.437365833000513,1.4335421670111828,0.3711730829963926,19.242081083008088,False,,,,270328.0,81489.0,729541.0,Time limit reached. (HiGHS Status 13: model_status is Time limit reached; primal_status is None),False,,15.0,False,1.0
20260825_195505-0400,20260825_195505-0400-0080,80,150,B6x7_stress_T40_S20,20,40,HiGHS-60s,,,,,,,,,,,,,,,,,,,76.83975504199043,76.83975504199043,1.4335421670111828,0.3711730829963926,78.644470291998,False,,,,270328.0,81489.0,729541.0,Time limit reached. (HiGHS Status 13: model_status is Time limit reached; primal_status is None),False,,60.0,False,1.0
20260825_195505-0400,20260825_195505-0400-0080,80,150,B6x7_stress_T40_S20,20,40,HiGHS-600s,0.4498403891918338,0.6651752423564503,0.6251541307028359,25.0,0.625,32.0,13.0,950.0,0.7111111111111111,0.8125,0.2835820895522388,39.64,89.0,105.0,320.84653314668213,169.29161615361778,151.55491699306435,0.0014020422311565985,265.17433712497586,265.17433712497586,1.4335421670111828,0.3711730829963926,266.97905237498344,True,0.0,0.4498403891918338,0.4498403891918338,270328.0,81489.0,729541.0,Optimization terminated successfully. (HiGHS Status 7: Optimal),True,1.0,600.0,True,0.0
20260825_195505-0400,20260825_195505-0400-0080,80,150,B6x7_stress_T40_S20,20,40,HiGHS-1800s,0.4498403891918338,0.6651752423564503,0.6251541307028359,25.0,0.625,32.0,13.0,950.0,0.7111111111111111,0.8125,0.2835820895522388,39.64,89.0,105.0,320.84653314668213,169.29161615361778,151.55491699306435,0.0014020422311565985,266.49872641600086,266.49872641600086,1.4335421670111828,0.3711730829963926,268.30344166600844,True,0.0,0.4498403891918338,0.4498403891918338,270328.0,81489.0,729541.0,Optimization terminated successfully. (HiGHS Status 7: Optimal),True,1.0,1800.0,True,0.0
20260825_195505-0400,20260825_195505-0400-0081,81,150,B6x7_stress_T40_S21,21,40,Greedy-Benefit,0.44836462684203615,0.631390134529148,0.6270270270270272,24.0,0.6,16.0,16.0,2400.0,0.64,0.64,0.6,40.708333333333336,86.0,96.0,306.8387437925022,156.26361667021234,150.5751271222898,0.0014612386340143535,0.002290750009706244,,,,0.0022912500135134906,False,,,,,,,Constructive heuristic,True,,,,
20260825_195505-0400,20260825_195505-0400-0081,81,150,B6x7_stress_T40_S21,21,40,Greedy-Density-Operational,0.45613296481028953,0.6376681614349777,0.6229729729729732,26.0,0.65,18.0,14.0,2350.0,0.72,0.56,0.5875,38.42307692307692,81.0,94.0,291.3811140735247,152.87093369901956,138.51018037450524,0.0015654170527167135,0.00201966697932221,,,,0.002020041982177645,False,,,,,,,Constructive heuristic,True,,,,
20260825_195505-0400,20260825_195505-0400-0081,81,150,B6x7_stress_T40_S21,21,40,HiGHS-1s,,,,,,,,,,,,,,,,,,,1.8436020420049317,1.8436020420049317,3.2183754579746164,1.0036298330232967,6.065607333002845,False,,,,659211.0,148235.0,1829444.0,Time limit reached. (HiGHS Status 13: model_status is Time limit reached; primal_status is None),False,,1.0,False,1.0
20260825_195505-0400,20260825_195505-0400-0081,81,150,B6x7_stress_T40_S21,21,40,HiGHS-5s,,,,,,,,,,,,,,,,,,,6.77719849999994,6.77719849999994,3.2183754579746164,1.0036298330232967,10.999203790997854,False,,,,659211.0,148235.0,1829444.0,Time limit reached. (HiGHS Status 13: model_status is Time limit reached; primal_status is None),False,,5.0,False,1.0
20260825_195505-0400,20260825_195505-0400-0081,81,150,B6x7_stress_T40_S21,21,40,HiGHS-15s,,,,,,,,,,,,,,,,,,,17.38409770798171,17.38409770798171,3.2183754579746164,1.0036298330232967,21.606102998979622,False,,,,659211.0,148235.0,1829444.0,Time limit reached. (HiGHS Status 13: model_status is Time limit reached; primal_status is None),False,,15.0,False,1.0
20260825_195505-0400,20260825_195505-0400-0081,81,150,B6x7_stress_T40_S21,21,40,HiGHS-60s,,,,,,,,,,,,,,,,,,,61.99725324998144,61.99725324998144,3.2183754579746164,1.0036298330232967,66.21925854097935,False,,,,659211.0,148235.0,1829444.0,Time limit reached. (HiGHS Status 13: model_status is Time limit reached; primal_status is None),False,,60.0,False,1.0
20260825_195505-0400,20260825_195505-0400-0081,81,150,B6x7_stress_T40_S21,21,40,HiGHS-600s,0.0,0.0,0.0,0.0,0.0,0.0,0.0,0.0,0.0,0.0,0.0,,,0.0,0.0,0.0,0.0,,602.5047436660097,602.5047436660097,3.2183754579746164,1.0036298330232967,606.7267489570077,False,,-0.0,233.24427673440482,659211.0,148235.0,1829444.0,Time limit reached. (HiGHS Status 13: Time limit reached),True,0.0,600.0,False,1.0
20260825_195505-0400,20260825_195505-0400-0081,81,150,B6x7_stress_T40_S21,21,40,HiGHS-1800s,0.5434531502188175,0.7147982062780271,0.691891891891892,29.0,0.725,22.0,13.0,2700.0,0.88,0.52,0.675,40.6551724137931,83.0,98.0,294.05618928909433,149.18037105808946,144.87581823100484,0.0018481268887169536,1099.7231995000038,1099.7231995000038,3.2183754579746164,1.0036298330232967,1103.9452047910017,True,0.0,0.543453150218816,0.543453150218816,659211.0,148235.0,1829444.0,Optimization terminated successfully. (HiGHS Status 7: Optimal),True,1.0,1800.0,True,0.0
20260825_195505-0400,20260825_195505-0400-0082,82,150,B6x7_stress_T40_S22,22,40,Greedy-Benefit,0.46935609148802493,0.6552771450265757,0.6747279322853688,26.0,0.65,19.0,23.0,2300.0,0.5757575757575758,0.71875,0.7796610169491526,38.38461538461539,81.0,91.0,282.28925492913567,142.36267752878635,139.92657740034926,0.001662677850086251,0.001980334025574848,,,,0.0019808340002782643,False,,,,,,,Constructive heuristic,True,,,,
20260825_195505-0400,20260825_195505-0400-0082,82,150,B6x7_stress_T40_S22,22,40,Greedy-Density-Operational,0.4261764908079405,0.6180713743356114,0.6517533252720678,26.0,0.65,17.0,21.0,2650.0,0.5151515151515151,0.65625,0.8983050847457628,38.34615384615385,77.0,88.0,291.09375473261474,146.86302023638484,144.2307344962299,0.0014640523332402186,0.0017623750027269125,,,,0.001762667001457885,False,,,,,,,Constructive heuristic,True,,,,
20260825_195505-0400,20260825_195505-0400-0082,82,150,B6x7_stress_T40_S22,22,40,HiGHS-1s,,,,,,,,,,,,,,,,,,,1.125146083009895,1.125146083009895,0.5562825840024743,0.1546639580046758,1.836092625017045,False,,,,109461.0,38898.0,289531.0,Time limit reached. (HiGHS Status 13: model_status is Time limit reached; primal_status is None),False,,1.0,False,1.0
20260825_195505-0400,20260825_195505-0400-0082,82,150,B6x7_stress_T40_S22,22,40,HiGHS-5s,,,,,,,,,,,,,,,,,,,5.825284125021426,5.825284125021426,0.5562825840024743,0.1546639580046758,6.536230667028576,False,,,,109461.0,38898.0,289531.0,Time limit reached. (HiGHS Status 13: model_status is Time limit reached; primal_status is None),False,,5.0,False,1.0
20260825_195505-0400,20260825_195505-0400-0082,82,150,B6x7_stress_T40_S22,22,40,HiGHS-15s,,,,,,,,,,,,,,,,,,,16.002473625005223,16.002473625005223,0.5562825840024743,0.1546639580046758,16.713420167012373,False,,,,109461.0,38898.0,289531.0,Time limit reached. (HiGHS Status 13: model_status is Time limit reached; primal_status is None),False,,15.0,False,1.0
20260825_195505-0400,20260825_195505-0400-0082,82,150,B6x7_stress_T40_S22,22,40,HiGHS-60s,0.5667323181621627,0.7668944570994686,0.7678355501813784,28.0,0.7,25.0,25.0,2250.0,0.7575757575757576,0.78125,0.7627118644067796,39.214285714285715,94.0,118.0,305.49900621398666,153.91784143353343,151.58116478045318,0.0018551036390776188,26.113800624996657,26.113800624996657,0.5562825840024743,0.1546639580046758,26.824747167003807,True,0.0,0.5667323181621626,0.5667323181621626,109461.0,38898.0,289531.0,Optimization terminated successfully. (HiGHS Status 7: Optimal),True,1.0,60.0,True,0.0
20260825_195505-0400,20260825_195505-0400-0082,82,150,B6x7_stress_T40_S22,22,40,HiGHS-600s,0.5667323181621627,0.7668944570994686,0.7678355501813784,28.0,0.7,25.0,25.0,2250.0,0.7575757575757576,0.78125,0.7627118644067796,39.214285714285715,94.0,118.0,305.49900621398666,153.91784143353343,151.58116478045318,0.0018551036390776188,26.12059074998251,26.12059074998251,0.5562825840024743,0.1546639580046758,26.83153729198966,True,0.0,0.5667323181621626,0.5667323181621626,109461.0,38898.0,289531.0,Optimization terminated successfully. (HiGHS Status 7: Optimal),True,1.0,600.0,True,0.0
20260825_195505-0400,20260825_195505-0400-0082,82,150,B6x7_stress_T40_S22,22,40,HiGHS-1800s,0.5667323181621627,0.7668944570994686,0.7678355501813784,28.0,0.7,25.0,25.0,2250.0,0.7575757575757576,0.78125,0.7627118644067796,39.214285714285715,94.0,118.0,305.49900621398666,153.91784143353343,151.58116478045318,0.0018551036390776188,26.421641541994177,26.421641541994177,0.5562825840024743,0.1546639580046758,27.132588084001327,True,0.0,0.5667323181621626,0.5667323181621626,109461.0,38898.0,289531.0,Optimization terminated successfully. (HiGHS Status 7: Optimal),True,1.0,1800.0,True,0.0
20260825_195505-0400,20260825_195505-0400-0083,83,150,B6x7_stress_T40_S23,23,40,Greedy-Benefit,0.45984887028014293,0.711074104912573,0.7011019283746557,27.0,0.675,28.0,13.0,1650.0,0.7368421052631579,0.6842105263157895,0.6346153846153846,42.666666666666664,88.0,104.0,297.62556284488545,157.89828336499346,139.727279479892,0.0015450583810228827,0.0023877920175436884,,,,0.0023885830014478415,False,,,,,,,Constructive heuristic,True,,,,
20260825_195505-0400,20260825_195505-0400-0083,83,150,B6x7_stress_T40_S23,23,40,Greedy-Density-Operational,0.49904645737530895,0.6877601998334721,0.6831955922865014,27.0,0.675,26.0,14.0,1600.0,0.6842105263157895,0.7368421052631579,0.6153846153846154,35.96296296296296,80.0,97.0,308.80978510698037,160.00177830684842,148.80800680013198,0.0016160318793085693,0.0019175000197719783,,,,0.0019179170194547623,False,,,,,,,Constructive heuristic,True,,,,
20260825_195505-0400,20260825_195505-0400-0083,83,150,B6x7_stress_T40_S23,23,40,HiGHS-1s,,,,,,,,,,,,,,,,,,,2.020640333998017,2.020640333998017,2.2901547500223387,0.5627572500088718,4.8735523340292275,False,,,,383775.0,112643.0,1038728.0,Time limit reached. (HiGHS Status 13: model_status is Time limit reached; primal_status is None),False,,1.0,False,1.0
20260825_195505-0400,20260825_195505-0400-0083,83,150,B6x7_stress_T40_S23,23,40,HiGHS-5s,,,,,,,,,,,,,,,,,,,5.472696167009417,5.472696167009417,2.2901547500223387,0.5627572500088718,8.325608167040627,False,,,,383775.0,112643.0,1038728.0,Time limit reached. (HiGHS Status 13: model_status is Time limit reached; primal_status is None),False,,5.0,False,1.0
20260825_195505-0400,20260825_195505-0400-0083,83,150,B6x7_stress_T40_S23,23,40,HiGHS-15s,,,,,,,,,,,,,,,,,,,15.560589917004108,15.560589917004108,2.2901547500223387,0.5627572500088718,18.41350191703532,False,,,,383775.0,112643.0,1038728.0,Time limit reached. (HiGHS Status 13: model_status is Time limit reached; primal_status is None),False,,15.0,False,1.0
20260825_195505-0400,20260825_195505-0400-0083,83,150,B6x7_stress_T40_S23,23,40,HiGHS-60s,,,,,,,,,,,,,,,,,,,61.33725616699667,61.33725616699667,2.2901547500223387,0.5627572500088718,64.19016816702788,False,,,,383775.0,112643.0,1038728.0,Time limit reached. (HiGHS Status 13: model_status is Time limit reached; primal_status is None),False,,60.0,False,1.0
20260825_195505-0400,20260825_195505-0400-0083,83,150,B6x7_stress_T40_S23,23,40,HiGHS-600s,0.5952189919504085,0.7701915070774356,0.7438016528925618,29.0,0.725,32.0,13.0,1500.0,0.8421052631578947,0.6842105263157895,0.5769230769230769,38.10344827586207,85.0,100.0,287.82763283611024,160.61371831577443,127.21391452033579,0.0020679702851509317,431.1569462920015,431.1569462920015,2.2901547500223387,0.5627572500088718,434.00985829203273,True,0.0,0.5952189919504094,0.5952189919504094,383775.0,112643.0,1038728.0,Optimization terminated successfully. (HiGHS Status 7: Optimal),True,1.0,600.0,True,0.0
20260825_195505-0400,20260825_195505-0400-0083,83,150,B6x7_stress_T40_S23,23,40,HiGHS-1800s,0.5952189919504085,0.7701915070774356,0.7438016528925618,29.0,0.725,32.0,13.0,1500.0,0.8421052631578947,0.6842105263157895,0.5769230769230769,38.10344827586207,85.0,100.0,287.82763283611024,160.61371831577443,127.21391452033579,0.0020679702851509317,434.0328324580041,434.0328324580041,2.2901547500223387,0.5627572500088718,436.88574445803533,True,0.0,0.5952189919504094,0.5952189919504094,383775.0,112643.0,1038728.0,Optimization terminated successfully. (HiGHS Status 7: Optimal),True,1.0,1800.0,True,0.0
20260825_195505-0400,20260825_195505-0400-0084,84,150,B6x7_stress_T40_S24,24,40,Greedy-Benefit,0.4371933029135951,0.6203921568627452,0.6376623376623376,24.0,0.6,22.0,16.0,1850.0,0.5238095238095238,0.9411764705882353,0.6166666666666667,43.041666666666664,90.0,109.0,362.4805669203002,195.73998531589405,166.74058160440617,0.0012061151488149218,0.002053458010777831,,,,0.0020541250123642385,False,,,,,,,Constructive heuristic,True,,,,
20260825_195505-0400,20260825_195505-0400-0084,84,150,B6x7_stress_T40_S24,24,40,Greedy-Density-Operational,0.40941121571290384,0.6768627450980393,0.692207792207792,27.0,0.675,25.0,16.0,2050.0,0.5952380952380952,0.9411764705882353,0.6833333333333333,43.370370370370374,89.0,107.0,352.70152220758456,193.62769840546616,159.07382380211845,0.0011607866423438413,0.0016486670065205544,,,,0.0016490000125486404,False,,,,,,,Constructive heuristic,True,,,,
20260825_195505-0400,20260825_195505-0400-0084,84,150,B6x7_stress_T40_S24,24,40,HiGHS-1s,,,,,,,,,,,,,,,,,,,2.077066375000868,2.077066375000868,2.2001692909980193,0.5937714169849642,4.871007082983851,False,,,,436016.0,112464.0,1195630.0,Time limit reached. (HiGHS Status 13: model_status is Time limit reached; primal_status is None),False,,1.0,False,1.0
20260825_195505-0400,20260825_195505-0400-0084,84,150,B6x7_stress_T40_S24,24,40,HiGHS-5s,,,,,,,,,,,,,,,,,,,6.124697124992963,6.124697124992963,2.2001692909980193,0.5937714169849642,8.918637832975946,False,,,,436016.0,112464.0,1195630.0,Time limit reached. (HiGHS Status 13: model_status is Time limit reached; primal_status is None),False,,5.0,False,1.0
20260825_195505-0400,20260825_195505-0400-0084,84,150,B6x7_stress_T40_S24,24,40,HiGHS-15s,,,,,,,,,,,,,,,,,,,16.25039645799552,16.25039645799552,2.2001692909980193,0.5937714169849642,19.044337165978504,False,,,,436016.0,112464.0,1195630.0,Time limit reached. (HiGHS Status 13: model_status is Time limit reached; primal_status is None),False,,15.0,False,1.0
20260825_195505-0400,20260825_195505-0400-0084,84,150,B6x7_stress_T40_S24,24,40,HiGHS-60s,,,,,,,,,,,,,,,,,,,104.69558516598772,104.69558516598772,2.2001692909980193,0.5937714169849642,107.4895258739707,False,,,,436016.0,112464.0,1195630.0,Time limit reached. (HiGHS Status 13: model_status is Time limit reached; primal_status is None),False,,60.0,False,1.0
20260825_195505-0400,20260825_195505-0400-0084,84,150,B6x7_stress_T40_S24,24,40,HiGHS-600s,0.5242477923588374,0.7160784313725492,0.7051948051948053,26.0,0.65,29.0,16.0,1550.0,0.6904761904761905,0.9411764705882353,0.5166666666666667,40.34615384615385,88.0,106.0,338.65286288302536,174.56904579350035,164.0838170895251,0.0015480388616703315,559.1277436249948,559.1277436249948,2.2001692909980193,0.5937714169849642,561.9216843329777,True,0.0,0.5242477923588377,0.5242477923588377,436016.0,112464.0,1195630.0,Optimization terminated successfully. (HiGHS Status 7: Optimal),True,1.0,600.0,True,0.0
20260825_195505-0400,20260825_195505-0400-0084,84,150,B6x7_stress_T40_S24,24,40,HiGHS-1800s,0.5242477923588374,0.7160784313725492,0.7051948051948053,26.0,0.65,29.0,16.0,1550.0,0.6904761904761905,0.9411764705882353,0.5166666666666667,40.34615384615385,88.0,106.0,338.65286288302536,174.56904579350035,164.0838170895251,0.0015480388616703315,563.6268819590041,563.6268819590041,2.2001692909980193,0.5937714169849642,566.4208226669871,True,0.0,0.5242477923588371,0.5242477923588371,436016.0,112464.0,1195630.0,Optimization terminated successfully. (HiGHS Status 7: Optimal),True,1.0,1800.0,True,0.0
20260825_195505-0400,20260825_195505-0400-0085,85,150,B6x7_stress_T40_S25,25,40,Greedy-Benefit,0.41897561194678073,0.5999999999999999,0.5732484076433122,23.0,0.575,27.0,9.0,1500.0,0.6923076923076923,0.45,0.46153846153846156,42.47826086956522,84.0,106.0,347.2358709432596,189.35070503379657,157.88516590946296,0.0012066023329002314,0.0022964579984545708,,,,0.00229704100638628,False,,,,,,,Constructive heuristic,True,,,,
20260825_195505-0400,20260825_195505-0400-0085,85,150,B6x7_stress_T40_S25,25,40,Greedy-Density-Operational,0.42985073051536504,0.6596078431372548,0.650955414012739,26.0,0.65,26.0,14.0,1850.0,0.6666666666666666,0.7,0.5692307692307692,43.11538461538461,98.0,124.0,382.7420765055672,198.06974293021932,184.67233357534786,0.00112308198366874,0.001867792016128078,,,,0.0018681249930523336,False,,,,,,,Constructive heuristic,True,,,,
20260825_195505-0400,20260825_195505-0400-0085,85,150,B6x7_stress_T40_S25,25,40,HiGHS-1s,,,,,,,,,,,,,,,,,,,2.2948550829896703,2.2948550829896703,2.5394990000058897,0.7370550839987118,5.571409166994272,False,,,,434074.0,123334.0,1178934.0,Time limit reached. (HiGHS Status 13: model_status is Time limit reached; primal_status is None),False,,1.0,False,1.0
20260825_195505-0400,20260825_195505-0400-0085,85,150,B6x7_stress_T40_S25,25,40,HiGHS-5s,,,,,,,,,,,,,,,,,,,6.417932624986861,6.417932624986861,2.5394990000058897,0.7370550839987118,9.694486708991462,False,,,,434074.0,123334.0,1178934.0,Time limit reached. (HiGHS Status 13: model_status is Time limit reached; primal_status is None),False,,5.0,False,1.0
20260825_195505-0400,20260825_195505-0400-0085,85,150,B6x7_stress_T40_S25,25,40,HiGHS-15s,,,,,,,,,,,,,,,,,,,16.941083624988096,16.941083624988096,2.5394990000058897,0.7370550839987118,20.217637708992697,False,,,,434074.0,123334.0,1178934.0,Time limit reached. (HiGHS Status 13: model_status is Time limit reached; primal_status is None),False,,15.0,False,1.0
20260825_195505-0400,20260825_195505-0400-0085,85,150,B6x7_stress_T40_S25,25,40,HiGHS-60s,,,,,,,,,,,,,,,,,,,64.29317066597287,64.29317066597287,2.5394990000058897,0.7370550839987118,67.56972474997747,False,,,,434074.0,123334.0,1178934.0,Time limit reached. (HiGHS Status 13: model_status is Time limit reached; primal_status is None),False,,60.0,False,1.0
20260825_195505-0400,20260825_195505-0400-0085,85,150,B6x7_stress_T40_S25,25,40,HiGHS-600s,0.5135502943693353,0.7192156862745097,0.7286624203821659,27.0,0.675,28.0,13.0,2700.0,0.717948717948718,0.65,0.8307692307692308,43.96296296296296,93.0,116.0,349.0245893857841,178.0647843953384,170.95980499044572,0.0014713871457397447,383.73821149999276,383.73821149999276,2.5394990000058897,0.7370550839987118,387.01476558399736,True,0.0,0.5135502943693353,0.5135502943693353,434074.0,123334.0,1178934.0,Optimization terminated successfully. (HiGHS Status 7: Optimal),True,1.0,600.0,True,0.0
20260825_195505-0400,20260825_195505-0400-0085,85,150,B6x7_stress_T40_S25,25,40,HiGHS-1800s,0.5135502943693353,0.7192156862745097,0.7286624203821659,27.0,0.675,28.0,13.0,2700.0,0.717948717948718,0.65,0.8307692307692308,43.96296296296296,93.0,116.0,349.0245893857841,178.0647843953384,170.95980499044572,0.0014713871457397447,444.7580860410235,444.7580860410235,2.5394990000058897,0.7370550839987118,448.0346401250281,True,0.0,0.5135502943693353,0.5135502943693353,434074.0,123334.0,1178934.0,Optimization terminated successfully. (HiGHS Status 7: Optimal),True,1.0,1800.0,True,0.0
20260825_195505-0400,20260825_195505-0400-0086,86,150,B6x7_stress_T40_S26,26,40,Greedy-Benefit,0.5306505028407856,0.7289546716003702,0.6841359773371105,27.0,0.675,22.0,17.0,1550.0,0.8461538461538461,0.7391304347826086,0.4305555555555556,41.03703703703704,91.0,108.0,343.274226193113,194.7609695646696,148.51325662844346,0.001545850117341061,0.002124749997165054,,,,0.0021253750019241124,False,,,,,,,Constructive heuristic,True,,,,
20260825_195505-0400,20260825_195505-0400-0086,86,150,B6x7_stress_T40_S26,26,40,Greedy-Density-Operational,0.5469673084197775,0.7169287696577246,0.6940509915014164,27.0,0.675,20.0,17.0,2000.0,0.7692307692307693,0.7391304347826086,0.5555555555555556,37.407407407407405,84.0,106.0,323.965675597668,171.4758146350546,152.4898609626134,0.0016883495679309388,0.0020153340010438114,,,,0.002015792008023709,False,,,,,,,Constructive heuristic,True,,,,
20260825_195505-0400,20260825_195505-0400-0086,86,150,B6x7_stress_T40_S26,26,40,HiGHS-1s,,,,,,,,,,,,,,,,,,,1.6460645830084104,1.6460645830084104,1.8443065420142375,0.4541312909859698,3.9445024160086177,False,,,,339444.0,101038.0,917340.0,Time limit reached. (HiGHS Status 13: model_status is Time limit reached; primal_status is None),False,,1.0,False,1.0
20260825_195505-0400,20260825_195505-0400-0086,86,150,B6x7_stress_T40_S26,26,40,HiGHS-5s,,,,,,,,,,,,,,,,,,,5.568839583022054,5.568839583022054,1.8443065420142375,0.4541312909859698,7.867277416022262,False,,,,339444.0,101038.0,917340.0,Time limit reached. (HiGHS Status 13: model_status is Time limit reached; primal_status is None),False,,5.0,False,1.0
20260825_195505-0400,20260825_195505-0400-0086,86,150,B6x7_stress_T40_S26,26,40,HiGHS-15s,,,,,,,,,,,,,,,,,,,16.281333249993622,16.281333249993622,1.8443065420142375,0.4541312909859698,18.57977108299383,False,,,,339444.0,101038.0,917340.0,Time limit reached. (HiGHS Status 13: model_status is Time limit reached; primal_status is None),False,,15.0,False,1.0
20260825_195505-0400,20260825_195505-0400-0086,86,150,B6x7_stress_T40_S26,26,40,HiGHS-60s,,,,,,,,,,,,,,,,,,,72.15431895898655,72.15431895898655,1.8443065420142375,0.4541312909859698,74.45275679198676,False,,,,339444.0,101038.0,917340.0,Time limit reached. (HiGHS Status 13: model_status is Time limit reached; primal_status is None),False,,60.0,False,1.0
20260825_195505-0400,20260825_195505-0400-0086,86,150,B6x7_stress_T40_S26,26,40,HiGHS-600s,0.6109600401967744,0.809435707678076,0.7648725212464589,30.0,0.75,25.0,17.0,2000.0,0.9615384615384616,0.7391304347826086,0.5555555555555556,38.733333333333334,87.0,110.0,316.6611295467098,166.04875518187015,150.61237436483964,0.0019293812318276766,576.3860814160143,576.3860814160143,1.8443065420142375,0.4541312909859698,578.6845192490146,True,0.0,0.6109600401967744,0.6109600401967744,339444.0,101038.0,917340.0,Optimization terminated successfully. (HiGHS Status 7: Optimal),True,1.0,600.0,True,0.0
20260825_195505-0400,20260825_195505-0400-0086,86,150,B6x7_stress_T40_S26,26,40,HiGHS-1800s,0.6109600401967744,0.809435707678076,0.7648725212464589,30.0,0.75,25.0,17.0,2000.0,0.9615384615384616,0.7391304347826086,0.5555555555555556,38.733333333333334,87.0,110.0,316.6611295467098,166.04875518187015,150.61237436483964,0.0019293812318276766,579.1790186659782,579.1790186659782,1.8443065420142375,0.4541312909859698,581.4774564989784,True,0.0,0.6109600401967744,0.6109600401967744,339444.0,101038.0,917340.0,Optimization terminated successfully. (HiGHS Status 7: Optimal),True,1.0,1800.0,True,0.0
20260825_195505-0400,20260825_195505-0400-0087,87,150,B6x7_stress_T40_S27,27,40,Greedy-Benefit,0.41129293741863177,0.579175704989154,0.549280177187154,22.0,0.55,24.0,13.0,2100.0,0.6666666666666666,0.5416666666666666,0.4158415841584158,42.5,89.0,111.0,348.43678586957606,215.27448726371213,133.16229860586387,0.001180394706007257,0.0020623329910449684,,,,0.002062999992631376,False,,,,,,,Constructive heuristic,True,,,,
20260825_195505-0400,20260825_195505-0400-0087,87,150,B6x7_stress_T40_S27,27,40,Greedy-Density-Operational,0.4038152460466962,0.6666666666666667,0.6666666666666669,27.0,0.675,23.0,18.0,3200.0,0.6388888888888888,0.75,0.6336633663366337,41.666666666666664,84.0,106.0,399.7791558949331,213.91215477150297,185.86700112343013,0.001010095799373852,0.0018307499994989485,,,,0.00183108399505727,False,,,,,,,Constructive heuristic,True,,,,
20260825_195505-0400,20260825_195505-0400-0087,87,150,B6x7_stress_T40_S27,27,40,HiGHS-1s,,,,,,,,,,,,,,,,,,,1.9339809590019286,1.9339809590019286,2.9699264579976443,0.8147913750144653,5.718698792014038,False,,,,579707.0,145931.0,1593236.0,Time limit reached. (HiGHS Status 13: model_status is Time limit reached; primal_status is None),False,,1.0,False,1.0
20260825_195505-0400,20260825_195505-0400-0087,87,150,B6x7_stress_T40_S27,27,40,HiGHS-5s,,,,,,,,,,,,,,,,,,,6.084790416993201,6.084790416993201,2.9699264579976443,0.8147913750144653,9.86950825000531,False,,,,579707.0,145931.0,1593236.0,Time limit reached. (HiGHS Status 13: model_status is Time limit reached; primal_status is None),False,,5.0,False,1.0
20260825_195505-0400,20260825_195505-0400-0087,87,150,B6x7_stress_T40_S27,27,40,HiGHS-15s,,,,,,,,,,,,,,,,,,,16.2718270830228,16.2718270830228,2.9699264579976443,0.8147913750144653,20.05654491603491,False,,,,579707.0,145931.0,1593236.0,Time limit reached. (HiGHS Status 13: model_status is Time limit reached; primal_status is None),False,,15.0,False,1.0
20260825_195505-0400,20260825_195505-0400-0087,87,150,B6x7_stress_T40_S27,27,40,HiGHS-60s,,,,,,,,,,,,,,,,,,,62.517696208000416,62.517696208000416,2.9699264579976443,0.8147913750144653,66.30241404101253,False,,,,579707.0,145931.0,1593236.0,Time limit reached. (HiGHS Status 13: model_status is Time limit reached; primal_status is None),False,,60.0,False,1.0
20260825_195505-0400,20260825_195505-0400-0087,87,150,B6x7_stress_T40_S27,27,40,HiGHS-600s,0.0,0.0,0.0,0.0,0.0,0.0,0.0,0.0,0.0,0.0,0.0,,,0.0,0.0,0.0,0.0,,601.5040749589971,601.5040749589971,2.9699264579976443,0.8147913750144653,605.2887927920092,False,,-0.0,114.41236189293127,579707.0,145931.0,1593236.0,Time limit reached. (HiGHS Status 13: Time limit reached),True,0.0,600.0,False,1.0
20260825_195505-0400,20260825_195505-0400-0087,87,150,B6x7_stress_T40_S27,27,40,HiGHS-1800s,0.48951349228080804,0.6760665220535069,0.6644518272425249,27.0,0.675,25.0,17.0,3000.0,0.6944444444444444,0.7083333333333334,0.594059405940594,42.18518518518518,93.0,110.0,404.72803588898114,211.07681469703243,193.6512211919487,0.001209487480168248,1330.889034791995,1330.889034791995,2.9699264579976443,0.8147913750144653,1334.6737526250072,True,0.0,0.48951349228080804,0.48951349228080804,579707.0,145931.0,1593236.0,Optimization terminated successfully. (HiGHS Status 7: Optimal),True,1.0,1800.0,True,0.0
20260825_195505-0400,20260825_195505-0400-0088,88,150,B6x7_stress_T40_S28,28,40,Greedy-Benefit,0.388960988812322,0.5829181494661921,0.5866666666666667,23.0,0.575,27.0,13.0,1400.0,0.574468085106383,0.5909090909090909,0.6222222222222222,42.26086956521739,91.0,114.0,397.59113405222433,208.92187993183893,188.66925412038538,0.0009782939193036212,0.0020071670005563647,,,,0.0020077090011909604,False,,,,,,,Constructive heuristic,True,,,,
20260825_195505-0400,20260825_195505-0400-0088,88,150,B6x7_stress_T40_S28,28,40,Greedy-Density-Operational,0.41423649294268505,0.6149466192170817,0.623030303030303,25.0,0.625,27.0,16.0,1400.0,0.574468085106383,0.7272727272727273,0.6222222222222222,39.72,87.0,107.0,357.6342067575067,190.33629248845875,167.297914269048,0.0011582686586340926,0.0017338749894406646,,,,0.0017342089849989861,False,,,,,,,Constructive heuristic,True,,,,
20260825_195505-0400,20260825_195505-0400-0088,88,150,B6x7_stress_T40_S28,28,40,HiGHS-1s,,,,,,,,,,,,,,,,,,,1.551283874985529,1.551283874985529,1.805851957993582,0.46965995800564997,3.826795790984761,False,,,,332205.0,98593.0,898068.0,Time limit reached. (HiGHS Status 13: model_status is Time limit reached; primal_status is None),False,,1.0,False,1.0
20260825_195505-0400,20260825_195505-0400-0088,88,150,B6x7_stress_T40_S28,28,40,HiGHS-5s,,,,,,,,,,,,,,,,,,,6.183368500001961,6.183368500001961,1.805851957993582,0.46965995800564997,8.458880416001193,False,,,,332205.0,98593.0,898068.0,Time limit reached. (HiGHS Status 13: model_status is Time limit reached; primal_status is None),False,,5.0,False,1.0
20260825_195505-0400,20260825_195505-0400-0088,88,150,B6x7_stress_T40_S28,28,40,HiGHS-15s,,,,,,,,,,,,,,,,,,,16.505826084001455,16.505826084001455,1.805851957993582,0.46965995800564997,18.781338000000687,False,,,,332205.0,98593.0,898068.0,Time limit reached. (HiGHS Status 13: model_status is Time limit reached; primal_status is None),False,,15.0,False,1.0
20260825_195505-0400,20260825_195505-0400-0088,88,150,B6x7_stress_T40_S28,28,40,HiGHS-60s,,,,,,,,,,,,,,,,,,,66.28770291700494,66.28770291700494,1.805851957993582,0.46965995800564997,68.56321483300417,False,,,,332205.0,98593.0,898068.0,Time limit reached. (HiGHS Status 13: model_status is Time limit reached; primal_status is None),False,,60.0,False,1.0
20260825_195505-0400,20260825_195505-0400-0088,88,150,B6x7_stress_T40_S28,28,40,HiGHS-600s,0.5095417534671808,0.6405693950177936,0.6303030303030304,24.0,0.6,30.0,16.0,1000.0,0.6382978723404256,0.7272727272727273,0.4444444444444444,37.0,82.0,97.0,295.68686855180215,170.34705791982526,125.33981063197685,0.0017232478261979796,316.7469739999797,316.7469739999797,1.805851957993582,0.46965995800564997,319.0224859159789,True,0.0,0.509541753467181,0.509541753467181,332205.0,98593.0,898068.0,Optimization terminated successfully. (HiGHS Status 7: Optimal),True,1.0,600.0,True,0.0
20260825_195505-0400,20260825_195505-0400-0088,88,150,B6x7_stress_T40_S28,28,40,HiGHS-1800s,0.5095417534671808,0.6405693950177936,0.6303030303030304,24.0,0.6,30.0,16.0,1000.0,0.6382978723404256,0.7272727272727273,0.4444444444444444,37.0,82.0,97.0,295.68686855180215,170.34705791982526,125.33981063197685,0.0017232478261979796,316.523173708003,316.523173708003,1.805851957993582,0.46965995800564997,318.79868562400225,True,0.0,0.509541753467181,0.509541753467181,332205.0,98593.0,898068.0,Optimization terminated successfully. (HiGHS Status 7: Optimal),True,1.0,1800.0,True,0.0
20260825_195505-0400,20260825_195505-0400-0089,89,150,B6x7_stress_T40_S29,29,40,Greedy-Benefit,0.4317816706532049,0.6655870445344129,0.6450331125827813,24.0,0.6,27.0,13.0,1450.0,0.7297297297297297,0.5909090909090909,0.5272727272727272,47.75,95.0,119.0,400.46507649549363,216.16307718516083,184.30199931033275,0.0010782005622856446,0.002560916997026652,,,,0.0025617500068619847,False,,,,,,,Constructive heuristic,True,,,,
20260825_195505-0400,20260825_195505-0400-0089,89,150,B6x7_stress_T40_S29,29,40,Greedy-Density-Operational,0.4217402117339881,0.6477732793522267,0.6423841059602647,24.0,0.6,25.0,13.0,1750.0,0.6756756756756757,0.5909090909090909,0.6363636363636364,46.916666666666664,89.0,111.0,428.7477595232145,216.13460906365935,212.61315045955504,0.0009836557798062453,0.0018189169932156801,,,,0.001819249999243766,False,,,,,,,Constructive heuristic,True,,,,
20260825_195505-0400,20260825_195505-0400-0089,89,150,B6x7_stress_T40_S29,29,40,HiGHS-1s,,,,,,,,,,,,,,,,,,,1.3542582499794662,1.3542582499794662,1.333360457996605,0.3535944999894127,3.041213207965484,False,,,,239228.0,75768.0,641962.0,Time limit reached. (HiGHS Status 13: model_status is Time limit reached; primal_status is None),False,,1.0,False,1.0
20260825_195505-0400,20260825_195505-0400-0089,89,150,B6x7_stress_T40_S29,29,40,HiGHS-5s,,,,,,,,,,,,,,,,,,,5.390805000002729,5.390805000002729,1.333360457996605,0.3535944999894127,7.0777599579887465,False,,,,239228.0,75768.0,641962.0,Time limit reached. (HiGHS Status 13: model_status is Time limit reached; primal_status is None),False,,5.0,False,1.0
20260825_195505-0400,20260825_195505-0400-0089,89,150,B6x7_stress_T40_S29,29,40,HiGHS-15s,,,,,,,,,,,,,,,,,,,17.134058416995686,17.134058416995686,1.333360457996605,0.3535944999894127,18.821013374981703,False,,,,239228.0,75768.0,641962.0,Time limit reached. (HiGHS Status 13: model_status is Time limit reached; primal_status is None),False,,15.0,False,1.0
20260825_195505-0400,20260825_195505-0400-0089,89,150,B6x7_stress_T40_S29,29,40,HiGHS-60s,,,,,,,,,,,,,,,,,,,62.27850479198969,62.27850479198969,1.333360457996605,0.3535944999894127,63.96545974997571,False,,,,239228.0,75768.0,641962.0,Time limit reached. (HiGHS Status 13: model_status is Time limit reached; primal_status is None),False,,60.0,False,1.0
20260825_195505-0400,20260825_195505-0400-0089,89,150,B6x7_stress_T40_S29,29,40,HiGHS-600s,0.4777993115925079,0.6518218623481781,0.6423841059602647,23.0,0.575,26.0,12.0,1750.0,0.7027027027027027,0.5454545454545454,0.6363636363636364,43.26086956521739,87.0,111.0,402.97292668221706,203.2564502046313,199.71647647758573,0.0011856858859634971,153.43844425000134,153.43844425000134,1.333360457996605,0.3535944999894127,155.12539920798736,True,0.0,0.4777993115925079,0.4777993115925079,239228.0,75768.0,641962.0,Optimization terminated successfully. (HiGHS Status 7: Optimal),True,1.0,600.0,True,0.0
20260825_195505-0400,20260825_195505-0400-0089,89,150,B6x7_stress_T40_S29,29,40,HiGHS-1800s,0.4777993115925079,0.6518218623481781,0.6423841059602647,23.0,0.575,26.0,12.0,1750.0,0.7027027027027027,0.5454545454545454,0.6363636363636364,43.26086956521739,87.0,111.0,402.97292668221706,203.2564502046313,199.71647647758573,0.0011856858859634971,153.9261667499959,153.9261667499959,1.333360457996605,0.3535944999894127,155.61312170798192,True,0.0,0.4777993115925079,0.4777993115925079,239228.0,75768.0,641962.0,Optimization terminated successfully. (HiGHS Status 7: Optimal),True,1.0,1800.0,True,0.0
20260825_195505-0400,20260825_195505-0400-0090,90,150,B6x7_stress_T40_S30,30,40,Greedy-Benefit,0.4625621932400104,0.674196350999131,0.6626180836707155,25.0,0.625,19.0,19.0,1850.0,0.76,0.59375,0.6491228070175439,44.76,94.0,118.0,396.8473551403844,223.91283089904908,172.93452424133537,0.0011655922289727227,0.0021659579942934215,,,,0.0021668749977834523,False,,,,,,,Constructive heuristic,True,,,,
20260825_195505-0400,20260825_195505-0400-0090,90,150,B6x7_stress_T40_S30,30,40,Greedy-Density-Operational,0.48391005484583394,0.676802780191138,0.6734143049932526,28.0,0.7,19.0,18.0,2150.0,0.76,0.5625,0.7543859649122807,41.285714285714285,96.0,117.0,383.9158443295845,198.6529097107138,185.2629346188707,0.0012604586708080906,0.0018453749944455922,,,,0.0018457910045981407,False,,,,,,,Constructive heuristic,True,,,,
20260825_195505-0400,20260825_195505-0400-0090,90,150,B6x7_stress_T40_S30,30,40,HiGHS-1s,,,,,,,,,,,,,,,,,,,4.119524666981306,4.119524666981306,6.569367624993902,1.8822131250053644,12.571105416980572,False,,,,1308269.0,244501.0,3680352.0,Time limit reached. (HiGHS Status 13: model_status is Time limit reached; primal_status is None),False,,1.0,False,1.0
20260825_195505-0400,20260825_195505-0400-0090,90,150,B6x7_stress_T40_S30,30,40,HiGHS-5s,,,,,,,,,,,,,,,,,,,7.520335292007076,7.520335292007076,6.569367624993902,1.8822131250053644,15.971916042006342,False,,,,1308269.0,244501.0,3680352.0,Time limit reached. (HiGHS Status 13: model_status is Time limit reached; primal_status is None),False,,5.0,False,1.0
20260825_195505-0400,20260825_195505-0400-0090,90,150,B6x7_stress_T40_S30,30,40,HiGHS-15s,,,,,,,,,,,,,,,,,,,17.94398441701196,17.94398441701196,6.569367624993902,1.8822131250053644,26.395565167011227,False,,,,1308269.0,244501.0,3680352.0,Time limit reached. (HiGHS Status 13: model_status is Time limit reached; primal_status is None),False,,15.0,False,1.0
20260825_195505-0400,20260825_195505-0400-0090,90,150,B6x7_stress_T40_S30,30,40,HiGHS-60s,,,,,,,,,,,,,,,,,,,62.101213625021046,62.101213625021046,6.569367624993902,1.8822131250053644,70.55279437502031,False,,,,1308269.0,244501.0,3680352.0,Time limit reached. (HiGHS Status 13: model_status is Time limit reached; primal_status is None),False,,60.0,False,1.0
20260825_195505-0400,20260825_195505-0400-0090,90,150,B6x7_stress_T40_S30,30,40,HiGHS-600s,,,,,,,,,,,,,,,,,,,1164.294737374992,1164.294737374992,6.569367624993902,1.8822131250053644,1172.7463181249914,False,,,,1308269.0,244501.0,3680352.0,Time limit reached. (HiGHS Status 13: model_status is Time limit reached; primal_status is None),False,,600.0,False,1.0
20260825_195505-0400,20260825_195505-0400-0090,90,150,B6x7_stress_T40_S30,30,40,HiGHS-1800s,,,,,,,,,,,,,,,,,,,2554.5801034999895,2554.5801034999895,6.569367624993902,1.8822131250053644,2563.0316842499888,False,,,,1308269.0,244501.0,3680352.0,Time limit reached. (HiGHS Status 13: model_status is Time limit reached; primal_status is None),False,,1800.0,False,1.0
20260825_195505-0400,20260825_195505-0400-0091,91,150,B6x7_stress_T50_S1,1,50,Greedy-Benefit,0.3552371272854674,0.5698184095178457,0.5544354838709677,26.0,0.52,29.0,14.0,2000.0,0.6170212765957447,0.5185185185185185,0.47619047619047616,48.42307692307692,95.0,118.0,409.22650099547116,222.2644243776066,186.9620766178646,0.0008680697032604904,0.004199791990686208,,,,0.004200458992272615,False,,,,,,,Constructive heuristic,True,,,,
20260825_195505-0400,20260825_195505-0400-0091,91,150,B6x7_stress_T50_S1,1,50,Greedy-Density-Operational,0.33296309412653974,0.4971822166562304,0.49294354838709664,25.0,0.5,25.0,11.0,2150.0,0.5319148936170213,0.4074074074074074,0.5119047619047619,39.12,95.0,114.0,369.89055461776917,190.01755119108046,179.87300342668868,0.0009001665221503456,0.002357999997911975,,,,0.002358625002671033,False,,,,,,,Constructive heuristic,True,,,,
20260825_195505-0400,20260825_195505-0400-0091,91,150,B6x7_stress_T50_S1,1,50,HiGHS-1s,,,,,,,,,,,,,,,,,,,2.263568207999924,2.263568207999924,4.0708876669814344,1.08707675000187,7.421532624983229,False,,,,747224.0,160461.0,2081267.0,Time limit reached. (HiGHS Status 13: model_status is Time limit reached; primal_status is None),False,,1.0,False,1.0
20260825_195505-0400,20260825_195505-0400-0091,91,150,B6x7_stress_T50_S1,1,50,HiGHS-5s,,,,,,,,,,,,,,,,,,,6.067042917013168,6.067042917013168,4.0708876669814344,1.08707675000187,11.225007333996473,False,,,,747224.0,160461.0,2081267.0,Time limit reached. (HiGHS Status 13: model_status is Time limit reached; primal_status is None),False,,5.0,False,1.0
20260825_195505-0400,20260825_195505-0400-0091,91,150,B6x7_stress_T50_S1,1,50,HiGHS-15s,,,,,,,,,,,,,,,,,,,17.72057620799751,17.72057620799751,4.0708876669814344,1.08707675000187,22.878540624980815,False,,,,747224.0,160461.0,2081267.0,Time limit reached. (HiGHS Status 13: model_status is Time limit reached; primal_status is None),False,,15.0,False,1.0
20260825_195505-0400,20260825_195505-0400-0091,91,150,B6x7_stress_T50_S1,1,50,HiGHS-60s,,,,,,,,,,,,,,,,,,,65.40156800000113,65.40156800000113,4.0708876669814344,1.08707675000187,70.55953241698444,False,,,,747224.0,160461.0,2081267.0,Time limit reached. (HiGHS Status 13: model_status is Time limit reached; primal_status is None),False,,60.0,False,1.0
20260825_195505-0400,20260825_195505-0400-0091,91,150,B6x7_stress_T50_S1,1,50,HiGHS-600s,0.0,0.0,0.0,0.0,0.0,0.0,0.0,0.0,0.0,0.0,0.0,,,0.0,0.0,0.0,0.0,,602.0848126249912,602.0848126249912,4.0708876669814344,1.08707675000187,607.2427770419745,False,,-0.0,142.66009022073277,747224.0,160461.0,2081267.0,Time limit reached. (HiGHS Status 13: Time limit reached),True,0.0,600.0,False,1.0
20260825_195505-0400,20260825_195505-0400-0091,91,150,B6x7_stress_T50_S1,1,50,HiGHS-1800s,0.27867313164556684,0.472135253600501,0.48286290322580644,25.0,0.5,20.0,15.0,2150.0,0.425531914893617,0.5555555555555556,0.5119047619047619,47.48,99.0,123.0,454.8891272911507,247.70659497285448,207.1825323182962,0.0006126177016035882,1804.5256712079863,1804.5256712079863,4.0708876669814344,1.08707675000187,1809.6836356249696,False,0.5491854224989012,0.2786731316455668,0.4317163531874293,747224.0,160461.0,2081267.0,Time limit reached. (HiGHS Status 13: Time limit reached),True,0.0,1800.0,True,1.0
20260825_195505-0400,20260825_195505-0400-0092,92,150,B6x7_stress_T50_S2,2,50,Greedy-Benefit,0.3723479914748807,0.5536193029490617,0.5413450937155457,24.0,0.48,26.0,15.0,1350.0,0.6341463414634146,0.42857142857142855,0.5510204081632653,43.916666666666664,85.0,99.0,353.0712096261669,196.51793347686726,156.55327614929962,0.0010545974333877977,0.0027985000051558018,,,,0.0027993750118184835,False,,,,,,,Constructive heuristic,True,,,,
20260825_195505-0400,20260825_195505-0400-0092,92,150,B6x7_stress_T50_S2,2,50,Greedy-Density-Operational,0.39483919460431716,0.5690348525469169,0.5391400220507165,25.0,0.5,30.0,12.0,1150.0,0.7317073170731707,0.34285714285714286,0.46938775510204084,38.84,94.0,120.0,361.0136745777179,181.8929817191174,179.12069285860042,0.001093695952282598,0.0021764170087408274,,,,0.0021767500147689134,False,,,,,,,Constructive heuristic,True,,,,
20260825_195505-0400,20260825_195505-0400-0092,92,150,B6x7_stress_T50_S2,2,50,HiGHS-1s,,,,,,,,,,,,,,,,,,,2.288140459015267,2.288140459015267,2.533046958997147,0.6461825830047019,5.467370001017116,False,,,,458156.0,117342.0,1257182.0,Time limit reached. (HiGHS Status 13: model_status is Time limit reached; primal_status is None),False,,1.0,False,1.0
20260825_195505-0400,20260825_195505-0400-0092,92,150,B6x7_stress_T50_S2,2,50,HiGHS-5s,,,,,,,,,,,,,,,,,,,6.035571541026002,6.035571541026002,2.533046958997147,0.6461825830047019,9.21480108302785,False,,,,458156.0,117342.0,1257182.0,Time limit reached. (HiGHS Status 13: model_status is Time limit reached; primal_status is None),False,,5.0,False,1.0
20260825_195505-0400,20260825_195505-0400-0092,92,150,B6x7_stress_T50_S2,2,50,HiGHS-15s,,,,,,,,,,,,,,,,,,,15.77061499998672,15.77061499998672,2.533046958997147,0.6461825830047019,18.94984454198857,False,,,,458156.0,117342.0,1257182.0,Time limit reached. (HiGHS Status 13: model_status is Time limit reached; primal_status is None),False,,15.0,False,1.0
20260825_195505-0400,20260825_195505-0400-0092,92,150,B6x7_stress_T50_S2,2,50,HiGHS-60s,,,,,,,,,,,,,,,,,,,60.656939500011504,60.656939500011504,2.533046958997147,0.6461825830047019,63.83616904201335,False,,,,458156.0,117342.0,1257182.0,Time limit reached. (HiGHS Status 13: model_status is Time limit reached; primal_status is None),False,,60.0,False,1.0
20260825_195505-0400,20260825_195505-0400-0092,92,150,B6x7_stress_T50_S2,2,50,HiGHS-600s,0.47737119515451465,0.6012064343163539,0.5755237045203967,27.0,0.54,30.0,15.0,1200.0,0.7317073170731707,0.42857142857142855,0.4897959183673469,40.074074074074076,78.0,90.0,278.40912911748194,140.3996983282496,138.00943078923234,0.001714639159526538,601.3870089999982,601.3870089999982,2.533046958997147,0.6461825830047019,604.5662385420001,False,9.99549119273583e-05,0.4773711951545147,0.47741891075028303,458156.0,117342.0,1257182.0,Time limit reached. (HiGHS Status 13: Time limit reached),True,0.0,600.0,True,1.0
20260825_195505-0400,20260825_195505-0400-0092,92,150,B6x7_stress_T50_S2,2,50,HiGHS-1800s,0.47737119515451465,0.6012064343163539,0.5755237045203967,27.0,0.54,30.0,15.0,1200.0,0.7317073170731707,0.42857142857142855,0.4897959183673469,40.074074074074076,78.0,90.0,278.40912911748194,140.3996983282496,138.00943078923234,0.001714639159526538,641.9218371669995,641.9218371669995,2.533046958997147,0.6461825830047019,645.1010667090013,True,0.0,0.4773711951545147,0.4773711951545147,458156.0,117342.0,1257182.0,Optimization terminated successfully. (HiGHS Status 7: Optimal),True,1.0,1800.0,True,0.0
20260825_195505-0400,20260825_195505-0400-0093,93,150,B6x7_stress_T50_S3,3,50,Greedy-Benefit,0.3984332678916139,0.6175604007071301,0.6330645161290321,30.0,0.6,35.0,14.0,2300.0,0.5737704918032787,0.7368421052631579,0.71875,41.9,91.0,115.0,342.7825323997855,183.95059955424122,158.83193284554434,0.0011623499747849555,0.0024272919981740415,,,,0.0024276250042021275,False,,,,,,,Constructive heuristic,True,,,,
20260825_195505-0400,20260825_195505-0400-0093,93,150,B6x7_stress_T50_S3,3,50,Greedy-Density-Operational,0.39120754681883674,0.6146140247495578,0.6330645161290321,31.0,0.62,34.0,15.0,2300.0,0.5573770491803278,0.7894736842105263,0.71875,41.096774193548384,93.0,110.0,343.49853646978914,172.3371654228856,171.16137104690358,0.0011388914515891792,0.0023101659899111837,,,,0.002310582989593968,False,,,,,,,Constructive heuristic,True,,,,
20260825_195505-0400,20260825_195505-0400-0093,93,150,B6x7_stress_T50_S3,3,50,HiGHS-1s,,,,,,,,,,,,,,,,,,,1.8954457500076387,1.8954457500076387,3.1642792919883505,0.829152291000355,5.888877332996344,False,,,,580801.0,140724.0,1601735.0,Time limit reached. (HiGHS Status 13: model_status is Time limit reached; primal_status is None),False,,1.0,False,1.0
20260825_195505-0400,20260825_195505-0400-0093,93,150,B6x7_stress_T50_S3,3,50,HiGHS-5s,,,,,,,,,,,,,,,,,,,6.519855041988194,6.519855041988194,3.1642792919883505,0.829152291000355,10.5132866249769,False,,,,580801.0,140724.0,1601735.0,Time limit reached. (HiGHS Status 13: model_status is Time limit reached; primal_status is None),False,,5.0,False,1.0
20260825_195505-0400,20260825_195505-0400-0093,93,150,B6x7_stress_T50_S3,3,50,HiGHS-15s,,,,,,,,,,,,,,,,,,,16.416007249994436,16.416007249994436,3.1642792919883505,0.829152291000355,20.40943883298314,False,,,,580801.0,140724.0,1601735.0,Time limit reached. (HiGHS Status 13: model_status is Time limit reached; primal_status is None),False,,15.0,False,1.0
20260825_195505-0400,20260825_195505-0400-0093,93,150,B6x7_stress_T50_S3,3,50,HiGHS-60s,,,,,,,,,,,,,,,,,,,61.27342841701466,61.27342841701466,3.1642792919883505,0.829152291000355,65.26686000000336,False,,,,580801.0,140724.0,1601735.0,Time limit reached. (HiGHS Status 13: model_status is Time limit reached; primal_status is None),False,,60.0,False,1.0
20260825_195505-0400,20260825_195505-0400-0093,93,150,B6x7_stress_T50_S3,3,50,HiGHS-600s,0.0,0.0,0.0,0.0,0.0,0.0,0.0,0.0,0.0,0.0,0.0,,,0.0,0.0,0.0,0.0,,601.3358050420065,601.3358050420065,3.1642792919883505,0.829152291000355,605.3292366249952,False,,-0.0,0.5096165457867762,580801.0,140724.0,1601735.0,Time limit reached. (HiGHS Status 13: Time limit reached),True,0.0,600.0,False,1.0
20260825_195505-0400,20260825_195505-0400-0093,93,150,B6x7_stress_T50_S3,3,50,HiGHS-1800s,0.506254174430909,0.7259870359457865,0.7177419354838708,33.0,0.66,46.0,12.0,2200.0,0.7540983606557377,0.631578947368421,0.6875,41.36363636363637,87.0,102.0,308.3993374594247,169.23569583325732,139.1636416261674,0.0016415540273250929,1713.1121248749841,1713.1121248749841,3.1642792919883505,0.829152291000355,1717.1055564579729,True,0.0,0.506254174430909,0.506254174430909,580801.0,140724.0,1601735.0,Optimization terminated successfully. (HiGHS Status 7: Optimal),True,1.0,1800.0,True,0.0
20260825_195505-0400,20260825_195505-0400-0094,94,150,B6x7_stress_T50_S4,4,50,Greedy-Benefit,0.41726903093663625,0.624559341950646,0.5838800374882848,30.0,0.6,38.0,12.0,2050.0,0.7169811320754716,0.5714285714285714,0.3761467889908257,45.1,91.0,112.0,349.5006526213273,189.37613710892583,160.12451551240147,0.001193900577315184,0.0026891250163316727,,,,0.002689750021090731,False,,,,,,,Constructive heuristic,True,,,,
20260825_195505-0400,20260825_195505-0400-0094,94,150,B6x7_stress_T50_S4,4,50,Greedy-Density-Operational,0.3884319522599246,0.5851938895417155,0.5445173383317714,27.0,0.54,36.0,11.0,1850.0,0.6792452830188679,0.5238095238095238,0.3394495412844037,41.0,82.0,102.0,337.2635465623878,176.5737292073762,160.68981735501154,0.0011517163838756928,0.0024622080090921372,,,,0.0024625830119475722,False,,,,,,,Constructive heuristic,True,,,,
20260825_195505-0400,20260825_195505-0400-0094,94,150,B6x7_stress_T50_S4,4,50,HiGHS-1s,,,,,,,,,,,,,,,,,,,2.1668171669880394,2.1668171669880394,2.651947457983624,0.5831334160175174,5.401898040989181,False,,,,459513.0,102919.0,1275676.0,Time limit reached. (HiGHS Status 13: model_status is Time limit reached; primal_status is None),False,,1.0,False,1.0
20260825_195505-0400,20260825_195505-0400-0094,94,150,B6x7_stress_T50_S4,4,50,HiGHS-5s,,,,,,,,,,,,,,,,,,,5.952333166991593,5.952333166991593,2.651947457983624,0.5831334160175174,9.187414040992735,False,,,,459513.0,102919.0,1275676.0,Time limit reached. (HiGHS Status 13: model_status is Time limit reached; primal_status is None),False,,5.0,False,1.0
20260825_195505-0400,20260825_195505-0400-0094,94,150,B6x7_stress_T50_S4,4,50,HiGHS-15s,,,,,,,,,,,,,,,,,,,15.720115291012917,15.720115291012917,2.651947457983624,0.5831334160175174,18.95519616501406,False,,,,459513.0,102919.0,1275676.0,Time limit reached. (HiGHS Status 13: model_status is Time limit reached; primal_status is None),False,,15.0,False,1.0
20260825_195505-0400,20260825_195505-0400-0094,94,150,B6x7_stress_T50_S4,4,50,HiGHS-60s,,,,,,,,,,,,,,,,,,,61.582615124993026,61.582615124993026,2.651947457983624,0.5831334160175174,64.81769599899417,False,,,,459513.0,102919.0,1275676.0,Time limit reached. (HiGHS Status 13: model_status is Time limit reached; primal_status is None),False,,60.0,False,1.0
20260825_195505-0400,20260825_195505-0400-0094,94,150,B6x7_stress_T50_S4,4,50,HiGHS-600s,0.3880028748625009,0.4600470035252643,0.429240862230553,19.0,0.38,27.0,11.0,1300.0,0.5094339622641509,0.5238095238095238,0.23853211009174313,32.578947368421055,88.0,101.0,197.6255684127527,104.71317725873702,92.91239115401572,0.001963323258112705,601.0943081250007,601.0943081250007,2.651947457983624,0.5831334160175174,604.3293889990018,False,0.2326623861862832,0.3880028748625009,0.4782765495751482,459513.0,102919.0,1275676.0,Time limit reached. (HiGHS Status 13: Time limit reached),True,0.0,600.0,True,1.0
20260825_195505-0400,20260825_195505-0400-0094,94,150,B6x7_stress_T50_S4,4,50,HiGHS-1800s,0.47648012910094334,0.6645123384253818,0.6382380506091846,32.0,0.64,39.0,12.0,2850.0,0.7358490566037735,0.5714285714285714,0.5229357798165137,44.46875,101.0,122.0,361.58562453968904,186.7474842435476,174.8381402961415,0.0013177518594869996,865.6878645829856,865.6878645829856,2.651947457983624,0.5831334160175174,868.9229454569868,True,0.0,0.47648012910094334,0.47648012910094334,459513.0,102919.0,1275676.0,Optimization terminated successfully. (HiGHS Status 7: Optimal),True,1.0,1800.0,True,0.0
20260825_195505-0400,20260825_195505-0400-0095,95,150,B6x7_stress_T50_S5,5,50,Greedy-Benefit,0.3307015499330696,0.5237492083597214,0.5201207243460765,25.0,0.5,19.0,24.0,1450.0,0.5,0.5853658536585366,0.4264705882352941,45.84,90.0,110.0,379.1930734966759,243.46235980289927,135.7307136937766,0.0008721191737062904,0.0026087080186698586,,,,0.0026092909974977374,False,,,,,,,Constructive heuristic,True,,,,
20260825_195505-0400,20260825_195505-0400-0095,95,150,B6x7_stress_T50_S5,5,50,Greedy-Density-Operational,0.34392188687592484,0.571247625079164,0.5603621730382295,29.0,0.58,22.0,25.0,1450.0,0.5789473684210527,0.6097560975609756,0.4264705882352941,41.37931034482759,87.0,110.0,367.3074230569723,192.68876969109624,174.61865336587596,0.0009363325249829754,0.0022843330225441605,,,,0.0022847500222269446,False,,,,,,,Constructive heuristic,True,,,,
20260825_195505-0400,20260825_195505-0400-0095,95,150,B6x7_stress_T50_S5,5,50,HiGHS-1s,,,,,,,,,,,,,,,,,,,3.015313249983592,3.015313249983592,5.241825582983438,1.3942786669940688,9.651417499961099,False,,,,977396.0,200975.0,2731269.0,Time limit reached. (HiGHS Status 13: model_status is Time limit reached; primal_status is None),False,,1.0,False,1.0
20260825_195505-0400,20260825_195505-0400-0095,95,150,B6x7_stress_T50_S5,5,50,HiGHS-5s,,,,,,,,,,,,,,,,,,,6.372470540984068,6.372470540984068,5.241825582983438,1.3942786669940688,13.008574790961575,False,,,,977396.0,200975.0,2731269.0,Time limit reached. (HiGHS Status 13: model_status is Time limit reached; primal_status is None),False,,5.0,False,1.0
20260825_195505-0400,20260825_195505-0400-0095,95,150,B6x7_stress_T50_S5,5,50,HiGHS-15s,,,,,,,,,,,,,,,,,,,18.283009957987815,18.283009957987815,5.241825582983438,1.3942786669940688,24.919114207965322,False,,,,977396.0,200975.0,2731269.0,Time limit reached. (HiGHS Status 13: model_status is Time limit reached; primal_status is None),False,,15.0,False,1.0
20260825_195505-0400,20260825_195505-0400-0095,95,150,B6x7_stress_T50_S5,5,50,HiGHS-60s,,,,,,,,,,,,,,,,,,,65.90605066699209,65.90605066699209,5.241825582983438,1.3942786669940688,72.5421549169696,False,,,,977396.0,200975.0,2731269.0,Time limit reached. (HiGHS Status 13: model_status is Time limit reached; primal_status is None),False,,60.0,False,1.0
20260825_195505-0400,20260825_195505-0400-0095,95,150,B6x7_stress_T50_S5,5,50,HiGHS-600s,,,,,,,,,,,,,,,,,,,693.315388957999,693.315388957999,5.241825582983438,1.3942786669940688,699.9514932079765,False,,,,977396.0,200975.0,2731269.0,Time limit reached. (HiGHS Status 13: model_status is Time limit reached; primal_status is None),False,,600.0,False,1.0
20260825_195505-0400,20260825_195505-0400-0095,95,150,B6x7_stress_T50_S5,5,50,HiGHS-1800s,0.0,0.0,0.0,0.0,0.0,0.0,0.0,0.0,0.0,0.0,0.0,,,0.0,0.0,0.0,0.0,,1802.6030443339841,1802.6030443339841,5.241825582983438,1.3942786669940688,1809.2391485839617,False,,-0.0,188.83538703894263,977396.0,200975.0,2731269.0,Time limit reached. (HiGHS Status 13: Time limit reached),True,0.0,1800.0,False,1.0
20260825_195505-0400,20260825_195505-0400-0096,96,150,B6x7_stress_T50_S6,6,50,Greedy-Benefit,0.32144429644070777,0.49209621993127156,0.4984126984126985,21.0,0.42,19.0,11.0,2850.0,0.5277777777777778,0.36666666666666664,0.6,49.904761904761905,97.0,124.0,426.6789208150851,228.86435638926991,197.81456442581518,0.0007533634326876342,0.004394417017465457,,,,0.004395000025397167,False,,,,,,,Constructive heuristic,True,,,,
20260825_195505-0400,20260825_195505-0400-0096,96,150,B6x7_stress_T50_S6,6,50,Greedy-Density-Operational,0.28020330148378914,0.46048109965635736,0.4708994708994709,23.0,0.46,17.0,11.0,2750.0,0.4722222222222222,0.36666666666666664,0.5789473684210527,44.26086956521739,87.0,111.0,392.26121297536594,197.30312899187615,194.95808398348976,0.0007143283409501564,0.0026876250049099326,,,,0.0026881659869104624,False,,,,,,,Constructive heuristic,True,,,,
20260825_195505-0400,20260825_195505-0400-0096,96,150,B6x7_stress_T50_S6,6,50,HiGHS-1s,,,,,,,,,,,,,,,,,,,1.6788705000071786,1.6788705000071786,1.9642404160113074,0.47707624998292886,4.120187166001415,False,,,,346864.0,89341.0,951307.0,Time limit reached. (HiGHS Status 13: model_status is Time limit reached; primal_status is None),False,,1.0,False,1.0
20260825_195505-0400,20260825_195505-0400-0096,96,150,B6x7_stress_T50_S6,6,50,HiGHS-5s,,,,,,,,,,,,,,,,,,,6.400703708990477,6.400703708990477,1.9642404160113074,0.47707624998292886,8.842020374984713,False,,,,346864.0,89341.0,951307.0,Time limit reached. (HiGHS Status 13: model_status is Time limit reached; primal_status is None),False,,5.0,False,1.0
20260825_195505-0400,20260825_195505-0400-0096,96,150,B6x7_stress_T50_S6,6,50,HiGHS-15s,,,,,,,,,,,,,,,,,,,15.57137837499613,15.57137837499613,1.9642404160113074,0.47707624998292886,18.012695040990366,False,,,,346864.0,89341.0,951307.0,Time limit reached. (HiGHS Status 13: model_status is Time limit reached; primal_status is None),False,,15.0,False,1.0
20260825_195505-0400,20260825_195505-0400-0096,96,150,B6x7_stress_T50_S6,6,50,HiGHS-60s,,,,,,,,,,,,,,,,,,,70.64443416698487,70.64443416698487,1.9642404160113074,0.47707624998292886,73.0857508329791,False,,,,346864.0,89341.0,951307.0,Time limit reached. (HiGHS Status 13: model_status is Time limit reached; primal_status is None),False,,60.0,False,1.0
20260825_195505-0400,20260825_195505-0400-0096,96,150,B6x7_stress_T50_S6,6,50,HiGHS-600s,0.375110342886819,0.570446735395189,0.544973544973545,24.0,0.48,25.0,13.0,2250.0,0.6944444444444444,0.43333333333333335,0.47368421052631576,41.083333333333336,82.0,98.0,336.5001263635127,169.00726645778673,167.49285990572596,0.0011147405706516634,485.1736196670099,485.1736196670099,1.9642404160113074,0.47707624998292886,487.61493633300415,True,0.0,0.375110342886819,0.375110342886819,346864.0,89341.0,951307.0,Optimization terminated successfully. (HiGHS Status 7: Optimal),True,0.0,600.0,True,0.0
20260825_195505-0400,20260825_195505-0400-0096,96,150,B6x7_stress_T50_S6,6,50,HiGHS-1800s,0.375110342886819,0.570446735395189,0.544973544973545,24.0,0.48,25.0,13.0,2250.0,0.6944444444444444,0.43333333333333335,0.47368421052631576,41.083333333333336,82.0,98.0,336.5001263635127,169.00726645778673,167.49285990572596,0.0011147405706516634,486.18779783300124,486.18779783300124,1.9642404160113074,0.47707624998292886,488.6291144989955,True,0.0,0.375110342886819,0.375110342886819,346864.0,89341.0,951307.0,Optimization terminated successfully. (HiGHS Status 7: Optimal),True,0.0,1800.0,True,0.0
20260825_195505-0400,20260825_195505-0400-0097,97,150,B6x7_stress_T50_S7,7,50,Greedy-Benefit,0.37433121558542776,0.5721464465183059,0.5509518477043672,26.0,0.52,22.0,17.0,1700.0,0.6875,0.4722222222222222,0.4788732394366197,47.03846153846154,91.0,112.0,374.4986456636479,194.78677498683612,179.71187067681177,0.0009995529220728598,0.0028732920181937516,,,,0.002874041994800791,False,,,,,,,Constructive heuristic,True,,,,
20260825_195505-0400,20260825_195505-0400-0097,97,150,B6x7_stress_T50_S7,7,50,Greedy-Density-Operational,0.3771238250703347,0.5620961952620245,0.5464725643896976,28.0,0.56,21.0,17.0,1800.0,0.65625,0.4722222222222222,0.5070422535211268,44.785714285714285,95.0,122.0,414.26521895245355,217.46065669983741,196.80456225261614,0.0009103439241748613,0.002353457995923236,,,,0.002353916992433369,False,,,,,,,Constructive heuristic,True,,,,
20260825_195505-0400,20260825_195505-0400-0097,97,150,B6x7_stress_T50_S7,7,50,HiGHS-1s,,,,,,,,,,,,,,,,,,,2.6068427079881076,2.6068427079881076,4.8683884999773,1.3106722499942407,8.785903457959648,False,,,,929410.0,176041.0,2612245.0,Time limit reached. (HiGHS Status 13: model_status is Time limit reached; primal_status is None),False,,1.0,False,1.0
20260825_195505-0400,20260825_195505-0400-0097,97,150,B6x7_stress_T50_S7,7,50,HiGHS-5s,,,,,,,,,,,,,,,,,,,6.382904291996965,6.382904291996965,4.8683884999773,1.3106722499942407,12.561965041968506,False,,,,929410.0,176041.0,2612245.0,Time limit reached. (HiGHS Status 13: model_status is Time limit reached; primal_status is None),False,,5.0,False,1.0
20260825_195505-0400,20260825_195505-0400-0097,97,150,B6x7_stress_T50_S7,7,50,HiGHS-15s,,,,,,,,,,,,,,,,,,,18.233692540990887,18.233692540990887,4.8683884999773,1.3106722499942407,24.412753290962428,False,,,,929410.0,176041.0,2612245.0,Time limit reached. (HiGHS Status 13: model_status is Time limit reached; primal_status is None),False,,15.0,False,1.0
20260825_195505-0400,20260825_195505-0400-0097,97,150,B6x7_stress_T50_S7,7,50,HiGHS-60s,,,,,,,,,,,,,,,,,,,62.93786108397762,62.93786108397762,4.8683884999773,1.3106722499942407,69.11692183394916,False,,,,929410.0,176041.0,2612245.0,Time limit reached. (HiGHS Status 13: model_status is Time limit reached; primal_status is None),False,,60.0,False,1.0
20260825_195505-0400,20260825_195505-0400-0097,97,150,B6x7_stress_T50_S7,7,50,HiGHS-600s,,,,,,,,,,,,,,,,,,,961.5649923749734,961.5649923749734,4.8683884999773,1.3106722499942407,967.7440531249449,False,,,,929410.0,176041.0,2612245.0,Time limit reached. (HiGHS Status 13: model_status is Time limit reached; primal_status is None),False,,600.0,False,1.0
20260825_195505-0400,20260825_195505-0400-0097,97,150,B6x7_stress_T50_S7,7,50,HiGHS-1800s,0.0,0.0,0.0,0.0,0.0,0.0,0.0,0.0,0.0,0.0,0.0,,,0.0,0.0,0.0,0.0,,1802.7781540839933,1802.7781540839933,4.8683884999773,1.3106722499942407,1808.9572148339648,False,,-0.0,144.80596416678353,929410.0,176041.0,2612245.0,Time limit reached. (HiGHS Status 13: Time limit reached),True,0.0,1800.0,False,1.0
20260825_195505-0400,20260825_195505-0400-0098,98,150,B6x7_stress_T50_S8,8,50,Greedy-Benefit,0.3488043154154243,0.5845272206303725,0.57345971563981,26.0,0.52,33.0,17.0,1750.0,0.6,0.6071428571428571,0.4666666666666667,46.23076923076923,92.0,115.0,403.26944887630555,209.0972548713976,194.1721940049079,0.0008649410868771582,0.004551124991849065,,,,0.004551791993435472,False,,,,,,,Constructive heuristic,True,,,,
20260825_195505-0400,20260825_195505-0400-0098,98,150,B6x7_stress_T50_S8,8,50,Greedy-Density-Operational,0.36002365555295834,0.5541547277936963,0.5279620853080564,27.0,0.54,32.0,18.0,950.0,0.5818181818181818,0.6428571428571429,0.25333333333333335,42.81481481481482,91.0,112.0,371.3551433632169,187.2369683736608,184.11817498955608,0.000969486115884558,0.002245583018520847,,,,0.002246000018203631,False,,,,,,,Constructive heuristic,True,,,,
20260825_195505-0400,20260825_195505-0400-0098,98,150,B6x7_stress_T50_S8,8,50,HiGHS-1s,,,,,,,,,,,,,,,,,,,1.96722945800866,1.96722945800866,2.218598125007702,0.5314865419932175,4.71731412500958,False,,,,409209.0,108977.0,1118706.0,Time limit reached. (HiGHS Status 13: model_status is Time limit reached; primal_status is None),False,,1.0,False,1.0
20260825_195505-0400,20260825_195505-0400-0098,98,150,B6x7_stress_T50_S8,8,50,HiGHS-5s,,,,,,,,,,,,,,,,,,,5.587498082983075,5.587498082983075,2.218598125007702,0.5314865419932175,8.337582749983994,False,,,,409209.0,108977.0,1118706.0,Time limit reached. (HiGHS Status 13: model_status is Time limit reached; primal_status is None),False,,5.0,False,1.0
20260825_195505-0400,20260825_195505-0400-0098,98,150,B6x7_stress_T50_S8,8,50,HiGHS-15s,,,,,,,,,,,,,,,,,,,16.166285999992397,16.166285999992397,2.218598125007702,0.5314865419932175,18.916370666993316,False,,,,409209.0,108977.0,1118706.0,Time limit reached. (HiGHS Status 13: model_status is Time limit reached; primal_status is None),False,,15.0,False,1.0
20260825_195505-0400,20260825_195505-0400-0098,98,150,B6x7_stress_T50_S8,8,50,HiGHS-60s,,,,,,,,,,,,,,,,,,,61.90114558298956,61.90114558298956,2.218598125007702,0.5314865419932175,64.65123024999048,False,,,,409209.0,108977.0,1118706.0,Time limit reached. (HiGHS Status 13: model_status is Time limit reached; primal_status is None),False,,60.0,False,1.0
20260825_195505-0400,20260825_195505-0400-0098,98,150,B6x7_stress_T50_S8,8,50,HiGHS-600s,0.39328632589978035,0.6040114613180517,0.5867298578199048,27.0,0.54,35.0,17.0,1650.0,0.6363636363636364,0.6071428571428571,0.44,47.22222222222222,95.0,119.0,407.3472766814818,215.3662179928043,191.98105868867748,0.0009654816624864878,602.572130458022,602.572130458022,2.218598125007702,0.5314865419932175,605.3222151250229,False,0.02414049401657927,0.39328632589978035,0.40278045209696645,409209.0,108977.0,1118706.0,Time limit reached. (HiGHS Status 13: Time limit reached),True,0.0,600.0,True,1.0
20260825_195505-0400,20260825_195505-0400-0098,98,150,B6x7_stress_T50_S8,8,50,HiGHS-1800s,0.40164119266981146,0.6206303724928367,0.5952606635071085,29.0,0.58,36.0,19.0,1300.0,0.6545454545454545,0.6785714285714286,0.3466666666666667,46.3448275862069,95.0,119.0,389.9121320168402,201.5174033109715,188.3947287058686,0.0010300812918856927,624.1361879169999,624.1361879169999,2.218598125007702,0.5314865419932175,626.8862725840008,True,0.0,0.4016411926698115,0.4016411926698115,409209.0,108977.0,1118706.0,Optimization terminated successfully. (HiGHS Status 7: Optimal),True,1.0,1800.0,True,0.0
20260825_195505-0400,20260825_195505-0400-0099,99,150,B6x7_stress_T50_S9,9,50,Greedy-Benefit,0.32083524338458314,0.5202120609675281,0.49788135593220334,24.0,0.48,25.0,13.0,1500.0,0.5555555555555556,0.5652173913043478,0.3409090909090909,51.958333333333336,105.0,128.0,442.4029520120544,255.19415184016069,187.20880017189376,0.0007252104488123785,0.0023382089857477695,,,,0.002338833990506828,False,,,,,,,Constructive heuristic,True,,,,
20260825_195505-0400,20260825_195505-0400-0099,99,150,B6x7_stress_T50_S9,9,50,Greedy-Density-Operational,0.33668235115254663,0.49237905897945655,0.48516949152542366,24.0,0.48,22.0,13.0,1800.0,0.4888888888888889,0.5652173913043478,0.4090909090909091,41.375,88.0,110.0,368.8997176772031,191.77149661616727,177.12822106103584,0.0009126663291381331,0.002368499990552664,,,,0.0023689160007052124,False,,,,,,,Constructive heuristic,True,,,,
20260825_195505-0400,20260825_195505-0400-0099,99,150,B6x7_stress_T50_S9,9,50,HiGHS-1s,,,,,,,,,,,,,,,,,,,1.9847582500078715,1.9847582500078715,2.3468425839964766,0.5587856670026667,4.890386501007015,False,,,,415535.0,116188.0,1130473.0,Time limit reached. (HiGHS Status 13: model_status is Time limit reached; primal_status is None),False,,1.0,False,1.0
20260825_195505-0400,20260825_195505-0400-0099,99,150,B6x7_stress_T50_S9,9,50,HiGHS-5s,,,,,,,,,,,,,,,,,,,5.921292665996589,5.921292665996589,2.3468425839964766,0.5587856670026667,8.826920916995732,False,,,,415535.0,116188.0,1130473.0,Time limit reached. (HiGHS Status 13: model_status is Time limit reached; primal_status is None),False,,5.0,False,1.0
20260825_195505-0400,20260825_195505-0400-0099,99,150,B6x7_stress_T50_S9,9,50,HiGHS-15s,,,,,,,,,,,,,,,,,,,16.93197329097893,16.93197329097893,2.3468425839964766,0.5587856670026667,19.837601541978074,False,,,,415535.0,116188.0,1130473.0,Time limit reached. (HiGHS Status 13: model_status is Time limit reached; primal_status is None),False,,15.0,False,1.0
20260825_195505-0400,20260825_195505-0400-0099,99,150,B6x7_stress_T50_S9,9,50,HiGHS-60s,,,,,,,,,,,,,,,,,,,66.46412337498623,66.46412337498623,2.3468425839964766,0.5587856670026667,69.36975162598537,False,,,,415535.0,116188.0,1130473.0,Time limit reached. (HiGHS Status 13: model_status is Time limit reached; primal_status is None),False,,60.0,False,1.0
20260825_195505-0400,20260825_195505-0400-0099,99,150,B6x7_stress_T50_S9,9,50,HiGHS-600s,0.38584939111970534,0.6229290921139828,0.5879237288135591,26.0,0.52,29.0,19.0,1250.0,0.6444444444444445,0.8260869565217391,0.2840909090909091,48.73076923076923,101.0,124.0,435.1273384681892,243.6809842790399,191.44635418914928,0.0008867505141783078,571.5475682919787,571.5475682919787,2.3468425839964766,0.5587856670026667,574.4531965429778,True,0.0,0.38584939111970534,0.38584939111970534,415535.0,116188.0,1130473.0,Optimization terminated successfully. (HiGHS Status 7: Optimal),True,1.0,600.0,True,0.0
20260825_195505-0400,20260825_195505-0400-0099,99,150,B6x7_stress_T50_S9,9,50,HiGHS-1800s,0.38584939111970534,0.6229290921139828,0.5879237288135591,26.0,0.52,29.0,19.0,1250.0,0.6444444444444445,0.8260869565217391,0.2840909090909091,48.73076923076923,101.0,124.0,435.1273384681892,243.6809842790399,191.44635418914928,0.0008867505141783078,632.2092599160096,632.2092599160096,2.3468425839964766,0.5587856670026667,635.1148881670088,True,0.0,0.38584939111970534,0.38584939111970534,415535.0,116188.0,1130473.0,Optimization terminated successfully. (HiGHS Status 7: Optimal),True,1.0,1800.0,True,0.0
20260825_195505-0400,20260825_195505-0400-0100,100,150,B6x7_stress_T50_S10,10,50,Greedy-Benefit,0.3609762411484529,0.5605686032138442,0.5597235932872654,25.0,0.5,20.0,28.0,1450.0,0.5263157894736842,0.6222222222222222,0.47540983606557374,45.56,88.0,112.0,403.28563089367134,231.25244158720298,172.03318930646842,0.0008950882786191468,0.0024238749756477773,,,,0.0024245419772341847,False,,,,,,,Constructive heuristic,True,,,,
20260825_195505-0400,20260825_195505-0400-0100,100,150,B6x7_stress_T50_S10,10,50,Greedy-Density-Operational,0.3716624168730988,0.5741656365883806,0.5913129318854886,26.0,0.52,16.0,34.0,1650.0,0.42105263157894735,0.7555555555555555,0.5409836065573771,40.65384615384615,84.0,107.0,357.8184915586592,183.45039353649142,174.36809802216777,0.0010386897984342156,0.002436833019601181,,,,0.0024372920161113143,False,,,,,,,Constructive heuristic,True,,,,
20260825_195505-0400,20260825_195505-0400-0100,100,150,B6x7_stress_T50_S10,10,50,HiGHS-1s,,,,,,,,,,,,,,,,,,,1.7378236249787733,1.7378236249787733,2.1791107919998467,0.49116124998545274,4.408095666964073,False,,,,379123.0,101966.0,1035459.0,Time limit reached. (HiGHS Status 13: model_status is Time limit reached; primal_status is None),False,,1.0,False,1.0
20260825_195505-0400,20260825_195505-0400-0100,100,150,B6x7_stress_T50_S10,10,50,HiGHS-5s,,,,,,,,,,,,,,,,,,,5.861316374997841,5.861316374997841,2.1791107919998467,0.49116124998545274,8.53158841698314,False,,,,379123.0,101966.0,1035459.0,Time limit reached. (HiGHS Status 13: model_status is Time limit reached; primal_status is None),False,,5.0,False,1.0
20260825_195505-0400,20260825_195505-0400-0100,100,150,B6x7_stress_T50_S10,10,50,HiGHS-15s,,,,,,,,,,,,,,,,,,,16.15617125001154,16.15617125001154,2.1791107919998467,0.49116124998545274,18.82644329199684,False,,,,379123.0,101966.0,1035459.0,Time limit reached. (HiGHS Status 13: model_status is Time limit reached; primal_status is None),False,,15.0,False,1.0
20260825_195505-0400,20260825_195505-0400-0100,100,150,B6x7_stress_T50_S10,10,50,HiGHS-60s,,,,,,,,,,,,,,,,,,,71.49783854201087,71.49783854201087,2.1791107919998467,0.49116124998545274,74.16811058399617,False,,,,379123.0,101966.0,1035459.0,Time limit reached. (HiGHS Status 13: model_status is Time limit reached; primal_status is None),False,,60.0,False,1.0
20260825_195505-0400,20260825_195505-0400-0100,100,150,B6x7_stress_T50_S10,10,50,HiGHS-600s,0.4244902219292292,0.6075401730531521,0.6150049358341559,28.0,0.56,19.0,34.0,1550.0,0.5,0.7555555555555555,0.5081967213114754,41.035714285714285,83.0,104.0,320.7704228210877,175.43046105881825,145.33996176226944,0.0013233458939136418,461.64862304201233,461.64862304201233,2.1791107919998467,0.49116124998545274,464.31889508399763,True,0.0,0.4244902219292292,0.4244902219292292,379123.0,101966.0,1035459.0,Optimization terminated successfully. (HiGHS Status 7: Optimal),True,1.0,600.0,True,0.0
20260825_195505-0400,20260825_195505-0400-0100,100,150,B6x7_stress_T50_S10,10,50,HiGHS-1800s,0.4244902219292292,0.6075401730531521,0.6150049358341559,28.0,0.56,19.0,34.0,1550.0,0.5,0.7555555555555555,0.5081967213114754,41.035714285714285,83.0,104.0,320.7704228210877,175.43046105881825,145.33996176226944,0.0013233458939136418,460.7082003749965,460.7082003749965,2.1791107919998467,0.49116124998545274,463.3784724169818,True,0.0,0.4244902219292292,0.4244902219292292,379123.0,101966.0,1035459.0,Optimization terminated successfully. (HiGHS Status 7: Optimal),True,1.0,1800.0,True,0.0
20260825_195505-0400,20260825_195505-0400-0101,101,150,B6x7_stress_T50_S11,11,50,Greedy-Benefit,0.4057903858329066,0.5773067331670823,0.5708622398414273,29.0,0.58,28.0,14.0,2600.0,0.6086956521739131,0.5185185185185185,0.5591397849462365,45.51724137931034,100.0,118.0,364.21901334523704,202.27565354728787,161.9433597979492,0.0011141383919138366,0.002765959012322128,,,,0.0027667500253301114,False,,,,,,,Constructive heuristic,True,,,,
20260825_195505-0400,20260825_195505-0400-0101,101,150,B6x7_stress_T50_S11,11,50,Greedy-Density-Operational,0.38643878716871577,0.5293017456359103,0.5540138751238851,30.0,0.6,24.0,10.0,3650.0,0.5217391304347826,0.37037037037037035,0.7849462365591398,41.333333333333336,96.0,113.0,371.2656028531007,200.74167422432384,170.52392862877693,0.001040868812513231,0.002572833007434383,,,,0.0025732079811859876,False,,,,,,,Constructive heuristic,True,,,,
20260825_195505-0400,20260825_195505-0400-0101,101,150,B6x7_stress_T50_S11,11,50,HiGHS-1s,,,,,,,,,,,,,,,,,,,3.766961125016678,3.766961125016678,6.5058478330029175,1.7753155420068651,12.04812450002646,False,,,,1231562.0,222524.0,3472218.0,Time limit reached. (HiGHS Status 13: model_status is Time limit reached; primal_status is None),False,,1.0,False,1.0
20260825_195505-0400,20260825_195505-0400-0101,101,150,B6x7_stress_T50_S11,11,50,HiGHS-5s,,,,,,,,,,,,,,,,,,,6.901847417000681,6.901847417000681,6.5058478330029175,1.7753155420068651,15.183010792010464,False,,,,1231562.0,222524.0,3472218.0,Time limit reached. (HiGHS Status 13: model_status is Time limit reached; primal_status is None),False,,5.0,False,1.0
20260825_195505-0400,20260825_195505-0400-0101,101,150,B6x7_stress_T50_S11,11,50,HiGHS-15s,,,,,,,,,,,,,,,,,,,18.70309675001772,18.70309675001772,6.5058478330029175,1.7753155420068651,26.984260125027504,False,,,,1231562.0,222524.0,3472218.0,Time limit reached. (HiGHS Status 13: model_status is Time limit reached; primal_status is None),False,,15.0,False,1.0
20260825_195505-0400,20260825_195505-0400-0101,101,150,B6x7_stress_T50_S11,11,50,HiGHS-60s,,,,,,,,,,,,,,,,,,,65.0606689999986,65.0606689999986,6.5058478330029175,1.7753155420068651,73.34183237500838,False,,,,1231562.0,222524.0,3472218.0,Time limit reached. (HiGHS Status 13: model_status is Time limit reached; primal_status is None),False,,60.0,False,1.0
20260825_195505-0400,20260825_195505-0400-0101,101,150,B6x7_stress_T50_S11,11,50,HiGHS-600s,,,,,,,,,,,,,,,,,,,1483.9746441669995,1483.9746441669995,6.5058478330029175,1.7753155420068651,1492.2558075420093,False,,,,1231562.0,222524.0,3472218.0,Time limit reached. (HiGHS Status 13: model_status is Time limit reached; primal_status is None),False,,600.0,False,1.0
20260825_195505-0400,20260825_195505-0400-0101,101,150,B6x7_stress_T50_S11,11,50,HiGHS-1800s,0.0,0.0,0.0,0.0,0.0,0.0,0.0,0.0,0.0,0.0,0.0,,,0.0,0.0,0.0,0.0,,1803.3061240000243,1803.3061240000243,6.5058478330029175,1.7753155420068651,1811.587287375034,False,,-0.0,295.56919330453746,1231562.0,222524.0,3472218.0,Time limit reached. (HiGHS Status 13: Time limit reached),True,0.0,1800.0,False,1.0
20260825_195505-0400,20260825_195505-0400-0102,102,150,B6x7_stress_T50_S12,12,50,Greedy-Benefit,0.38347525604678284,0.5675332910589727,0.5584281282316442,27.0,0.54,26.0,19.0,1500.0,0.5652173913043478,0.6333333333333333,0.43478260869565216,44.7037037037037,91.0,113.0,370.0421534092786,204.35919600933227,165.68295739994642,0.0010363015470365798,0.004401500016683713,,,,0.004402042017318308,False,,,,,,,Constructive heuristic,True,,,,
20260825_195505-0400,20260825_195505-0400-0102,102,150,B6x7_stress_T50_S12,12,50,Greedy-Density-Operational,0.3900644437669855,0.6074825618262524,0.5770423991726992,27.0,0.54,32.0,16.0,1300.0,0.6956521739130435,0.5333333333333333,0.37681159420289856,40.51851851851852,81.0,105.0,346.41214508664495,180.02453596454825,166.3876091220967,0.0011260126104107066,0.0022240419930312783,,,,0.0022244169958867133,False,,,,,,,Constructive heuristic,True,,,,
20260825_195505-0400,20260825_195505-0400-0102,102,150,B6x7_stress_T50_S12,12,50,HiGHS-1s,,,,,,,,,,,,,,,,,,,2.7141050829959568,2.7141050829959568,3.1522242079954594,0.8000715840025805,6.666400874993997,False,,,,570109.0,144357.0,1566026.0,Time limit reached. (HiGHS Status 13: model_status is Time limit reached; primal_status is None),False,,1.0,False,1.0
20260825_195505-0400,20260825_195505-0400-0102,102,150,B6x7_stress_T50_S12,12,50,HiGHS-5s,,,,,,,,,,,,,,,,,,,6.430905083019752,6.430905083019752,3.1522242079954594,0.8000715840025805,10.383200875017792,False,,,,570109.0,144357.0,1566026.0,Time limit reached. (HiGHS Status 13: model_status is Time limit reached; primal_status is None),False,,5.0,False,1.0
20260825_195505-0400,20260825_195505-0400-0102,102,150,B6x7_stress_T50_S12,12,50,HiGHS-15s,,,,,,,,,,,,,,,,,,,17.414925665972987,17.414925665972987,3.1522242079954594,0.8000715840025805,21.367221457971027,False,,,,570109.0,144357.0,1566026.0,Time limit reached. (HiGHS Status 13: model_status is Time limit reached; primal_status is None),False,,15.0,False,1.0
20260825_195505-0400,20260825_195505-0400-0102,102,150,B6x7_stress_T50_S12,12,50,HiGHS-60s,,,,,,,,,,,,,,,,,,,60.79819166701054,60.79819166701054,3.1522242079954594,0.8000715840025805,64.75048745900858,False,,,,570109.0,144357.0,1566026.0,Time limit reached. (HiGHS Status 13: model_status is Time limit reached; primal_status is None),False,,60.0,False,1.0
20260825_195505-0400,20260825_195505-0400-0102,102,150,B6x7_stress_T50_S12,12,50,HiGHS-600s,0.0,0.0,0.0,0.0,0.0,0.0,0.0,0.0,0.0,0.0,0.0,,,0.0,0.0,0.0,0.0,,601.3731264999951,601.3731264999951,3.1522242079954594,0.8000715840025805,605.3254222919932,False,,-0.0,114.8774887205172,570109.0,144357.0,1566026.0,Time limit reached. (HiGHS Status 13: Time limit reached),True,0.0,600.0,False,1.0
20260825_195505-0400,20260825_195505-0400-0102,102,150,B6x7_stress_T50_S12,12,50,HiGHS-1800s,0.44792367302847236,0.61001902346227,0.591520165460186,26.0,0.52,28.0,22.0,1200.0,0.6086956521739131,0.7333333333333333,0.34782608695652173,40.76923076923077,83.0,98.0,294.2863366347203,162.8854120833977,131.40092455132256,0.001522067514756734,1280.5425797500066,1280.5425797500066,3.1522242079954594,0.8000715840025805,1284.4948755420046,True,0.0,0.44792367302847236,0.44792367302847236,570109.0,144357.0,1566026.0,Optimization terminated successfully. (HiGHS Status 7: Optimal),True,1.0,1800.0,True,0.0
20260825_195505-0400,20260825_195505-0400-0103,103,150,B6x7_stress_T50_S13,13,50,Greedy-Benefit,0.4340318489374671,0.5895300416418797,0.5983522142121523,28.0,0.56,32.0,18.0,1350.0,0.5423728813559322,0.75,0.574468085106383,41.25,91.0,103.0,292.3647277901138,157.19210588187326,135.1726219082405,0.001484556130345022,0.0027267499826848507,,,,0.002727416984271258,False,,,,,,,Constructive heuristic,True,,,,
20260825_195505-0400,20260825_195505-0400-0103,103,150,B6x7_stress_T50_S13,13,50,Greedy-Density-Operational,0.38933464327047784,0.575847709696609,0.5952626158599382,30.0,0.6,31.0,16.0,1800.0,0.5254237288135594,0.6666666666666666,0.7659574468085106,41.6,96.0,120.0,363.5442645596822,183.2779629242031,180.26630163547912,0.001070941508985247,0.002493583015166223,,,,0.0024940410221461207,False,,,,,,,Constructive heuristic,True,,,,
20260825_195505-0400,20260825_195505-0400-0103,103,150,B6x7_stress_T50_S13,13,50,HiGHS-1s,,,,,,,,,,,,,,,,,,,2.918666541983839,2.918666541983839,5.231393416994251,1.437077666982077,9.587137625960167,False,,,,1011950.0,200522.0,2835384.0,Time limit reached. (HiGHS Status 13: model_status is Time limit reached; primal_status is None),False,,1.0,False,1.0
20260825_195505-0400,20260825_195505-0400-0103,103,150,B6x7_stress_T50_S13,13,50,HiGHS-5s,,,,,,,,,,,,,,,,,,,6.4749300419935025,6.4749300419935025,5.231393416994251,1.437077666982077,13.143401125969831,False,,,,1011950.0,200522.0,2835384.0,Time limit reached. (HiGHS Status 13: model_status is Time limit reached; primal_status is None),False,,5.0,False,1.0
20260825_195505-0400,20260825_195505-0400-0103,103,150,B6x7_stress_T50_S13,13,50,HiGHS-15s,,,,,,,,,,,,,,,,,,,16.615423792012734,16.615423792012734,5.231393416994251,1.437077666982077,23.283894875989063,False,,,,1011950.0,200522.0,2835384.0,Time limit reached. (HiGHS Status 13: model_status is Time limit reached; primal_status is None),False,,15.0,False,1.0
20260825_195505-0400,20260825_195505-0400-0103,103,150,B6x7_stress_T50_S13,13,50,HiGHS-60s,,,,,,,,,,,,,,,,,,,61.95011649999651,61.95011649999651,5.231393416994251,1.437077666982077,68.61858758397284,False,,,,1011950.0,200522.0,2835384.0,Time limit reached. (HiGHS Status 13: model_status is Time limit reached; primal_status is None),False,,60.0,False,1.0
20260825_195505-0400,20260825_195505-0400-0103,103,150,B6x7_stress_T50_S13,13,50,HiGHS-600s,,,,,,,,,,,,,,,,,,,864.9852690839907,864.9852690839907,5.231393416994251,1.437077666982077,871.653740167967,False,,,,1011950.0,200522.0,2835384.0,Time limit reached. (HiGHS Status 13: model_status is Time limit reached; primal_status is None),False,,600.0,False,1.0
20260825_195505-0400,20260825_195505-0400-0103,103,150,B6x7_stress_T50_S13,13,50,HiGHS-1800s,0.0,0.0,0.0,0.0,0.0,0.0,0.0,0.0,0.0,0.0,0.0,,,0.0,0.0,0.0,0.0,,1802.867139250011,1802.867139250011,5.231393416994251,1.437077666982077,1809.5356103339873,False,,-0.0,248.11540854886258,1011950.0,200522.0,2835384.0,Time limit reached. (HiGHS Status 13: Time limit reached),True,0.0,1800.0,False,1.0
20260825_195505-0400,20260825_195505-0400-0104,104,150,B6x7_stress_T50_S14,14,50,Greedy-Benefit,0.33601163955956864,0.48438495857233915,0.4707631318136771,26.0,0.52,20.0,17.0,1750.0,0.6060606060606061,0.3695652173913043,0.4794520547945205,48.19230769230769,99.0,126.0,447.60153727792397,246.78363301081484,200.8179042671092,0.0007506936674145802,0.004549000004772097,,,,0.0045495000085793436,False,,,,,,,Constructive heuristic,True,,,,
20260825_195505-0400,20260825_195505-0400-0104,104,150,B6x7_stress_T50_S14,14,50,Greedy-Density-Operational,0.31394108318511665,0.4875717017208413,0.5004955401387512,26.0,0.52,15.0,22.0,2250.0,0.45454545454545453,0.4782608695652174,0.6164383561643836,41.53846153846154,95.0,119.0,386.67645588841197,195.3662188756367,191.31023701277527,0.0008118960397105598,0.0031106249953154474,,,,0.0031110419949982315,False,,,,,,,Constructive heuristic,True,,,,
20260825_195505-0400,20260825_195505-0400-0104,104,150,B6x7_stress_T50_S14,14,50,HiGHS-1s,,,,,,,,,,,,,,,,,,,1.9093272500031162,1.9093272500031162,3.5994030000001658,0.9355765420186799,6.444306792021962,False,,,,685430.0,147516.0,1908830.0,Time limit reached. (HiGHS Status 13: model_status is Time limit reached; primal_status is None),False,,1.0,False,1.0
20260825_195505-0400,20260825_195505-0400-0104,104,150,B6x7_stress_T50_S14,14,50,HiGHS-5s,,,,,,,,,,,,,,,,,,,6.986555750016123,6.986555750016123,3.5994030000001658,0.9355765420186799,11.521535292034969,False,,,,685430.0,147516.0,1908830.0,Time limit reached. (HiGHS Status 13: model_status is Time limit reached; primal_status is None),False,,5.0,False,1.0
20260825_195505-0400,20260825_195505-0400-0104,104,150,B6x7_stress_T50_S14,14,50,HiGHS-15s,,,,,,,,,,,,,,,,,,,16.575529458001256,16.575529458001256,3.5994030000001658,0.9355765420186799,21.1105090000201,False,,,,685430.0,147516.0,1908830.0,Time limit reached. (HiGHS Status 13: model_status is Time limit reached; primal_status is None),False,,15.0,False,1.0
20260825_195505-0400,20260825_195505-0400-0104,104,150,B6x7_stress_T50_S14,14,50,HiGHS-60s,,,,,,,,,,,,,,,,,,,61.76412566701765,61.76412566701765,3.5994030000001658,0.9355765420186799,66.2991052090365,False,,,,685430.0,147516.0,1908830.0,Time limit reached. (HiGHS Status 13: model_status is Time limit reached; primal_status is None),False,,60.0,False,1.0
20260825_195505-0400,20260825_195505-0400-0104,104,150,B6x7_stress_T50_S14,14,50,HiGHS-600s,,,,,,,,,,,,,,,,,,,849.0700667499914,849.0700667499914,3.5994030000001658,0.9355765420186799,853.6050462920102,False,,,,685430.0,147516.0,1908830.0,Time limit reached. (HiGHS Status 13: model_status is Time limit reached; primal_status is None),False,,600.0,False,1.0
20260825_195505-0400,20260825_195505-0400-0104,104,150,B6x7_stress_T50_S14,14,50,HiGHS-1800s,0.3002453754073049,0.39133205863607395,0.39048562933597625,19.0,0.38,13.0,18.0,1400.0,0.3939393939393939,0.391304347826087,0.3835616438356164,36.8421052631579,95.0,118.0,224.9975484574455,112.49987741074851,112.49767104669701,0.0013344384303995704,1802.7098997079884,1802.7098997079884,3.5994030000001658,0.9355765420186799,1807.2448792500072,False,0.3345052214609413,0.3002453754073049,0.4006790212005489,685430.0,147516.0,1908830.0,Time limit reached. (HiGHS Status 13: Time limit reached),True,0.0,1800.0,True,1.0
20260825_195505-0400,20260825_195505-0400-0105,105,150,B6x7_stress_T50_S15,15,50,Greedy-Benefit,0.3398264219615293,0.5606235565819863,0.5581395348837208,25.0,0.5,28.0,23.0,1100.0,0.56,0.575,0.5,41.72,90.0,114.0,374.2911075659141,194.43414900863374,179.85695855728042,0.0009079201057473281,0.0027034159866161644,,,,0.002704124985029921,False,,,,,,,Constructive heuristic,True,,,,
20260825_195505-0400,20260825_195505-0400-0105,105,150,B6x7_stress_T50_S15,15,50,Greedy-Density-Operational,0.362416742990387,0.52540415704388,0.5184108527131782,25.0,0.5,26.0,23.0,750.0,0.52,0.575,0.3409090909090909,42.28,97.0,118.0,389.9613360464285,196.2106330173151,193.75070302911345,0.0009293658357638766,0.0032664999889675528,,,,0.003267124993726611,False,,,,,,,Constructive heuristic,True,,,,
20260825_195505-0400,20260825_195505-0400-0105,105,150,B6x7_stress_T50_S15,15,50,HiGHS-1s,,,,,,,,,,,,,,,,,,,1.4802172500058077,1.4802172500058077,1.7544660839776043,0.3984576250077225,3.6331409589911345,False,,,,283293.0,88440.0,761495.0,Time limit reached. (HiGHS Status 13: model_status is Time limit reached; primal_status is None),False,,1.0,False,1.0
20260825_195505-0400,20260825_195505-0400-0105,105,150,B6x7_stress_T50_S15,15,50,HiGHS-5s,,,,,,,,,,,,,,,,,,,5.729069708002498,5.729069708002498,1.7544660839776043,0.3984576250077225,7.881993416987825,False,,,,283293.0,88440.0,761495.0,Time limit reached. (HiGHS Status 13: model_status is Time limit reached; primal_status is None),False,,5.0,False,1.0
20260825_195505-0400,20260825_195505-0400-0105,105,150,B6x7_stress_T50_S15,15,50,HiGHS-15s,,,,,,,,,,,,,,,,,,,15.490129417012213,15.490129417012213,1.7544660839776043,0.3984576250077225,17.64305312599754,False,,,,283293.0,88440.0,761495.0,Time limit reached. (HiGHS Status 13: model_status is Time limit reached; primal_status is None),False,,15.0,False,1.0
20260825_195505-0400,20260825_195505-0400-0105,105,150,B6x7_stress_T50_S15,15,50,HiGHS-60s,,,,,,,,,,,,,,,,,,,74.07094370797859,74.07094370797859,1.7544660839776043,0.3984576250077225,76.22386741696391,False,,,,283293.0,88440.0,761495.0,Time limit reached. (HiGHS Status 13: model_status is Time limit reached; primal_status is None),False,,60.0,False,1.0
20260825_195505-0400,20260825_195505-0400-0105,105,150,B6x7_stress_T50_S15,15,50,HiGHS-600s,0.4200823170120215,0.5958429561200924,0.6027131782945736,27.0,0.54,27.0,28.0,1200.0,0.54,0.7,0.5454545454545454,42.666666666666664,90.0,110.0,362.83356963290436,194.29643837187794,168.53713126102642,0.0011577823888705733,302.03373766702134,302.03373766702134,1.7544660839776043,0.3984576250077225,304.18666137600667,True,0.0,0.4200823170120213,0.4200823170120213,283293.0,88440.0,761495.0,Optimization terminated successfully. (HiGHS Status 7: Optimal),True,1.0,600.0,True,0.0
20260825_195505-0400,20260825_195505-0400-0105,105,150,B6x7_stress_T50_S15,15,50,HiGHS-1800s,0.4200823170120215,0.5958429561200924,0.6027131782945736,27.0,0.54,27.0,28.0,1200.0,0.54,0.7,0.5454545454545454,42.666666666666664,90.0,110.0,362.83356963290436,194.29643837187794,168.53713126102642,0.0011577823888705733,326.8388614169962,326.8388614169962,1.7544660839776043,0.3984576250077225,328.99178512598155,True,0.0,0.4200823170120215,0.4200823170120215,283293.0,88440.0,761495.0,Optimization terminated successfully. (HiGHS Status 7: Optimal),True,1.0,1800.0,True,0.0
20260825_195505-0400,20260825_195505-0400-0106,106,150,B6x7_stress_T50_S16,16,50,Greedy-Benefit,0.3848904911626652,0.5555555555555554,0.5419921874999999,26.0,0.52,27.0,21.0,1250.0,0.5294117647058824,0.75,0.32051282051282054,42.26923076923077,100.0,118.0,377.01369291253496,194.07611938429324,182.9375735282417,0.001020892605224176,0.0027082079905085266,,,,0.002708792017074302,False,,,,,,,Constructive heuristic,True,,,,
20260825_195505-0400,20260825_195505-0400-0106,106,150,B6x7_stress_T50_S16,16,50,Greedy-Density-Operational,0.3782539078476235,0.5710872162485064,0.5869140625000001,30.0,0.6,28.0,15.0,2850.0,0.5490196078431373,0.5357142857142857,0.7307692307692307,41.86666666666667,95.0,112.0,364.21185684840833,187.45260103297673,176.75925581543166,0.0010385546234565881,0.00255462498171255,,,,0.0025551249855197966,False,,,,,,,Constructive heuristic,True,,,,
20260825_195505-0400,20260825_195505-0400-0106,106,150,B6x7_stress_T50_S16,16,50,HiGHS-1s,,,,,,,,,,,,,,,,,,,1.8192912920203526,1.8192912920203526,3.5406533330096863,1.0469954579893965,6.406940083019435,False,,,,648853.0,158368.0,1788247.0,Time limit reached. (HiGHS Status 13: model_status is Time limit reached; primal_status is None),False,,1.0,False,1.0
20260825_195505-0400,20260825_195505-0400-0106,106,150,B6x7_stress_T50_S16,16,50,HiGHS-5s,,,,,,,,,,,,,,,,,,,6.885019791981904,6.885019791981904,3.5406533330096863,1.0469954579893965,11.472668582980987,False,,,,648853.0,158368.0,1788247.0,Time limit reached. (HiGHS Status 13: model_status is Time limit reached; primal_status is None),False,,5.0,False,1.0
20260825_195505-0400,20260825_195505-0400-0106,106,150,B6x7_stress_T50_S16,16,50,HiGHS-15s,,,,,,,,,,,,,,,,,,,17.13254983301158,17.13254983301158,3.5406533330096863,1.0469954579893965,21.720198624010663,False,,,,648853.0,158368.0,1788247.0,Time limit reached. (HiGHS Status 13: model_status is Time limit reached; primal_status is None),False,,15.0,False,1.0
20260825_195505-0400,20260825_195505-0400-0106,106,150,B6x7_stress_T50_S16,16,50,HiGHS-60s,,,,,,,,,,,,,,,,,,,64.7537705419818,64.7537705419818,3.5406533330096863,1.0469954579893965,69.34141933298088,False,,,,648853.0,158368.0,1788247.0,Time limit reached. (HiGHS Status 13: model_status is Time limit reached; primal_status is None),False,,60.0,False,1.0
20260825_195505-0400,20260825_195505-0400-0106,106,150,B6x7_stress_T50_S16,16,50,HiGHS-600s,0.0,0.0,0.0,0.0,0.0,0.0,0.0,0.0,0.0,0.0,0.0,,,0.0,0.0,0.0,0.0,,601.5678053339943,601.5678053339943,3.5406533330096863,1.0469954579893965,606.1554541249934,False,,-0.0,48.77676414324688,648853.0,158368.0,1788247.0,Time limit reached. (HiGHS Status 13: Time limit reached),True,0.0,600.0,False,1.0
20260825_195505-0400,20260825_195505-0400-0106,106,150,B6x7_stress_T50_S16,16,50,HiGHS-1800s,0.4423979885213627,0.6469534050179209,0.6621093750000001,32.0,0.64,30.0,21.0,2800.0,0.5882352941176471,0.75,0.717948717948718,44.46875,91.0,117.0,354.8631880708697,182.76417248493658,172.09901558593307,0.0012466719665298488,1464.9040345420071,1464.9040345420071,3.5406533330096863,1.0469954579893965,1469.4916833330062,True,0.0,0.44239798852136575,0.44239798852136575,648853.0,158368.0,1788247.0,Optimization terminated successfully. (HiGHS Status 7: Optimal),True,1.0,1800.0,True,0.0
20260825_195505-0400,20260825_195505-0400-0107,107,150,B6x7_stress_T50_S17,17,50,Greedy-Benefit,0.3802600059175789,0.5422276621787026,0.5219611848825333,25.0,0.5,32.0,11.0,1350.0,0.5818181818181818,0.5238095238095238,0.3698630136986301,41.88,96.0,118.0,374.1511339325894,212.45260728538724,161.69852664720221,0.001016327284433916,0.0024372920161113143,,,,0.00243783401674591,False,,,,,,,Constructive heuristic,True,,,,
20260825_195505-0400,20260825_195505-0400-0107,107,150,B6x7_stress_T50_S17,17,50,Greedy-Density-Operational,0.36984044699363094,0.5660954712362299,0.5566905005107252,28.0,0.56,32.0,12.0,1750.0,0.5818181818181818,0.5714285714285714,0.4794520547945205,43.5,100.0,121.0,415.8005851589272,212.40155475540593,203.3990304035213,0.0008894659127337942,0.002291791985044256,,,,0.0022922499920241535,False,,,,,,,Constructive heuristic,True,,,,
20260825_195505-0400,20260825_195505-0400-0107,107,150,B6x7_stress_T50_S17,17,50,HiGHS-1s,,,,,,,,,,,,,,,,,,,2.036138708004728,2.036138708004728,2.3564153750194237,0.6613656249828637,5.053919708007015,False,,,,432956.0,125584.0,1173340.0,Time limit reached. (HiGHS Status 13: model_status is Time limit reached; primal_status is None),False,,1.0,False,1.0
20260825_195505-0400,20260825_195505-0400-0107,107,150,B6x7_stress_T50_S17,17,50,HiGHS-5s,,,,,,,,,,,,,,,,,,,6.132788624992827,6.132788624992827,2.3564153750194237,0.6613656249828637,9.150569624995114,False,,,,432956.0,125584.0,1173340.0,Time limit reached. (HiGHS Status 13: model_status is Time limit reached; primal_status is None),False,,5.0,False,1.0
20260825_195505-0400,20260825_195505-0400-0107,107,150,B6x7_stress_T50_S17,17,50,HiGHS-15s,,,,,,,,,,,,,,,,,,,16.46122200001264,16.46122200001264,2.3564153750194237,0.6613656249828637,19.479003000014927,False,,,,432956.0,125584.0,1173340.0,Time limit reached. (HiGHS Status 13: model_status is Time limit reached; primal_status is None),False,,15.0,False,1.0
20260825_195505-0400,20260825_195505-0400-0107,107,150,B6x7_stress_T50_S17,17,50,HiGHS-60s,,,,,,,,,,,,,,,,,,,60.690438624995295,60.690438624995295,2.3564153750194237,0.6613656249828637,63.70821962499758,False,,,,432956.0,125584.0,1173340.0,Time limit reached. (HiGHS Status 13: model_status is Time limit reached; primal_status is None),False,,60.0,False,1.0
20260825_195505-0400,20260825_195505-0400-0107,107,150,B6x7_stress_T50_S17,17,50,HiGHS-600s,0.4395746991031267,0.6474908200734393,0.6261491317671093,29.0,0.58,40.0,9.0,2050.0,0.7272727272727273,0.42857142857142855,0.5616438356164384,44.13793103448276,92.0,114.0,360.6289298918863,185.44980938429822,175.1791205075881,0.0012189113592048972,515.6180817089917,515.6180817089917,2.3564153750194237,0.6613656249828637,518.635862708994,True,0.0,0.43957469910312663,0.43957469910312663,432956.0,125584.0,1173340.0,Optimization terminated successfully. (HiGHS Status 7: Optimal),True,1.0,600.0,True,0.0
20260825_195505-0400,20260825_195505-0400-0107,107,150,B6x7_stress_T50_S17,17,50,HiGHS-1800s,0.4395746991031267,0.6474908200734393,0.6261491317671093,29.0,0.58,40.0,9.0,2050.0,0.7272727272727273,0.42857142857142855,0.5616438356164384,44.13793103448276,92.0,114.0,360.6289298918863,185.44980938429822,175.1791205075881,0.0012189113592048972,689.6968623749854,689.6968623749854,2.3564153750194237,0.6613656249828637,692.7146433749876,True,0.0,0.43957469910312663,0.43957469910312663,432956.0,125584.0,1173340.0,Optimization terminated successfully. (HiGHS Status 7: Optimal),True,1.0,1800.0,True,0.0
20260825_195505-0400,20260825_195505-0400-0108,108,150,B6x7_stress_T50_S18,18,50,Greedy-Benefit,0.3496308970516976,0.5108504398826981,0.5130434782608696,26.0,0.52,23.0,22.0,1350.0,0.48936170212765956,0.55,0.4909090909090909,48.0,86.0,101.0,376.58259654753755,219.52229443781476,157.06030210972273,0.0009284308416189973,0.0024659170012455434,,,,0.0024665000091772527,False,,,,,,,Constructive heuristic,True,,,,
20260825_195505-0400,20260825_195505-0400-0108,108,150,B6x7_stress_T50_S18,18,50,Greedy-Density-Operational,0.3253405881637022,0.503225806451613,0.5149758454106281,27.0,0.54,21.0,23.0,1550.0,0.44680851063829785,0.575,0.5636363636363636,46.18518518518518,98.0,111.0,373.01214978287294,188.43846668424018,184.57368309863276,0.0008721983676753695,0.0022902910131961107,,,,0.0022906660160515457,False,,,,,,,Constructive heuristic,True,,,,
20260825_195505-0400,20260825_195505-0400-0108,108,150,B6x7_stress_T50_S18,18,50,HiGHS-1s,,,,,,,,,,,,,,,,,,,1.7655195830157027,1.7655195830157027,3.170088417013176,0.864895916020032,5.8005039160489105,False,,,,549959.0,129081.0,1520852.0,Time limit reached. (HiGHS Status 13: model_status is Time limit reached; primal_status is None),False,,1.0,False,1.0
20260825_195505-0400,20260825_195505-0400-0108,108,150,B6x7_stress_T50_S18,18,50,HiGHS-5s,,,,,,,,,,,,,,,,,,,6.4676977909985,6.4676977909985,3.170088417013176,0.864895916020032,10.502682124031708,False,,,,549959.0,129081.0,1520852.0,Time limit reached. (HiGHS Status 13: model_status is Time limit reached; primal_status is None),False,,5.0,False,1.0
20260825_195505-0400,20260825_195505-0400-0108,108,150,B6x7_stress_T50_S18,18,50,HiGHS-15s,,,,,,,,,,,,,,,,,,,17.112955832999432,17.112955832999432,3.170088417013176,0.864895916020032,21.14794016603264,False,,,,549959.0,129081.0,1520852.0,Time limit reached. (HiGHS Status 13: model_status is Time limit reached; primal_status is None),False,,15.0,False,1.0
20260825_195505-0400,20260825_195505-0400-0108,108,150,B6x7_stress_T50_S18,18,50,HiGHS-60s,,,,,,,,,,,,,,,,,,,62.56406545799109,62.56406545799109,3.170088417013176,0.864895916020032,66.5990497910243,False,,,,549959.0,129081.0,1520852.0,Time limit reached. (HiGHS Status 13: model_status is Time limit reached; primal_status is None),False,,60.0,False,1.0
20260825_195505-0400,20260825_195505-0400-0108,108,150,B6x7_stress_T50_S18,18,50,HiGHS-600s,0.3550094446981015,0.4551319648093843,0.46473429951690837,23.0,0.46,19.0,21.0,1350.0,0.40425531914893614,0.525,0.4909090909090909,41.69565217391305,84.0,100.0,265.7386131055956,136.0822555374242,129.6563575681714,0.001335934738836891,601.2180043749977,601.2180043749977,3.170088417013176,0.864895916020032,605.2529887080309,False,0.13747134159986693,0.35500944469810136,0.4038130693413731,549959.0,129081.0,1520852.0,Time limit reached. (HiGHS Status 13: Time limit reached),True,0.0,600.0,True,1.0
20260825_195505-0400,20260825_195505-0400-0108,108,150,B6x7_stress_T50_S18,18,50,HiGHS-1800s,0.40335099709234384,0.5366568914956013,0.5410628019323673,28.0,0.56,24.0,23.0,1500.0,0.5106382978723404,0.575,0.5454545454545454,44.0,89.0,106.0,332.86612396779947,180.5236954403349,152.34242852746453,0.0012117514161079453,826.0518910829851,826.0518910829851,3.170088417013176,0.864895916020032,830.0868754160183,True,0.0,0.4033509970923439,0.4033509970923439,549959.0,129081.0,1520852.0,Optimization terminated successfully. (HiGHS Status 7: Optimal),True,1.0,1800.0,True,0.0
20260825_195505-0400,20260825_195505-0400-0109,109,150,B6x7_stress_T50_S19,19,50,Greedy-Benefit,0.37064890223197444,0.6050420168067228,0.5936073059360729,28.0,0.56,33.0,20.0,2000.0,0.6470588235294118,0.5555555555555556,0.5333333333333333,44.392857142857146,82.0,106.0,347.38818900588194,188.38446219335935,159.0037268125226,0.0010669588488101955,0.0027169999957550317,,,,0.002717791998293251,False,,,,,,,Constructive heuristic,True,,,,
20260825_195505-0400,20260825_195505-0400-0109,109,150,B6x7_stress_T50_S19,19,50,Greedy-Density-Operational,0.3584260652289108,0.5249299719887957,0.5178082191780818,25.0,0.5,29.0,16.0,1950.0,0.5686274509803921,0.4444444444444444,0.52,39.68,82.0,97.0,337.8164035488179,178.01289037051706,159.80351317830082,0.0010610084692856383,0.0022524159867316484,,,,0.0022528749832417816,False,,,,,,,Constructive heuristic,True,,,,
20260825_195505-0400,20260825_195505-0400-0109,109,150,B6x7_stress_T50_S19,19,50,HiGHS-1s,,,,,,,,,,,,,,,,,,,2.5802204589999747,2.5802204589999747,2.7717484580061864,0.7558510420203675,6.1078199590265285,False,,,,528977.0,142123.0,1444864.0,Time limit reached. (HiGHS Status 13: model_status is Time limit reached; primal_status is None),False,,1.0,False,1.0
20260825_195505-0400,20260825_195505-0400-0109,109,150,B6x7_stress_T50_S19,19,50,HiGHS-5s,,,,,,,,,,,,,,,,,,,6.3479341250204016,6.3479341250204016,2.7717484580061864,0.7558510420203675,9.875533625046955,False,,,,528977.0,142123.0,1444864.0,Time limit reached. (HiGHS Status 13: model_status is Time limit reached; primal_status is None),False,,5.0,False,1.0
20260825_195505-0400,20260825_195505-0400-0109,109,150,B6x7_stress_T50_S19,19,50,HiGHS-15s,,,,,,,,,,,,,,,,,,,16.281153874995653,16.281153874995653,2.7717484580061864,0.7558510420203675,19.808753375022206,False,,,,528977.0,142123.0,1444864.0,Time limit reached. (HiGHS Status 13: model_status is Time limit reached; primal_status is None),False,,15.0,False,1.0
20260825_195505-0400,20260825_195505-0400-0109,109,150,B6x7_stress_T50_S19,19,50,HiGHS-60s,,,,,,,,,,,,,,,,,,,65.61657766599092,65.61657766599092,2.7717484580061864,0.7558510420203675,69.14417716601747,False,,,,528977.0,142123.0,1444864.0,Time limit reached. (HiGHS Status 13: model_status is Time limit reached; primal_status is None),False,,60.0,False,1.0
20260825_195505-0400,20260825_195505-0400-0109,109,150,B6x7_stress_T50_S19,19,50,HiGHS-600s,0.4439878991828932,0.5837535014005601,0.5771689497716892,26.0,0.52,29.0,24.0,1700.0,0.5686274509803921,0.6666666666666666,0.4533333333333333,39.53846153846154,94.0,118.0,324.95387569685454,167.51799749999094,157.43587819686363,0.001366310520934005,451.19975162501214,451.19975162501214,2.7717484580061864,0.7558510420203675,454.7273511250387,True,0.0,0.4439878991828932,0.4439878991828932,528977.0,142123.0,1444864.0,Optimization terminated successfully. (HiGHS Status 7: Optimal),True,1.0,600.0,True,0.0
20260825_195505-0400,20260825_195505-0400-0109,109,150,B6x7_stress_T50_S19,19,50,HiGHS-1800s,0.4439878991828932,0.5837535014005601,0.5771689497716892,26.0,0.52,29.0,24.0,1700.0,0.5686274509803921,0.6666666666666666,0.4533333333333333,39.53846153846154,94.0,118.0,324.95387569685454,167.51799749999094,157.43587819686363,0.001366310520934005,597.7131297080196,597.7131297080196,2.7717484580061864,0.7558510420203675,601.2407292080461,True,0.0,0.4439878991828932,0.4439878991828932,528977.0,142123.0,1444864.0,Optimization terminated successfully. (HiGHS Status 7: Optimal),True,1.0,1800.0,True,0.0
20260825_195505-0400,20260825_195505-0400-0110,110,150,B6x7_stress_T50_S20,20,50,Greedy-Benefit,0.35526011654629225,0.5424610051993065,0.527643064985451,26.0,0.52,30.0,19.0,900.0,0.5263157894736842,0.7307692307692307,0.26865671641791045,42.53846153846154,82.0,101.0,364.93733496518297,188.56281826355513,176.37451670162787,0.0009734825201707192,0.002647250017616898,,,,0.0026479170192033052,False,,,,,,,Constructive heuristic,True,,,,
20260825_195505-0400,20260825_195505-0400-0110,110,150,B6x7_stress_T50_S20,20,50,Greedy-Density-Operational,0.34428537472674653,0.5424610051993065,0.5276430649854511,26.0,0.52,30.0,19.0,900.0,0.5263157894736842,0.7307692307692307,0.26865671641791045,41.80769230769231,85.0,109.0,365.4671339986929,185.13102523395764,180.33610876473517,0.0009420419586292482,0.0021627090172842145,,,,0.0021631249983329326,False,,,,,,,Constructive heuristic,True,,,,
20260825_195505-0400,20260825_195505-0400-0110,110,150,B6x7_stress_T50_S20,20,50,HiGHS-1s,,,,,,,,,,,,,,,,,,,1.8721805840032175,1.8721805840032175,2.9994528329989407,0.8230452089919709,5.694678625994129,False,,,,569263.0,138165.0,1569680.0,Time limit reached. (HiGHS Status 13: model_status is Time limit reached; primal_status is None),False,,1.0,False,1.0
20260825_195505-0400,20260825_195505-0400-0110,110,150,B6x7_stress_T50_S20,20,50,HiGHS-5s,,,,,,,,,,,,,,,,,,,6.003913250024198,6.003913250024198,2.9994528329989407,0.8230452089919709,9.82641129201511,False,,,,569263.0,138165.0,1569680.0,Time limit reached. (HiGHS Status 13: model_status is Time limit reached; primal_status is None),False,,5.0,False,1.0
20260825_195505-0400,20260825_195505-0400-0110,110,150,B6x7_stress_T50_S20,20,50,HiGHS-15s,,,,,,,,,,,,,,,,,,,15.892657124990365,15.892657124990365,2.9994528329989407,0.8230452089919709,19.715155166981276,False,,,,569263.0,138165.0,1569680.0,Time limit reached. (HiGHS Status 13: model_status is Time limit reached; primal_status is None),False,,15.0,False,1.0
20260825_195505-0400,20260825_195505-0400-0110,110,150,B6x7_stress_T50_S20,20,50,HiGHS-60s,,,,,,,,,,,,,,,,,,,65.40385979198618,65.40385979198618,2.9994528329989407,0.8230452089919709,69.22635783397709,False,,,,569263.0,138165.0,1569680.0,Time limit reached. (HiGHS Status 13: model_status is Time limit reached; primal_status is None),False,,60.0,False,1.0
20260825_195505-0400,20260825_195505-0400-0110,110,150,B6x7_stress_T50_S20,20,50,HiGHS-600s,0.010909575579529972,0.023108030040439046,0.019398642095053344,1.0,0.02,2.0,0.0,0.0,0.03508771929824561,0.0,0.0,31.0,31.0,58.0,48.18603004112561,24.093015020562806,24.093015020562806,0.00022640536209807933,601.3943641670048,601.3943641670048,2.9994528329989407,0.8230452089919709,605.2168622089957,False,36.454256798522934,0.010909575579529972,0.4086100453186102,569263.0,138165.0,1569680.0,Time limit reached. (HiGHS Status 13: Time limit reached),True,0.0,600.0,True,1.0
20260825_195505-0400,20260825_195505-0400-0110,110,150,B6x7_stress_T50_S20,20,50,HiGHS-1800s,0.406460522005723,0.5950317735413055,0.5674102812803103,27.0,0.54,35.0,19.0,750.0,0.6140350877192983,0.7307692307692307,0.22388059701492538,40.333333333333336,87.0,103.0,325.3484342193157,178.77069470532695,146.57773951398883,0.0012493083699051401,917.6648140840116,917.6648140840116,2.9994528329989407,0.8230452089919709,921.4873121260025,True,0.0,0.4064605220057283,0.4064605220057283,569263.0,138165.0,1569680.0,Optimization terminated successfully. (HiGHS Status 7: Optimal),True,0.0,1800.0,True,0.0
20260825_195505-0400,20260825_195505-0400-0111,111,150,B6x7_stress_T50_S21,21,50,Greedy-Benefit,0.3881887880346213,0.5379262352122477,0.5368196371398081,26.0,0.52,19.0,16.0,2550.0,0.5277777777777778,0.5714285714285714,0.5151515151515151,41.34615384615385,84.0,97.0,305.1404526037152,171.64482122185342,133.4956313818617,0.0012721642926143283,0.0025053330173250288,,,,0.0025059159961529076,False,,,,,,,Constructive heuristic,True,,,,
20260825_195505-0400,20260825_195505-0400-0111,111,150,B6x7_stress_T50_S21,21,50,Greedy-Density-Operational,0.3685198000656189,0.5226165622825331,0.5133404482390609,27.0,0.54,20.0,14.0,2350.0,0.5555555555555556,0.5,0.47474747474747475,39.851851851851855,82.0,99.0,326.2718044604842,178.49242280551772,147.7793816549665,0.0011294871178801217,0.002104292012518272,,,,0.002104584011249244,False,,,,,,,Constructive heuristic,True,,,,
20260825_195505-0400,20260825_195505-0400-0111,111,150,B6x7_stress_T50_S21,21,50,HiGHS-1s,,,,,,,,,,,,,,,,,,,2.75506683398271,2.75506683398271,4.752164500008803,1.392485290998593,8.899716624990106,False,,,,910253.0,178085.0,2552730.0,Time limit reached. (HiGHS Status 13: model_status is Time limit reached; primal_status is None),False,,1.0,False,1.0
20260825_195505-0400,20260825_195505-0400-0111,111,150,B6x7_stress_T50_S21,21,50,HiGHS-5s,,,,,,,,,,,,,,,,,,,6.628522916988004,6.628522916988004,4.752164500008803,1.392485290998593,12.7731727079954,False,,,,910253.0,178085.0,2552730.0,Time limit reached. (HiGHS Status 13: model_status is Time limit reached; primal_status is None),False,,5.0,False,1.0
20260825_195505-0400,20260825_195505-0400-0111,111,150,B6x7_stress_T50_S21,21,50,HiGHS-15s,,,,,,,,,,,,,,,,,,,16.341442999982974,16.341442999982974,4.752164500008803,1.392485290998593,22.48609279099037,False,,,,910253.0,178085.0,2552730.0,Time limit reached. (HiGHS Status 13: model_status is Time limit reached; primal_status is None),False,,15.0,False,1.0
20260825_195505-0400,20260825_195505-0400-0111,111,150,B6x7_stress_T50_S21,21,50,HiGHS-60s,,,,,,,,,,,,,,,,,,,61.40355816701776,61.40355816701776,4.752164500008803,1.392485290998593,67.54820795802516,False,,,,910253.0,178085.0,2552730.0,Time limit reached. (HiGHS Status 13: model_status is Time limit reached; primal_status is None),False,,60.0,False,1.0
20260825_195505-0400,20260825_195505-0400-0111,111,150,B6x7_stress_T50_S21,21,50,HiGHS-600s,0.0,0.0,0.0,0.0,0.0,0.0,0.0,0.0,0.0,0.0,0.0,,,0.0,0.0,0.0,0.0,,602.3014401250111,602.3014401250111,4.752164500008803,1.392485290998593,608.4460899160185,False,,-0.0,55.36594181030221,910253.0,178085.0,2552730.0,Time limit reached. (HiGHS Status 13: Time limit reached),True,0.0,600.0,False,1.0
20260825_195505-0400,20260825_195505-0400-0111,111,150,B6x7_stress_T50_S21,21,50,HiGHS-1800s,0.09511862850356699,0.17675713291579678,0.19637139807897544,13.0,0.26,4.0,6.0,1400.0,0.1111111111111111,0.21428571428571427,0.2828282828282828,37.0,56.0,71.0,150.89478337739882,103.50453291196273,47.39025046543608,0.0006303639289217069,1803.5732971670222,1803.5732971670222,4.752164500008803,1.392485290998593,1809.7179469580296,False,581.0725412186315,0.095118628503567,55.36594181030221,910253.0,178085.0,2552730.0,Time limit reached. (HiGHS Status 13: Time limit reached),True,0.0,1800.0,True,1.0
20260825_195505-0400,20260825_195505-0400-0112,112,150,B6x7_stress_T50_S22,22,50,Greedy-Benefit,0.4249533197900506,0.5992757996379,0.6137040714995036,29.0,0.58,27.0,21.0,2300.0,0.574468085106383,0.5833333333333334,0.7796610169491526,39.827586206896555,84.0,103.0,295.68737582324474,161.8051035660074,133.8822722572374,0.0014371709938813151,0.0025548750127200037,,,,0.002555542014306411,False,,,,,,,Constructive heuristic,True,,,,
20260825_195505-0400,20260825_195505-0400-0112,112,150,B6x7_stress_T50_S22,22,50,Greedy-Density-Operational,0.400361815549743,0.6137598068799034,0.6226415094339621,29.0,0.58,27.0,24.0,1950.0,0.574468085106383,0.6666666666666666,0.6610169491525424,40.793103448275865,90.0,103.0,306.77064747590595,155.84226831682636,150.92837915907955,0.0013050851469783718,0.0023337090096902102,,,,0.0023340840125456452,False,,,,,,,Constructive heuristic,True,,,,
20260825_195505-0400,20260825_195505-0400-0112,112,150,B6x7_stress_T50_S22,22,50,HiGHS-1s,,,,,,,,,,,,,,,,,,,1.6580129160138313,1.6580129160138313,1.323754666984314,0.362779707997106,3.3445472909952514,False,,,,247665.0,77304.0,665747.0,Time limit reached. (HiGHS Status 13: model_status is Time limit reached; primal_status is None),False,,1.0,False,1.0
20260825_195505-0400,20260825_195505-0400-0112,112,150,B6x7_stress_T50_S22,22,50,HiGHS-5s,,,,,,,,,,,,,,,,,,,5.345719958015252,5.345719958015252,1.323754666984314,0.362779707997106,7.032254332996672,False,,,,247665.0,77304.0,665747.0,Time limit reached. (HiGHS Status 13: model_status is Time limit reached; primal_status is None),False,,5.0,False,1.0
20260825_195505-0400,20260825_195505-0400-0112,112,150,B6x7_stress_T50_S22,22,50,HiGHS-15s,,,,,,,,,,,,,,,,,,,16.845368165988475,16.845368165988475,1.323754666984314,0.362779707997106,18.531902540969895,False,,,,247665.0,77304.0,665747.0,Time limit reached. (HiGHS Status 13: model_status is Time limit reached; primal_status is None),False,,15.0,False,1.0
20260825_195505-0400,20260825_195505-0400-0112,112,150,B6x7_stress_T50_S22,22,50,HiGHS-60s,0.0,0.0,0.0,0.0,0.0,0.0,0.0,0.0,0.0,0.0,0.0,,,0.0,0.0,0.0,0.0,,60.69696383399423,60.69696383399423,1.323754666984314,0.362779707997106,62.38349820897565,False,,-0.0,41.22750641369874,247665.0,77304.0,665747.0,Time limit reached. (HiGHS Status 13: Time limit reached),True,0.0,60.0,False,1.0
20260825_195505-0400,20260825_195505-0400-0112,112,150,B6x7_stress_T50_S22,22,50,HiGHS-600s,0.5143198460906149,0.7024743512371757,0.7189672293942401,32.0,0.64,30.0,28.0,2400.0,0.6382978723404256,0.7777777777777778,0.8135593220338984,41.15625,83.0,94.0,285.27453357153087,145.41054352264865,139.86399004888224,0.001802894354611756,148.96335216599982,148.96335216599982,1.323754666984314,0.362779707997106,150.64988654098124,True,0.0,0.5143198460906149,0.5143198460906149,247665.0,77304.0,665747.0,Optimization terminated successfully. (HiGHS Status 7: Optimal),True,1.0,600.0,True,0.0
20260825_195505-0400,20260825_195505-0400-0112,112,150,B6x7_stress_T50_S22,22,50,HiGHS-1800s,0.5143198460906149,0.7024743512371757,0.7189672293942401,32.0,0.64,30.0,28.0,2400.0,0.6382978723404256,0.7777777777777778,0.8135593220338984,41.15625,83.0,94.0,285.27453357153087,145.41054352264865,139.86399004888224,0.001802894354611756,149.11345912498655,149.11345912498655,1.323754666984314,0.362779707997106,150.79999349996797,True,0.0,0.5143198460906149,0.5143198460906149,247665.0,77304.0,665747.0,Optimization terminated successfully. (HiGHS Status 7: Optimal),True,1.0,1800.0,True,0.0
20260825_195505-0400,20260825_195505-0400-0113,113,150,B6x7_stress_T50_S23,23,50,Greedy-Benefit,0.41384844301004564,0.6668802049967969,0.6598272138228941,29.0,0.58,33.0,20.0,1350.0,0.66,0.7407407407407407,0.5192307692307693,42.172413793103445,88.0,100.0,323.85439250431386,170.0244938725935,153.82989863172028,0.0012778842979705239,0.0025168749853037298,,,,0.002517457993235439,False,,,,,,,Constructive heuristic,True,,,,
20260825_195505-0400,20260825_195505-0400-0113,113,150,B6x7_stress_T50_S23,23,50,Greedy-Density-Operational,0.43580714619362726,0.6348494554772581,0.6436285097192221,30.0,0.6,32.0,15.0,2100.0,0.64,0.5555555555555556,0.8076923076923077,40.06666666666667,86.0,102.0,320.7711565372435,164.77788081938323,155.99327571786026,0.0013586232343899267,0.002264500013552606,,,,0.002264875016408041,False,,,,,,,Constructive heuristic,True,,,,
20260825_195505-0400,20260825_195505-0400-0113,113,150,B6x7_stress_T50_S23,23,50,HiGHS-1s,,,,,,,,,,,,,,,,,,,2.6340646669850685,2.6340646669850685,2.9711639580200426,0.7829847919929307,6.388213416998042,False,,,,526788.0,143486.0,1436934.0,Time limit reached. (HiGHS Status 13: model_status is Time limit reached; primal_status is None),False,,1.0,False,1.0
20260825_195505-0400,20260825_195505-0400-0113,113,150,B6x7_stress_T50_S23,23,50,HiGHS-5s,,,,,,,,,,,,,,,,,,,6.418828957976075,6.418828957976075,2.9711639580200426,0.7829847919929307,10.172977707989048,False,,,,526788.0,143486.0,1436934.0,Time limit reached. (HiGHS Status 13: model_status is Time limit reached; primal_status is None),False,,5.0,False,1.0
20260825_195505-0400,20260825_195505-0400-0113,113,150,B6x7_stress_T50_S23,23,50,HiGHS-15s,,,,,,,,,,,,,,,,,,,15.83437500000582,15.83437500000582,2.9711639580200426,0.7829847919929307,19.588523750018794,False,,,,526788.0,143486.0,1436934.0,Time limit reached. (HiGHS Status 13: model_status is Time limit reached; primal_status is None),False,,15.0,False,1.0
20260825_195505-0400,20260825_195505-0400-0113,113,150,B6x7_stress_T50_S23,23,50,HiGHS-60s,,,,,,,,,,,,,,,,,,,91.86973450001096,91.86973450001096,2.9711639580200426,0.7829847919929307,95.62388325002394,False,,,,526788.0,143486.0,1436934.0,Time limit reached. (HiGHS Status 13: model_status is Time limit reached; primal_status is None),False,,60.0,False,1.0
20260825_195505-0400,20260825_195505-0400-0113,113,150,B6x7_stress_T50_S23,23,50,HiGHS-600s,0.0,0.0,0.0,0.0,0.0,0.0,0.0,0.0,0.0,0.0,0.0,,,0.0,0.0,0.0,0.0,,603.7015549160133,603.7015549160133,2.9711639580200426,0.7829847919929307,607.4557036660262,False,,-0.0,0.5344344239609928,526788.0,143486.0,1436934.0,Time limit reached. (HiGHS Status 13: Time limit reached),True,0.0,600.0,False,1.0
20260825_195505-0400,20260825_195505-0400-0113,113,150,B6x7_stress_T50_S23,23,50,HiGHS-1800s,0.5323431150242923,0.706598334401025,0.6889848812095031,32.0,0.64,37.0,19.0,1300.0,0.74,0.7037037037037037,0.5,38.9375,85.0,106.0,291.00807619400797,148.08351615128697,142.92456004272105,0.0018293070143846873,1114.8893463340064,1114.8893463340064,2.9711639580200426,0.7829847919929307,1118.6434950840194,True,0.0,0.5323431150243075,0.5323431150243075,526788.0,143486.0,1436934.0,Optimization terminated successfully. (HiGHS Status 7: Optimal),True,1.0,1800.0,True,0.0
20260825_195505-0400,20260825_195505-0400-0114,114,150,B6x7_stress_T50_S24,24,50,Greedy-Benefit,0.35990510846740986,0.5302013422818793,0.5268924302788844,24.0,0.48,22.0,24.0,1150.0,0.46808510638297873,0.7272727272727273,0.3382352941176471,43.625,90.0,109.0,372.21288024962854,199.38745960191488,172.82542064771374,0.0009669335145684256,0.0025181249948218465,,,,0.002519000001484528,False,,,,,,,Constructive heuristic,True,,,,
20260825_195505-0400,20260825_195505-0400-0114,114,150,B6x7_stress_T50_S24,24,50,Greedy-Density-Operational,0.3407110513186073,0.539353264185479,0.5268924302788844,26.0,0.52,25.0,21.0,1150.0,0.5319148936170213,0.6363636363636364,0.3382352941176471,41.53846153846154,79.0,103.0,351.2007154473241,179.05772488494063,172.1429905623835,0.0009701319966977967,0.002275500010000542,,,,0.0022759160201530904,False,,,,,,,Constructive heuristic,True,,,,
20260825_195505-0400,20260825_195505-0400-0114,114,150,B6x7_stress_T50_S24,24,50,HiGHS-1s,,,,,,,,,,,,,,,,,,,1.964476499997545,1.964476499997545,3.033370040997397,0.9071012909989804,5.904947831993923,False,,,,581449.0,137514.0,1606889.0,Time limit reached. (HiGHS Status 13: model_status is Time limit reached; primal_status is None),False,,1.0,False,1.0
20260825_195505-0400,20260825_195505-0400-0114,114,150,B6x7_stress_T50_S24,24,50,HiGHS-5s,,,,,,,,,,,,,,,,,,,6.041771833988605,6.041771833988605,3.033370040997397,0.9071012909989804,9.982243165984983,False,,,,581449.0,137514.0,1606889.0,Time limit reached. (HiGHS Status 13: model_status is Time limit reached; primal_status is None),False,,5.0,False,1.0
20260825_195505-0400,20260825_195505-0400-0114,114,150,B6x7_stress_T50_S24,24,50,HiGHS-15s,,,,,,,,,,,,,,,,,,,17.123352750000777,17.123352750000777,3.033370040997397,0.9071012909989804,21.063824081997154,False,,,,581449.0,137514.0,1606889.0,Time limit reached. (HiGHS Status 13: model_status is Time limit reached; primal_status is None),False,,15.0,False,1.0
20260825_195505-0400,20260825_195505-0400-0114,114,150,B6x7_stress_T50_S24,24,50,HiGHS-60s,,,,,,,,,,,,,,,,,,,60.75396833400009,60.75396833400009,3.033370040997397,0.9071012909989804,64.69443966599647,False,,,,581449.0,137514.0,1606889.0,Time limit reached. (HiGHS Status 13: model_status is Time limit reached; primal_status is None),False,,60.0,False,1.0
20260825_195505-0400,20260825_195505-0400-0114,114,150,B6x7_stress_T50_S24,24,50,HiGHS-600s,0.0036734776098970275,0.04087858450274559,0.04681274900398406,4.0,0.08,2.0,0.0,450.0,0.0425531914893617,0.0,0.1323529411764706,58.75,82.0,98.0,66.46951383171617,37.633437941817256,28.836075889898925,5.526560069624301e-05,601.4452148750133,601.4452148750133,3.033370040997397,0.9071012909989804,605.3856862070097,False,14460.19717413756,0.0036734776098970275,53.12288403150049,581449.0,137514.0,1606889.0,Time limit reached. (HiGHS Status 13: Time limit reached),True,0.0,600.0,True,1.0
20260825_195505-0400,20260825_195505-0400-0114,114,150,B6x7_stress_T50_S24,24,50,HiGHS-1800s,0.4196182189180592,0.615009151921904,0.6105577689243028,27.0,0.54,27.0,25.0,1550.0,0.574468085106383,0.7575757575757576,0.45588235294117646,43.81481481481482,91.0,109.0,376.69646807867423,197.15285335431867,179.5436147243555,0.0011139425359051167,735.3198730419972,735.3198730419972,3.033370040997397,0.9071012909989804,739.2603443739936,True,0.0,0.41961821891805917,0.41961821891805917,581449.0,137514.0,1606889.0,Optimization terminated successfully. (HiGHS Status 7: Optimal),True,1.0,1800.0,True,0.0
20260825_195505-0400,20260825_195505-0400-0115,115,150,B6x7_stress_T50_S25,25,50,Greedy-Benefit,0.37258714152754585,0.5700062227753578,0.5302419354838713,28.0,0.56,32.0,14.0,1100.0,0.6956521739130435,0.45161290322580644,0.2972972972972973,44.714285714285715,94.0,111.0,358.46918287261076,193.84946825534178,164.61971461726893,0.00103938402331213,0.0026770410186145455,,,,0.0026777079910971224,False,,,,,,,Constructive heuristic,True,,,,
20260825_195505-0400,20260825_195505-0400-0115,115,150,B6x7_stress_T50_S25,25,50,Greedy-Density-Operational,0.3816853819895948,0.537647790914748,0.5483870967741938,27.0,0.54,24.0,16.0,2400.0,0.5217391304347826,0.5161290322580645,0.6486486486486487,40.22222222222222,79.0,95.0,323.20552624753464,168.7415266145286,154.4639996330061,0.0011809370539576478,0.0024549170047976077,,,,0.0024553340044803917,False,,,,,,,Constructive heuristic,True,,,,
20260825_195505-0400,20260825_195505-0400-0115,115,150,B6x7_stress_T50_S25,25,50,HiGHS-1s,,,,,,,,,,,,,,,,,,,1.7722545000142418,1.7722545000142418,3.4220763329940382,0.9754956669930834,6.1698265000013635,False,,,,626016.0,156085.0,1722019.0,Time limit reached. (HiGHS Status 13: model_status is Time limit reached; primal_status is None),False,,1.0,False,1.0
20260825_195505-0400,20260825_195505-0400-0115,115,150,B6x7_stress_T50_S25,25,50,HiGHS-5s,,,,,,,,,,,,,,,,,,,6.704483250010526,6.704483250010526,3.4220763329940382,0.9754956669930834,11.102055249997647,False,,,,626016.0,156085.0,1722019.0,Time limit reached. (HiGHS Status 13: model_status is Time limit reached; primal_status is None),False,,5.0,False,1.0
20260825_195505-0400,20260825_195505-0400-0115,115,150,B6x7_stress_T50_S25,25,50,HiGHS-15s,,,,,,,,,,,,,,,,,,,15.95591108300141,15.95591108300141,3.4220763329940382,0.9754956669930834,20.353483082988532,False,,,,626016.0,156085.0,1722019.0,Time limit reached. (HiGHS Status 13: model_status is Time limit reached; primal_status is None),False,,15.0,False,1.0
20260825_195505-0400,20260825_195505-0400-0115,115,150,B6x7_stress_T50_S25,25,50,HiGHS-60s,,,,,,,,,,,,,,,,,,,63.05428400001256,63.05428400001256,3.4220763329940382,0.9754956669930834,67.45185599999968,False,,,,626016.0,156085.0,1722019.0,Time limit reached. (HiGHS Status 13: model_status is Time limit reached; primal_status is None),False,,60.0,False,1.0
20260825_195505-0400,20260825_195505-0400-0115,115,150,B6x7_stress_T50_S25,25,50,HiGHS-600s,0.0,0.0,0.0,0.0,0.0,0.0,0.0,0.0,0.0,0.0,0.0,,,0.0,0.0,0.0,0.0,,601.8076320000109,601.8076320000109,3.4220763329940382,0.9754956669930834,606.205203999998,False,,-0.0,67.40476752908927,626016.0,156085.0,1722019.0,Time limit reached. (HiGHS Status 13: Time limit reached),True,0.0,600.0,False,1.0
20260825_195505-0400,20260825_195505-0400-0115,115,150,B6x7_stress_T50_S25,25,50,HiGHS-1800s,0.4442706523461306,0.612321095208463,0.6088709677419357,28.0,0.56,30.0,16.0,2400.0,0.6521739130434783,0.5161290322580645,0.6486486486486487,42.214285714285715,85.0,96.0,321.00825855144654,169.1603230090077,151.8479355424389,0.0013839851172393726,1574.1994618749886,1574.1994618749886,3.4220763329940382,0.9754956669930834,1578.5970338749758,True,0.0,0.44427065234613594,0.44427065234613594,626016.0,156085.0,1722019.0,Optimization terminated successfully. (HiGHS Status 7: Optimal),True,1.0,1800.0,True,0.0
20260825_195505-0400,20260825_195505-0400-0116,116,150,B6x7_stress_T50_S26,26,50,Greedy-Benefit,0.4340412983784583,0.6143835616438357,0.5827956989247312,28.0,0.56,27.0,17.0,1700.0,0.675,0.6538461538461539,0.37777777777777777,45.5,86.0,109.0,349.22801335833367,199.46664109600616,149.76137226232748,0.001242859340533773,0.0025216659996658564,,,,0.002522249997127801,False,,,,,,,Constructive heuristic,True,,,,
20260825_195505-0400,20260825_195505-0400-0116,116,150,B6x7_stress_T50_S26,26,50,Greedy-Density-Operational,0.4502957931865146,0.6726027397260276,0.6258064516129032,30.0,0.6,32.0,16.0,1700.0,0.8,0.6153846153846154,0.37777777777777777,39.96666666666667,89.0,107.0,345.49772769324716,179.8001781844321,165.69754950881506,0.001303324905182338,0.0025824999902397394,,,,0.002583041990874335,False,,,,,,,Constructive heuristic,True,,,,
20260825_195505-0400,20260825_195505-0400-0116,116,150,B6x7_stress_T50_S26,26,50,HiGHS-1s,,,,,,,,,,,,,,,,,,,1.6560914169822354,1.6560914169822354,2.561993582989089,0.6813057910185307,4.899390790989855,False,,,,457025.0,123460.0,1247671.0,Time limit reached. (HiGHS Status 13: model_status is Time limit reached; primal_status is None),False,,1.0,False,1.0
20260825_195505-0400,20260825_195505-0400-0116,116,150,B6x7_stress_T50_S26,26,50,HiGHS-5s,,,,,,,,,,,,,,,,,,,6.119798290979816,6.119798290979816,2.561993582989089,0.6813057910185307,9.363097664987436,False,,,,457025.0,123460.0,1247671.0,Time limit reached. (HiGHS Status 13: model_status is Time limit reached; primal_status is None),False,,5.0,False,1.0
20260825_195505-0400,20260825_195505-0400-0116,116,150,B6x7_stress_T50_S26,26,50,HiGHS-15s,,,,,,,,,,,,,,,,,,,17.43855866600643,17.43855866600643,2.561993582989089,0.6813057910185307,20.68185804001405,False,,,,457025.0,123460.0,1247671.0,Time limit reached. (HiGHS Status 13: model_status is Time limit reached; primal_status is None),False,,15.0,False,1.0
20260825_195505-0400,20260825_195505-0400-0116,116,150,B6x7_stress_T50_S26,26,50,HiGHS-60s,,,,,,,,,,,,,,,,,,,62.14801562498906,62.14801562498906,2.561993582989089,0.6813057910185307,65.39131499899668,False,,,,457025.0,123460.0,1247671.0,Time limit reached. (HiGHS Status 13: model_status is Time limit reached; primal_status is None),False,,60.0,False,1.0
20260825_195505-0400,20260825_195505-0400-0116,116,150,B6x7_stress_T50_S26,26,50,HiGHS-600s,0.30701230609066543,0.35958904109589057,0.31182795698924737,14.0,0.28,18.0,11.0,0.0,0.45,0.4230769230769231,0.0,32.07142857142857,80.0,90.0,147.87286372078714,78.72292861909735,69.14993510168979,0.0020761909816689873,603.8517073750263,603.8517073750263,2.561993582989089,0.6813057910185307,607.0950067490339,False,0.6993069399861009,0.3070123060906655,0.5217081424010049,457025.0,123460.0,1247671.0,Time limit reached. (HiGHS Status 13: Time limit reached),True,0.0,600.0,True,1.0
20260825_195505-0400,20260825_195505-0400-0116,116,150,B6x7_stress_T50_S26,26,50,HiGHS-1800s,0.5201259232846017,0.7321917808219179,0.6709677419354838,31.0,0.62,35.0,19.0,1400.0,0.875,0.7307692307692307,0.3111111111111111,40.064516129032256,86.0,108.0,330.85598969398546,168.76696830343718,162.08902139054828,0.0015720613786248069,855.066459624999,855.066459624999,2.561993582989089,0.6813057910185307,858.3097589990066,True,0.0,0.5201259232846017,0.5201259232846017,457025.0,123460.0,1247671.0,Optimization terminated successfully. (HiGHS Status 7: Optimal),True,0.0,1800.0,True,0.0
20260825_195505-0400,20260825_195505-0400-0117,117,150,B6x7_stress_T50_S27,27,50,Greedy-Benefit,0.36534810287606584,0.519159456118665,0.5009363295880148,26.0,0.52,24.0,13.0,2750.0,0.5853658536585366,0.4642857142857143,0.4365079365079365,46.65384615384615,82.0,103.0,347.33878146393164,199.145521649083,148.19325981484852,0.0010518494402963878,0.002536625019274652,,,,0.002537207998102531,False,,,,,,,Constructive heuristic,True,,,,
20260825_195505-0400,20260825_195505-0400-0117,117,150,B6x7_stress_T50_S27,27,50,Greedy-Density-Operational,0.38895826191934013,0.561804697156984,0.5421348314606741,28.0,0.56,24.0,18.0,2650.0,0.5853658536585366,0.6428571428571429,0.42063492063492064,39.107142857142854,74.0,95.0,317.6189693195653,164.53865490928737,153.08031441027794,0.001224606523825088,0.002354416996240616,,,,0.002354750002268702,False,,,,,,,Constructive heuristic,True,,,,
20260825_195505-0400,20260825_195505-0400-0117,117,150,B6x7_stress_T50_S27,27,50,HiGHS-1s,,,,,,,,,,,,,,,,,,,2.9521620420273393,2.9521620420273393,5.297094124980504,1.569899041991448,9.819155208999291,False,,,,1024987.0,204328.0,2870689.0,Time limit reached. (HiGHS Status 13: model_status is Time limit reached; primal_status is None),False,,1.0,False,1.0
20260825_195505-0400,20260825_195505-0400-0117,117,150,B6x7_stress_T50_S27,27,50,HiGHS-5s,,,,,,,,,,,,,,,,,,,6.383610875025624,6.383610875025624,5.297094124980504,1.569899041991448,13.250604041997576,False,,,,1024987.0,204328.0,2870689.0,Time limit reached. (HiGHS Status 13: model_status is Time limit reached; primal_status is None),False,,5.0,False,1.0
20260825_195505-0400,20260825_195505-0400-0117,117,150,B6x7_stress_T50_S27,27,50,HiGHS-15s,,,,,,,,,,,,,,,,,,,17.50419300000067,17.50419300000067,5.297094124980504,1.569899041991448,24.37118616697262,False,,,,1024987.0,204328.0,2870689.0,Time limit reached. (HiGHS Status 13: model_status is Time limit reached; primal_status is None),False,,15.0,False,1.0
20260825_195505-0400,20260825_195505-0400-0117,117,150,B6x7_stress_T50_S27,27,50,HiGHS-60s,,,,,,,,,,,,,,,,,,,66.13563866598997,66.13563866598997,5.297094124980504,1.569899041991448,73.00263183296192,False,,,,1024987.0,204328.0,2870689.0,Time limit reached. (HiGHS Status 13: model_status is Time limit reached; primal_status is None),False,,60.0,False,1.0
20260825_195505-0400,20260825_195505-0400-0117,117,150,B6x7_stress_T50_S27,27,50,HiGHS-600s,,,,,,,,,,,,,,,,,,,944.0976462500112,944.0976462500112,5.297094124980504,1.569899041991448,950.9646394169831,False,,,,1024987.0,204328.0,2870689.0,Time limit reached. (HiGHS Status 13: model_status is Time limit reached; primal_status is None),False,,600.0,False,1.0
20260825_195505-0400,20260825_195505-0400-0117,117,150,B6x7_stress_T50_S27,27,50,HiGHS-1800s,0.0,0.0,0.0,0.0,0.0,0.0,0.0,0.0,0.0,0.0,0.0,,,0.0,0.0,0.0,0.0,,1802.8220920829917,1802.8220920829917,5.297094124980504,1.569899041991448,1809.6890852499637,False,,-0.0,148.10263367077326,1024987.0,204328.0,2870689.0,Time limit reached. (HiGHS Status 13: Time limit reached),True,0.0,1800.0,False,1.0
20260825_195505-0400,20260825_195505-0400-0118,118,150,B6x7_stress_T50_S28,28,50,Greedy-Benefit,0.3395612513624925,0.5023474178403756,0.5063168124392615,25.0,0.5,26.0,15.0,1850.0,0.48148148148148145,0.5555555555555556,0.5068493150684932,44.04,87.0,105.0,366.507149124653,211.19861768833306,155.30853143631992,0.0009264792028572521,0.004483791999518871,,,,0.00448441700427793,False,,,,,,,Constructive heuristic,True,,,,
20260825_195505-0400,20260825_195505-0400-0118,118,150,B6x7_stress_T50_S28,28,50,Greedy-Density-Operational,0.37129296697162484,0.5340375586854459,0.5490767735665695,27.0,0.54,26.0,17.0,2250.0,0.48148148148148145,0.6296296296296297,0.6164383561643836,39.629629629629626,91.0,114.0,339.2836431583164,176.59807724406465,162.68556591425178,0.001094343846096855,0.002653375006048009,,,,0.0026540409890003502,False,,,,,,,Constructive heuristic,True,,,,
20260825_195505-0400,20260825_195505-0400-0118,118,150,B6x7_stress_T50_S28,28,50,HiGHS-1s,,,,,,,,,,,,,,,,,,,2.18617233299301,2.18617233299301,4.20381870798883,1.1544777090020943,7.544468749983935,False,,,,784596.0,174125.0,2179719.0,Time limit reached. (HiGHS Status 13: model_status is Time limit reached; primal_status is None),False,,1.0,False,1.0
20260825_195505-0400,20260825_195505-0400-0118,118,150,B6x7_stress_T50_S28,28,50,HiGHS-5s,,,,,,,,,,,,,,,,,,,6.7184401669946965,6.7184401669946965,4.20381870798883,1.1544777090020943,12.076736583985621,False,,,,784596.0,174125.0,2179719.0,Time limit reached. (HiGHS Status 13: model_status is Time limit reached; primal_status is None),False,,5.0,False,1.0
20260825_195505-0400,20260825_195505-0400-0118,118,150,B6x7_stress_T50_S28,28,50,HiGHS-15s,,,,,,,,,,,,,,,,,,,16.4477456669847,16.4477456669847,4.20381870798883,1.1544777090020943,21.806042083975626,False,,,,784596.0,174125.0,2179719.0,Time limit reached. (HiGHS Status 13: model_status is Time limit reached; primal_status is None),False,,15.0,False,1.0
20260825_195505-0400,20260825_195505-0400-0118,118,150,B6x7_stress_T50_S28,28,50,HiGHS-60s,,,,,,,,,,,,,,,,,,,62.219057957991026,62.219057957991026,4.20381870798883,1.1544777090020943,67.57735437498195,False,,,,784596.0,174125.0,2179719.0,Time limit reached. (HiGHS Status 13: model_status is Time limit reached; primal_status is None),False,,60.0,False,1.0
20260825_195505-0400,20260825_195505-0400-0118,118,150,B6x7_stress_T50_S28,28,50,HiGHS-600s,0.0,0.0,0.0,0.0,0.0,0.0,0.0,0.0,0.0,0.0,0.0,,,0.0,0.0,0.0,0.0,,601.9211619579874,601.9211619579874,4.20381870798883,1.1544777090020943,607.2794583749783,False,,-0.0,91.51851185623836,784596.0,174125.0,2179719.0,Time limit reached. (HiGHS Status 13: Time limit reached),True,0.0,600.0,False,1.0
20260825_195505-0400,20260825_195505-0400-0118,118,150,B6x7_stress_T50_S28,28,50,HiGHS-1800s,0.4393005403270952,0.6150234741784036,0.5957240038872692,28.0,0.56,35.0,17.0,1550.0,0.6481481481481481,0.6296296296296297,0.4246575342465753,41.07142857142857,88.0,98.0,317.56897627315186,169.75996226624622,147.80901400690558,0.0013833232247133546,1315.8961936669948,1315.8961936669948,4.20381870798883,1.1544777090020943,1321.2544900839857,True,0.0,0.4393005403270953,0.4393005403270953,784596.0,174125.0,2179719.0,Optimization terminated successfully. (HiGHS Status 7: Optimal),True,1.0,1800.0,True,0.0
20260825_195505-0400,20260825_195505-0400-0119,119,150,B6x7_stress_T50_S29,29,50,Greedy-Benefit,0.3589714570299442,0.5518372703412072,0.5417558886509635,25.0,0.5,26.0,15.0,1600.0,0.5777777777777777,0.5357142857142857,0.47058823529411764,49.24,95.0,118.0,421.02792492290973,238.83414527814813,182.19377964476152,0.0008526072399964252,0.0024240420025307685,,,,0.0024245419772341847,False,,,,,,,Constructive heuristic,True,,,,
20260825_195505-0400,20260825_195505-0400-0119,119,150,B6x7_stress_T50_S29,29,50,Greedy-Density-Operational,0.37391857753790986,0.5866141732283463,0.582441113490364,28.0,0.56,27.0,16.0,1900.0,0.6,0.5714285714285714,0.5588235294117647,47.357142857142854,104.0,125.0,427.03693997505,225.7874634060519,201.24947656899812,0.0008756117856215352,0.0027212500281166285,,,,0.0027216670277994126,False,,,,,,,Constructive heuristic,True,,,,
20260825_195505-0400,20260825_195505-0400-0119,119,150,B6x7_stress_T50_S29,29,50,HiGHS-1s,,,,,,,,,,,,,,,,,,,1.7700518750061747,1.7700518750061747,3.463656500010984,0.8801681660115719,6.113876541028731,False,,,,622709.0,155014.0,1713169.0,Time limit reached. (HiGHS Status 13: model_status is Time limit reached; primal_status is None),False,,1.0,False,1.0
20260825_195505-0400,20260825_195505-0400-0119,119,150,B6x7_stress_T50_S29,29,50,HiGHS-5s,,,,,,,,,,,,,,,,,,,6.362652665993664,6.362652665993664,3.463656500010984,0.8801681660115719,10.70647733201622,False,,,,622709.0,155014.0,1713169.0,Time limit reached. (HiGHS Status 13: model_status is Time limit reached; primal_status is None),False,,5.0,False,1.0
20260825_195505-0400,20260825_195505-0400-0119,119,150,B6x7_stress_T50_S29,29,50,HiGHS-15s,,,,,,,,,,,,,,,,,,,16.03540841699578,16.03540841699578,3.463656500010984,0.8801681660115719,20.379233083018335,False,,,,622709.0,155014.0,1713169.0,Time limit reached. (HiGHS Status 13: model_status is Time limit reached; primal_status is None),False,,15.0,False,1.0
20260825_195505-0400,20260825_195505-0400-0119,119,150,B6x7_stress_T50_S29,29,50,HiGHS-60s,,,,,,,,,,,,,,,,,,,62.071471834002296,62.071471834002296,3.463656500010984,0.8801681660115719,66.41529650002485,False,,,,622709.0,155014.0,1713169.0,Time limit reached. (HiGHS Status 13: model_status is Time limit reached; primal_status is None),False,,60.0,False,1.0
20260825_195505-0400,20260825_195505-0400-0119,119,150,B6x7_stress_T50_S29,29,50,HiGHS-600s,0.012309379359416622,0.0643044619422572,0.06209850107066379,3.0,0.06,4.0,0.0,300.0,0.08888888888888889,0.0,0.08823529411764706,54.333333333333336,75.0,93.0,70.39197861800223,55.02891679299309,15.363061825009144,0.00017486906322403885,601.4365784999973,601.4365784999973,3.463656500010984,0.8801681660115719,605.7804031660198,False,10135.486186891461,0.01230937935941662,124.77385384593344,622709.0,155014.0,1713169.0,Time limit reached. (HiGHS Status 13: Time limit reached),True,0.0,600.0,True,1.0
20260825_195505-0400,20260825_195505-0400-0119,119,150,B6x7_stress_T50_S29,29,50,HiGHS-1800s,0.4401038736481436,0.6259842519685038,0.6145610278372589,28.0,0.56,30.0,16.0,1900.0,0.6666666666666666,0.5714285714285714,0.5588235294117647,44.535714285714285,94.0,116.0,401.5220941628588,218.79035120856574,182.73174295429305,0.001096088808178102,1130.696313374996,1130.696313374996,3.463656500010984,0.8801681660115719,1135.0401380410185,True,0.0,0.44010387364814396,0.44010387364814396,622709.0,155014.0,1713169.0,Optimization terminated successfully. (HiGHS Status 7: Optimal),True,1.0,1800.0,True,0.0
20260825_195505-0400,20260825_195505-0400-0120,120,150,B6x7_stress_T50_S30,30,50,Greedy-Benefit,0.4147205936456905,0.6416938110749185,0.6237113402061856,27.0,0.54,26.0,24.0,1750.0,0.7027027027027027,0.6153846153846154,0.5,47.370370370370374,98.0,122.0,410.9409198308823,223.20814356240226,187.73277626848008,0.0010091976087861089,0.002524958021240309,,,,0.002525415999116376,False,,,,,,,Constructive heuristic,True,,,,
20260825_195505-0400,20260825_195505-0400-0120,120,150,B6x7_stress_T50_S30,30,50,Greedy-Density-Operational,0.4042318941900794,0.6214983713355049,0.6072164948453608,28.0,0.56,27.0,19.0,2150.0,0.7297297297297297,0.48717948717948717,0.6142857142857143,43.32142857142857,92.0,113.0,403.93892815188474,217.703827271962,186.23510087992273,0.0010007252730989187,0.002167291007936001,,,,0.0021675409807357937,False,,,,,,,Constructive heuristic,True,,,,
20260825_195505-0400,20260825_195505-0400-0120,120,150,B6x7_stress_T50_S30,30,50,HiGHS-1s,,,,,,,,,,,,,,,,,,,3.2817638340056874,3.2817638340056874,8.973848749999888,2.5253083339775912,14.780920917983167,False,,,,1656142.0,276037.0,4692445.0,Time limit reached. (HiGHS Status 13: model_status is Time limit reached; primal_status is None),False,,1.0,False,1.0
20260825_195505-0400,20260825_195505-0400-0120,120,150,B6x7_stress_T50_S30,30,50,HiGHS-5s,,,,,,,,,,,,,,,,,,,9.759770333999768,9.759770333999768,8.973848749999888,2.5253083339775912,21.258927417977247,False,,,,1656142.0,276037.0,4692445.0,Time limit reached. (HiGHS Status 13: model_status is Time limit reached; primal_status is None),False,,5.0,False,1.0
20260825_195505-0400,20260825_195505-0400-0120,120,150,B6x7_stress_T50_S30,30,50,HiGHS-15s,,,,,,,,,,,,,,,,,,,18.214727249986026,18.214727249986026,8.973848749999888,2.5253083339775912,29.713884333963506,False,,,,1656142.0,276037.0,4692445.0,Time limit reached. (HiGHS Status 13: model_status is Time limit reached; primal_status is None),False,,15.0,False,1.0
20260825_195505-0400,20260825_195505-0400-0120,120,150,B6x7_stress_T50_S30,30,50,HiGHS-60s,,,,,,,,,,,,,,,,,,,62.6893310000014,62.6893310000014,8.973848749999888,2.5253083339775912,74.18848808397888,False,,,,1656142.0,276037.0,4692445.0,Time limit reached. (HiGHS Status 13: model_status is Time limit reached; primal_status is None),False,,60.0,False,1.0
20260825_195505-0400,20260825_195505-0400-0120,120,150,B6x7_stress_T50_S30,30,50,HiGHS-600s,,,,,,,,,,,,,,,,,,,1522.3241228330007,1522.3241228330007,8.973848749999888,2.5253083339775912,1533.8232799169782,False,,,,1656142.0,276037.0,4692445.0,Time limit reached. (HiGHS Status 13: model_status is Time limit reached; primal_status is None),False,,600.0,False,1.0
20260825_195505-0400,20260825_195505-0400-0120,120,150,B6x7_stress_T50_S30,30,50,HiGHS-1800s,,,,,,,,,,,,,,,,,,,4253.433651791012,4253.433651791012,8.973848749999888,2.5253083339775912,4264.93280887499,False,,,,1656142.0,276037.0,4692445.0,Time limit reached. (HiGHS Status 13: model_status is Time limit reached; primal_status is None),False,,1800.0,False,1.0
20260825_195505-0400,20260825_195505-0400-0121,121,150,B6x7_stress_T60_S1,1,60,Greedy-Benefit,0.3185732122405035,0.45043103448275845,0.4326841659610499,25.0,0.4166666666666667,25.0,15.0,1850.0,0.4807692307692308,0.4838709677419355,0.3162393162393162,45.36,95.0,122.0,381.00150652692105,212.00518570722593,168.99632081969514,0.0008361468571200874,0.004942291998304427,,,,0.004942917003063485,False,,,,,,,Constructive heuristic,True,,,,
20260825_195505-0400,20260825_195505-0400-0121,121,150,B6x7_stress_T60_S1,1,60,Greedy-Density-Operational,0.2820879038104339,0.4321120689655171,0.4250635055038103,26.0,0.43333333333333335,23.0,14.0,2200.0,0.4423076923076923,0.45161290322580644,0.37606837606837606,42.61538461538461,88.0,109.0,410.1325108787606,205.76963094525843,204.36287993350214,0.0006877969834823018,0.002926458022557199,,,,0.0029270000231917948,False,,,,,,,Constructive heuristic,True,,,,
20260825_195505-0400,20260825_195505-0400-0121,121,150,B6x7_stress_T60_S1,1,60,HiGHS-1s,,,,,,,,,,,,,,,,,,,3.391362125024898,3.391362125024898,6.1694939589942805,1.5674391669745091,11.128295250993688,False,,,,1121069.0,199614.0,3163659.0,Time limit reached. (HiGHS Status 13: model_status is Time limit reached; primal_status is None),False,,1.0,False,1.0
20260825_195505-0400,20260825_195505-0400-0121,121,150,B6x7_stress_T60_S1,1,60,HiGHS-5s,,,,,,,,,,,,,,,,,,,6.617751125013456,6.617751125013456,6.1694939589942805,1.5674391669745091,14.354684250982245,False,,,,1121069.0,199614.0,3163659.0,Time limit reached. (HiGHS Status 13: model_status is Time limit reached; primal_status is None),False,,5.0,False,1.0
20260825_195505-0400,20260825_195505-0400-0121,121,150,B6x7_stress_T60_S1,1,60,HiGHS-15s,,,,,,,,,,,,,,,,,,,17.54863833298441,17.54863833298441,6.1694939589942805,1.5674391669745091,25.2855714589532,False,,,,1121069.0,199614.0,3163659.0,Time limit reached. (HiGHS Status 13: model_status is Time limit reached; primal_status is None),False,,15.0,False,1.0
20260825_195505-0400,20260825_195505-0400-0121,121,150,B6x7_stress_T60_S1,1,60,HiGHS-60s,,,,,,,,,,,,,,,,,,,66.73871050000889,66.73871050000889,6.1694939589942805,1.5674391669745091,74.47564362597768,False,,,,1121069.0,199614.0,3163659.0,Time limit reached. (HiGHS Status 13: model_status is Time limit reached; primal_status is None),False,,60.0,False,1.0
20260825_195505-0400,20260825_195505-0400-0121,121,150,B6x7_stress_T60_S1,1,60,HiGHS-600s,,,,,,,,,,,,,,,,,,,910.5958663749916,910.5958663749916,6.1694939589942805,1.5674391669745091,918.3327995009604,False,,,,1121069.0,199614.0,3163659.0,Time limit reached. (HiGHS Status 13: model_status is Time limit reached; primal_status is None),False,,600.0,False,1.0
20260825_195505-0400,20260825_195505-0400-0121,121,150,B6x7_stress_T60_S1,1,60,HiGHS-1800s,0.0,0.0,0.0,0.0,0.0,0.0,0.0,0.0,0.0,0.0,0.0,,,0.0,0.0,0.0,0.0,,1802.9371897079982,1802.9371897079982,6.1694939589942805,1.5674391669745091,1810.674122833967,False,,-0.0,145.16042797466133,1121069.0,199614.0,3163659.0,Time limit reached. (HiGHS Status 13: Time limit reached),True,0.0,1800.0,False,1.0
20260825_195505-0400,20260825_195505-0400-0122,122,150,B6x7_stress_T60_S2,2,60,Greedy-Benefit,0.3289109753352153,0.49609375,0.4825425246195166,26.0,0.43333333333333335,26.0,18.0,1650.0,0.5531914893617021,0.43902439024390244,0.4177215189873418,45.69230769230769,91.0,106.0,346.51210283586096,196.67167863346975,149.84042420239123,0.0009492048694501643,0.004725624981801957,,,,0.004726249986561015,False,,,,,,,Constructive heuristic,True,,,,
20260825_195505-0400,20260825_195505-0400-0122,122,150,B6x7_stress_T60_S2,2,60,Greedy-Density-Operational,0.3762369045565655,0.5117187499999999,0.4941808415398387,27.0,0.45,28.0,17.0,1700.0,0.5957446808510638,0.4146341463414634,0.43037974683544306,41.44444444444444,91.0,108.0,364.4950816942763,186.7101757365622,177.78490595771405,0.001032213940467207,0.002891041978728026,,,,0.002891374984756112,False,,,,,,,Constructive heuristic,True,,,,
20260825_195505-0400,20260825_195505-0400-0122,122,150,B6x7_stress_T60_S2,2,60,HiGHS-1s,,,,,,,,,,,,,,,,,,,1.932618624996394,1.932618624996394,3.981484542018734,1.048714333010139,6.962817500025267,False,,,,710094.0,163346.0,1967002.0,Time limit reached. (HiGHS Status 13: model_status is Time limit reached; primal_status is None),False,,1.0,False,1.0
20260825_195505-0400,20260825_195505-0400-0122,122,150,B6x7_stress_T60_S2,2,60,HiGHS-5s,,,,,,,,,,,,,,,,,,,6.492898124997737,6.492898124997737,3.981484542018734,1.048714333010139,11.52309700002661,False,,,,710094.0,163346.0,1967002.0,Time limit reached. (HiGHS Status 13: model_status is Time limit reached; primal_status is None),False,,5.0,False,1.0
20260825_195505-0400,20260825_195505-0400-0122,122,150,B6x7_stress_T60_S2,2,60,HiGHS-15s,,,,,,,,,,,,,,,,,,,16.750080833997345,16.750080833997345,3.981484542018734,1.048714333010139,21.780279709026217,False,,,,710094.0,163346.0,1967002.0,Time limit reached. (HiGHS Status 13: model_status is Time limit reached; primal_status is None),False,,15.0,False,1.0
20260825_195505-0400,20260825_195505-0400-0122,122,150,B6x7_stress_T60_S2,2,60,HiGHS-60s,,,,,,,,,,,,,,,,,,,62.3084641660098,62.3084641660098,3.981484542018734,1.048714333010139,67.33866304103867,False,,,,710094.0,163346.0,1967002.0,Time limit reached. (HiGHS Status 13: model_status is Time limit reached; primal_status is None),False,,60.0,False,1.0
20260825_195505-0400,20260825_195505-0400-0122,122,150,B6x7_stress_T60_S2,2,60,HiGHS-600s,0.0,0.0,0.0,0.0,0.0,0.0,0.0,0.0,0.0,0.0,0.0,,,0.0,0.0,0.0,0.0,,601.7358722919889,601.7358722919889,3.981484542018734,1.048714333010139,606.7660711670178,False,,-0.0,98.74106135238965,710094.0,163346.0,1967002.0,Time limit reached. (HiGHS Status 13: Time limit reached),True,0.0,600.0,False,1.0
20260825_195505-0400,20260825_195505-0400-0122,122,150,B6x7_stress_T60_S2,2,60,HiGHS-1800s,0.42480087402074784,0.5926339285714286,0.5658012533572068,31.0,0.5166666666666667,33.0,20.0,1700.0,0.7021276595744681,0.4878048780487805,0.43037974683544306,45.41935483870968,95.0,116.0,359.86360841944366,186.62313563291895,173.2404727865248,0.0011804496594877015,1007.3955679170031,1007.3955679170031,3.981484542018734,1.048714333010139,1012.4257667920319,True,0.0,0.4248008740207478,0.4248008740207478,710094.0,163346.0,1967002.0,Optimization terminated successfully. (HiGHS Status 7: Optimal),True,1.0,1800.0,True,0.0
20260825_195505-0400,20260825_195505-0400-0123,123,150,B6x7_stress_T60_S3,3,60,Greedy-Benefit,0.34023591165436745,0.5334338863750626,0.5433137089991591,30.0,0.5,34.0,15.0,2600.0,0.5151515151515151,0.5357142857142857,0.6265060240963856,42.7,89.0,110.0,337.38010372957524,178.44292284583577,158.93718088373947,0.0010084646601658564,0.002808124991133809,,,,0.0028087499958928674,False,,,,,,,Constructive heuristic,True,,,,
20260825_195505-0400,20260825_195505-0400-0123,123,150,B6x7_stress_T60_S3,3,60,Greedy-Density-Operational,0.3381234902604971,0.5183509301156358,0.5180824222035324,30.0,0.5,34.0,15.0,2100.0,0.5151515151515151,0.5357142857142857,0.5060240963855421,38.733333333333334,93.0,110.0,311.5285177201007,156.35281112899736,155.1757065911034,0.001085369303378804,0.002531041973270476,,,,0.0025314579834230244,False,,,,,,,Constructive heuristic,True,,,,
20260825_195505-0400,20260825_195505-0400-0123,123,150,B6x7_stress_T60_S3,3,60,HiGHS-1s,,,,,,,,,,,,,,,,,,,2.164705208997475,2.164705208997475,4.432142000005115,1.0609299170027953,7.657777126005385,False,,,,774190.0,170106.0,2152530.0,Time limit reached. (HiGHS Status 13: model_status is Time limit reached; primal_status is None),False,,1.0,False,1.0
20260825_195505-0400,20260825_195505-0400-0123,123,150,B6x7_stress_T60_S3,3,60,HiGHS-5s,,,,,,,,,,,,,,,,,,,6.714924708008766,6.714924708008766,4.432142000005115,1.0609299170027953,12.207996625016676,False,,,,774190.0,170106.0,2152530.0,Time limit reached. (HiGHS Status 13: model_status is Time limit reached; primal_status is None),False,,5.0,False,1.0
20260825_195505-0400,20260825_195505-0400-0123,123,150,B6x7_stress_T60_S3,3,60,HiGHS-15s,,,,,,,,,,,,,,,,,,,16.331446916999994,16.331446916999994,4.432142000005115,1.0609299170027953,21.824518834007904,False,,,,774190.0,170106.0,2152530.0,Time limit reached. (HiGHS Status 13: model_status is Time limit reached; primal_status is None),False,,15.0,False,1.0
20260825_195505-0400,20260825_195505-0400-0123,123,150,B6x7_stress_T60_S3,3,60,HiGHS-60s,,,,,,,,,,,,,,,,,,,64.04821029101731,64.04821029101731,4.432142000005115,1.0609299170027953,69.54128220802522,False,,,,774190.0,170106.0,2152530.0,Time limit reached. (HiGHS Status 13: model_status is Time limit reached; primal_status is None),False,,60.0,False,1.0
20260825_195505-0400,20260825_195505-0400-0123,123,150,B6x7_stress_T60_S3,3,60,HiGHS-600s,0.0,0.0,0.0,0.0,0.0,0.0,0.0,0.0,0.0,0.0,0.0,,,0.0,0.0,0.0,0.0,,602.0763456249842,602.0763456249842,4.432142000005115,1.0609299170027953,607.5694175419922,False,,-0.0,31.194639880066642,774190.0,170106.0,2152530.0,Time limit reached. (HiGHS Status 13: Time limit reached),True,0.0,600.0,False,1.0
20260825_195505-0400,20260825_195505-0400-0123,123,150,B6x7_stress_T60_S3,3,60,HiGHS-1800s,0.3392371221783011,0.37556561085972834,0.35071488645920945,18.0,0.3,30.0,6.0,950.0,0.45454545454545453,0.21428571428571427,0.2289156626506024,27.11111111111111,61.0,79.0,136.0130791370498,73.24903921179276,62.76403992525702,0.0024941507414627255,1802.3975905830157,1802.3975905830157,4.432142000005115,1.0609299170027953,1807.8906625000236,False,0.308937332430802,0.3392371221783011,0.4440401337655675,774190.0,170106.0,2152530.0,Time limit reached. (HiGHS Status 13: Time limit reached),True,0.0,1800.0,True,1.0
20260825_195505-0400,20260825_195505-0400-0124,124,150,B6x7_stress_T60_S4,4,60,Greedy-Benefit,0.3610938130869642,0.539280283831728,0.5039745627980919,30.0,0.5,37.0,12.0,2400.0,0.6379310344827587,0.4444444444444444,0.35294117647058826,45.1,91.0,112.0,349.5006526213273,189.37613710892583,160.12451551240147,0.0010331706403941905,0.0032835419988259673,,,,0.0032843329827301204,False,,,,,,,Constructive heuristic,True,,,,
20260825_195505-0400,20260825_195505-0400-0124,124,150,B6x7_stress_T60_S4,4,60,Greedy-Density-Operational,0.34257020969877566,0.5159655347187023,0.49125596184419706,30.0,0.5,35.0,10.0,2800.0,0.603448275862069,0.37037037037037035,0.4117647058823529,43.333333333333336,91.0,112.0,325.57882356264133,171.65210677930693,153.92671678333443,0.0010521882410846207,0.0030672910215798765,,,,0.003067916026338935,False,,,,,,,Constructive heuristic,True,,,,
20260825_195505-0400,20260825_195505-0400-0124,124,150,B6x7_stress_T60_S4,4,60,HiGHS-1s,,,,,,,,,,,,,,,,,,,2.1820178339839913,2.1820178339839913,4.24343841697555,1.075714083010098,7.50117033396964,False,,,,784640.0,148196.0,2205790.0,Time limit reached. (HiGHS Status 13: model_status is Time limit reached; primal_status is None),False,,1.0,False,1.0
20260825_195505-0400,20260825_195505-0400-0124,124,150,B6x7_stress_T60_S4,4,60,HiGHS-5s,,,,,,,,,,,,,,,,,,,6.709064041991951,6.709064041991951,4.24343841697555,1.075714083010098,12.0282165419776,False,,,,784640.0,148196.0,2205790.0,Time limit reached. (HiGHS Status 13: model_status is Time limit reached; primal_status is None),False,,5.0,False,1.0
20260825_195505-0400,20260825_195505-0400-0124,124,150,B6x7_stress_T60_S4,4,60,HiGHS-15s,,,,,,,,,,,,,,,,,,,16.895220291014994,16.895220291014994,4.24343841697555,1.075714083010098,22.214372791000642,False,,,,784640.0,148196.0,2205790.0,Time limit reached. (HiGHS Status 13: model_status is Time limit reached; primal_status is None),False,,15.0,False,1.0
20260825_195505-0400,20260825_195505-0400-0124,124,150,B6x7_stress_T60_S4,4,60,HiGHS-60s,,,,,,,,,,,,,,,,,,,61.47606216699933,61.47606216699933,4.24343841697555,1.075714083010098,66.79521466698498,False,,,,784640.0,148196.0,2205790.0,Time limit reached. (HiGHS Status 13: model_status is Time limit reached; primal_status is None),False,,60.0,False,1.0
20260825_195505-0400,20260825_195505-0400-0124,124,150,B6x7_stress_T60_S4,4,60,HiGHS-600s,0.0,0.0,0.0,0.0,0.0,0.0,0.0,0.0,0.0,0.0,0.0,,,0.0,0.0,0.0,0.0,,602.2427019169845,602.2427019169845,4.24343841697555,1.075714083010098,607.5618544169702,False,,-0.0,48.606880496958965,784640.0,148196.0,2205790.0,Time limit reached. (HiGHS Status 13: Time limit reached),True,0.0,600.0,False,1.0
20260825_195505-0400,20260825_195505-0400-0124,124,150,B6x7_stress_T60_S4,4,60,HiGHS-1800s,0.18013829218672514,0.20729853015712107,0.18998410174880764,9.0,0.15,14.0,6.0,650.0,0.2413793103448276,0.2222222222222222,0.09558823529411764,28.77777777777778,64.0,80.0,81.59546391509265,40.79773195754633,40.79773195754633,0.002207699834566479,1803.5525561659888,1803.5525561659888,4.24343841697555,1.075714083010098,1808.8717086659744,False,1.3704960276634859,0.18013829218672514,0.4270171060587163,784640.0,148196.0,2205790.0,Time limit reached. (HiGHS Status 13: Time limit reached),True,0.0,1800.0,True,1.0
20260825_195505-0400,20260825_195505-0400-0125,125,150,B6x7_stress_T60_S5,5,60,Greedy-Benefit,0.31196326276101777,0.4466950959488274,0.4428450465707028,25.0,0.4166666666666667,20.0,23.0,1550.0,0.425531914893617,0.5111111111111111,0.3563218390804598,45.04,92.0,110.0,386.4131659841873,204.50726776791362,181.90589821627356,0.0008073308319255971,0.0026972909981850535,,,,0.0026978329988196492,False,,,,,,,Constructive heuristic,True,,,,
20260825_195505-0400,20260825_195505-0400-0125,125,150,B6x7_stress_T60_S5,5,60,Greedy-Density-Operational,0.30535486502627185,0.4888059701492538,0.46740050804403055,30.0,0.5,25.0,23.0,1200.0,0.5319148936170213,0.5111111111111111,0.27586206896551724,42.0,86.0,109.0,372.54755187366317,190.53423909398447,182.01331277967873,0.0008196399721070307,0.0028689579921774566,,,,0.0028694170177914202,False,,,,,,,Constructive heuristic,True,,,,
20260825_195505-0400,20260825_195505-0400-0125,125,150,B6x7_stress_T60_S5,5,60,HiGHS-1s,,,,,,,,,,,,,,,,,,,2.891314959008014,2.891314959008014,7.2592205830151215,1.9452833750110585,12.095818917034194,False,,,,1353761.0,233691.0,3827658.0,Time limit reached. (HiGHS Status 13: model_status is Time limit reached; primal_status is None),False,,1.0,False,1.0
20260825_195505-0400,20260825_195505-0400-0125,125,150,B6x7_stress_T60_S5,5,60,HiGHS-5s,,,,,,,,,,,,,,,,,,,8.013296207995154,8.013296207995154,7.2592205830151215,1.9452833750110585,17.217800166021334,False,,,,1353761.0,233691.0,3827658.0,Time limit reached. (HiGHS Status 13: model_status is Time limit reached; primal_status is None),False,,5.0,False,1.0
20260825_195505-0400,20260825_195505-0400-0125,125,150,B6x7_stress_T60_S5,5,60,HiGHS-15s,,,,,,,,,,,,,,,,,,,20.179904416989302,20.179904416989302,7.2592205830151215,1.9452833750110585,29.384408375015482,False,,,,1353761.0,233691.0,3827658.0,Time limit reached. (HiGHS Status 13: model_status is Time limit reached; primal_status is None),False,,15.0,False,1.0
20260825_195505-0400,20260825_195505-0400-0125,125,150,B6x7_stress_T60_S5,5,60,HiGHS-60s,,,,,,,,,,,,,,,,,,,62.74333216599189,62.74333216599189,7.2592205830151215,1.9452833750110585,71.94783612401807,False,,,,1353761.0,233691.0,3827658.0,Time limit reached. (HiGHS Status 13: model_status is Time limit reached; primal_status is None),False,,60.0,False,1.0
20260825_195505-0400,20260825_195505-0400-0125,125,150,B6x7_stress_T60_S5,5,60,HiGHS-600s,,,,,,,,,,,,,,,,,,,1084.7558029170032,1084.7558029170032,7.2592205830151215,1.9452833750110585,1093.9603068750293,False,,,,1353761.0,233691.0,3827658.0,Time limit reached. (HiGHS Status 13: model_status is Time limit reached; primal_status is None),False,,600.0,False,1.0
20260825_195505-0400,20260825_195505-0400-0125,125,150,B6x7_stress_T60_S5,5,60,HiGHS-1800s,0.0,0.0,0.0,0.0,0.0,0.0,0.0,0.0,0.0,0.0,0.0,,,0.0,0.0,0.0,0.0,,1804.9148720410012,1804.9148720410012,7.2592205830151215,1.9452833750110585,1814.1193759990274,False,,-0.0,255.574801116036,1353761.0,233691.0,3827658.0,Time limit reached. (HiGHS Status 13: Time limit reached),True,0.0,1800.0,False,1.0
20260825_195505-0400,20260825_195505-0400-0126,126,150,B6x7_stress_T60_S6,6,60,Greedy-Benefit,0.28637967805369574,0.43262001156738006,0.43094405594405605,22.0,0.36666666666666664,20.0,11.0,3050.0,0.4878048780487805,0.3142857142857143,0.4765625,49.86363636363637,88.0,108.0,418.66773645029605,227.51577367302588,191.15196277727017,0.0006840261456060265,0.004742874996736646,,,,0.004743875004351139,False,,,,,,,Constructive heuristic,True,,,,
20260825_195505-0400,20260825_195505-0400-0126,126,150,B6x7_stress_T60_S6,6,60,Greedy-Density-Operational,0.2570986209291421,0.454598033545402,0.4466783216783217,26.0,0.43333333333333335,21.0,13.0,2850.0,0.5121951219512195,0.37142857142857144,0.4453125,44.57692307692308,93.0,108.0,394.9308173304238,201.84666417180736,193.08415315861635,0.0006509966040812594,0.0027226670063100755,,,,0.0027230000123381615,False,,,,,,,Constructive heuristic,True,,,,
20260825_195505-0400,20260825_195505-0400-0126,126,150,B6x7_stress_T60_S6,6,60,HiGHS-1s,,,,,,,,,,,,,,,,,,,1.6142492080107331,1.6142492080107331,2.6907629579945933,0.6115678340138402,4.916580000019167,False,,,,467413.0,109222.0,1293083.0,Time limit reached. (HiGHS Status 13: model_status is Time limit reached; primal_status is None),False,,1.0,False,1.0
20260825_195505-0400,20260825_195505-0400-0126,126,150,B6x7_stress_T60_S6,6,60,HiGHS-5s,,,,,,,,,,,,,,,,,,,5.731751500017708,5.731751500017708,2.6907629579945933,0.6115678340138402,9.034082292026142,False,,,,467413.0,109222.0,1293083.0,Time limit reached. (HiGHS Status 13: model_status is Time limit reached; primal_status is None),False,,5.0,False,1.0
20260825_195505-0400,20260825_195505-0400-0126,126,150,B6x7_stress_T60_S6,6,60,HiGHS-15s,,,,,,,,,,,,,,,,,,,16.351598624984035,16.351598624984035,2.6907629579945933,0.6115678340138402,19.65392941699247,False,,,,467413.0,109222.0,1293083.0,Time limit reached. (HiGHS Status 13: model_status is Time limit reached; primal_status is None),False,,15.0,False,1.0
20260825_195505-0400,20260825_195505-0400-0126,126,150,B6x7_stress_T60_S6,6,60,HiGHS-60s,,,,,,,,,,,,,,,,,,,60.71461683299276,60.71461683299276,2.6907629579945933,0.6115678340138402,64.0169476250012,False,,,,467413.0,109222.0,1293083.0,Time limit reached. (HiGHS Status 13: model_status is Time limit reached; primal_status is None),False,,60.0,False,1.0
20260825_195505-0400,20260825_195505-0400-0126,126,150,B6x7_stress_T60_S6,6,60,HiGHS-600s,0.3385215440403227,0.5263157894736843,0.49825174825174834,26.0,0.43333333333333335,26.0,16.0,2500.0,0.6341463414634146,0.45714285714285713,0.390625,43.92307692307692,93.0,114.0,369.96272871218093,190.97252191124122,178.99020680093963,0.0009150152644259512,443.7545528750052,443.7545528750052,2.6907629579945933,0.6115678340138402,447.0568836670136,True,0.0,0.33852154404032286,0.33852154404032286,467413.0,109222.0,1293083.0,Optimization terminated successfully. (HiGHS Status 7: Optimal),True,1.0,600.0,True,0.0
20260825_195505-0400,20260825_195505-0400-0126,126,150,B6x7_stress_T60_S6,6,60,HiGHS-1800s,0.3385215440403227,0.5263157894736843,0.49825174825174834,26.0,0.43333333333333335,26.0,16.0,2500.0,0.6341463414634146,0.45714285714285713,0.390625,43.92307692307692,93.0,114.0,369.96272871218093,190.97252191124122,178.99020680093963,0.0009150152644259512,546.2622511670052,546.2622511670052,2.6907629579945933,0.6115678340138402,549.5645819590136,True,0.0,0.33852154404032275,0.33852154404032275,467413.0,109222.0,1293083.0,Optimization terminated successfully. (HiGHS Status 7: Optimal),True,1.0,1800.0,True,0.0
20260825_195505-0400,20260825_195505-0400-0127,127,150,B6x7_stress_T60_S7,7,60,Greedy-Benefit,0.31709172969092453,0.4890046296296297,0.4595588235294117,26.0,0.43333333333333335,25.0,19.0,1000.0,0.5952380952380952,0.4318181818181818,0.2631578947368421,48.69230769230769,88.0,107.0,388.0032208522521,212.41046824946636,175.5927526027858,0.0008172399419634457,0.003571999986888841,,,,0.003572749992599711,False,,,,,,,Constructive heuristic,True,,,,
20260825_195505-0400,20260825_195505-0400-0127,127,150,B6x7_stress_T60_S7,7,60,Greedy-Density-Operational,0.32337849615339553,0.513888888888889,0.5036764705882352,30.0,0.5,24.0,20.0,1800.0,0.5714285714285714,0.45454545454545453,0.47368421052631576,44.166666666666664,91.0,115.0,370.3755577091327,191.453672220833,178.92188548829972,0.0008731097110013794,0.002890500007197261,,,,0.0028908340027555823,False,,,,,,,Constructive heuristic,True,,,,
20260825_195505-0400,20260825_195505-0400-0127,127,150,B6x7_stress_T60_S7,7,60,HiGHS-1s,,,,,,,,,,,,,,,,,,,2.7999154159915633,2.7999154159915633,7.701807583012851,1.9477951249864418,12.449518123990856,False,,,,1371333.0,231349.0,3882716.0,Time limit reached. (HiGHS Status 13: model_status is Time limit reached; primal_status is None),False,,1.0,False,1.0
20260825_195505-0400,20260825_195505-0400-0127,127,150,B6x7_stress_T60_S7,7,60,HiGHS-5s,,,,,,,,,,,,,,,,,,,7.427060166985029,7.427060166985029,7.701807583012851,1.9477951249864418,17.076662874984322,False,,,,1371333.0,231349.0,3882716.0,Time limit reached. (HiGHS Status 13: model_status is Time limit reached; primal_status is None),False,,5.0,False,1.0
20260825_195505-0400,20260825_195505-0400-0127,127,150,B6x7_stress_T60_S7,7,60,HiGHS-15s,,,,,,,,,,,,,,,,,,,19.081681291980203,19.081681291980203,7.701807583012851,1.9477951249864418,28.731283999979496,False,,,,1371333.0,231349.0,3882716.0,Time limit reached. (HiGHS Status 13: model_status is Time limit reached; primal_status is None),False,,15.0,False,1.0
20260825_195505-0400,20260825_195505-0400-0127,127,150,B6x7_stress_T60_S7,7,60,HiGHS-60s,,,,,,,,,,,,,,,,,,,62.93388629099354,62.93388629099354,7.701807583012851,1.9477951249864418,72.58348899899283,False,,,,1371333.0,231349.0,3882716.0,Time limit reached. (HiGHS Status 13: model_status is Time limit reached; primal_status is None),False,,60.0,False,1.0
20260825_195505-0400,20260825_195505-0400-0127,127,150,B6x7_stress_T60_S7,7,60,HiGHS-600s,,,,,,,,,,,,,,,,,,,1796.284133832989,1796.284133832989,7.701807583012851,1.9477951249864418,1805.9337365409883,False,,,,1371333.0,231349.0,3882716.0,Time limit reached. (HiGHS Status 13: model_status is Time limit reached; primal_status is None),False,,600.0,False,1.0
20260825_195505-0400,20260825_195505-0400-0127,127,150,B6x7_stress_T60_S7,7,60,HiGHS-1800s,0.0,0.0,0.0,0.0,0.0,0.0,0.0,0.0,0.0,0.0,0.0,,,0.0,0.0,0.0,0.0,,1818.6941651660018,1818.6941651660018,7.701807583012851,1.9477951249864418,1828.343767874001,False,,-0.0,204.54374397659063,1371333.0,231349.0,3882716.0,Time limit reached. (HiGHS Status 13: Time limit reached),True,0.0,1800.0,False,1.0
20260825_195505-0400,20260825_195505-0400-0128,128,150,B6x7_stress_T60_S8,8,60,Greedy-Benefit,0.3155778366801793,0.5073195355880868,0.4934210526315788,29.0,0.48333333333333334,30.0,21.0,1500.0,0.5084745762711864,0.6,0.32608695652173914,48.0,92.0,108.0,392.8972867132523,202.25685453796368,190.6404321752885,0.0008032069636319404,0.004966083011822775,,,,0.004966625012457371,False,,,,,,,Constructive heuristic,True,,,,
20260825_195505-0400,20260825_195505-0400-0128,128,150,B6x7_stress_T60_S8,8,60,Greedy-Density-Operational,0.3111843825585376,0.4689550731953559,0.45148026315789463,27.0,0.45,28.0,20.0,1150.0,0.4745762711864407,0.5714285714285714,0.25,42.407407407407405,94.0,104.0,356.3610812317859,184.12791317278453,172.23316805900131,0.0008732277427234982,0.002741250005783513,,,,0.0027418330137152225,False,,,,,,,Constructive heuristic,True,,,,
20260825_195505-0400,20260825_195505-0400-0128,128,150,B6x7_stress_T60_S8,8,60,HiGHS-1s,,,,,,,,,,,,,,,,,,,3.6472499590017833,3.6472499590017833,6.433175082987873,1.9088642909773625,11.989289332967019,False,,,,1212890.0,215523.0,3423213.0,Time limit reached. (HiGHS Status 13: model_status is Time limit reached; primal_status is None),False,,1.0,False,1.0
20260825_195505-0400,20260825_195505-0400-0128,128,150,B6x7_stress_T60_S8,8,60,HiGHS-5s,,,,,,,,,,,,,,,,,,,6.979945958999451,6.979945958999451,6.433175082987873,1.9088642909773625,15.321985332964687,False,,,,1212890.0,215523.0,3423213.0,Time limit reached. (HiGHS Status 13: model_status is Time limit reached; primal_status is None),False,,5.0,False,1.0
20260825_195505-0400,20260825_195505-0400-0128,128,150,B6x7_stress_T60_S8,8,60,HiGHS-15s,,,,,,,,,,,,,,,,,,,18.756311125005595,18.756311125005595,6.433175082987873,1.9088642909773625,27.09835049897083,False,,,,1212890.0,215523.0,3423213.0,Time limit reached. (HiGHS Status 13: model_status is Time limit reached; primal_status is None),False,,15.0,False,1.0
20260825_195505-0400,20260825_195505-0400-0128,128,150,B6x7_stress_T60_S8,8,60,HiGHS-60s,,,,,,,,,,,,,,,,,,,62.43486966600176,62.43486966600176,6.433175082987873,1.9088642909773625,70.776909039967,False,,,,1212890.0,215523.0,3423213.0,Time limit reached. (HiGHS Status 13: model_status is Time limit reached; primal_status is None),False,,60.0,False,1.0
20260825_195505-0400,20260825_195505-0400-0128,128,150,B6x7_stress_T60_S8,8,60,HiGHS-600s,,,,,,,,,,,,,,,,,,,1076.42090883301,1076.42090883301,6.433175082987873,1.9088642909773625,1084.7629482069751,False,,,,1212890.0,215523.0,3423213.0,Time limit reached. (HiGHS Status 13: model_status is Time limit reached; primal_status is None),False,,600.0,False,1.0
20260825_195505-0400,20260825_195505-0400-0128,128,150,B6x7_stress_T60_S8,8,60,HiGHS-1800s,0.0,0.0,0.0,0.0,0.0,0.0,0.0,0.0,0.0,0.0,0.0,,,0.0,0.0,0.0,0.0,,1803.7245087090123,1803.7245087090123,6.433175082987873,1.9088642909773625,1812.0665480829775,False,,-0.0,57.81390078036683,1212890.0,215523.0,3423213.0,Time limit reached. (HiGHS Status 13: Time limit reached),True,0.0,1800.0,False,1.0
20260825_195505-0400,20260825_195505-0400-0129,129,150,B6x7_stress_T60_S9,9,60,Greedy-Benefit,0.26610484856113625,0.41711229946524053,0.41125541125541126,24.0,0.4,24.0,13.0,1750.0,0.4067796610169492,0.52,0.3333333333333333,52.916666666666664,103.0,124.0,436.35184405685294,248.3780742450061,187.9737698118468,0.0006098400916267585,0.004909792012767866,,,,0.004910457995720208,False,,,,,,,Constructive heuristic,True,,,,
20260825_195505-0400,20260825_195505-0400-0129,129,150,B6x7_stress_T60_S9,9,60,Greedy-Density-Operational,0.2696136058453487,0.4245989304812833,0.4320346320346321,27.0,0.45,22.0,15.0,2150.0,0.3728813559322034,0.6,0.4095238095238095,43.111111111111114,90.0,114.0,378.17799886998006,200.50018126474103,177.67781760523906,0.0007129277923384526,0.0038239159912336618,,,,0.00382454099599272,False,,,,,,,Constructive heuristic,True,,,,
20260825_195505-0400,20260825_195505-0400-0129,129,150,B6x7_stress_T60_S9,9,60,HiGHS-1s,,,,,,,,,,,,,,,,,,,1.756019833002938,1.756019833002938,2.99153558301623,0.7523565829906147,5.4999119990097824,False,,,,524917.0,129189.0,1445628.0,Time limit reached. (HiGHS Status 13: model_status is Time limit reached; primal_status is None),False,,1.0,False,1.0
20260825_195505-0400,20260825_195505-0400-0129,129,150,B6x7_stress_T60_S9,9,60,HiGHS-5s,,,,,,,,,,,,,,,,,,,6.155342709011165,6.155342709011165,2.99153558301623,0.7523565829906147,9.89923487501801,False,,,,524917.0,129189.0,1445628.0,Time limit reached. (HiGHS Status 13: model_status is Time limit reached; primal_status is None),False,,5.0,False,1.0
20260825_195505-0400,20260825_195505-0400-0129,129,150,B6x7_stress_T60_S9,9,60,HiGHS-15s,,,,,,,,,,,,,,,,,,,16.993288375000702,16.993288375000702,2.99153558301623,0.7523565829906147,20.737180541007547,False,,,,524917.0,129189.0,1445628.0,Time limit reached. (HiGHS Status 13: model_status is Time limit reached; primal_status is None),False,,15.0,False,1.0
20260825_195505-0400,20260825_195505-0400-0129,129,150,B6x7_stress_T60_S9,9,60,HiGHS-60s,,,,,,,,,,,,,,,,,,,61.66490266699111,61.66490266699111,2.99153558301623,0.7523565829906147,65.40879483299796,False,,,,524917.0,129189.0,1445628.0,Time limit reached. (HiGHS Status 13: model_status is Time limit reached; primal_status is None),False,,60.0,False,1.0
20260825_195505-0400,20260825_195505-0400-0129,129,150,B6x7_stress_T60_S9,9,60,HiGHS-600s,0.0,0.0,0.0,0.0,0.0,0.0,0.0,0.0,0.0,0.0,0.0,,,0.0,0.0,0.0,0.0,,601.2784396669886,601.2784396669886,2.99153558301623,0.7523565829906147,605.0223318329954,False,,-0.0,0.3167439850419597,524917.0,129189.0,1445628.0,Time limit reached. (HiGHS Status 13: Time limit reached),True,0.0,600.0,False,1.0
20260825_195505-0400,20260825_195505-0400-0129,129,150,B6x7_stress_T60_S9,9,60,HiGHS-1800s,0.31568324230667083,0.5026737967914439,0.4848484848484848,27.0,0.45,29.0,18.0,1500.0,0.4915254237288136,0.72,0.2857142857142857,49.55555555555556,101.0,124.0,436.26619494206,243.67442950170854,192.59176544035142,0.0007236023463807374,1114.6572615000186,1114.6572615000186,2.99153558301623,0.7523565829906147,1118.4011536660255,True,0.0,0.31568324230667083,0.31568324230667083,524917.0,129189.0,1445628.0,Optimization terminated successfully. (HiGHS Status 7: Optimal),True,1.0,1800.0,True,0.0
20260825_195505-0400,20260825_195505-0400-0130,130,150,B6x7_stress_T60_S10,10,60,Greedy-Benefit,0.3189947501489596,0.45986177565124925,0.46147332768839944,25.0,0.4166666666666667,20.0,24.0,1750.0,0.4444444444444444,0.48,0.45454545454545453,43.24,90.0,116.0,364.71609794096463,214.48575698193687,150.23034095902779,0.0008746385255541811,0.002672333037480712,,,,0.00267295801313594,False,,,,,,,Constructive heuristic,True,,,,
20260825_195505-0400,20260825_195505-0400-0130,130,150,B6x7_stress_T60_S10,10,60,Greedy-Density-Operational,0.33878482203417604,0.4805954279638489,0.4817950889077052,27.0,0.45,20.0,27.0,1650.0,0.4444444444444444,0.54,0.42857142857142855,38.81481481481482,87.0,113.0,335.42267107439386,171.9266856277962,163.49598544659762,0.0010100236246673871,0.002547041978687048,,,,0.00254733394831419,False,,,,,,,Constructive heuristic,True,,,,
20260825_195505-0400,20260825_195505-0400-0130,130,150,B6x7_stress_T60_S10,10,60,HiGHS-1s,,,,,,,,,,,,,,,,,,,2.4323582089855336,2.4323582089855336,4.453977000026498,1.2146794999716803,8.101014708983712,False,,,,832266.0,163990.0,2332874.0,Time limit reached. (HiGHS Status 13: model_status is Time limit reached; primal_status is None),False,,1.0,False,1.0
20260825_195505-0400,20260825_195505-0400-0130,130,150,B6x7_stress_T60_S10,10,60,HiGHS-5s,,,,,,,,,,,,,,,,,,,6.300790125038475,6.300790125038475,4.453977000026498,1.2146794999716803,11.969446625036653,False,,,,832266.0,163990.0,2332874.0,Time limit reached. (HiGHS Status 13: model_status is Time limit reached; primal_status is None),False,,5.0,False,1.0
20260825_195505-0400,20260825_195505-0400-0130,130,150,B6x7_stress_T60_S10,10,60,HiGHS-15s,,,,,,,,,,,,,,,,,,,17.24744229100179,17.24744229100179,4.453977000026498,1.2146794999716803,22.916098790999968,False,,,,832266.0,163990.0,2332874.0,Time limit reached. (HiGHS Status 13: model_status is Time limit reached; primal_status is None),False,,15.0,False,1.0
20260825_195505-0400,20260825_195505-0400-0130,130,150,B6x7_stress_T60_S10,10,60,HiGHS-60s,,,,,,,,,,,,,,,,,,,64.86478712502867,64.86478712502867,4.453977000026498,1.2146794999716803,70.53344362502685,False,,,,832266.0,163990.0,2332874.0,Time limit reached. (HiGHS Status 13: model_status is Time limit reached; primal_status is None),False,,60.0,False,1.0
20260825_195505-0400,20260825_195505-0400-0130,130,150,B6x7_stress_T60_S10,10,60,HiGHS-600s,0.0,0.0,0.0,0.0,0.0,0.0,0.0,0.0,0.0,0.0,0.0,,,0.0,0.0,0.0,0.0,,602.2403629169567,602.2403629169567,4.453977000026498,1.2146794999716803,607.9090194169548,False,,-0.0,24.764770865760674,832266.0,163990.0,2332874.0,Time limit reached. (HiGHS Status 13: Time limit reached),True,0.0,600.0,False,1.0
20260825_195505-0400,20260825_195505-0400-0130,130,150,B6x7_stress_T60_S10,10,60,HiGHS-1800s,0.2859882629806717,0.3397129186602871,0.3293818797629126,18.0,0.3,18.0,14.0,1150.0,0.4,0.28,0.2987012987012987,30.166666666666668,82.0,104.0,175.38986701597804,88.3698483802938,87.02001863568424,0.001630586007312601,1806.2507283330197,1806.2507283330197,4.453977000026498,1.2146794999716803,1811.9193848330178,False,0.33393610312593813,0.28598826298067176,0.3814900690601933,832266.0,163990.0,2332874.0,Time limit reached. (HiGHS Status 13: Time limit reached),True,0.0,1800.0,True,1.0
20260825_195505-0400,20260825_195505-0400-0131,131,150,B6x7_stress_T60_S11,11,60,Greedy-Benefit,0.3332066690070061,0.49529288702928875,0.4820384294068506,28.0,0.4666666666666667,31.0,12.0,2450.0,0.5535714285714286,0.3870967741935484,0.44954128440366975,45.92857142857143,96.0,117.0,391.20375759037665,218.57335906155473,172.63039852882187,0.0008517471075927179,0.003075166023336351,,,,0.003075790998991579,False,,,,,,,Constructive heuristic,True,,,,
20260825_195505-0400,20260825_195505-0400-0131,131,150,B6x7_stress_T60_S11,11,60,Greedy-Density-Operational,0.3422253234144197,0.46757322175732224,0.46282372598162075,31.0,0.5166666666666667,27.0,14.0,2400.0,0.48214285714285715,0.45161290322580644,0.44036697247706424,40.67741935483871,87.0,105.0,324.5783788577742,171.1464388236893,153.43194003408493,0.0010543688233909693,0.0028359590214677155,,,,0.0028362920274958014,False,,,,,,,Constructive heuristic,True,,,,
20260825_195505-0400,20260825_195505-0400-0131,131,150,B6x7_stress_T60_S11,11,60,HiGHS-1s,,,,,,,,,,,,,,,,,,,3.5012377080274746,3.5012377080274746,10.220630292023998,2.8272994580329396,16.549167458084412,False,,,,1915955.0,294191.0,5453740.0,Time limit reached. (HiGHS Status 13: model_status is Time limit reached; primal_status is None),False,,1.0,False,1.0
20260825_195505-0400,20260825_195505-0400-0131,131,150,B6x7_stress_T60_S11,11,60,HiGHS-5s,,,,,,,,,,,,,,,,,,,7.8300916670123115,7.8300916670123115,10.220630292023998,2.8272994580329396,20.87802141706925,False,,,,1915955.0,294191.0,5453740.0,Time limit reached. (HiGHS Status 13: model_status is Time limit reached; primal_status is None),False,,5.0,False,1.0
20260825_195505-0400,20260825_195505-0400-0131,131,150,B6x7_stress_T60_S11,11,60,HiGHS-15s,,,,,,,,,,,,,,,,,,,18.901407291996293,18.901407291996293,10.220630292023998,2.8272994580329396,31.94933704205323,False,,,,1915955.0,294191.0,5453740.0,Time limit reached. (HiGHS Status 13: model_status is Time limit reached; primal_status is None),False,,15.0,False,1.0
20260825_195505-0400,20260825_195505-0400-0131,131,150,B6x7_stress_T60_S11,11,60,HiGHS-60s,,,,,,,,,,,,,,,,,,,65.65699508303078,65.65699508303078,10.220630292023998,2.8272994580329396,78.70492483308772,False,,,,1915955.0,294191.0,5453740.0,Time limit reached. (HiGHS Status 13: model_status is Time limit reached; primal_status is None),False,,60.0,False,1.0
20260825_195505-0400,20260825_195505-0400-0131,131,150,B6x7_stress_T60_S11,11,60,HiGHS-600s,,,,,,,,,,,,,,,,,,,2692.705568125006,2692.705568125006,10.220630292023998,2.8272994580329396,2705.7534978750627,False,,,,1915955.0,294191.0,5453740.0,Time limit reached. (HiGHS Status 13: model_status is Time limit reached; primal_status is None),False,,600.0,False,1.0
20260825_195505-0400,20260825_195505-0400-0131,131,150,B6x7_stress_T60_S11,11,60,HiGHS-1800s,,,,,,,,,,,,,,,,,,,2698.091178667033,2698.091178667033,10.220630292023998,2.8272994580329396,2711.13910841709,False,,,,1915955.0,294191.0,5453740.0,Time limit reached. (HiGHS Status 13: model_status is Time limit reached; primal_status is None),False,,1800.0,False,1.0
20260825_195505-0400,20260825_195505-0400-0132,132,150,B6x7_stress_T60_S12,12,60,Greedy-Benefit,0.3296267295668218,0.44123711340206195,0.4365145228215768,27.0,0.45,23.0,20.0,1600.0,0.4423076923076923,0.46511627906976744,0.3764705882352941,42.18518518518518,84.0,94.0,313.2548091283188,175.71920254038264,137.53560658793614,0.0010522639077243873,0.004560207948088646,,,,0.004560832981951535,False,,,,,,,Constructive heuristic,True,,,,
20260825_195505-0400,20260825_195505-0400-0132,132,150,B6x7_stress_T60_S12,12,60,Greedy-Density-Operational,0.34283409939283865,0.48092783505154646,0.46307053941908727,27.0,0.45,30.0,15.0,1800.0,0.5769230769230769,0.3488372093023256,0.4235294117647059,38.25925925925926,90.0,107.0,326.0174372946366,169.59047895577598,156.42695833886054,0.0010515820940062298,0.004034792014863342,,,,0.0040354999946430326,False,,,,,,,Constructive heuristic,True,,,,
20260825_195505-0400,20260825_195505-0400-0132,132,150,B6x7_stress_T60_S12,12,60,HiGHS-1s,,,,,,,,,,,,,,,,,,,2.9466135000111535,2.9466135000111535,5.813707709021401,1.5683658749912865,10.32868708402384,False,,,,1026778.0,211889.0,2868511.0,Time limit reached. (HiGHS Status 13: model_status is Time limit reached; primal_status is None),False,,1.0,False,1.0
20260825_195505-0400,20260825_195505-0400-0132,132,150,B6x7_stress_T60_S12,12,60,HiGHS-5s,,,,,,,,,,,,,,,,,,,6.329158167005517,6.329158167005517,5.813707709021401,1.5683658749912865,13.711231751018204,False,,,,1026778.0,211889.0,2868511.0,Time limit reached. (HiGHS Status 13: model_status is Time limit reached; primal_status is None),False,,5.0,False,1.0
20260825_195505-0400,20260825_195505-0400-0132,132,150,B6x7_stress_T60_S12,12,60,HiGHS-15s,,,,,,,,,,,,,,,,,,,17.799697292037308,17.799697292037308,5.813707709021401,1.5683658749912865,25.181770876049995,False,,,,1026778.0,211889.0,2868511.0,Time limit reached. (HiGHS Status 13: model_status is Time limit reached; primal_status is None),False,,15.0,False,1.0
20260825_195505-0400,20260825_195505-0400-0132,132,150,B6x7_stress_T60_S12,12,60,HiGHS-60s,,,,,,,,,,,,,,,,,,,61.6113133750041,61.6113133750041,5.813707709021401,1.5683658749912865,68.99338695901679,False,,,,1026778.0,211889.0,2868511.0,Time limit reached. (HiGHS Status 13: model_status is Time limit reached; primal_status is None),False,,60.0,False,1.0
20260825_195505-0400,20260825_195505-0400-0132,132,150,B6x7_stress_T60_S12,12,60,HiGHS-600s,,,,,,,,,,,,,,,,,,,830.0622312499909,830.0622312499909,5.813707709021401,1.5683658749912865,837.4443048340036,False,,,,1026778.0,211889.0,2868511.0,Time limit reached. (HiGHS Status 13: model_status is Time limit reached; primal_status is None),False,,600.0,False,1.0
20260825_195505-0400,20260825_195505-0400-0132,132,150,B6x7_stress_T60_S12,12,60,HiGHS-1800s,0.0,0.0,0.0,0.0,0.0,0.0,0.0,0.0,0.0,0.0,0.0,,,0.0,0.0,0.0,0.0,,1802.7109370830003,1802.7109370830003,5.813707709021401,1.5683658749912865,1810.093010667013,False,,-0.0,54.81836615983041,1026778.0,211889.0,2868511.0,Time limit reached. (HiGHS Status 13: Time limit reached),True,0.0,1800.0,False,1.0
20260825_195505-0400,20260825_195505-0400-0133,133,150,B6x7_stress_T60_S13,13,60,Greedy-Benefit,0.3872640781096138,0.5465481171548116,0.5284552845528452,30.0,0.5,38.0,16.0,750.0,0.5588235294117647,0.64,0.2542372881355932,43.4,96.0,119.0,371.36888308806505,200.64117660307105,170.72770648499392,0.0010428016340232238,0.005219459009822458,,,,0.005220083985477686,False,,,,,,,Constructive heuristic,True,,,,
20260825_195505-0400,20260825_195505-0400-0133,133,150,B6x7_stress_T60_S13,13,60,Greedy-Density-Operational,0.35488848034396425,0.5292887029288702,0.5392953929539294,32.0,0.5333333333333333,35.0,13.0,1950.0,0.5147058823529411,0.52,0.6610169491525424,43.15625,91.0,115.0,381.3440635139367,209.1983295191408,172.14573399479582,0.0009306254228105858,0.0031031660037115216,,,,0.0031036660075187683,False,,,,,,,Constructive heuristic,True,,,,
20260825_195505-0400,20260825_195505-0400-0133,133,150,B6x7_stress_T60_S13,13,60,HiGHS-1s,,,,,,,,,,,,,,,,,,,2.878151750017423,2.878151750017423,7.645112250000238,2.0535356670152396,12.576799667032901,False,,,,1447233.0,240695.0,4101070.0,Time limit reached. (HiGHS Status 13: model_status is Time limit reached; primal_status is None),False,,1.0,False,1.0
20260825_195505-0400,20260825_195505-0400-0133,133,150,B6x7_stress_T60_S13,13,60,HiGHS-5s,,,,,,,,,,,,,,,,,,,8.403489542019088,8.403489542019088,7.645112250000238,2.0535356670152396,18.102137459034566,False,,,,1447233.0,240695.0,4101070.0,Time limit reached. (HiGHS Status 13: model_status is Time limit reached; primal_status is None),False,,5.0,False,1.0
20260825_195505-0400,20260825_195505-0400-0133,133,150,B6x7_stress_T60_S13,13,60,HiGHS-15s,,,,,,,,,,,,,,,,,,,17.16320866701426,17.16320866701426,7.645112250000238,2.0535356670152396,26.861856584029738,False,,,,1447233.0,240695.0,4101070.0,Time limit reached. (HiGHS Status 13: model_status is Time limit reached; primal_status is None),False,,15.0,False,1.0
20260825_195505-0400,20260825_195505-0400-0133,133,150,B6x7_stress_T60_S13,13,60,HiGHS-60s,,,,,,,,,,,,,,,,,,,64.6597330000368,64.6597330000368,7.645112250000238,2.0535356670152396,74.35838091705227,False,,,,1447233.0,240695.0,4101070.0,Time limit reached. (HiGHS Status 13: model_status is Time limit reached; primal_status is None),False,,60.0,False,1.0
20260825_195505-0400,20260825_195505-0400-0133,133,150,B6x7_stress_T60_S13,13,60,HiGHS-600s,,,,,,,,,,,,,,,,,,,1540.3423796250136,1540.3423796250136,7.645112250000238,2.0535356670152396,1550.041027542029,False,,,,1447233.0,240695.0,4101070.0,Time limit reached. (HiGHS Status 13: model_status is Time limit reached; primal_status is None),False,,600.0,False,1.0
20260825_195505-0400,20260825_195505-0400-0133,133,150,B6x7_stress_T60_S13,13,60,HiGHS-1800s,0.0,0.0,0.0,0.0,0.0,0.0,0.0,0.0,0.0,0.0,0.0,,,0.0,0.0,0.0,0.0,,1804.0299749579863,1804.0299749579863,7.645112250000238,2.0535356670152396,1813.7286228750017,False,,-0.0,69.50739012619592,1447233.0,240695.0,4101070.0,Time limit reached. (HiGHS Status 13: Time limit reached),True,0.0,1800.0,False,1.0
20260825_195505-0400,20260825_195505-0400-0134,134,150,B6x7_stress_T60_S14,14,60,Greedy-Benefit,0.30440370079779094,0.44689800210304953,0.44324772162386084,28.0,0.4666666666666667,20.0,23.0,1750.0,0.47619047619047616,0.41818181818181815,0.4430379746835443,49.785714285714285,95.0,118.0,410.0744275550828,230.87399415662173,179.20043339846106,0.000742313298131477,0.004880958003923297,,,,0.004881499975454062,False,,,,,,,Constructive heuristic,True,,,,
20260825_195505-0400,20260825_195505-0400-0134,134,150,B6x7_stress_T60_S14,14,60,Greedy-Density-Operational,0.28761963901235343,0.4311251314405889,0.44324772162386084,27.0,0.45,17.0,23.0,2250.0,0.40476190476190477,0.41818181818181815,0.569620253164557,46.148148148148145,90.0,107.0,380.58600973897217,192.00794126423114,188.5780684747411,0.0007557283548326423,0.0027077500126324594,,,,0.0027080830186605453,False,,,,,,,Constructive heuristic,True,,,,
20260825_195505-0400,20260825_195505-0400-0134,134,150,B6x7_stress_T60_S14,14,60,HiGHS-1s,,,,,,,,,,,,,,,,,,,3.7336419579805806,3.7336419579805806,6.548460917023476,1.8053307500085793,12.087433625012636,False,,,,1243570.0,215817.0,3514959.0,Time limit reached. (HiGHS Status 13: model_status is Time limit reached; primal_status is None),False,,1.0,False,1.0
20260825_195505-0400,20260825_195505-0400-0134,134,150,B6x7_stress_T60_S14,14,60,HiGHS-5s,,,,,,,,,,,,,,,,,,,6.922672417014837,6.922672417014837,6.548460917023476,1.8053307500085793,15.276464084046893,False,,,,1243570.0,215817.0,3514959.0,Time limit reached. (HiGHS Status 13: model_status is Time limit reached; primal_status is None),False,,5.0,False,1.0
20260825_195505-0400,20260825_195505-0400-0134,134,150,B6x7_stress_T60_S14,14,60,HiGHS-15s,,,,,,,,,,,,,,,,,,,18.362072958028875,18.362072958028875,6.548460917023476,1.8053307500085793,26.71586462506093,False,,,,1243570.0,215817.0,3514959.0,Time limit reached. (HiGHS Status 13: model_status is Time limit reached; primal_status is None),False,,15.0,False,1.0
20260825_195505-0400,20260825_195505-0400-0134,134,150,B6x7_stress_T60_S14,14,60,HiGHS-60s,,,,,,,,,,,,,,,,,,,62.36548891698476,62.36548891698476,6.548460917023476,1.8053307500085793,70.71928058401681,False,,,,1243570.0,215817.0,3514959.0,Time limit reached. (HiGHS Status 13: model_status is Time limit reached; primal_status is None),False,,60.0,False,1.0
20260825_195505-0400,20260825_195505-0400-0134,134,150,B6x7_stress_T60_S14,14,60,HiGHS-600s,,,,,,,,,,,,,,,,,,,815.888301583007,815.888301583007,6.548460917023476,1.8053307500085793,824.242093250039,False,,,,1243570.0,215817.0,3514959.0,Time limit reached. (HiGHS Status 13: model_status is Time limit reached; primal_status is None),False,,600.0,False,1.0
20260825_195505-0400,20260825_195505-0400-0134,134,150,B6x7_stress_T60_S14,14,60,HiGHS-1800s,,,,,,,,,,,,,,,,,,,2146.931226707995,2146.931226707995,6.548460917023476,1.8053307500085793,2155.285018375027,False,,,,1243570.0,215817.0,3514959.0,Time limit reached. (HiGHS Status 13: model_status is Time limit reached; primal_status is None),False,,1800.0,False,1.0
20260825_195505-0400,20260825_195505-0400-0135,135,150,B6x7_stress_T60_S15,15,60,Greedy-Benefit,0.291354204829182,0.4697921701304978,0.4659727782225779,26.0,0.43333333333333335,27.0,24.0,1200.0,0.46551724137931033,0.5,0.38095238095238093,43.57692307692308,91.0,104.0,380.63956554976244,202.81022700365702,177.82933854610545,0.0007654333159202079,0.0049377919640392065,,,,0.004938416997902095,False,,,,,,,Constructive heuristic,True,,,,
20260825_195505-0400,20260825_195505-0400-0135,135,150,B6x7_stress_T60_S15,15,60,Greedy-Density-Operational,0.3078823545564422,0.4475592073465442,0.44115292233787007,25.0,0.4166666666666667,25.0,25.0,850.0,0.43103448275862066,0.5208333333333334,0.2698412698412698,39.96,96.0,118.0,347.4669092214491,177.4876256045276,169.97928361692155,0.0008860767641048124,0.0031017500441521406,,,,0.00310233305208385,False,,,,,,,Constructive heuristic,True,,,,
20260825_195505-0400,20260825_195505-0400-0135,135,150,B6x7_stress_T60_S15,15,60,HiGHS-1s,,,,,,,,,,,,,,,,,,,2.4837796249776147,2.4837796249776147,2.9120083750458434,0.6922906249528751,6.088078624976333,False,,,,496730.0,128415.0,1361841.0,Time limit reached. (HiGHS Status 13: model_status is Time limit reached; primal_status is None),False,,1.0,False,1.0
20260825_195505-0400,20260825_195505-0400-0135,135,150,B6x7_stress_T60_S15,15,60,HiGHS-5s,,,,,,,,,,,,,,,,,,,5.874026625009719,5.874026625009719,2.9120083750458434,0.6922906249528751,9.478325625008438,False,,,,496730.0,128415.0,1361841.0,Time limit reached. (HiGHS Status 13: model_status is Time limit reached; primal_status is None),False,,5.0,False,1.0
20260825_195505-0400,20260825_195505-0400-0135,135,150,B6x7_stress_T60_S15,15,60,HiGHS-15s,,,,,,,,,,,,,,,,,,,17.24909070803551,17.24909070803551,2.9120083750458434,0.6922906249528751,20.85338970803423,False,,,,496730.0,128415.0,1361841.0,Time limit reached. (HiGHS Status 13: model_status is Time limit reached; primal_status is None),False,,15.0,False,1.0
20260825_195505-0400,20260825_195505-0400-0135,135,150,B6x7_stress_T60_S15,15,60,HiGHS-60s,,,,,,,,,,,,,,,,,,,62.1438027920085,62.1438027920085,2.9120083750458434,0.6922906249528751,65.74810179200722,False,,,,496730.0,128415.0,1361841.0,Time limit reached. (HiGHS Status 13: model_status is Time limit reached; primal_status is None),False,,60.0,False,1.0
20260825_195505-0400,20260825_195505-0400-0135,135,150,B6x7_stress_T60_S15,15,60,HiGHS-600s,0.0,0.0,0.0,0.0,0.0,0.0,0.0,0.0,0.0,0.0,0.0,,,0.0,0.0,0.0,0.0,,601.1073068749974,601.1073068749974,2.9120083750458434,0.6922906249528751,604.7116058749962,False,,-0.0,0.362080968223922,496730.0,128415.0,1361841.0,Time limit reached. (HiGHS Status 13: Time limit reached),True,0.0,600.0,False,1.0
20260825_195505-0400,20260825_195505-0400-0135,135,150,B6x7_stress_T60_S15,15,60,HiGHS-1800s,0.3618595508068044,0.49154180763653926,0.4899919935948757,27.0,0.45,27.0,27.0,1200.0,0.46551724137931033,0.5625,0.38095238095238093,43.370370370370374,93.0,114.0,354.1369685198547,192.45323616028168,161.68373235957296,0.0010218067667976797,671.4226477919728,671.4226477919728,2.9120083750458434,0.6922906249528751,675.0269467919716,True,0.0,0.36185955080680426,0.36185955080680426,496730.0,128415.0,1361841.0,Optimization terminated successfully. (HiGHS Status 7: Optimal),True,1.0,1800.0,True,0.0
20260825_195505-0400,20260825_195505-0400-0136,136,150,B6x7_stress_T60_S16,16,60,Greedy-Benefit,0.3268682360948464,0.49205535622757546,0.4810855263157892,27.0,0.45,27.0,21.0,1750.0,0.48214285714285715,0.6,0.3431372549019608,42.03703703703704,90.0,106.0,368.53270577475854,186.84344916526328,181.6892566094952,0.0008869449874406077,0.003231916984077543,,,,0.0032324999920092523,False,,,,,,,Constructive heuristic,True,,,,
20260825_195505-0400,20260825_195505-0400-0136,136,150,B6x7_stress_T60_S16,16,60,Greedy-Density-Operational,0.3408089664662171,0.5115325474115837,0.528782894736842,31.0,0.5166666666666667,28.0,15.0,3550.0,0.5,0.42857142857142855,0.696078431372549,40.806451612903224,89.0,100.0,331.518227845101,180.8247894576587,150.69343838744228,0.0010280248198764417,0.0033329579746350646,,,,0.0033333749743178487,False,,,,,,,Constructive heuristic,True,,,,
20260825_195505-0400,20260825_195505-0400-0136,136,150,B6x7_stress_T60_S16,16,60,HiGHS-1s,,,,,,,,,,,,,,,,,,,2.2018244169885293,2.2018244169885293,4.130470000032801,1.1094327499740757,7.441727166995406,False,,,,751466.0,174595.0,2079869.0,Time limit reached. (HiGHS Status 13: model_status is Time limit reached; primal_status is None),False,,1.0,False,1.0
20260825_195505-0400,20260825_195505-0400-0136,136,150,B6x7_stress_T60_S16,16,60,HiGHS-5s,,,,,,,,,,,,,,,,,,,6.217871208034921,6.217871208034921,4.130470000032801,1.1094327499740757,11.457773958041798,False,,,,751466.0,174595.0,2079869.0,Time limit reached. (HiGHS Status 13: model_status is Time limit reached; primal_status is None),False,,5.0,False,1.0
20260825_195505-0400,20260825_195505-0400-0136,136,150,B6x7_stress_T60_S16,16,60,HiGHS-15s,,,,,,,,,,,,,,,,,,,17.02911825000774,17.02911825000774,4.130470000032801,1.1094327499740757,22.269021000014618,False,,,,751466.0,174595.0,2079869.0,Time limit reached. (HiGHS Status 13: model_status is Time limit reached; primal_status is None),False,,15.0,False,1.0
20260825_195505-0400,20260825_195505-0400-0136,136,150,B6x7_stress_T60_S16,16,60,HiGHS-60s,,,,,,,,,,,,,,,,,,,62.96311558299931,62.96311558299931,4.130470000032801,1.1094327499740757,68.20301833300618,False,,,,751466.0,174595.0,2079869.0,Time limit reached. (HiGHS Status 13: model_status is Time limit reached; primal_status is None),False,,60.0,False,1.0
20260825_195505-0400,20260825_195505-0400-0136,136,150,B6x7_stress_T60_S16,16,60,HiGHS-600s,0.0,0.0,0.0,0.0,0.0,0.0,0.0,0.0,0.0,0.0,0.0,,,0.0,0.0,0.0,0.0,,601.997188917012,601.997188917012,4.130470000032801,1.1094327499740757,607.2370916670188,False,,-0.0,50.465323638571085,751466.0,174595.0,2079869.0,Time limit reached. (HiGHS Status 13: Time limit reached),True,0.0,600.0,False,1.0
20260825_195505-0400,20260825_195505-0400-0136,136,150,B6x7_stress_T60_S16,16,60,HiGHS-1800s,0.40221225559568546,0.5715017939518193,0.5674342105263157,31.0,0.5166666666666667,31.0,23.0,2500.0,0.5535714285714286,0.6571428571428571,0.49019607843137253,43.45161290322581,94.0,117.0,374.79294877469454,190.2548491409856,184.53809963370895,0.0010731585450330175,1590.91843900003,1590.91843900003,4.130470000032801,1.1094327499740757,1596.158341750037,True,0.0,0.4022122555956906,0.4022122555956906,751466.0,174595.0,2079869.0,Optimization terminated successfully. (HiGHS Status 7: Optimal),True,1.0,1800.0,True,0.0
20260825_195505-0400,20260825_195505-0400-0137,137,150,B6x7_stress_T60_S17,17,60,Greedy-Benefit,0.34744554524471694,0.5020920502092051,0.47933157431838175,27.0,0.45,36.0,11.0,1250.0,0.5538461538461539,0.44,0.31645569620253167,44.370370370370374,91.0,113.0,407.02943821876306,222.46675700612795,184.56268121263514,0.0008536128167171486,0.003194207965862006,,,,0.003194957971572876,False,,,,,,,Constructive heuristic,True,,,,
20260825_195505-0400,20260825_195505-0400-0137,137,150,B6x7_stress_T60_S17,17,60,Greedy-Density-Operational,0.32201908892866965,0.48797071129707126,0.49076517150395776,32.0,0.5333333333333333,33.0,9.0,2300.0,0.5076923076923077,0.36,0.5822784810126582,44.84375,107.0,128.0,411.14630951886204,206.57158427994023,204.57472523892181,0.0007832226180152457,0.0031898750457912683,,,,0.0031902920454740524,False,,,,,,,Constructive heuristic,True,,,,
20260825_195505-0400,20260825_195505-0400-0137,137,150,B6x7_stress_T60_S17,17,60,HiGHS-1s,,,,,,,,,,,,,,,,,,,1.9279262499767356,1.9279262499767356,4.031815082998946,1.0232837500516325,6.983025083027314,False,,,,716879.0,171961.0,1978742.0,Time limit reached. (HiGHS Status 13: model_status is Time limit reached; primal_status is None),False,,1.0,False,1.0
20260825_195505-0400,20260825_195505-0400-0137,137,150,B6x7_stress_T60_S17,17,60,HiGHS-5s,,,,,,,,,,,,,,,,,,,6.113563708029687,6.113563708029687,4.031815082998946,1.0232837500516325,11.168662541080266,False,,,,716879.0,171961.0,1978742.0,Time limit reached. (HiGHS Status 13: model_status is Time limit reached; primal_status is None),False,,5.0,False,1.0
20260825_195505-0400,20260825_195505-0400-0137,137,150,B6x7_stress_T60_S17,17,60,HiGHS-15s,,,,,,,,,,,,,,,,,,,17.022392334009055,17.022392334009055,4.031815082998946,1.0232837500516325,22.077491167059634,False,,,,716879.0,171961.0,1978742.0,Time limit reached. (HiGHS Status 13: model_status is Time limit reached; primal_status is None),False,,15.0,False,1.0
20260825_195505-0400,20260825_195505-0400-0137,137,150,B6x7_stress_T60_S17,17,60,HiGHS-60s,,,,,,,,,,,,,,,,,,,61.31402216700371,61.31402216700371,4.031815082998946,1.0232837500516325,66.36912100005429,False,,,,716879.0,171961.0,1978742.0,Time limit reached. (HiGHS Status 13: model_status is Time limit reached; primal_status is None),False,,60.0,False,1.0
20260825_195505-0400,20260825_195505-0400-0137,137,150,B6x7_stress_T60_S17,17,60,HiGHS-600s,0.002308154469267969,0.032949790794979075,0.046613896218117845,3.0,0.05,0.0,2.0,550.0,0.0,0.08,0.13924050632911392,57.0,81.0,103.0,78.75559773301521,39.51718805203414,39.238409680981064,2.9307814754866183e-05,603.9389866249985,603.9389866249985,4.031815082998946,1.0232837500516325,608.9940854580491,False,39224.885915571904,0.002308154469267969,90.53940388702276,716879.0,171961.0,1978742.0,Time limit reached. (HiGHS Status 13: Time limit reached),True,0.0,600.0,True,1.0
20260825_195505-0400,20260825_195505-0400-0137,137,150,B6x7_stress_T60_S17,17,60,HiGHS-1800s,0.39629951035829253,0.5951882845188285,0.5831134564643798,34.0,0.5666666666666667,41.0,13.0,2050.0,0.6307692307692307,0.52,0.5189873417721519,46.38235294117647,102.0,125.0,393.49589361736514,198.7012006044523,194.79469301291286,0.0010071248945323268,1327.9334931669873,1327.9334931669873,4.031815082998946,1.0232837500516325,1332.988592000038,True,0.0,0.39629951035829253,0.39629951035829253,716879.0,171961.0,1978742.0,Optimization terminated successfully. (HiGHS Status 7: Optimal),True,1.0,1800.0,True,0.0
20260825_195505-0400,20260825_195505-0400-0138,138,150,B6x7_stress_T60_S18,18,60,Greedy-Benefit,0.30675173849254217,0.43622828784119116,0.43064516129032254,27.0,0.45,21.0,27.0,900.0,0.42857142857142855,0.47368421052631576,0.3,48.55555555555556,86.0,102.0,372.8290131973554,214.68414368462942,158.14486951272596,0.0008227678845641889,0.002850874967407435,,,,0.0028513330034911633,False,,,,,,,Constructive heuristic,True,,,,
20260825_195505-0400,20260825_195505-0400-0138,138,150,B6x7_stress_T60_S18,18,60,Greedy-Density-Operational,0.29396085509100445,0.46104218362282884,0.4548387096774194,28.0,0.4666666666666667,22.0,29.0,900.0,0.4489795918367347,0.5087719298245614,0.3,48.892857142857146,108.0,127.0,405.533040612243,212.29599436269248,193.23704624955047,0.0007248752275454662,0.0027889999910257757,,,,0.0027894169907085598,False,,,,,,,Constructive heuristic,True,,,,
20260825_195505-0400,20260825_195505-0400-0138,138,150,B6x7_stress_T60_S18,18,60,HiGHS-1s,,,,,,,,,,,,,,,,,,,1.8686575000174344,1.8686575000174344,4.078135458985344,0.9731601250241511,6.919953084026929,False,,,,682372.0,147161.0,1900021.0,Time limit reached. (HiGHS Status 13: model_status is Time limit reached; primal_status is None),False,,1.0,False,1.0
20260825_195505-0400,20260825_195505-0400-0138,138,150,B6x7_stress_T60_S18,18,60,HiGHS-5s,,,,,,,,,,,,,,,,,,,5.853348332981113,5.853348332981113,4.078135458985344,0.9731601250241511,10.904643916990608,False,,,,682372.0,147161.0,1900021.0,Time limit reached. (HiGHS Status 13: model_status is Time limit reached; primal_status is None),False,,5.0,False,1.0
20260825_195505-0400,20260825_195505-0400-0138,138,150,B6x7_stress_T60_S18,18,60,HiGHS-15s,,,,,,,,,,,,,,,,,,,16.479631250025705,16.479631250025705,4.078135458985344,0.9731601250241511,21.5309268340352,False,,,,682372.0,147161.0,1900021.0,Time limit reached. (HiGHS Status 13: model_status is Time limit reached; primal_status is None),False,,15.0,False,1.0
20260825_195505-0400,20260825_195505-0400-0138,138,150,B6x7_stress_T60_S18,18,60,HiGHS-60s,,,,,,,,,,,,,,,,,,,63.94914737500949,63.94914737500949,4.078135458985344,0.9731601250241511,69.00044295901898,False,,,,682372.0,147161.0,1900021.0,Time limit reached. (HiGHS Status 13: model_status is Time limit reached; primal_status is None),False,,60.0,False,1.0
20260825_195505-0400,20260825_195505-0400-0138,138,150,B6x7_stress_T60_S18,18,60,HiGHS-600s,0.0,0.0,0.0,0.0,0.0,0.0,0.0,0.0,0.0,0.0,0.0,,,0.0,0.0,0.0,0.0,,601.6535989999538,601.6535989999538,4.078135458985344,0.9731601250241511,606.7048945839633,False,,-0.0,72.23418144339166,682372.0,147161.0,1900021.0,Time limit reached. (HiGHS Status 13: Time limit reached),True,0.0,600.0,False,1.0
20260825_195505-0400,20260825_195505-0400-0138,138,150,B6x7_stress_T60_S18,18,60,HiGHS-1800s,0.35078213399331215,0.4471464019851117,0.44838709677419364,25.0,0.4166666666666667,20.0,29.0,1100.0,0.40816326530612246,0.5087719298245614,0.36666666666666664,40.2,84.0,97.0,281.4966685952414,150.59840325187906,130.89826534336228,0.0012461324524507785,1805.1119612079929,1805.1119612079929,4.078135458985344,0.9731601250241511,1810.1632567920024,False,0.018218716174160016,0.35078213399331215,0.3571729341315025,682372.0,147161.0,1900021.0,Time limit reached. (HiGHS Status 13: Time limit reached),True,0.0,1800.0,True,1.0
20260825_195505-0400,20260825_195505-0400-0139,139,150,B6x7_stress_T60_S19,19,60,Greedy-Benefit,0.3065519367483853,0.5038240917782028,0.5023400936037439,30.0,0.5,32.0,18.0,2400.0,0.5423728813559322,0.4090909090909091,0.5714285714285714,46.93333333333333,96.0,116.0,370.3242772612364,201.05132560569479,169.27295165554156,0.0008277932492450006,0.003081750008277595,,,,0.0030822500120848417,False,,,,,,,Constructive heuristic,True,,,,
20260825_195505-0400,20260825_195505-0400-0139,139,150,B6x7_stress_T60_S19,19,60,Greedy-Density-Operational,0.30748359851782586,0.4937858508604207,0.4859594383775348,28.0,0.4666666666666667,32.0,18.0,2050.0,0.5423728813559322,0.4090909090909091,0.4880952380952381,43.107142857142854,92.0,116.0,350.2162209715118,184.14518363866685,166.07103733284495,0.0008779821724557926,0.002642042003571987,,,,0.0026424590032547712,False,,,,,,,Constructive heuristic,True,,,,
20260825_195505-0400,20260825_195505-0400-0139,139,150,B6x7_stress_T60_S19,19,60,HiGHS-1s,,,,,,,,,,,,,,,,,,,2.8580173749942333,2.8580173749942333,5.467908416991122,1.5088630419922993,9.834788833977655,False,,,,1006096.0,210661.0,2807693.0,Time limit reached. (HiGHS Status 13: model_status is Time limit reached; primal_status is None),False,,1.0,False,1.0
20260825_195505-0400,20260825_195505-0400-0139,139,150,B6x7_stress_T60_S19,19,60,HiGHS-5s,,,,,,,,,,,,,,,,,,,7.6954053749796,7.6954053749796,5.467908416991122,1.5088630419922993,14.672176833963022,False,,,,1006096.0,210661.0,2807693.0,Time limit reached. (HiGHS Status 13: model_status is Time limit reached; primal_status is None),False,,5.0,False,1.0
20260825_195505-0400,20260825_195505-0400-0139,139,150,B6x7_stress_T60_S19,19,60,HiGHS-15s,,,,,,,,,,,,,,,,,,,17.529100040963385,17.529100040963385,5.467908416991122,1.5088630419922993,24.505871499946807,False,,,,1006096.0,210661.0,2807693.0,Time limit reached. (HiGHS Status 13: model_status is Time limit reached; primal_status is None),False,,15.0,False,1.0
20260825_195505-0400,20260825_195505-0400-0139,139,150,B6x7_stress_T60_S19,19,60,HiGHS-60s,,,,,,,,,,,,,,,,,,,63.36487945803674,63.36487945803674,5.467908416991122,1.5088630419922993,70.34165091702016,False,,,,1006096.0,210661.0,2807693.0,Time limit reached. (HiGHS Status 13: model_status is Time limit reached; primal_status is None),False,,60.0,False,1.0
20260825_195505-0400,20260825_195505-0400-0139,139,150,B6x7_stress_T60_S19,19,60,HiGHS-600s,,,,,,,,,,,,,,,,,,,745.2828265830176,745.2828265830176,5.467908416991122,1.5088630419922993,752.259598042001,False,,,,1006096.0,210661.0,2807693.0,Time limit reached. (HiGHS Status 13: model_status is Time limit reached; primal_status is None),False,,600.0,False,1.0
20260825_195505-0400,20260825_195505-0400-0139,139,150,B6x7_stress_T60_S19,19,60,HiGHS-1800s,0.3845859418883906,0.5406309751434033,0.5390015600624023,29.0,0.48333333333333334,30.0,28.0,1850.0,0.5084745762711864,0.6363636363636364,0.44047619047619047,42.206896551724135,90.0,112.0,326.8639754763802,167.13962621311856,159.7243492632616,0.0011765932337079513,1748.0686544159544,1748.0686544159544,5.467908416991122,1.5088630419922993,1755.0454258749378,True,0.0,0.3845859418883906,0.3845859418883906,1006096.0,210661.0,2807693.0,Optimization terminated successfully. (HiGHS Status 7: Optimal),True,1.0,1800.0,True,0.0
20260825_195505-0400,20260825_195505-0400-0140,140,150,B6x7_stress_T60_S20,20,60,Greedy-Benefit,0.31061742439821316,0.4747919725893295,0.45943708609271516,26.0,0.43333333333333335,32.0,19.0,750.0,0.463768115942029,0.6551724137931034,0.19736842105263158,43.88461538461539,87.0,104.0,352.3489185622319,188.01167685001724,164.33724171221462,0.0008815620200161104,0.0026861249934881926,,,,0.0026866249972954392,False,,,,,,,Constructive heuristic,True,,,,
20260825_195505-0400,20260825_195505-0400-0140,140,150,B6x7_stress_T60_S20,20,60,Greedy-Density-Operational,0.3353704298807267,0.4772393538913363,0.45943708609271505,27.0,0.45,33.0,18.0,750.0,0.4782608695652174,0.6206896551724138,0.19736842105263158,43.22222222222222,91.0,104.0,386.4948085114837,200.24139756191343,186.25341094957025,0.0008677229874635224,0.0031087080133147538,,,,0.003109291021246463,False,,,,,,,Constructive heuristic,True,,,,
20260825_195505-0400,20260825_195505-0400-0140,140,150,B6x7_stress_T60_S20,20,60,HiGHS-1s,,,,,,,,,,,,,,,,,,,2.431517583958339,2.431517583958339,4.827291209017858,1.297162709000986,8.555971501977183,False,,,,887970.0,184386.0,2479590.0,Time limit reached. (HiGHS Status 13: model_status is Time limit reached; primal_status is None),False,,1.0,False,1.0
20260825_195505-0400,20260825_195505-0400-0140,140,150,B6x7_stress_T60_S20,20,60,HiGHS-5s,,,,,,,,,,,,,,,,,,,6.247091083030682,6.247091083030682,4.827291209017858,1.297162709000986,12.371545001049526,False,,,,887970.0,184386.0,2479590.0,Time limit reached. (HiGHS Status 13: model_status is Time limit reached; primal_status is None),False,,5.0,False,1.0
20260825_195505-0400,20260825_195505-0400-0140,140,150,B6x7_stress_T60_S20,20,60,HiGHS-15s,,,,,,,,,,,,,,,,,,,17.099657458020374,17.099657458020374,4.827291209017858,1.297162709000986,23.224111376039218,False,,,,887970.0,184386.0,2479590.0,Time limit reached. (HiGHS Status 13: model_status is Time limit reached; primal_status is None),False,,15.0,False,1.0
20260825_195505-0400,20260825_195505-0400-0140,140,150,B6x7_stress_T60_S20,20,60,HiGHS-60s,,,,,,,,,,,,,,,,,,,64.71857041702606,64.71857041702606,4.827291209017858,1.297162709000986,70.8430243350449,False,,,,887970.0,184386.0,2479590.0,Time limit reached. (HiGHS Status 13: model_status is Time limit reached; primal_status is None),False,,60.0,False,1.0
20260825_195505-0400,20260825_195505-0400-0140,140,150,B6x7_stress_T60_S20,20,60,HiGHS-600s,0.0,0.0,0.0,0.0,0.0,0.0,0.0,0.0,0.0,0.0,0.0,,,0.0,0.0,0.0,0.0,,602.4657191250008,602.4657191250008,4.827291209017858,1.297162709000986,608.5901730430196,False,,-0.0,1.9079913642834934,887970.0,184386.0,2479590.0,Time limit reached. (HiGHS Status 13: Time limit reached),True,0.0,600.0,False,1.0
20260825_195505-0400,20260825_195505-0400-0140,140,150,B6x7_stress_T60_S20,20,60,HiGHS-1800s,0.0,0.0,0.0,0.0,0.0,0.0,0.0,0.0,0.0,0.0,0.0,,,0.0,0.0,0.0,0.0,,1811.5600429169717,1811.5600429169717,4.827291209017858,1.297162709000986,1817.6844968349906,False,,-0.0,0.3642982551597328,887970.0,184386.0,2479590.0,Time limit reached. (HiGHS Status 13: Time limit reached),True,0.0,1800.0,False,1.0
20260825_195505-0400,20260825_195505-0400-0141,141,150,B6x7_stress_T60_S21,21,60,Greedy-Benefit,0.3273593679979865,0.46188850967007955,0.4627659574468084,26.0,0.43333333333333335,19.0,20.0,2200.0,0.4222222222222222,0.5555555555555556,0.41509433962264153,43.69230769230769,89.0,108.0,335.5463635245816,202.23472098369675,133.3116425408849,0.0009756010005872249,0.004864791000727564,,,,0.004865416034590453,False,,,,,,,Constructive heuristic,True,,,,
20260825_195505-0400,20260825_195505-0400-0141,141,150,B6x7_stress_T60_S21,21,60,Greedy-Density-Operational,0.31772211433182673,0.4641638225255972,0.4352836879432624,27.0,0.45,24.0,17.0,1350.0,0.5333333333333333,0.4722222222222222,0.25471698113207547,38.74074074074074,78.0,95.0,324.04813776871634,170.18184843052532,153.86628933819105,0.0009804781367347196,0.0025765420286916196,,,,0.0025768750347197056,False,,,,,,,Constructive heuristic,True,,,,
20260825_195505-0400,20260825_195505-0400-0141,141,150,B6x7_stress_T60_S21,21,60,HiGHS-1s,,,,,,,,,,,,,,,,,,,3.259409540973138,3.259409540973138,5.814731666003354,1.5842144999769516,10.658355706953444,False,,,,1089367.0,196802.0,3071365.0,Time limit reached. (HiGHS Status 13: model_status is Time limit reached; primal_status is None),False,,1.0,False,1.0
20260825_195505-0400,20260825_195505-0400-0141,141,150,B6x7_stress_T60_S21,21,60,HiGHS-5s,,,,,,,,,,,,,,,,,,,7.198357959045097,7.198357959045097,5.814731666003354,1.5842144999769516,14.597304125025403,False,,,,1089367.0,196802.0,3071365.0,Time limit reached. (HiGHS Status 13: model_status is Time limit reached; primal_status is None),False,,5.0,False,1.0
20260825_195505-0400,20260825_195505-0400-0141,141,150,B6x7_stress_T60_S21,21,60,HiGHS-15s,,,,,,,,,,,,,,,,,,,17.665905790985562,17.665905790985562,5.814731666003354,1.5842144999769516,25.064851956965867,False,,,,1089367.0,196802.0,3071365.0,Time limit reached. (HiGHS Status 13: model_status is Time limit reached; primal_status is None),False,,15.0,False,1.0
20260825_195505-0400,20260825_195505-0400-0141,141,150,B6x7_stress_T60_S21,21,60,HiGHS-60s,,,,,,,,,,,,,,,,,,,66.29266916698543,66.29266916698543,5.814731666003354,1.5842144999769516,73.69161533296574,False,,,,1089367.0,196802.0,3071365.0,Time limit reached. (HiGHS Status 13: model_status is Time limit reached; primal_status is None),False,,60.0,False,1.0
20260825_195505-0400,20260825_195505-0400-0141,141,150,B6x7_stress_T60_S21,21,60,HiGHS-600s,,,,,,,,,,,,,,,,,,,856.6954950419604,856.6954950419604,5.814731666003354,1.5842144999769516,864.0944412079407,False,,,,1089367.0,196802.0,3071365.0,Time limit reached. (HiGHS Status 13: model_status is Time limit reached; primal_status is None),False,,600.0,False,1.0
20260825_195505-0400,20260825_195505-0400-0141,141,150,B6x7_stress_T60_S21,21,60,HiGHS-1800s,0.0,0.0,0.0,0.0,0.0,0.0,0.0,0.0,0.0,0.0,0.0,,,0.0,0.0,0.0,0.0,,1802.9262018750305,1802.9262018750305,5.814731666003354,1.5842144999769516,1810.3251480410108,False,,-0.0,51.68110655559111,1089367.0,196802.0,3071365.0,Time limit reached. (HiGHS Status 13: Time limit reached),True,0.0,1800.0,False,1.0
20260825_195505-0400,20260825_195505-0400-0142,142,150,B6x7_stress_T60_S22,22,60,Greedy-Benefit,0.3786410323486037,0.5279471544715446,0.5490196078431371,32.0,0.5333333333333333,29.0,21.0,2400.0,0.48333333333333334,0.5384615384615384,0.7868852459016393,40.6875,83.0,107.0,319.0125863951254,161.07328725801307,157.93929913711236,0.0011869156531636752,0.004904541012365371,,,,0.004905249981675297,False,,,,,,,Constructive heuristic,True,,,,
20260825_195505-0400,20260825_195505-0400-0142,142,150,B6x7_stress_T60_S22,22,60,Greedy-Density-Operational,0.3663456209258777,0.5787601626016261,0.5959079283887466,32.0,0.5333333333333333,31.0,26.0,2150.0,0.5166666666666667,0.6666666666666666,0.7049180327868853,40.59375,94.0,116.0,306.552675170449,158.44039304456166,148.11228212588736,0.001195049499151109,0.003963291004765779,,,,0.0039637910085730255,False,,,,,,,Constructive heuristic,True,,,,
20260825_195505-0400,20260825_195505-0400-0142,142,150,B6x7_stress_T60_S22,22,60,HiGHS-1s,,,,,,,,,,,,,,,,,,,1.834778374992311,1.834778374992311,3.1806070409948006,0.8361410000361502,5.851526416023262,False,,,,568287.0,137369.0,1567558.0,Time limit reached. (HiGHS Status 13: model_status is Time limit reached; primal_status is None),False,,1.0,False,1.0
20260825_195505-0400,20260825_195505-0400-0142,142,150,B6x7_stress_T60_S22,22,60,HiGHS-5s,,,,,,,,,,,,,,,,,,,5.826849542034324,5.826849542034324,3.1806070409948006,0.8361410000361502,9.843597583065275,False,,,,568287.0,137369.0,1567558.0,Time limit reached. (HiGHS Status 13: model_status is Time limit reached; primal_status is None),False,,5.0,False,1.0
20260825_195505-0400,20260825_195505-0400-0142,142,150,B6x7_stress_T60_S22,22,60,HiGHS-15s,,,,,,,,,,,,,,,,,,,16.29404175002128,16.29404175002128,3.1806070409948006,0.8361410000361502,20.31078979105223,False,,,,568287.0,137369.0,1567558.0,Time limit reached. (HiGHS Status 13: model_status is Time limit reached; primal_status is None),False,,15.0,False,1.0
20260825_195505-0400,20260825_195505-0400-0142,142,150,B6x7_stress_T60_S22,22,60,HiGHS-60s,,,,,,,,,,,,,,,,,,,63.61207762500271,63.61207762500271,3.1806070409948006,0.8361410000361502,67.62882566603366,False,,,,568287.0,137369.0,1567558.0,Time limit reached. (HiGHS Status 13: model_status is Time limit reached; primal_status is None),False,,60.0,False,1.0
20260825_195505-0400,20260825_195505-0400-0142,142,150,B6x7_stress_T60_S22,22,60,HiGHS-600s,0.28934941704640454,0.3663617886178862,0.3589087809036657,19.0,0.31666666666666665,23.0,14.0,850.0,0.38333333333333336,0.358974358974359,0.2786885245901639,32.8421052631579,79.0,90.0,176.73004454814748,88.4868128490163,88.24323169913117,0.0016372395411668422,601.4652327499934,601.4652327499934,3.1806070409948006,0.8361410000361502,605.4819807910244,False,0.5485085432160269,0.28934941704640454,0.44806004427093454,568287.0,137369.0,1567558.0,Time limit reached. (HiGHS Status 13: Time limit reached),True,0.0,600.0,True,1.0
20260825_195505-0400,20260825_195505-0400-0142,142,150,B6x7_stress_T60_S22,22,60,HiGHS-1800s,0.44329741359762215,0.5990853658536586,0.6172208013640236,33.0,0.55,33.0,25.0,2400.0,0.55,0.6410256410256411,0.7868852459016393,41.0,85.0,107.0,297.89371676182384,149.023079920415,148.87063684140884,0.001488105954084468,1253.7236054579844,1253.7236054579844,3.1806070409948006,0.8361410000361502,1257.7403534990153,True,0.0,0.4432974135976222,0.4432974135976222,568287.0,137369.0,1567558.0,Optimization terminated successfully. (HiGHS Status 7: Optimal),True,1.0,1800.0,True,0.0
20260825_195505-0400,20260825_195505-0400-0143,143,150,B6x7_stress_T60_S23,23,60,Greedy-Benefit,0.4017357404674755,0.6019900497512438,0.5978062157221206,32.0,0.5333333333333333,33.0,21.0,1900.0,0.5789473684210527,0.7241379310344828,0.48717948717948717,42.03125,89.0,99.0,315.57213271811185,184.05566063415975,131.51647208395198,0.0012730393428824409,0.003001249977387488,,,,0.0030020829872228205,False,,,,,,,Constructive heuristic,True,,,,
20260825_195505-0400,20260825_195505-0400-0143,143,150,B6x7_stress_T60_S23,23,60,Greedy-Density-Operational,0.4203841418662159,0.6218905472636818,0.5987202925045704,33.0,0.55,39.0,16.0,1750.0,0.6842105263157895,0.5517241379310345,0.44871794871794873,39.484848484848484,84.0,99.0,295.0521752276289,156.4802336757902,138.57194155183873,0.001424778995585764,0.002931915980298072,,,,0.002932499977760017,False,,,,,,,Constructive heuristic,True,,,,
20260825_195505-0400,20260825_195505-0400-0143,143,150,B6x7_stress_T60_S23,23,60,HiGHS-1s,,,,,,,,,,,,,,,,,,,2.8946821250137873,2.8946821250137873,8.036643041996285,2.143481041013729,13.074806208023801,False,,,,1416694.0,259970.0,3990178.0,Time limit reached. (HiGHS Status 13: model_status is Time limit reached; primal_status is None),False,,1.0,False,1.0
20260825_195505-0400,20260825_195505-0400-0143,143,150,B6x7_stress_T60_S23,23,60,HiGHS-5s,,,,,,,,,,,,,,,,,,,8.011748041026294,8.011748041026294,8.036643041996285,2.143481041013729,18.19187212403631,False,,,,1416694.0,259970.0,3990178.0,Time limit reached. (HiGHS Status 13: model_status is Time limit reached; primal_status is None),False,,5.0,False,1.0
20260825_195505-0400,20260825_195505-0400-0143,143,150,B6x7_stress_T60_S23,23,60,HiGHS-15s,,,,,,,,,,,,,,,,,,,18.40453629096737,18.40453629096737,8.036643041996285,2.143481041013729,28.584660373977385,False,,,,1416694.0,259970.0,3990178.0,Time limit reached. (HiGHS Status 13: model_status is Time limit reached; primal_status is None),False,,15.0,False,1.0
20260825_195505-0400,20260825_195505-0400-0143,143,150,B6x7_stress_T60_S23,23,60,HiGHS-60s,,,,,,,,,,,,,,,,,,,63.67972995800665,63.67972995800665,8.036643041996285,2.143481041013729,73.85985404101666,False,,,,1416694.0,259970.0,3990178.0,Time limit reached. (HiGHS Status 13: model_status is Time limit reached; primal_status is None),False,,60.0,False,1.0
20260825_195505-0400,20260825_195505-0400-0143,143,150,B6x7_stress_T60_S23,23,60,HiGHS-600s,,,,,,,,,,,,,,,,,,,1415.3224205000442,1415.3224205000442,8.036643041996285,2.143481041013729,1425.5025445830543,False,,,,1416694.0,259970.0,3990178.0,Time limit reached. (HiGHS Status 13: model_status is Time limit reached; primal_status is None),False,,600.0,False,1.0
20260825_195505-0400,20260825_195505-0400-0143,143,150,B6x7_stress_T60_S23,23,60,HiGHS-1800s,0.002823417155415208,0.022664455500276397,0.02376599634369287,3.0,0.05,1.0,1.0,100.0,0.017543859649122806,0.034482758620689655,0.02564102564102564,49.666666666666664,76.0,86.0,57.92461538399976,28.962307691999875,28.962307691999875,4.874295904595867e-05,1804.170360499993,1804.170360499993,8.036643041996285,2.143481041013729,1814.350484583003,False,161440.9904881041,0.002823417155415208,455.8180855484919,1416694.0,259970.0,3990178.0,Time limit reached. (HiGHS Status 13: Time limit reached),True,0.0,1800.0,True,1.0
20260825_195505-0400,20260825_195505-0400-0144,144,150,B6x7_stress_T60_S24,24,60,Greedy-Benefit,0.32006753813243893,0.4715138361367338,0.46080139372822293,24.0,0.4,22.0,24.0,1150.0,0.44,0.6153846153846154,0.26744186046511625,43.625,90.0,109.0,372.21288024962854,199.38745960191488,172.82542064771374,0.0008599045200095768,0.0028960410272702575,,,,0.0028966660029254854,False,,,,,,,Constructive heuristic,True,,,,
20260825_195505-0400,20260825_195505-0400-0144,144,150,B6x7_stress_T60_S24,24,60,Greedy-Density-Operational,0.3030951080674267,0.48996201844818243,0.4860627177700348,28.0,0.4666666666666667,24.0,21.0,1800.0,0.48,0.5384615384615384,0.4186046511627907,43.892857142857146,103.0,124.0,377.9012364950454,192.09534158395056,185.80589491109478,0.0008020484687442945,0.002941375016234815,,,,0.0029417090117931366,False,,,,,,,Constructive heuristic,True,,,,
20260825_195505-0400,20260825_195505-0400-0144,144,150,B6x7_stress_T60_S24,24,60,HiGHS-1s,,,,,,,,,,,,,,,,,,,2.7110457079834305,2.7110457079834305,5.22802945895819,1.291891333006788,9.230966499948408,False,,,,964692.0,179701.0,2714441.0,Time limit reached. (HiGHS Status 13: model_status is Time limit reached; primal_status is None),False,,1.0,False,1.0
20260825_195505-0400,20260825_195505-0400-0144,144,150,B6x7_stress_T60_S24,24,60,HiGHS-5s,,,,,,,,,,,,,,,,,,,6.368068374984432,6.368068374984432,5.22802945895819,1.291891333006788,12.88798916694941,False,,,,964692.0,179701.0,2714441.0,Time limit reached. (HiGHS Status 13: model_status is Time limit reached; primal_status is None),False,,5.0,False,1.0
20260825_195505-0400,20260825_195505-0400-0144,144,150,B6x7_stress_T60_S24,24,60,HiGHS-15s,,,,,,,,,,,,,,,,,,,17.341056333039887,17.341056333039887,5.22802945895819,1.291891333006788,23.860977125004865,False,,,,964692.0,179701.0,2714441.0,Time limit reached. (HiGHS Status 13: model_status is Time limit reached; primal_status is None),False,,15.0,False,1.0
20260825_195505-0400,20260825_195505-0400-0144,144,150,B6x7_stress_T60_S24,24,60,HiGHS-60s,,,,,,,,,,,,,,,,,,,63.21234562504105,63.21234562504105,5.22802945895819,1.291891333006788,69.73226641700603,False,,,,964692.0,179701.0,2714441.0,Time limit reached. (HiGHS Status 13: model_status is Time limit reached; primal_status is None),False,,60.0,False,1.0
20260825_195505-0400,20260825_195505-0400-0144,144,150,B6x7_stress_T60_S24,24,60,HiGHS-600s,,,,,,,,,,,,,,,,,,,620.3020332499873,620.3020332499873,5.22802945895819,1.291891333006788,626.8219540419523,False,,,,964692.0,179701.0,2714441.0,Time limit reached. (HiGHS Status 13: model_status is Time limit reached; primal_status is None),False,,600.0,False,1.0
20260825_195505-0400,20260825_195505-0400-0144,144,150,B6x7_stress_T60_S24,24,60,HiGHS-1800s,0.3745427555537931,0.5469343461747154,0.53397212543554,28.0,0.4666666666666667,27.0,25.0,1550.0,0.54,0.6410256410256411,0.36046511627906974,43.5,91.0,109.0,366.2329919922173,191.77208292237697,174.46090906984034,0.00102268982790538,1642.70584358403,1642.70584358403,5.22802945895819,1.291891333006788,1649.225764375995,True,0.0,0.3745427555537931,0.3745427555537931,964692.0,179701.0,2714441.0,Optimization terminated successfully. (HiGHS Status 7: Optimal),True,1.0,1800.0,True,0.0
20260825_195505-0400,20260825_195505-0400-0145,145,150,B6x7_stress_T60_S25,25,60,Greedy-Benefit,0.34233430281993005,0.5227507755946226,0.5054211843202671,29.0,0.48333333333333334,33.0,15.0,2100.0,0.6,0.40540540540540543,0.45161290322580644,44.310344827586206,86.0,103.0,349.5552638308129,192.6562089661214,156.89905486469146,0.0009793424337778594,0.01661754195811227,,,,0.016618708963505924,False,,,,,,,Constructive heuristic,True,,,,
20260825_195505-0400,20260825_195505-0400-0145,145,150,B6x7_stress_T60_S25,25,60,Greedy-Density-Operational,0.3353333820500225,0.5211995863495348,0.5195996663886575,31.0,0.5166666666666667,30.0,17.0,2550.0,0.5454545454545454,0.4594594594594595,0.5483870967741935,45.03225806451613,88.0,111.0,362.02019942105727,185.3571392049612,176.66306021609606,0.000926283623362143,0.0036278340267017484,,,,0.0036282920045778155,False,,,,,,,Constructive heuristic,True,,,,
20260825_195505-0400,20260825_195505-0400-0145,145,150,B6x7_stress_T60_S25,25,60,HiGHS-1s,,,,,,,,,,,,,,,,,,,2.927377042011358,2.927377042011358,5.0046335000079125,1.266603792028036,9.198614334047306,False,,,,918413.0,187419.0,2567886.0,Time limit reached. (HiGHS Status 13: model_status is Time limit reached; primal_status is None),False,,1.0,False,1.0
20260825_195505-0400,20260825_195505-0400-0145,145,150,B6x7_stress_T60_S25,25,60,HiGHS-5s,,,,,,,,,,,,,,,,,,,6.6130191659904085,6.6130191659904085,5.0046335000079125,1.266603792028036,12.884256458026357,False,,,,918413.0,187419.0,2567886.0,Time limit reached. (HiGHS Status 13: model_status is Time limit reached; primal_status is None),False,,5.0,False,1.0
20260825_195505-0400,20260825_195505-0400-0145,145,150,B6x7_stress_T60_S25,25,60,HiGHS-15s,,,,,,,,,,,,,,,,,,,17.25055825000163,17.25055825000163,5.0046335000079125,1.266603792028036,23.52179554203758,False,,,,918413.0,187419.0,2567886.0,Time limit reached. (HiGHS Status 13: model_status is Time limit reached; primal_status is None),False,,15.0,False,1.0
20260825_195505-0400,20260825_195505-0400-0145,145,150,B6x7_stress_T60_S25,25,60,HiGHS-60s,,,,,,,,,,,,,,,,,,,65.90507012500893,65.90507012500893,5.0046335000079125,1.266603792028036,72.17630741704488,False,,,,918413.0,187419.0,2567886.0,Time limit reached. (HiGHS Status 13: model_status is Time limit reached; primal_status is None),False,,60.0,False,1.0
20260825_195505-0400,20260825_195505-0400-0145,145,150,B6x7_stress_T60_S25,25,60,HiGHS-600s,,,,,,,,,,,,,,,,,,,804.0833730419981,804.0833730419981,5.0046335000079125,1.266603792028036,810.3546103340341,False,,,,918413.0,187419.0,2567886.0,Time limit reached. (HiGHS Status 13: model_status is Time limit reached; primal_status is None),False,,600.0,False,1.0
20260825_195505-0400,20260825_195505-0400-0145,145,150,B6x7_stress_T60_S25,25,60,HiGHS-1800s,0.0,0.0,0.0,0.0,0.0,0.0,0.0,0.0,0.0,0.0,0.0,,,0.0,0.0,0.0,0.0,,1802.5019414169947,1802.5019414169947,5.0046335000079125,1.266603792028036,1808.7731787090306,False,,-0.0,36.272377665384596,918413.0,187419.0,2567886.0,Time limit reached. (HiGHS Status 13: Time limit reached),True,0.0,1800.0,False,1.0
20260825_195505-0400,20260825_195505-0400-0146,146,150,B6x7_stress_T60_S26,26,60,Greedy-Benefit,0.3594296997647706,0.4986346258874932,0.4779929577464787,28.0,0.4666666666666667,26.0,22.0,1050.0,0.49056603773584906,0.6666666666666666,0.22826086956521738,45.42857142857143,95.0,111.0,364.07006750102533,197.97866875143814,166.0913987495872,0.0009872541904691419,0.004827582975849509,,,,0.0048282909556292,False,,,,,,,Constructive heuristic,True,,,,
20260825_195505-0400,20260825_195505-0400-0146,146,150,B6x7_stress_T60_S26,26,60,Greedy-Density-Operational,0.35153827012148686,0.5767340251228836,0.5466549295774648,31.0,0.5166666666666667,33.0,21.0,1350.0,0.6226415094339622,0.6363636363636364,0.29347826086956524,44.41935483870968,97.0,113.0,384.3231484394396,194.55340278701516,189.76974565242438,0.0009146945000552865,0.004394249990582466,,,,0.004394875024445355,False,,,,,,,Constructive heuristic,True,,,,
20260825_195505-0400,20260825_195505-0400-0146,146,150,B6x7_stress_T60_S26,26,60,HiGHS-1s,,,,,,,,,,,,,,,,,,,2.3611070830374956,2.3611070830374956,4.7506276670028456,1.2354627499589697,8.34719749999931,False,,,,837646.0,167740.0,2345264.0,Time limit reached. (HiGHS Status 13: model_status is Time limit reached; primal_status is None),False,,1.0,False,1.0
20260825_195505-0400,20260825_195505-0400-0146,146,150,B6x7_stress_T60_S26,26,60,HiGHS-5s,,,,,,,,,,,,,,,,,,,7.245974209043197,7.245974209043197,4.7506276670028456,1.2354627499589697,13.232064626005013,False,,,,837646.0,167740.0,2345264.0,Time limit reached. (HiGHS Status 13: model_status is Time limit reached; primal_status is None),False,,5.0,False,1.0
20260825_195505-0400,20260825_195505-0400-0146,146,150,B6x7_stress_T60_S26,26,60,HiGHS-15s,,,,,,,,,,,,,,,,,,,16.37171658303123,16.37171658303123,4.7506276670028456,1.2354627499589697,22.357806999993045,False,,,,837646.0,167740.0,2345264.0,Time limit reached. (HiGHS Status 13: model_status is Time limit reached; primal_status is None),False,,15.0,False,1.0
20260825_195505-0400,20260825_195505-0400-0146,146,150,B6x7_stress_T60_S26,26,60,HiGHS-60s,,,,,,,,,,,,,,,,,,,66.59757283399813,66.59757283399813,4.7506276670028456,1.2354627499589697,72.58366325095994,False,,,,837646.0,167740.0,2345264.0,Time limit reached. (HiGHS Status 13: model_status is Time limit reached; primal_status is None),False,,60.0,False,1.0
20260825_195505-0400,20260825_195505-0400-0146,146,150,B6x7_stress_T60_S26,26,60,HiGHS-600s,0.0,0.0,0.0,0.0,0.0,0.0,0.0,0.0,0.0,0.0,0.0,,,0.0,0.0,0.0,0.0,,602.3077940419898,602.3077940419898,4.7506276670028456,1.2354627499589697,608.2938844589517,False,,-0.0,58.716445550563854,837646.0,167740.0,2345264.0,Time limit reached. (HiGHS Status 13: Time limit reached),True,0.0,600.0,False,1.0
20260825_195505-0400,20260825_195505-0400-0146,146,150,B6x7_stress_T60_S26,26,60,HiGHS-1800s,0.0,0.0,0.0,0.0,0.0,0.0,0.0,0.0,0.0,0.0,0.0,,,0.0,0.0,0.0,0.0,,1802.2488064169884,1802.2488064169884,4.7506276670028456,1.2354627499589697,1808.2348968339502,False,,-0.0,0.43104508101732686,837646.0,167740.0,2345264.0,Time limit reached. (HiGHS Status 13: Time limit reached),True,0.0,1800.0,False,1.0
20260825_195505-0400,20260825_195505-0400-0147,147,150,B6x7_stress_T60_S27,27,60,Greedy-Benefit,0.2983017921640725,0.43784599899345744,0.4373065015479877,26.0,0.43333333333333335,21.0,19.0,2750.0,0.42,0.48717948717948717,0.41044776119402987,48.96153846153846,94.0,116.0,392.8011048442711,237.09506019263785,155.70604465163325,0.0007594219784140792,0.0048781249788589776,,,,0.004878832958638668,False,,,,,,,Constructive heuristic,True,,,,
20260825_195505-0400,20260825_195505-0400-0147,147,150,B6x7_stress_T60_S27,27,60,Greedy-Density-Operational,0.3362322981644515,0.5037745344740816,0.5038699690402477,31.0,0.5166666666666667,25.0,20.0,3350.0,0.5,0.5128205128205128,0.5,41.67741935483871,104.0,126.0,352.44704684836995,180.2328709553954,172.21417589297462,0.0009539938018238117,0.003539582947269082,,,,0.0035400419728830457,False,,,,,,,Constructive heuristic,True,,,,
20260825_195505-0400,20260825_195505-0400-0147,147,150,B6x7_stress_T60_S27,27,60,HiGHS-1s,,,,,,,,,,,,,,,,,,,2.809277958003804,2.809277958003804,7.049493541999254,1.9226527910213917,11.78142429102445,False,,,,1303519.0,237842.0,3672781.0,Time limit reached. (HiGHS Status 13: model_status is Time limit reached; primal_status is None),False,,1.0,False,1.0
20260825_195505-0400,20260825_195505-0400-0147,147,150,B6x7_stress_T60_S27,27,60,HiGHS-5s,,,,,,,,,,,,,,,,,,,7.78900099999737,7.78900099999737,7.049493541999254,1.9226527910213917,16.761147333018016,False,,,,1303519.0,237842.0,3672781.0,Time limit reached. (HiGHS Status 13: model_status is Time limit reached; primal_status is None),False,,5.0,False,1.0
20260825_195505-0400,20260825_195505-0400-0147,147,150,B6x7_stress_T60_S27,27,60,HiGHS-15s,,,,,,,,,,,,,,,,,,,16.85218583297683,16.85218583297683,7.049493541999254,1.9226527910213917,25.824332165997475,False,,,,1303519.0,237842.0,3672781.0,Time limit reached. (HiGHS Status 13: model_status is Time limit reached; primal_status is None),False,,15.0,False,1.0
20260825_195505-0400,20260825_195505-0400-0147,147,150,B6x7_stress_T60_S27,27,60,HiGHS-60s,,,,,,,,,,,,,,,,,,,67.66869954095455,67.66869954095455,7.049493541999254,1.9226527910213917,76.6408458739752,False,,,,1303519.0,237842.0,3672781.0,Time limit reached. (HiGHS Status 13: model_status is Time limit reached; primal_status is None),False,,60.0,False,1.0
20260825_195505-0400,20260825_195505-0400-0147,147,150,B6x7_stress_T60_S27,27,60,HiGHS-600s,,,,,,,,,,,,,,,,,,,1270.9728385419585,1270.9728385419585,7.049493541999254,1.9226527910213917,1279.9449848749791,False,,,,1303519.0,237842.0,3672781.0,Time limit reached. (HiGHS Status 13: model_status is Time limit reached; primal_status is None),False,,600.0,False,1.0
20260825_195505-0400,20260825_195505-0400-0147,147,150,B6x7_stress_T60_S27,27,60,HiGHS-1800s,0.0,0.0,0.0,0.0,0.0,0.0,0.0,0.0,0.0,0.0,0.0,,,0.0,0.0,0.0,0.0,,1803.4101585000171,1803.4101585000171,7.049493541999254,1.9226527910213917,1812.3823048330378,False,,-0.0,120.69082590932794,1303519.0,237842.0,3672781.0,Time limit reached. (HiGHS Status 13: Time limit reached),True,0.0,1800.0,False,1.0
20260825_195505-0400,20260825_195505-0400-0148,148,150,B6x7_stress_T60_S28,28,60,Greedy-Benefit,0.3238390375066994,0.506578947368421,0.5004163197335554,28.0,0.4666666666666667,31.0,18.0,1850.0,0.5081967213114754,0.5454545454545454,0.42528735632183906,44.42857142857143,87.0,105.0,351.7162709475729,202.91822906341017,148.7980418841627,0.0009207394262262352,0.0049204169772565365,,,,0.004921042011119425,False,,,,,,,Constructive heuristic,True,,,,
20260825_195505-0400,20260825_195505-0400-0148,148,150,B6x7_stress_T60_S28,28,60,Greedy-Density-Operational,0.3400656930075791,0.4913967611336031,0.492089925062448,30.0,0.5,28.0,20.0,1850.0,0.45901639344262296,0.6060606060606061,0.42528735632183906,40.13333333333333,78.0,101.0,312.5571077119738,171.0899111238154,141.4671965881584,0.0010880113893329052,0.005139417015016079,,,,0.00514008296886459,False,,,,,,,Constructive heuristic,True,,,,
20260825_195505-0400,20260825_195505-0400-0148,148,150,B6x7_stress_T60_S28,28,60,HiGHS-1s,,,,,,,,,,,,,,,,,,,3.741375292011071,3.741375292011071,6.793483542045578,1.7683198329759762,12.303178667032626,False,,,,1227487.0,215562.0,3466965.0,Time limit reached. (HiGHS Status 13: model_status is Time limit reached; primal_status is None),False,,1.0,False,1.0
20260825_195505-0400,20260825_195505-0400-0148,148,150,B6x7_stress_T60_S28,28,60,HiGHS-5s,,,,,,,,,,,,,,,,,,,7.333401667012367,7.333401667012367,6.793483542045578,1.7683198329759762,15.895205042033922,False,,,,1227487.0,215562.0,3466965.0,Time limit reached. (HiGHS Status 13: model_status is Time limit reached; primal_status is None),False,,5.0,False,1.0
20260825_195505-0400,20260825_195505-0400-0148,148,150,B6x7_stress_T60_S28,28,60,HiGHS-15s,,,,,,,,,,,,,,,,,,,17.920012292044703,17.920012292044703,6.793483542045578,1.7683198329759762,26.481815667066257,False,,,,1227487.0,215562.0,3466965.0,Time limit reached. (HiGHS Status 13: model_status is Time limit reached; primal_status is None),False,,15.0,False,1.0
20260825_195505-0400,20260825_195505-0400-0148,148,150,B6x7_stress_T60_S28,28,60,HiGHS-60s,,,,,,,,,,,,,,,,,,,65.2441036659875,65.2441036659875,6.793483542045578,1.7683198329759762,73.80590704100905,False,,,,1227487.0,215562.0,3466965.0,Time limit reached. (HiGHS Status 13: model_status is Time limit reached; primal_status is None),False,,60.0,False,1.0
20260825_195505-0400,20260825_195505-0400-0148,148,150,B6x7_stress_T60_S28,28,60,HiGHS-600s,,,,,,,,,,,,,,,,,,,1370.875488791964,1370.875488791964,6.793483542045578,1.7683198329759762,1379.4372921669856,False,,,,1227487.0,215562.0,3466965.0,Time limit reached. (HiGHS Status 13: model_status is Time limit reached; primal_status is None),False,,600.0,False,1.0
20260825_195505-0400,20260825_195505-0400-0148,148,150,B6x7_stress_T60_S28,28,60,HiGHS-1800s,0.0,0.0,0.0,0.0,0.0,0.0,0.0,0.0,0.0,0.0,0.0,,,0.0,0.0,0.0,0.0,,1804.196808333043,1804.196808333043,6.793483542045578,1.7683198329759762,1812.7586117080646,False,,-0.0,125.40417864512266,1227487.0,215562.0,3466965.0,Time limit reached. (HiGHS Status 13: Time limit reached),True,0.0,1800.0,False,1.0
20260825_195505-0400,20260825_195505-0400-0149,149,150,B6x7_stress_T60_S29,29,60,Greedy-Benefit,0.32253953851850153,0.5094549499443826,0.49277978339350176,27.0,0.45,29.0,16.0,1600.0,0.58,0.42105263157894735,0.42105263157894735,50.851851851851855,95.0,112.0,425.6172817458505,236.05626498800189,189.56101675784848,0.0007578158884795944,0.00483916699886322,,,,0.004839667002670467,False,,,,,,,Constructive heuristic,True,,,,
20260825_195505-0400,20260825_195505-0400-0149,149,150,B6x7_stress_T60_S29,29,60,Greedy-Density-Operational,0.3179310936816137,0.5088987764182424,0.5009025270758122,27.0,0.45,27.0,18.0,1750.0,0.54,0.47368421052631576,0.4605263157894737,46.51851851851852,103.0,127.0,445.10931711318335,231.76639723874365,213.34291987443973,0.0007142764293131377,0.004028042021673173,,,,0.004028542025480419,False,,,,,,,Constructive heuristic,True,,,,
20260825_195505-0400,20260825_195505-0400-0149,149,150,B6x7_stress_T60_S29,29,60,HiGHS-1s,,,,,,,,,,,,,,,,,,,2.2352446670411155,2.2352446670411155,4.644642082974315,1.217369084013626,8.097255834029056,False,,,,789906.0,180601.0,2189183.0,Time limit reached. (HiGHS Status 13: model_status is Time limit reached; primal_status is None),False,,1.0,False,1.0
20260825_195505-0400,20260825_195505-0400-0149,149,150,B6x7_stress_T60_S29,29,60,HiGHS-5s,,,,,,,,,,,,,,,,,,,7.0211708339629695,7.0211708339629695,4.644642082974315,1.217369084013626,12.88318200095091,False,,,,789906.0,180601.0,2189183.0,Time limit reached. (HiGHS Status 13: model_status is Time limit reached; primal_status is None),False,,5.0,False,1.0
20260825_195505-0400,20260825_195505-0400-0149,149,150,B6x7_stress_T60_S29,29,60,HiGHS-15s,,,,,,,,,,,,,,,,,,,16.460809790994972,16.460809790994972,4.644642082974315,1.217369084013626,22.322820957982913,False,,,,789906.0,180601.0,2189183.0,Time limit reached. (HiGHS Status 13: model_status is Time limit reached; primal_status is None),False,,15.0,False,1.0
20260825_195505-0400,20260825_195505-0400-0149,149,150,B6x7_stress_T60_S29,29,60,HiGHS-60s,,,,,,,,,,,,,,,,,,,65.2681123749935,65.2681123749935,4.644642082974315,1.217369084013626,71.13012354198145,False,,,,789906.0,180601.0,2189183.0,Time limit reached. (HiGHS Status 13: model_status is Time limit reached; primal_status is None),False,,60.0,False,1.0
20260825_195505-0400,20260825_195505-0400-0149,149,150,B6x7_stress_T60_S29,29,60,HiGHS-600s,0.0022624699792482368,0.01668520578420467,0.022563176895306854,3.0,0.05,0.0,1.0,250.0,0.0,0.02631578947368421,0.06578947368421052,50.333333333333336,69.0,93.0,70.95463867670475,49.07167943154223,21.882959245162517,3.188614615538917e-05,602.184943582979,602.184943582979,4.644642082974315,1.217369084013626,608.046954749967,False,56589.8135827785,0.0022624699792482368,128.03501683226972,789906.0,180601.0,2189183.0,Time limit reached. (HiGHS Status 13: Time limit reached),True,0.0,600.0,True,1.0
20260825_195505-0400,20260825_195505-0400-0149,149,150,B6x7_stress_T60_S29,29,60,HiGHS-1800s,0.30549757813217093,0.41156840934371525,0.4061371841155234,20.0,0.3333333333333333,22.0,14.0,1500.0,0.44,0.3684210526315789,0.39473684210526316,40.9,94.0,118.0,282.4052156319944,147.8662973730008,134.5389182589936,0.001081770311672531,1807.833715124987,1807.833715124987,4.644642082974315,1.217369084013626,1813.695726291975,False,0.29971571907959976,0.30549757813217093,0.39706000443913075,789906.0,180601.0,2189183.0,Time limit reached. (HiGHS Status 13: Time limit reached),True,0.0,1800.0,True,1.0
20260825_195505-0400,20260825_195505-0400-0150,150,150,B6x7_stress_T60_S30,30,60,Greedy-Benefit,0.3569848957500847,0.5762711864406779,0.5654082528533801,29.0,0.48333333333333334,29.0,24.0,1900.0,0.6304347826086957,0.5217391304347826,0.5205479452054794,49.93103448275862,98.0,122.0,411.4400073007864,214.35906430339423,197.08094299739233,0.0008676475048988323,0.0034480419708415866,,,,0.0034486670047044754,False,,,,,,,Constructive heuristic,True,,,,
20260825_195505-0400,20260825_195505-0400-0150,150,150,B6x7_stress_T60_S30,30,60,Greedy-Density-Operational,0.3594804947978738,0.5773646801530891,0.5539947322212467,31.0,0.5166666666666667,33.0,19.0,1850.0,0.717391304347826,0.41304347826086957,0.5068493150684932,44.806451612903224,95.0,119.0,393.07043002933307,208.33127897662425,184.73915105270893,0.0009145447414374249,0.002854792051948607,,,,0.002855209051631391,False,,,,,,,Constructive heuristic,True,,,,
20260825_195505-0400,20260825_195505-0400-0150,150,150,B6x7_stress_T60_S30,30,60,HiGHS-1s,,,,,,,,,,,,,,,,,,,3.922819250030443,3.922819250030443,11.332755959010683,3.2253180000116117,18.480893209052738,False,,,,2141910.0,309800.0,6115996.0,Time limit reached. (HiGHS Status 13: model_status is Time limit reached; primal_status is None),False,,1.0,False,1.0
20260825_195505-0400,20260825_195505-0400-0150,150,150,B6x7_stress_T60_S30,30,60,HiGHS-5s,,,,,,,,,,,,,,,,,,,8.76405687496299,8.76405687496299,11.332755959010683,3.2253180000116117,23.322130833985284,False,,,,2141910.0,309800.0,6115996.0,Time limit reached. (HiGHS Status 13: model_status is Time limit reached; primal_status is None),False,,5.0,False,1.0
20260825_195505-0400,20260825_195505-0400-0150,150,150,B6x7_stress_T60_S30,30,60,HiGHS-15s,,,,,,,,,,,,,,,,,,,20.182929790986236,20.182929790986236,11.332755959010683,3.2253180000116117,34.74100375000853,False,,,,2141910.0,309800.0,6115996.0,Time limit reached. (HiGHS Status 13: model_status is Time limit reached; primal_status is None),False,,15.0,False,1.0
20260825_195505-0400,20260825_195505-0400-0150,150,150,B6x7_stress_T60_S30,30,60,HiGHS-60s,,,,,,,,,,,,,,,,,,,64.29408483300358,64.29408483300358,11.332755959010683,3.2253180000116117,78.85215879202588,False,,,,2141910.0,309800.0,6115996.0,Time limit reached. (HiGHS Status 13: model_status is Time limit reached; primal_status is None),False,,60.0,False,1.0
20260825_195505-0400,20260825_195505-0400-0150,150,150,B6x7_stress_T60_S30,30,60,HiGHS-600s,,,,,,,,,,,,,,,,,,,1958.757999500027,1958.757999500027,11.332755959010683,3.2253180000116117,1973.3160734590492,False,,,,2141910.0,309800.0,6115996.0,Time limit reached. (HiGHS Status 13: model_status is Time limit reached; primal_status is None),False,,600.0,False,1.0
20260825_195505-0400,20260825_195505-0400-0150,150,150,B6x7_stress_T60_S30,30,60,HiGHS-1800s,,,,,,,,,,,,,,,,,,,1895.956755125022,1895.956755125022,11.332755959010683,3.2253180000116117,1910.5148290840443,False,,,,2141910.0,309800.0,6115996.0,Time limit reached. (HiGHS Status 13: model_status is Time limit reached; primal_status is None),False,,1800.0,False,1.0
