tasks,ppo_seed,timestep,episode_return,episode_length,instance_seed
20,218,34,28.290051,34,1036
20,218,72,24.362759,38,1055
20,218,114,25.745527,42,1033
20,218,155,39.213717,41,1056
20,218,199,32.431488,44,1059
20,218,235,31.040931,36,1013
20,218,276,38.585996,41,1056
20,218,319,29.690287,43,1023
20,218,366,34.035946,47,1049
20,218,415,32.799053,49,1016
20,218,451,30.648955,36,1011
20,218,489,21.90781,38,1040
20,218,525,24.62488,36,1054
20,218,559,25.846924,34,1012
20,218,602,22.960186,43,1015
20,218,639,34.81045,37,1027
20,218,681,30.823582,42,1007
20,218,721,30.484881,40,1028
20,218,759,33.117284,38,1027
20,218,797,31.978021,38,1001
20,218,837,26.606447,40,1035
20,218,872,23.989875,35,1027
20,218,909,34.249519,37,1024
20,218,948,37.873597,39,1059
20,218,981,15.935099,33,1008
20,218,1017,27.610787,36,1012
20,218,1050,28.721787,33,1003
20,218,1085,33.171029,35,1028
20,218,1125,30.193005,40,1059
20,218,1165,33.609459,40,1035
20,218,1197,29.210147,32,1054
20,218,1244,32.654577,47,1021
20,218,1278,33.400986,34,1009
20,218,1309,25.699355,31,1014
20,218,1350,27.630544,41,1016
20,218,1396,32.644585,46,1009
20,218,1434,28.497175,38,1044
20,218,1474,37.539488,40,1032
20,218,1509,27.060053,35,1046
20,218,1541,36.818598,32,1033
20,218,1580,31.227257,39,1038
20,218,1614,27.125905,34,1009
20,218,1646,20.92669,32,1057
20,218,1678,35.298573,32,1046
20,218,1716,31.169497,38,1027
20,218,1755,31.055013,39,1043
20,218,1790,27.670164,35,1038
20,218,1825,33.634681,35,1038
20,218,1857,26.83782,32,1046
20,218,1901,40.841536,44,1009
20,218,1934,23.960186,33,1060
20,218,1973,28.712584,39,1030
20,218,2008,23.618384,35,1034
20,218,2050,31.724109,42,1050
20,218,2093,41.925747,43,1025
20,218,2131,28.259452,38,1038
20,218,2177,35.3543,46,1028
20,218,2217,30.90457,40,1029
20,218,2258,24.414262,41,1010
20,218,2294,25.145753,36,1030
20,218,2326,24.100728,32,1054
20,218,2360,15.740462,34,1003
20,218,2392,33.015919,32,1033
20,218,2435,27.240387,43,1045
20,218,2473,34.28637,38,1049
20,218,2517,35.514932,44,1024
20,218,2560,24.16747,43,1016
20,218,2591,23.041341,31,1051
20,218,2624,25.312465,33,1051
20,218,2665,44.265655,41,1009
20,218,2700,26.446668,35,1011
20,218,2738,40.528999,38,1009
20,218,2784,26.750851,46,1009
20,218,2826,36.88227,42,1005
20,218,2861,34.379329,35,1059
20,218,2893,29.251884,32,1015
20,218,2933,28.244035,40,1043
20,218,2968,27.715078,35,1015
20,218,2995,28.089428,27,1030
20,218,3034,21.92798,39,1019
20,218,3073,38.118593,39,1031
20,218,3114,19.84247,41,1051
20,218,3153,22.558212,39,1056
20,218,3193,34.005391,40,1009
20,218,3236,27.264033,43,1056
20,218,3279,37.160712,43,1059
20,218,3319,16.967804,40,1019
20,218,3363,28.91064,44,1018
20,218,3395,23.782585,32,1037
20,218,3433,35.012115,38,1041
20,218,3468,29.383274,35,1041
20,218,3505,25.156155,37,1003
20,218,3544,15.8701,39,1003
20,218,3589,27.923331,45,1029
20,218,3633,23.858645,44,1021
20,218,3668,22.410249,35,1034
20,218,3703,20.518817,35,1019
20,218,3735,22.170311,32,1057
20,218,3775,36.457536,40,1031
20,218,3814,30.967064,39,1018
20,218,3850,19.59959,36,1038
20,218,3890,26.926685,40,1048
20,218,3922,25.513224,32,1017
20,218,3957,26.204226,35,1024
20,218,4001,30.084923,44,1001
20,218,4028,21.9031,27,1015
20,218,4060,25.802015,32,1030
20,218,4098,36.97903,38,1045
20,218,4128,32.673522,30,1011
20,218,4171,28.228631,43,1009
20,218,4211,33.448752,40,1005
20,218,4250,23.596383,39,1037
20,218,4287,27.14818,37,1058
20,218,4322,21.246497,35,1038
20,218,4358,28.444612,36,1014
20,218,4397,18.818305,39,1040
20,218,4441,27.093608,44,1051
20,218,4485,30.932882,44,1055
20,218,4520,27.534112,35,1008
20,218,4558,34.622413,38,1028
20,218,4599,25.057799,41,1047
20,218,4635,36.042982,36,1047
20,218,4667,29.914878,32,1034
20,218,4704,35.619684,37,1028
20,218,4725,23.030037,21,1040
20,218,4765,23.168371,40,1037
20,218,4801,26.669768,36,1052
20,218,4839,26.157294,38,1021
20,218,4884,29.510852,45,1035
20,218,4926,38.342082,42,1005
20,218,4961,30.49755,35,1022
20,218,4999,32.041566,38,1025
20,218,5037,32.132887,38,1037
20,218,5079,32.631716,42,1048
20,218,5119,31.050263,40,1021
20,218,5159,23.296547,40,1021
20,218,5194,23.528238,35,1044
20,218,5232,27.146206,38,1037
20,218,5271,31.043406,39,1042
20,218,5306,29.969161,35,1037
20,218,5339,24.671196,33,1044
20,218,5386,39.419129,47,1056
20,218,5423,37.537002,37,1032
20,218,5459,31.814156,36,1058
20,218,5500,29.753313,41,1058
20,218,5531,31.714047,31,1054
20,218,5564,22.548183,33,1038
20,218,5601,21.293277,37,1002
20,218,5648,40.13243,47,1059
20,218,5693,32.422301,45,1016
20,218,5732,25.690133,39,1017
20,218,5775,23.601287,43,1026
20,218,5810,26.286663,35,1011
20,218,5850,27.899607,40,1044
20,218,5884,34.590278,34,1041
20,218,5923,18.396391,39,1044
20,218,5952,26.175305,29,1036
20,218,5983,30.113175,31,1044
20,218,6020,29.537039,37,1022
20,218,6067,25.065533,47,1020
20,218,6110,30.155534,43,1053
20,218,6153,29.6071,43,1007
20,218,6187,27.370284,34,1011
20,218,6223,25.936544,36,1010
20,218,6259,31.967948,36,1020
20,218,6293,34.103179,34,1024
20,218,6335,32.319194,42,1020
20,218,6372,29.688519,37,1054
20,218,6408,23.374573,36,1052
20,218,6445,21.738574,37,1021
20,218,6486,38.306841,41,1055
20,218,6517,21.74667,31,1060
20,218,6557,23.530968,40,1039
20,218,6593,23.623328,36,1003
20,218,6627,25.248843,34,1006
20,218,6658,24.997204,31,1010
20,218,6694,28.972372,36,1027
20,218,6732,29.560462,38,1002
20,218,6767,37.200025,35,1005
20,218,6807,26.858819,40,1021
20,218,6837,19.115978,30,1010
20,218,6878,28.652143,41,1023
20,218,6917,30.449291,39,1014
20,218,6956,40.430554,39,1050
20,218,6990,32.610471,34,1037
20,218,7025,31.590321,35,1058
20,218,7053,19.084421,28,1060
20,218,7086,21.541741,33,1030
20,218,7121,31.95683,35,1025
20,218,7161,31.038185,40,1027
20,218,7200,35.973405,39,1033
20,218,7234,23.840535,34,1054
20,218,7273,29.778952,39,1040
20,218,7313,32.421502,40,1020
20,218,7348,27.610415,35,1022
20,218,7390,35.601168,42,1028
20,218,7425,39.259471,35,1006
20,218,7464,35.123307,39,1006
20,218,7499,36.300431,35,1046
20,218,7536,37.855913,37,1024
20,218,7570,32.134362,34,1052
20,218,7606,36.464358,36,1058
20,218,7638,31.882197,32,1014
20,218,7673,24.865957,35,1044
20,218,7714,34.973431,41,1028
20,218,7755,23.872705,41,1009
20,218,7791,42.427619,36,1025
20,218,7831,23.993594,40,1046
20,218,7868,31.429814,37,1001
20,218,7901,20.620235,33,1003
20,218,7936,26.620432,35,1010
20,218,7977,25.564378,41,1036
20,218,8014,29.326713,37,1027
20,218,8051,19.089919,37,1034
20,218,8094,28.652006,43,1035
20,218,8136,35.435349,42,1004
20,218,8171,22.915334,35,1030
20,218,8213,28.682386,42,1058
20,218,8254,28.009642,41,1052
20,218,8295,31.886884,41,1048
20,218,8325,18.898495,30,1030
20,218,8359,25.897604,34,1053
20,218,8396,33.096422,37,1033
20,218,8431,23.566911,35,1051
20,218,8468,26.675289,37,1038
20,218,8510,37.240721,42,1006
20,218,8550,32.77054,40,1045
20,218,8588,23.547439,38,1051
20,218,8627,34.268853,39,1016
20,218,8668,31.429471,41,1025
20,218,8710,33.00136,42,1018
20,218,8752,35.487129,42,1002
20,218,8792,28.885592,40,1053
20,218,8835,35.909101,43,1045
20,218,8867,21.201494,32,1015
20,218,8908,25.374391,41,1058
20,218,8940,39.794443,32,1046
20,218,8972,25.760484,32,1036
20,218,9014,30.789648,42,1006
20,218,9055,41.525648,41,1005
20,218,9096,37.097757,41,1058
20,218,9137,32.000907,41,1009
20,218,9174,29.788026,37,1052
20,218,9217,23.099873,43,1021
20,218,9253,15.579808,36,1060
20,218,9298,32.928289,45,1042
20,218,9332,31.921595,34,1031
20,218,9367,22.751982,35,1052
20,218,9406,22.892735,39,1029
20,218,9438,25.437793,32,1015
20,218,9477,35.143122,39,1059
20,218,9515,28.806308,38,1053
20,218,9560,26.575887,45,1035
20,218,9594,25.059921,34,1060
20,218,9632,28.866599,38,1037
20,218,9676,36.267689,44,1049
20,218,9714,14.603828,38,1008
20,218,9754,39.504596,40,1009
20,218,9791,21.725158,37,1030
20,218,9827,21.082739,36,1022
20,218,9867,25.273605,40,1006
20,218,9906,31.653502,39,1011
20,218,9942,32.36263,36,1036
20,218,9978,31.152787,36,1025
20,218,10013,36.733124,35,1036
20,218,10051,16.213778,38,1057
20,218,10088,33.730226,37,1043
20,218,10125,33.709903,37,1023
20,218,10167,31.864938,42,1058
20,218,10204,26.085415,37,1037
20,218,10241,26.960347,37,1023
20,218,10278,28.202495,37,1052
20,218,10306,27.045403,28,1060
20,218,10344,27.175737,38,1039
20,218,10380,17.580697,36,1003
20,218,10416,23.929831,36,1054
20,218,10459,29.966159,43,1031
20,218,10506,36.044267,47,1059
20,218,10548,34.602287,42,1004
20,218,10583,37.029164,35,1026
20,218,10623,33.783945,40,1039
20,218,10657,25.068748,34,1053
20,218,10696,30.459492,39,1055
20,218,10734,23.835975,38,1051
20,218,10770,25.293765,36,1021
20,218,10808,26.744114,38,1017
20,218,10845,27.599755,37,1038
20,218,10887,28.09334,42,1022
20,218,10924,25.601232,37,1052
20,218,10971,32.711617,47,1016
20,218,11008,39.340148,37,1015
20,218,11040,22.823518,32,1008
20,218,11075,40.090347,35,1042
20,218,11107,24.210607,32,1013
20,218,11146,35.910701,39,1009
20,218,11187,31.648648,41,1032
20,218,11227,40.434407,40,1005
20,218,11267,30.124807,40,1016
20,218,11302,39.478524,35,1047
20,218,11332,30.834461,30,1002
20,218,11368,41.701827,36,1056
20,218,11407,19.835364,39,1035
20,218,11450,34.55129,43,1009
20,218,11490,28.288966,40,1025
20,218,11529,24.663088,39,1021
20,218,11570,28.808361,41,1001
20,218,11608,46.013297,38,1004
20,218,11651,35.914853,43,1006
20,218,11686,33.224559,35,1027
20,218,11726,35.682211,40,1024
20,218,11769,24.440364,43,1032
20,218,11806,33.649953,37,1022
20,218,11847,30.378067,41,1029
20,218,11888,30.033365,41,1004
20,218,11930,27.790387,42,1039
20,218,11966,26.781416,36,1002
20,218,12003,29.871028,37,1046
20,218,12041,36.439004,38,1004
20,218,12079,34.559024,38,1011
20,218,12121,30.752512,42,1023
20,218,12155,20.676476,34,1047
20,218,12188,26.232569,33,1008
20,218,12223,41.235741,35,1042
20,218,12266,28.960466,43,1019
20,218,12303,26.577521,37,1047
20,218,12342,33.61088,39,1024
20,218,12386,26.947331,44,1032
20,218,12430,24.204147,44,1001
20,218,12463,26.410509,33,1012
20,218,12496,32.524457,33,1005
20,218,12539,37.220156,43,1043
20,218,12583,25.191839,44,1019
20,218,12627,31.485608,44,1032
20,218,12661,30.205529,34,1048
20,218,12702,20.274759,41,1055
20,218,12746,25.295408,44,1020
20,218,12781,23.427518,35,1060
20,218,12825,28.374279,44,1013
20,218,12862,30.463388,37,1014
20,218,12897,41.290895,35,1032
20,218,12936,38.654182,39,1033
20,218,12974,29.574062,38,1027
20,218,13016,32.23711,42,1020
20,218,13054,28.518952,38,1011
20,218,13085,30.551045,31,1033
20,218,13118,28.938143,33,1043
20,218,13156,35.237255,38,1002
20,218,13192,32.977803,36,1023
20,218,13243,42.633598,51,1032
20,218,13283,26.519885,40,1011
20,218,13320,31.728021,37,1011
20,218,13358,23.676172,38,1008
20,218,13397,21.892214,39,1057
20,218,13434,21.092239,37,1023
20,218,13468,25.667449,34,1041
20,218,13500,27.783736,32,1030
20,218,13533,29.275598,33,1016
20,218,13578,23.701911,45,1020
20,218,13612,29.499798,34,1043
20,218,13651,32.489497,39,1046
20,218,13686,19.548538,35,1036
20,218,13721,27.013972,35,1017
20,218,13752,17.099093,31,1003
20,218,13793,26.450655,41,1006
20,218,13821,34.041356,28,1010
20,218,13860,39.83236,39,1046
20,218,13905,32.506302,45,1016
20,218,13937,22.309265,32,1038
20,218,13977,34.866461,40,1001
20,218,14012,16.252553,35,1034
20,218,14050,35.605636,38,1046
20,218,14083,30.193946,33,1046
20,218,14112,29.094247,29,1010
20,218,14143,28.545999,31,1014
20,218,14184,40.828929,41,1033
20,218,14221,34.203607,37,1011
20,218,14256,20.556979,35,1051
20,218,14295,23.153815,39,1034
20,218,14339,32.872847,44,1001
20,218,14373,33.30796,34,1043
20,218,14406,30.185189,33,1041
20,218,14443,35.826302,37,1005
20,218,14467,35.720989,24,1055
20,218,14513,23.236384,46,1045
20,218,14557,36.582274,44,1055
20,218,14596,32.498733,39,1007
20,218,14637,38.022343,41,1026
20,218,14678,26.130517,41,1044
20,218,14715,30.490814,37,1036
20,218,14757,20.169557,42,1020
20,218,14793,20.375189,36,1057
20,218,14834,35.259237,41,1059
20,218,14869,34.800367,35,1056
20,218,14907,26.014502,38,1033
20,218,14941,24.111271,34,1053
20,218,14984,27.094777,43,1035
20,218,15008,27.756602,24,1034
20,218,15056,39.15962,48,1004
20,218,15094,24.546772,38,1057
20,218,15139,34.101491,45,1016
20,218,15176,28.440833,37,1027
20,218,15213,29.069518,37,1024
20,218,15253,23.681146,40,1047
20,218,15299,35.297341,46,1048
20,218,15337,23.057169,38,1060
20,218,15382,36.240837,45,1018
20,218,15416,31.442525,34,1013
20,218,15461,31.18425,45,1002
20,218,15498,31.135959,37,1030
20,218,15541,30.998246,43,1037
20,218,15578,27.923545,37,1010
20,218,15619,33.237636,41,1009
20,218,15643,28.648904,24,1036
20,218,15680,30.738554,37,1058
20,218,15719,35.402938,39,1002
20,218,15761,26.655205,42,1017
20,218,15796,35.113206,35,1055
20,218,15843,34.307476,47,1032
20,218,15876,26.369719,33,1003
20,218,15903,16.842062,27,1060
20,218,15938,32.881983,35,1002
20,218,15974,25.862496,36,1014
20,218,16013,26.552834,39,1051
20,218,16050,31.701811,37,1011
20,218,16091,24.423877,41,1019
20,218,16123,21.070462,32,1053
20,218,16165,24.320789,42,1004
20,218,16201,24.501027,36,1046
20,218,16237,34.058891,36,1037
20,218,16277,31.297919,40,1024
20,218,16311,26.253647,34,1010
20,218,16353,31.805949,42,1009
20,218,16400,34.285706,47,1056
20,218,16438,28.509942,38,1007
20,218,16471,28.045215,33,1015
20,218,16506,28.454885,35,1044
20,218,16543,31.776906,37,1014
20,218,16586,30.224157,43,1005
20,218,16627,30.247619,41,1029
20,218,16668,36.021744,41,1025
20,218,16697,28.97739,29,1005
20,218,16732,32.603935,35,1043
20,218,16771,33.585734,39,1005
20,218,16802,26.152758,31,1030
20,218,16839,30.618244,37,1008
20,218,16876,37.540513,37,1031
20,218,16913,30.700182,37,1013
20,218,16944,24.854793,31,1010
20,218,16978,34.171357,34,1027
20,218,17007,26.816942,29,1047
20,218,17046,35.505868,39,1025
20,218,17089,29.399193,43,1027
20,218,17112,20.082658,23,1027
20,218,17153,26.798157,41,1013
20,218,17197,27.982206,44,1048
20,218,17239,25.293073,42,1018
20,218,17269,24.896649,30,1038
20,218,17308,23.887673,39,1051
20,218,17354,36.082983,46,1020
20,218,17388,26.09433,34,1031
20,218,17429,24.663967,41,1047
20,218,17460,28.696366,31,1007
20,218,17497,31.863273,37,1046
20,218,17539,35.52641,42,1048
20,218,17570,22.414019,31,1034
20,218,17613,30.385478,43,1011
20,218,17652,38.338067,39,1015
20,218,17685,26.889222,33,1035
20,218,17722,29.078653,37,1033
20,218,17756,32.48593,34,1017
20,218,17798,31.702623,42,1005
20,218,17834,31.08156,36,1010
20,218,17873,28.791739,39,1043
20,218,17912,36.37165,39,1042
20,218,17948,28.887434,36,1036
20,218,17987,34.054484,39,1002
20,218,18030,38.097803,43,1036
20,218,18078,28.552618,48,1059
20,218,18122,33.784883,44,1055
20,218,18157,24.659548,35,1010
20,218,18196,32.587701,39,1056
20,218,18233,33.867355,37,1046
20,218,18261,26.603507,28,1035
20,218,18301,24.841688,40,1019
20,218,18345,25.097652,44,1048
20,218,18384,30.937016,39,1002
20,218,18423,27.265637,39,1016
20,218,18466,32.293877,43,1050
20,218,18505,28.950566,39,1051
20,218,18549,32.678477,44,1055
20,218,18583,35.863253,34,1046
20,218,18620,35.236495,37,1027
20,218,18660,35.843891,40,1056
20,218,18698,37.935381,38,1028
20,218,18739,26.008511,41,1049
20,218,18776,23.62985,37,1019
20,218,18812,25.059492,36,1046
20,218,18855,43.173353,43,1001
20,218,18896,23.705199,41,1060
20,218,18933,25.463725,37,1008
20,218,18972,39.02622,39,1006
20,218,19000,32.791621,28,1048
20,218,19045,36.673585,45,1032
20,218,19075,19.073156,30,1034
20,218,19108,25.758986,33,1014
20,218,19151,32.014096,43,1018
20,218,19186,19.114435,35,1003
20,218,19224,17.932983,38,1060
20,218,19268,22.50803,44,1019
20,218,19306,20.731066,38,1051
20,218,19340,24.266261,34,1013
20,218,19382,30.764282,42,1042
20,218,19422,34.543403,40,1016
20,218,19466,31.983245,44,1006
20,218,19501,27.543271,35,1030
20,218,19542,26.435367,41,1014
20,218,19576,33.686532,34,1011
20,218,19621,34.555979,45,1056
20,218,19663,31.758707,42,1058
20,218,19702,36.396126,39,1025
20,218,19745,24.068838,43,1051
20,218,19785,25.338069,40,1034
20,218,19824,24.188529,39,1023
20,218,19864,30.6008,40,1023
20,218,19900,30.714852,36,1022
20,218,19942,36.031154,42,1050
20,218,19976,22.838361,34,1008
20,218,20016,38.297322,40,1048
20,218,20056,32.787808,40,1001
20,218,20097,32.982617,41,1021
20,218,20134,31.932771,37,1029
20,218,20166,23.673093,32,1003
20,218,20204,24.56444,38,1046
20,218,20240,20.086956,36,1052
20,218,20264,26.242438,24,1058
20,218,20311,37.564551,47,1045
20,218,20351,36.206099,40,1005
20,218,20389,18.935234,38,1040
20,218,20428,27.030944,39,1018
20,218,20468,32.021425,40,1006
20,218,20508,33.532169,40,1037
20,218,20544,23.080957,36,1042
20,218,20581,24.986954,37,1058
20,218,20624,30.305577,43,1027
20,218,20667,16.263106,43,1015
20,218,20700,24.273685,33,1019
20,218,20746,29.692765,46,1029
20,218,20780,24.546121,34,1052
20,218,20815,21.719793,35,1060
20,218,20850,30.278965,35,1023
20,218,20886,25.599958,36,1038
20,218,20928,36.45688,42,1041
20,218,20970,33.550939,42,1047
20,218,21007,30.36828,37,1012
20,218,21047,30.282646,40,1005
20,218,21086,28.164016,39,1053
20,218,21126,35.759773,40,1058
20,218,21169,20.857226,43,1048
20,218,21203,16.871376,34,1003
20,218,21246,30.852837,43,1023
20,218,21288,27.824224,42,1021
20,218,21323,28.492935,35,1010
20,218,21355,36.08873,32,1037
20,218,21390,29.954001,35,1054
20,218,21429,36.878336,39,1016
20,218,21472,28.339728,43,1055
20,218,21514,22.596235,42,1043
20,218,21549,21.793677,35,1060
20,218,21587,33.066552,38,1001
20,218,21633,30.839001,46,1011
20,218,21675,37.41184,42,1018
20,218,21717,34.262735,42,1026
20,218,21767,34.621621,50,1009
20,218,21796,30.134616,29,1003
20,218,21838,30.578308,42,1043
20,218,21868,27.530107,30,1054
20,218,21913,28.547568,45,1017
20,218,21953,29.930645,40,1045
20,218,21989,27.146047,36,1018
20,218,22033,24.1751,44,1039
20,218,22071,29.437575,38,1019
20,218,22109,23.975149,38,1015
20,218,22152,38.573783,43,1005
20,218,22187,25.164043,35,1026
20,218,22224,32.69659,37,1054
20,218,22260,33.122051,36,1011
20,218,22298,30.290664,38,1006
20,218,22332,19.192179,34,1060
20,218,22378,40.069623,46,1032
20,218,22423,33.149843,45,1027
20,218,22462,36.863267,39,1031
20,218,22501,33.811719,39,1043
20,218,22537,21.53283,36,1030
20,218,22579,40.363122,42,1006
20,218,22615,30.372956,36,1012
20,218,22656,29.261867,41,1026
20,218,22696,27.238759,40,1037
20,218,22733,31.091308,37,1052
20,218,22770,20.309686,37,1044
20,218,22807,29.721642,37,1027
20,218,22844,32.930344,37,1036
20,218,22882,29.259538,38,1017
20,218,22920,28.261678,38,1012
20,218,22958,28.39255,38,1035
20,218,22993,20.445895,35,1052
20,218,23028,24.793625,35,1052
20,218,23067,27.221111,39,1022
20,218,23113,33.038337,46,1033
20,218,23150,36.245103,37,1046
20,218,23184,32.831175,34,1042
20,218,23225,34.463329,41,1003
20,218,23268,31.119775,43,1011
20,218,23305,19.518434,37,1057
20,218,23349,25.401485,44,1040
20,218,23388,28.313008,39,1043
20,218,23426,32.419669,38,1056
20,218,23468,35.492323,42,1023
20,218,23516,28.417294,48,1016
20,218,23552,39.822174,36,1055
20,218,23591,25.95637,39,1050
20,218,23630,26.495093,39,1040
20,218,23671,32.220399,41,1001
20,218,23713,27.530472,42,1033
20,218,23744,28.543801,31,1036
20,218,23777,28.239052,33,1008
20,218,23811,29.027175,34,1031
20,218,23849,32.238788,38,1006
20,218,23883,23.601754,34,1030
20,218,23916,33.640111,33,1058
20,218,23949,32.172184,33,1014
20,218,23986,29.125496,37,1040
20,218,24029,29.344972,43,1042
20,218,24068,25.740051,39,1017
20,218,24111,39.791893,43,1009
20,218,24143,21.11712,32,1017
20,218,24188,44.492689,45,1004
20,218,24224,20.448824,36,1060
20,218,24269,27.902591,45,1021
20,218,24306,28.8171,37,1038
20,218,24345,36.028851,39,1056
20,218,24383,33.236653,38,1016
20,218,24421,25.871453,38,1022
20,218,24462,32.008161,41,1014
20,218,24501,32.511205,39,1039
20,218,24540,18.467487,39,1030
20,218,24576,26.47268,36,1054
20,218,24617,27.059721,41,1050
20,218,24656,33.716545,39,1031
20,218,24699,26.707477,43,1026
20,218,24731,29.142887,32,1054
20,218,24775,29.677515,44,1028
20,218,24811,26.603739,36,1003
20,218,24848,32.574031,37,1042
20,218,24883,29.818751,35,1031
20,218,24917,33.319247,34,1041
20,218,24955,20.148383,38,1051
20,218,24991,36.870708,36,1001
20,218,25029,27.710341,38,1057
20,218,25067,36.37542,38,1034
20,218,25100,30.397054,33,1054
20,218,25145,23.602802,45,1055
20,218,25181,26.139712,36,1017
20,218,25211,26.421846,30,1060
20,218,25246,32.886053,35,1012
20,218,25286,23.308995,40,1037
20,218,25329,35.074743,43,1032
20,218,25364,39.00867,35,1028
20,218,25406,33.87405,42,1025
20,218,25443,21.976076,37,1038
20,218,25487,37.8958,44,1032
20,218,25525,25.304231,38,1060
20,218,25566,36.565728,41,1041
20,218,25603,41.504592,37,1034
20,218,25637,32.094993,34,1013
20,218,25672,42.442257,35,1048
20,218,25710,29.994778,38,1048
20,218,25746,17.489415,36,1003
20,218,25785,27.114126,39,1021
20,218,25824,23.89484,39,1023
20,218,25870,33.202695,46,1016
20,218,25907,24.426562,37,1057
20,218,25941,36.263244,34,1027
20,218,25976,37.312645,35,1014
20,218,26015,17.581888,39,1057
20,218,26049,12.163644,34,1060
20,218,26082,26.064199,33,1034
20,218,26122,23.249441,40,1047
20,218,26161,30.808938,39,1035
20,218,26192,33.516487,31,1058
20,218,26231,30.996361,39,1038
20,218,26264,25.417132,33,1019
20,218,26305,27.000498,41,1019
20,218,26346,28.925915,41,1016
20,218,26386,34.866493,40,1058
20,218,26425,35.363767,39,1007
20,218,26461,23.745848,36,1053
20,218,26505,30.677441,44,1050
20,218,26544,16.334033,39,1034
20,218,26588,26.743405,44,1049
20,218,26619,33.601758,31,1002
20,218,26656,25.466643,37,1019
20,218,26701,33.026465,45,1006
20,218,26744,25.568011,43,1013
20,218,26784,31.906695,40,1050
20,218,26821,23.970608,37,1057
20,218,26856,23.47016,35,1030
20,218,26900,33.293472,44,1020
20,218,26936,32.059754,36,1058
20,218,26976,35.442469,40,1004
20,218,27014,33.995046,38,1024
20,218,27055,19.416706,41,1022
20,218,27091,23.860264,36,1022
20,218,27132,33.238004,41,1008
20,218,27173,24.692838,41,1002
20,218,27214,43.156541,41,1025
20,218,27256,35.929079,42,1028
20,218,27296,27.540257,40,1056
20,218,27328,23.810089,32,1051
20,218,27369,32.476414,41,1049
20,218,27406,32.335636,37,1028
20,218,27447,24.236964,41,1012
20,218,27487,32.593005,40,1052
20,218,27521,26.692825,34,1043
20,218,27560,26.574378,39,1001
20,218,27596,29.889659,36,1004
20,218,27636,30.505642,40,1027
20,218,27672,36.128488,36,1058
20,218,27715,34.962568,43,1015
20,218,27758,30.742538,43,1015
20,218,27795,40.555789,37,1025
20,218,27832,36.250064,37,1014
20,218,27874,25.071626,42,1058
20,218,27914,32.433925,40,1011
20,218,27949,27.683579,35,1034
20,218,27985,28.933696,36,1013
20,218,28011,22.472762,26,1052
20,218,28046,42.344368,35,1028
20,218,28085,23.079231,39,1012
20,218,28125,28.804134,40,1051
20,218,28163,35.29377,38,1038
20,218,28203,37.419667,40,1056
20,218,28243,26.137413,40,1015
20,218,28276,31.043214,33,1036
20,218,28313,20.849277,37,1047
20,218,28347,32.508287,34,1056
20,218,28384,28.835255,37,1008
20,218,28422,32.260895,38,1036
20,218,28466,39.730518,44,1016
20,218,28503,36.599693,37,1028
20,218,28536,28.762849,33,1035
20,218,28581,34.219892,45,1036
20,218,28621,29.911389,40,1014
20,218,28659,28.366101,38,1015
20,218,28693,34.038733,34,1039
20,218,28732,31.301214,39,1016
20,218,28760,17.852642,28,1060
20,218,28793,30.752984,33,1027
20,218,28832,32.625539,39,1001
20,218,28869,25.208015,37,1037
20,218,28908,32.94875,39,1027
20,218,28955,27.04069,47,1016
20,218,28982,22.153496,27,1012
20,218,29020,27.829365,38,1007
20,218,29062,35.588959,42,1009
20,218,29106,33.028096,44,1023
20,218,29143,31.688526,37,1023
20,218,29178,28.841947,35,1052
20,218,29217,23.257514,39,1041
20,218,29254,25.728778,37,1037
20,218,29302,38.76982,48,1020
20,218,29338,35.0187,36,1029
20,218,29378,28.841185,40,1014
20,218,29422,29.67365,44,1001
20,218,29457,27.209663,35,1012
20,218,29497,27.593522,40,1040
20,218,29534,24.21613,37,1038
20,218,29573,23.098944,39,1043
20,218,29611,29.285807,38,1024
20,218,29652,30.987188,41,1005
20,218,29696,21.999337,44,1042
20,218,29727,29.273687,31,1001
20,218,29769,31.155556,42,1029
20,218,29808,22.553618,39,1019
20,218,29845,29.600837,37,1050
20,218,29889,41.089271,44,1025
20,218,29926,28.044028,37,1017
20,218,29963,23.607894,37,1012
20,218,30000,27.062209,37,1019
20,218,30037,31.150326,37,1035
20,218,30079,36.86612,42,1058
20,218,30121,36.990656,42,1009
20,218,30159,25.094868,38,1051
20,218,30199,29.294488,40,1013
20,218,30235,26.685414,36,1057
20,218,30278,37.297883,43,1059
20,218,30316,36.218322,38,1055
20,218,30352,35.633369,36,1021
20,218,30395,39.300169,43,1020
20,218,30433,33.454774,38,1042
20,218,30470,36.996605,37,1024
20,218,30513,36.044219,43,1020
20,218,30554,28.664076,41,1057
20,218,30593,23.168751,39,1021
20,218,30635,24.092931,42,1034
20,218,30677,26.192362,42,1054
20,218,30716,28.69852,39,1019
20,218,30751,23.167857,35,1037
20,218,30782,22.531515,31,1015
20,218,30820,27.984021,38,1002
20,218,30858,30.966915,38,1014
20,218,30891,21.607111,33,1054
20,218,30927,22.607287,36,1013
20,218,30963,24.587925,36,1001
20,218,30998,34.575535,35,1002
20,218,31032,24.021734,34,1033
20,218,31070,37.071311,38,1046
20,218,31110,36.380778,40,1007
20,218,31151,22.455167,41,1041
20,218,31191,22.496738,40,1034
20,218,31232,24.870424,41,1002
20,218,31271,39.499822,39,1028
20,218,31306,25.712705,35,1038
20,218,31351,28.78999,45,1042
20,218,31391,32.536456,40,1029
20,218,31430,33.795445,39,1040
20,218,31472,33.078578,42,1029
20,218,31508,35.325391,36,1040
20,218,31547,27.818849,39,1047
20,218,31581,22.831965,34,1060
20,218,31619,37.276724,38,1058
20,218,31664,29.641769,45,1007
20,218,31699,30.024819,35,1021
20,218,31735,25.184157,36,1040
20,218,31775,31.788247,40,1052
20,218,31807,36.749793,32,1011
20,218,31841,25.004419,34,1012
20,218,31880,30.04333,39,1050
20,218,31916,44.325349,36,1049
20,218,31952,23.471189,36,1044
20,218,31991,22.653237,39,1023
20,218,32027,25.240862,36,1012
20,218,32073,42.633739,46,1032
20,218,32112,22.962823,39,1022
20,218,32150,35.546113,38,1026
20,218,32189,22.646976,39,1051
20,218,32222,30.825966,33,1048
20,218,32250,20.50043,28,1060
20,218,32286,16.930778,36,1051
20,218,32320,27.74968,34,1027
20,218,32363,26.061886,43,1040
20,218,32401,28.072074,38,1042
20,218,32444,24.743095,43,1019
20,218,32477,33.676796,33,1054
20,218,32514,30.464514,37,1043
20,218,32553,36.347854,39,1005
20,218,32589,20.605621,36,1030
20,218,32632,34.713516,43,1016
20,218,32672,28.627796,40,1021
20,218,32707,25.140601,35,1030
20,218,32751,38.000539,44,1059
20,218,32791,26.844428,40,1022
20,218,32829,21.317584,38,1057
20,218,32865,30.624928,36,1045
20,218,32900,32.418333,35,1041
20,218,32941,31.303513,41,1049
20,218,32983,30.583918,42,1045
20,218,33024,27.682196,41,1041
20,218,33070,27.791111,46,1021
20,218,33118,41.557115,48,1009
20,218,33156,34.151272,38,1040
20,218,33195,39.382938,39,1025
20,218,33233,34.177977,38,1049
20,218,33275,29.238,42,1047
20,218,33312,27.317724,37,1043
20,218,33357,23.822362,45,1048
20,218,33394,29.585839,37,1005
20,218,33430,22.399728,36,1022
20,218,33469,32.578569,39,1024
20,218,33512,37.00081,43,1049
20,218,33550,46.010273,38,1032
20,218,33598,38.559212,48,1032
20,218,33636,38.694566,38,1031
20,218,33674,35.41103,38,1045
20,218,33716,23.921677,42,1010
20,218,33748,35.259846,32,1029
20,218,33786,29.725086,38,1007
20,218,33817,29.098904,31,1008
20,218,33854,29.949292,37,1040
20,218,33898,38.608604,44,1018
20,218,33936,38.849337,38,1006
20,218,33975,33.654115,39,1018
20,218,34011,41.144886,36,1006
20,218,34047,40.453929,36,1056
20,218,34084,22.833444,37,1053
20,218,34125,34.49974,41,1036
20,218,34169,27.1924,44,1053
20,218,34207,19.581345,38,1008
20,218,34248,32.976912,41,1004
20,218,34285,33.803629,37,1038
20,218,34324,31.537822,39,1011
20,218,34364,26.892673,40,1023
20,218,34398,26.556463,34,1038
20,218,34437,38.854825,39,1001
20,218,34475,25.300224,38,1040
20,218,34509,23.048713,34,1053
20,218,34550,35.644437,41,1024
20,218,34596,37.846923,46,1009
20,218,34637,36.798251,41,1023
20,218,34675,23.984794,38,1008
20,218,34711,26.403516,36,1015
20,218,34753,28.490154,42,1048
20,218,34789,35.049971,36,1010
20,218,34830,34.063959,41,1006
20,218,34866,25.00381,36,1047
20,218,34897,27.303471,31,1012
20,218,34937,22.243022,40,1021
20,218,34973,28.027071,36,1039
20,218,35008,22.993344,35,1013
20,218,35054,23.810375,46,1007
20,218,35085,32.92527,31,1039
20,218,35124,36.963672,39,1046
20,218,35164,25.09103,40,1052
20,218,35203,26.363343,39,1047
20,218,35244,30.394546,41,1009
20,218,35283,34.356142,39,1028
20,218,35318,36.347815,35,1042
20,218,35355,33.396397,37,1002
20,218,35386,39.824507,31,1053
20,218,35419,37.518126,33,1025
20,218,35459,28.337584,40,1013
20,218,35494,29.482324,35,1044
20,218,35527,25.525979,33,1019
20,218,35564,28.189534,37,1051
20,218,35609,27.270733,45,1036
20,218,35649,30.521627,40,1011
20,218,35685,22.125954,36,1010
20,218,35718,28.751563,33,1053
20,218,35754,28.889254,36,1014
20,218,35785,26.45367,31,1053
20,218,35820,26.436067,35,1021
20,218,35856,41.134669,36,1002
20,218,35891,27.774901,35,1022
20,218,35926,27.280504,35,1015
20,218,35964,27.364413,38,1002
20,218,36007,32.23674,43,1002
20,218,36040,30.401359,33,1046
20,218,36070,22.732146,30,1060
20,218,36110,27.381278,40,1045
20,218,36148,23.147334,38,1019
20,218,36191,32.052748,43,1020
20,218,36230,27.500029,39,1008
20,218,36269,32.297658,39,1007
20,218,36304,21.827825,35,1019
20,218,36344,27.16212,40,1034
20,218,36378,25.468429,34,1011
20,218,36419,37.617963,41,1033
20,218,36459,26.901653,40,1008
20,218,36491,22.395127,32,1060
20,218,36530,32.228325,39,1007
20,218,36569,31.902712,39,1035
20,218,36607,33.078934,38,1037
20,218,36638,35.313436,31,1054
20,218,36680,26.440377,42,1017
20,218,36721,32.272649,41,1020
20,218,36758,20.889508,37,1014
20,218,36800,37.433253,42,1020
20,218,36834,31.667824,34,1037
20,218,36874,26.229733,40,1024
20,218,36914,15.839519,40,1012
20,218,36955,28.276356,41,1023
20,218,36991,32.491908,36,1014
20,218,37033,38.673274,42,1046
20,218,37075,25.691815,42,1035
20,218,37107,24.611208,32,1023
20,218,37147,29.560782,40,1047
20,218,37189,28.193271,42,1001
20,218,37224,31.252376,35,1009
20,218,37263,23.708772,39,1060
20,218,37307,29.268559,44,1006
20,218,37346,33.955381,39,1055
20,218,37382,30.749628,36,1058
20,218,37421,30.261314,39,1008
20,218,37460,36.856197,39,1050
20,218,37501,30.124524,41,1031
20,218,37551,30.501867,50,1020
20,218,37592,41.215589,41,1046
20,218,37631,35.972377,39,1015
20,218,37670,31.917311,39,1042
20,218,37717,34.930234,47,1020
20,218,37755,30.204413,38,1048
20,218,37788,36.580808,33,1027
20,218,37823,28.034405,35,1027
20,218,37863,26.415305,40,1023
20,218,37900,46.448233,37,1028
20,218,37941,35.749488,41,1036
20,218,37975,27.935622,34,1010
20,218,38009,22.523554,34,1057
20,218,38046,32.622763,37,1011
20,218,38085,38.919125,39,1006
20,218,38118,30.897435,33,1002
20,218,38160,35.448808,42,1001
20,218,38196,24.020511,36,1017
20,218,38234,34.263718,38,1024
20,218,38269,27.606071,35,1054
20,218,38311,35.263296,42,1049
20,218,38349,33.795077,38,1013
20,218,38389,25.321509,40,1001
20,218,38429,35.801343,40,1048
20,218,38467,23.53887,38,1030
20,218,38509,28.639212,42,1057
20,218,38545,26.65118,36,1022
20,218,38579,26.965429,34,1052
20,218,38619,26.729915,40,1013
20,218,38654,26.935897,35,1044
20,218,38690,32.130444,36,1014
20,218,38727,31.718308,37,1016
20,218,38763,35.874582,36,1010
20,218,38801,23.913318,38,1053
20,218,38839,22.059445,38,1055
20,218,38876,37.392319,37,1052
20,218,38915,37.103062,39,1018
20,218,38954,20.810215,39,1021
20,218,38988,29.441122,34,1011
20,218,39024,26.441134,36,1030
20,218,39062,23.805,38,1029
20,218,39090,21.108097,28,1012
20,218,39131,29.723607,41,1056
20,218,39170,30.611104,39,1032
20,218,39202,22.576034,32,1030
20,218,39234,19.249091,32,1019
20,218,39269,27.687264,35,1051
20,218,39306,32.571013,37,1042
20,218,39339,24.353346,33,1010
20,218,39374,31.243224,35,1012
20,218,39415,39.693206,41,1028
20,218,39456,29.242556,41,1021
20,218,39495,34.738038,39,1033
20,218,39531,25.325576,36,1017
20,218,39565,30.196595,34,1051
20,218,39600,36.064767,35,1054
20,218,39643,29.771431,43,1055
20,218,39681,37.851333,38,1026
20,218,39714,16.960375,33,1038
20,218,39752,28.404359,38,1003
20,218,39788,39.364537,36,1058
20,218,39824,17.845801,36,1010
20,218,39862,32.166256,38,1042
20,218,39901,39.428361,39,1005
20,218,39937,24.580885,36,1057
20,218,39974,27.416149,37,1003
20,218,40014,34.018408,40,1032
20,218,40049,25.840828,35,1034
20,218,40092,22.815611,43,1016
20,218,40133,34.112806,41,1049
20,218,40169,20.392556,36,1030
20,218,40204,25.929318,35,1044
20,218,40241,21.327313,37,1057
20,218,40281,37.507601,40,1028
20,218,40323,41.051947,42,1020
20,218,40355,26.823911,32,1012
20,218,40391,22.28936,36,1010
20,218,40428,37.282918,37,1001
20,218,40463,24.478138,35,1048
20,218,40501,31.155212,38,1008
20,218,40538,31.449315,37,1027
20,218,40573,21.245212,35,1040
20,218,40616,30.678053,43,1048
20,218,40652,28.323053,36,1011
20,218,40687,37.184347,35,1018
20,218,40731,34.782889,44,1004
20,218,40768,30.764412,37,1027
20,218,40808,24.796327,40,1045
20,218,40845,32.438885,37,1031
20,218,40887,33.092321,42,1023
20,218,40932,29.912354,45,1037
20,218,40975,28.222013,43,1039
20,218,41012,26.768206,37,1013
20,218,41054,22.815744,42,1045
20,218,41094,22.240221,40,1012
20,218,41128,26.042428,34,1030
20,218,41170,31.296213,42,1006
20,218,41212,35.577677,42,1009
20,218,41253,31.378543,41,1046
20,218,41291,39.944938,38,1024
20,218,41333,22.854796,42,1020
20,218,41372,17.889488,39,1003
20,218,41409,24.261389,37,1060
20,218,41446,41.955539,37,1024
20,218,41488,31.857454,42,1059
20,218,41525,33.069835,37,1047
20,218,41561,28.78724,36,1052
20,218,41601,35.742489,40,1041
20,218,41636,34.54743,35,1025
20,218,41668,34.360931,32,1031
20,218,41704,25.900396,36,1017
20,218,41741,34.917252,37,1025
20,218,41783,24.634001,42,1045
20,218,41824,36.129608,41,1001
20,218,41862,27.126026,38,1036
20,218,41901,24.096195,39,1030
20,218,41938,32.663904,37,1056
20,218,41977,38.399053,39,1043
20,218,42020,33.726415,43,1006
20,218,42061,28.170853,41,1023
20,218,42098,30.571676,37,1054
20,218,42139,30.744258,41,1014
20,218,42178,40.423181,39,1006
20,218,42217,24.542906,39,1051
20,218,42254,40.775286,37,1056
20,218,42296,40.769543,42,1041
20,218,42338,34.131959,42,1002
20,218,42374,28.764653,36,1038
20,218,42409,26.237552,35,1022
20,218,42447,32.519313,38,1007
20,218,42489,30.999559,42,1056
20,218,42525,33.086224,36,1005
20,218,42564,35.260003,39,1023
20,218,42601,23.100699,37,1022
20,218,42634,41.431545,33,1037
20,218,42672,23.607059,38,1003
20,218,42700,17.989223,28,1060
20,218,42738,26.819924,38,1026
20,218,42772,29.111472,34,1035
20,218,42805,37.990897,33,1046
20,218,42844,16.880328,39,1022
20,218,42885,34.67132,41,1058
20,218,42926,24.953164,41,1008
20,218,42962,34.476635,36,1014
20,218,43000,36.805002,38,1053
20,218,43039,16.059268,39,1052
20,218,43080,40.131701,41,1004
20,218,43116,21.906643,36,1057
20,218,43161,40.636074,45,1049
20,218,43200,35.540205,39,1024
20,218,43234,26.546152,34,1013
20,218,43273,33.264631,39,1005
20,218,43307,24.754343,34,1030
20,218,43342,35.47417,35,1023
20,218,43381,26.96821,39,1008
20,218,43420,21.144508,39,1013
20,218,43465,34.975753,45,1048
20,218,43507,24.111739,42,1060
20,218,43545,24.395234,38,1047
20,218,43588,36.671441,43,1029
20,218,43631,36.986906,43,1028
20,218,43673,34.300836,42,1056
20,218,43708,30.68285,35,1041
20,218,43743,31.046004,35,1045
20,218,43784,32.951958,41,1049
20,218,43826,24.168015,42,1049
20,218,43866,41.677641,40,1037
20,218,43910,36.786966,44,1049
20,218,43946,37.199717,36,1055
20,218,43982,35.86442,36,1011
20,218,44022,16.798697,40,1013
20,218,44063,28.957385,41,1016
20,218,44108,33.69565,45,1004
20,218,44147,31.194723,39,1023
20,218,44184,33.416434,37,1037
20,218,44222,34.492906,38,1010
20,218,44258,24.680693,36,1010
20,218,44293,29.35066,35,1013
20,218,44327,24.882012,34,1038
20,218,44369,25.469059,42,1034
20,218,44407,33.224761,38,1007
20,218,44443,30.951199,36,1029
20,218,44481,33.89551,38,1036
20,218,44515,29.7979,34,1042
20,218,44549,36.03974,34,1018
20,218,44585,31.767626,36,1014
20,218,44627,38.106384,42,1028
20,218,44670,27.789018,43,1044
20,218,44714,37.520864,44,1059
20,218,44752,26.266633,38,1017
20,218,44787,31.144073,35,1038
20,218,44826,33.909186,39,1043
20,218,44860,34.766091,34,1030
20,218,44895,26.830342,35,1013
20,218,44931,23.795288,36,1051
20,218,44973,33.065048,42,1041
20,218,45004,26.711796,31,1037
20,218,45044,41.950263,40,1004
20,218,45083,29.156065,39,1029
20,218,45122,35.442547,39,1004
20,218,45158,25.115868,36,1022
20,218,45203,29.932769,45,1041
20,218,45242,33.257326,39,1038
20,218,45283,28.01092,41,1021
20,218,45321,32.790076,38,1015
20,218,45367,40.219593,46,1004
20,218,45410,27.058915,43,1008
20,218,45453,32.256952,43,1038
20,218,45496,44.38662,43,1028
20,218,45536,37.416199,40,1007
20,218,45576,39.720319,40,1024
20,218,45613,48.670414,37,1006
20,218,45653,37.443897,40,1018
20,218,45690,38.779061,37,1024
20,218,45725,28.953846,35,1010
20,218,45767,28.159008,42,1007
20,218,45809,28.677433,42,1013
20,218,45846,30.710061,37,1014
20,218,45884,24.590737,38,1035
20,218,45921,31.181873,37,1004
20,218,45962,34.857886,41,1035
20,218,46003,36.228619,41,1011
20,218,46040,30.495412,37,1033
20,218,46084,36.528383,44,1036
20,218,46129,24.875225,45,1010
20,218,46164,38.172762,35,1032
20,218,46206,30.029981,42,1055
20,218,46244,20.249164,38,1043
20,218,46278,31.585506,34,1045
20,218,46316,19.06785,38,1015
20,218,46357,26.71995,41,1004
20,218,46401,32.943625,44,1050
20,218,46440,27.158354,39,1002
20,218,46475,38.073377,35,1046
20,218,46512,31.302029,37,1001
20,218,46549,26.497549,37,1051
20,218,46587,34.544479,38,1057
20,218,46625,28.962162,38,1055
20,218,46669,28.756431,44,1023
20,218,46707,40.712317,38,1025
20,218,46744,31.894853,37,1051
20,218,46777,31.105594,33,1015
20,218,46810,30.253214,33,1057
20,218,46840,21.558843,30,1053
20,218,46884,37.738637,44,1032
20,218,46930,42.391932,46,1059
20,218,46975,39.868741,45,1032
20,218,47016,35.318777,41,1056
20,218,47052,23.681232,36,1027
20,218,47092,27.264007,40,1037
20,218,47130,23.973464,38,1010
20,218,47170,26.063304,40,1055
20,218,47205,32.453105,35,1024
20,218,47242,23.250725,37,1046
20,218,47284,30.109764,42,1007
20,218,47323,27.991968,39,1060
20,218,47366,35.296906,43,1005
20,218,47407,36.188721,41,1049
20,218,47446,38.586337,39,1009
20,218,47490,32.135217,44,1025
20,218,47526,24.450905,36,1008
20,218,47561,31.669395,35,1054
20,218,47597,29.579685,36,1036
20,218,47637,35.081727,40,1036
20,218,47678,27.714748,41,1014
20,218,47721,31.019005,43,1007
20,218,47757,22.901799,36,1036
20,218,47794,33.175852,37,1053
20,218,47823,25.13769,29,1053
20,218,47856,27.418539,33,1014
20,218,47905,25.342667,49,1001
20,218,47940,29.698952,35,1026
20,218,47982,46.316778,42,1020
20,218,48019,28.273982,37,1018
20,218,48054,20.922558,35,1003
20,218,48093,27.166467,39,1051
20,218,48131,29.904029,38,1003
20,218,48178,36.758552,47,1023
20,218,48209,27.689448,31,1038
20,218,48249,36.981248,40,1007
20,218,48295,35.019151,46,1059
20,218,48334,40.247439,39,1026
20,218,48374,24.078249,40,1002
20,218,48412,29.249865,38,1015
20,218,48450,28.249208,38,1047
20,218,48482,30.562133,32,1044
20,218,48517,31.717082,35,1027
20,218,48551,26.707508,34,1012
20,218,48586,27.250986,35,1027
20,218,48623,34.48641,37,1058
20,218,48662,29.665224,39,1033
20,218,48700,23.026833,38,1034
20,218,48739,35.278441,39,1020
20,218,48774,24.312051,35,1054
20,218,48807,28.930084,33,1030
20,218,48844,36.198902,37,1049
20,218,48877,27.235709,33,1047
20,218,48921,27.185775,44,1020
20,218,48957,30.677036,36,1029
20,218,48983,33.111738,26,1017
20,218,49023,34.355791,40,1031
20,218,49065,27.520543,42,1019
20,218,49098,28.650343,33,1011
20,218,49136,29.106532,38,1053
20,218,49171,34.531646,35,1058
20,218,49211,28.659653,40,1035
20,218,49252,38.380471,41,1009
20,218,49293,29.72819,41,1058
20,218,49327,21.584361,34,1047
20,218,49366,28.661732,39,1027
20,218,49402,37.10462,36,1021
20,218,49438,32.562501,36,1006
20,218,49477,35.428037,39,1018
20,218,49516,33.461255,39,1024
20,218,49557,27.24466,41,1004
20,218,49595,30.581022,38,1026
20,218,49631,38.945283,36,1053
20,218,49665,29.470356,34,1054
20,218,49711,22.960867,46,1013
20,218,49746,30.736986,35,1037
20,218,49785,27.503641,39,1007
20,218,49821,31.385619,36,1010
20,218,49868,29.432732,47,1016
20,218,49909,36.432449,41,1020
20,218,49946,41.188361,37,1047
20,218,49977,23.042086,31,1051
20,218,50016,29.892373,39,1001
20,218,50054,23.890387,38,1018
20,218,50084,19.784116,30,1036
20,218,50123,31.796425,39,1046
20,218,50158,24.16717,35,1060
20,218,50203,38.354778,45,1050
20,218,50238,29.667448,35,1047
20,218,50276,42.075189,38,1045
20,218,50314,26.447283,38,1019
20,218,50351,36.944974,37,1033
20,218,50388,37.531018,37,1049
20,218,50427,34.931387,39,1022
20,218,50464,29.220253,37,1035
20,218,50505,29.266779,41,1008
20,218,50550,29.052253,45,1025
20,218,50592,26.379757,42,1046
20,218,50628,28.018875,36,1013
20,218,50666,33.821842,38,1018
20,218,50714,27.769745,48,1010
20,218,50746,26.395306,32,1014
20,218,50781,31.514559,35,1048
20,218,50818,27.625549,37,1012
20,218,50854,33.510972,36,1001
20,218,50893,31.593716,39,1029
20,218,50928,34.89885,35,1025
20,218,50968,39.191991,40,1018
20,218,51002,25.09112,34,1003
20,218,51042,31.118917,40,1045
20,218,51077,26.082798,35,1033
20,218,51117,29.519896,40,1020
20,218,51155,35.014663,38,1006
20,218,51195,35.558218,40,1007
20,218,51232,32.356101,37,1055
20,218,51272,34.824321,40,1028
20,218,51310,28.397022,38,1056
20,218,51349,32.184687,39,1058
20,218,51383,28.35338,34,1038
20,218,51419,30.350066,36,1038
20,218,51461,33.02749,42,1001
20,218,51496,25.156163,35,1057
20,218,51530,29.682539,34,1038
20,218,51569,28.975824,39,1031
20,218,51611,32.963602,42,1048
20,218,51651,31.834561,40,1044
20,218,51690,34.541606,39,1027
20,218,51719,24.590202,29,1017
20,218,51760,26.146801,41,1052
20,218,51797,31.071389,37,1013
20,218,51836,29.675056,39,1038
20,218,51878,47.487424,42,1028
20,218,51916,28.989136,38,1005
20,218,51958,36.555384,42,1025
20,218,52000,30.668998,42,1037
20,218,52034,25.894937,34,1014
20,218,52078,36.710992,44,1059
20,218,52110,24.666095,32,1012
20,218,52148,34.255639,38,1007
20,218,52183,16.9084,35,1060
20,218,52221,23.781499,38,1017
20,218,52263,30.891091,42,1059
20,218,52297,27.939908,34,1014
20,218,52332,24.1202,35,1034
20,218,52373,38.291099,41,1058
20,218,52413,24.936754,40,1022
20,218,52448,41.012105,35,1050
20,218,52486,31.198733,38,1001
20,218,52525,25.214426,39,1044
20,218,52561,25.147606,36,1051
20,218,52597,23.569557,36,1017
20,218,52633,32.545197,36,1026
20,218,52666,34.733796,33,1002
20,218,52708,30.703782,42,1001
20,218,52747,31.510715,39,1053
20,218,52782,25.461614,35,1022
20,218,52822,37.588355,40,1018
20,218,52857,24.642681,35,1021
20,218,52896,26.893604,39,1057
20,218,52941,30.015873,45,1016
20,218,52985,37.103088,44,1009
20,218,53022,22.550202,37,1039
20,218,53057,38.054683,35,1024
20,218,53095,26.236211,38,1060
20,218,53135,38.731601,40,1025
20,218,53169,20.147545,34,1019
20,218,53207,29.832327,38,1015
20,218,53242,27.829128,35,1060
20,218,53279,22.144501,37,1036
20,218,53327,34.020809,48,1004
20,218,53377,34.891806,50,1032
20,218,53415,25.482191,38,1005
20,218,53453,33.962017,38,1027
20,218,53497,33.464258,44,1050
20,218,53539,28.761563,42,1048
20,218,53579,23.214207,40,1029
20,218,53618,29.795068,39,1058
20,218,53654,30.30099,36,1002
20,218,53694,39.870997,40,1050
20,218,53735,39.998817,41,1042
20,218,53778,28.126646,43,1013
20,218,53816,25.532354,38,1041
20,218,53861,34.591572,45,1009
20,218,53908,32.399491,47,1009
20,218,53951,41.239564,43,1024
20,218,53989,23.1665,38,1052
20,218,54030,37.580313,41,1009
20,218,54068,29.296336,38,1026
20,218,54106,29.959046,38,1053
20,218,54140,27.316046,34,1033
20,218,54180,31.512608,40,1043
20,218,54221,29.951524,41,1041
20,218,54251,24.650476,30,1010
20,218,54294,33.743801,43,1023
20,218,54334,41.230912,40,1032
20,218,54367,23.274919,33,1003
20,218,54398,32.314218,31,1035
20,218,54436,32.471661,38,1042
20,218,54468,31.056082,32,1015
20,218,54512,27.537215,44,1026
20,218,54551,28.722919,39,1057
20,218,54593,38.017591,42,1004
20,218,54632,37.394403,39,1056
20,218,54662,29.741429,30,1038
20,218,54700,34.413221,38,1015
20,218,54741,31.498614,41,1042
20,218,54780,41.60408,39,1027
20,218,54827,23.420967,47,1020
20,218,54874,35.570148,47,1032
20,218,54909,28.732596,35,1046
20,218,54945,33.277935,36,1007
20,218,54983,27.449218,38,1015
20,218,55035,32.954653,52,1059
20,218,55061,23.917015,26,1010
20,218,55109,45.337034,48,1032
20,218,55142,25.486851,33,1023
20,218,55182,37.05693,40,1009
20,218,55218,29.684681,36,1051
20,218,55254,21.623241,36,1021
20,218,55288,34.781421,34,1047
20,218,55325,29.068071,37,1020
20,218,55366,25.943648,41,1035
20,218,55406,25.383287,40,1054
20,218,55444,28.821701,38,1002
20,218,55480,26.815034,36,1014
20,218,55510,33.848787,30,1053
20,218,55552,29.863868,42,1036
20,218,55589,24.524117,37,1003
20,218,55632,30.276032,43,1001
20,218,55668,25.668526,36,1054
20,218,55704,36.794785,36,1023
20,218,55741,28.820241,37,1003
20,218,55776,25.098042,35,1038
20,218,55815,24.600563,39,1018
20,218,55853,36.052772,38,1039
20,218,55894,37.635671,41,1002
20,218,55933,27.250962,39,1042
20,218,55979,34.28907,46,1023
20,218,56017,26.681236,38,1022
20,218,56059,25.42102,42,1019
20,218,56101,26.98238,42,1029
20,218,56139,35.572511,38,1031
20,218,56180,27.480938,41,1047
20,218,56216,19.099558,36,1044
20,218,56256,23.601354,40,1041
20,218,56292,32.767384,36,1038
20,218,56340,29.833965,48,1016
20,218,56379,40.590002,39,1032
20,218,56416,29.025718,37,1048
20,218,56449,27.866659,33,1014
20,218,56483,23.133499,34,1052
20,218,56518,31.308693,35,1038
20,218,56555,36.747523,37,1024
20,218,56594,28.563487,39,1047
20,218,56629,30.639386,35,1011
20,218,56669,23.310661,40,1042
20,218,56706,29.889214,37,1027
20,218,56744,29.534421,38,1052
20,218,56781,33.502218,37,1038
20,218,56822,33.086714,41,1029
20,218,56861,29.926699,39,1057
20,218,56912,35.055674,51,1016
20,218,56953,36.736756,41,1059
20,218,56998,32.017077,45,1031
20,218,57037,23.929768,39,1029
20,218,57069,27.757103,32,1038
20,218,57109,32.401113,40,1011
20,218,57145,29.195124,36,1014
20,218,57184,38.690652,39,1015
20,218,57224,30.923182,40,1041
20,218,57264,21.592226,40,1038
20,218,57302,40.344123,38,1046
20,218,57343,29.279077,41,1055
20,218,57384,25.31228,41,1034
20,218,57424,29.614819,40,1051
20,218,57465,30.336871,41,1013
20,218,57503,30.42982,38,1024
20,218,57541,40.340485,38,1024
20,218,57580,31.337295,39,1017
20,218,57614,24.728263,34,1038
20,218,57661,38.136718,47,1016
20,218,57697,26.111886,36,1001
20,218,57733,20.994223,36,1060
20,218,57774,27.645542,41,1012
20,218,57812,28.694015,38,1013
20,218,57844,43.763609,32,1046
20,218,57882,24.296008,38,1012
20,218,57920,29.593303,38,1002
20,218,57964,25.65393,44,1003
20,218,58005,29.717298,41,1048
20,218,58044,28.537937,39,1034
20,218,58088,31.182551,44,1048
20,218,58125,24.172068,37,1040
20,218,58164,28.227021,39,1057
20,218,58202,30.644596,38,1023
20,218,58247,32.371045,45,1045
20,218,58286,27.185939,39,1034
20,218,58336,42.298368,50,1050
20,218,58379,33.176628,43,1011
20,218,58423,28.710527,44,1020
20,218,58468,31.262463,45,1016
20,218,58503,28.433355,35,1053
20,218,58539,40.735341,36,1041
20,218,58576,39.092544,37,1048
20,218,58608,28.032839,32,1033
20,218,58644,30.597516,36,1045
20,218,58686,30.527436,42,1020
20,218,58723,30.956935,37,1014
20,218,58759,25.062566,36,1017
20,218,58795,35.363014,36,1001
20,218,58840,36.126223,45,1016
20,218,58867,19.910387,27,1040
20,218,58906,34.841716,39,1001
20,218,58952,40.818301,46,1023
20,218,58986,28.220949,34,1052
20,218,59020,31.880279,34,1033
20,218,59059,21.469079,39,1039
20,218,59107,25.245047,48,1016
20,218,59140,26.052478,33,1001
20,218,59172,28.882836,32,1040
20,218,59208,38.340808,36,1039
20,218,59241,36.460358,33,1031
20,218,59287,31.654799,46,1020
20,218,59322,25.65773,35,1034
20,218,59367,26.268556,45,1051
20,218,59398,29.702543,31,1018
20,218,59434,33.920415,36,1010
20,218,59465,21.972402,31,1038
20,218,59505,33.895112,40,1039
20,218,59539,22.983573,34,1017
20,218,59580,35.114867,41,1028
20,218,59616,31.422085,36,1013
20,218,59652,27.340789,36,1044
20,218,59687,27.85131,35,1036
20,218,59726,35.292579,39,1011
20,218,59759,31.075003,33,1058
20,218,59803,39.049913,44,1059
20,218,59842,28.94435,39,1037
20,218,59887,34.374457,45,1048
20,218,59928,31.14924,41,1058
20,218,59969,34.052179,41,1009
20,218,60003,24.067899,34,1013
20,218,60043,33.912669,40,1007
20,218,60076,33.37979,33,1027
20,218,60119,31.622562,43,1029
20,218,60162,42.695391,43,1005
20,218,60198,21.07971,36,1035
20,218,60237,21.872101,39,1052
20,218,60274,32.687874,37,1031
20,218,60318,31.048688,44,1008
20,218,60356,32.609183,38,1046
20,218,60401,36.2194,45,1025
20,218,60438,34.590339,37,1058
20,218,60484,25.950606,46,1016
20,218,60520,33.477071,36,1042
20,218,60556,24.66721,36,1052
20,218,60594,29.024278,38,1031
20,218,60627,27.721823,33,1044
20,218,60666,35.828802,39,1050
20,218,60702,30.457622,36,1042
20,218,60743,17.589737,41,1030
20,218,60781,35.966626,38,1015
20,218,60819,29.980253,38,1018
20,218,60854,22.345272,35,1040
20,218,60893,34.219875,39,1010
20,218,60931,19.537311,38,1057
20,218,60976,34.577567,45,1050
20,218,61009,20.492891,33,1003
20,218,61052,29.650962,43,1048
20,218,61091,33.39666,39,1047
20,218,61129,36.355141,38,1033
20,218,61167,28.752767,38,1034
20,218,61208,35.512336,41,1049
20,218,61244,17.897643,36,1060
20,218,61283,34.325648,39,1036
20,218,61320,24.433246,37,1003
20,218,61358,26.783298,38,1053
20,218,61397,25.597875,39,1008
20,218,61433,27.212133,36,1015
20,218,61470,27.193338,37,1022
20,218,61512,31.653972,42,1043
20,218,61550,31.722628,38,1047
20,218,61589,35.40709,39,1045
20,218,61628,24.64339,39,1018
20,218,61669,25.231823,41,1013
20,218,61707,44.340999,38,1053
20,218,61747,27.968596,40,1029
20,218,61784,27.630624,37,1041
20,218,61823,42.006106,39,1025
20,218,61866,31.357949,43,1006
20,218,61907,31.975516,41,1031
20,218,61943,32.096788,36,1025
20,218,61984,24.467168,41,1047
20,218,62017,38.831011,33,1048
20,218,62054,42.803287,37,1005
20,218,62096,26.276403,42,1020
20,218,62133,26.11772,37,1051
20,218,62177,33.583271,44,1058
20,218,62217,32.211537,40,1020
20,218,62258,28.866819,41,1052
20,218,62299,30.655907,41,1008
20,218,62335,38.320516,36,1046
20,218,62371,32.382486,36,1003
20,218,62411,29.479273,40,1019
20,218,62452,36.791452,41,1046
20,218,62484,34.940781,32,1033
20,218,62521,34.218941,37,1037
20,218,62564,25.513662,43,1045
20,218,62603,21.331275,39,1030
20,218,62641,27.418171,38,1054
20,218,62683,32.231139,42,1007
20,218,62719,26.965988,36,1022
20,218,62758,25.61018,39,1051
20,218,62792,35.431676,34,1026
20,218,62829,24.336337,37,1014
20,218,62865,26.012346,36,1003
20,218,62910,34.930541,45,1055
20,218,62948,37.395867,38,1036
20,218,62986,26.678,38,1011
20,218,63023,21.828328,37,1022
20,218,63063,33.52079,40,1051
20,218,63100,28.625408,37,1039
20,218,63136,18.079124,36,1060
20,218,63172,32.236911,36,1004
20,218,63209,24.245002,37,1015
20,218,63246,19.849143,37,1053
20,218,63286,35.638464,40,1011
20,218,63327,20.97961,41,1060
20,218,63366,29.497599,39,1013
20,218,63403,34.970525,37,1021
20,218,63448,31.864154,45,1051
20,218,63486,25.236648,38,1016
20,218,63527,43.116908,41,1032
20,218,63569,34.7914,42,1020
20,218,63611,32.182539,42,1049
20,218,63656,36.897405,45,1045
20,218,63695,35.67351,39,1026
20,218,63730,29.172451,35,1021
20,218,63773,35.895916,43,1020
20,218,63810,29.082572,37,1021
20,218,63851,28.903941,41,1018
20,218,63891,36.428994,40,1018
20,218,63929,31.468964,38,1034
20,218,63965,30.190053,36,1014
20,218,64003,38.72499,38,1025
20,218,64043,22.16798,40,1035
20,218,64085,39.003226,42,1005
20,218,64128,27.646993,43,1042
20,218,64166,34.180852,38,1054
20,218,64199,35.239086,33,1045
20,218,64238,27.511453,39,1039
20,218,64272,25.029921,34,1003
20,218,64316,38.207954,44,1020
20,218,64349,26.697393,33,1010
20,218,64393,25.283817,44,1035
20,218,64430,34.208936,37,1018
20,218,64471,26.33494,41,1039
20,218,64509,30.39096,38,1010
20,218,64552,31.343498,43,1042
20,218,64594,37.092041,42,1050
20,218,64627,26.875959,33,1051
20,218,64662,27.754648,35,1021
20,218,64704,27.34543,42,1026
20,218,64743,29.739212,39,1049
20,218,64779,22.399515,36,1052
20,218,64820,20.55461,41,1053
20,218,64857,29.472071,37,1007
20,218,64896,41.947656,39,1007
20,218,64935,34.319961,39,1010
20,218,64976,34.754517,41,1045
20,218,65015,41.714823,39,1006
20,218,65054,32.357021,39,1045
20,218,65092,33.786516,38,1011
20,218,65124,15.89913,32,1003
20,218,65164,24.707154,40,1008
20,218,65205,36.400754,41,1040
20,218,65241,31.933739,36,1043
20,218,65283,28.956966,42,1048
20,218,65317,28.056309,34,1054
20,218,65358,27.240424,41,1054
20,218,65393,36.050218,35,1031
20,218,65434,25.714946,41,1012
20,218,65480,36.736127,46,1048
20,218,65522,30.903294,42,1025
20,218,65558,25.111173,36,1030
20,218,65597,27.896337,39,1036
20,218,65635,33.554645,38,1018
20,218,65678,33.790743,43,1005
20,218,65717,35.523719,39,1046
20,218,65755,26.013829,38,1051
20,218,65793,34.757191,38,1049
20,218,65832,35.395919,39,1047
20,218,65866,34.188353,34,1034
20,218,65904,36.162515,38,1014
20,218,65941,26.272731,37,1013
20,218,65979,32.822548,38,1014
20,218,66017,26.552895,38,1002
20,218,66056,29.292229,39,1057
20,218,66095,20.772028,39,1019
20,218,66133,32.682599,38,1041
20,218,66168,32.883726,35,1055
20,218,66210,31.0182,42,1016
20,218,66246,27.87543,36,1051
20,218,66287,23.186936,41,1015
20,218,66323,22.092114,36,1012
20,218,66354,36.305509,31,1023
20,218,66386,31.490997,32,1030
20,218,66420,25.930963,34,1027
20,218,66459,34.830933,39,1041
20,218,66496,29.892095,37,1037
20,218,66534,27.603789,38,1036
20,218,66573,31.088391,39,1001
20,218,66607,32.87977,34,1035
20,218,66647,26.0767,40,1008
20,218,66683,35.997612,36,1011
20,218,66724,32.572584,41,1033
20,218,66762,38.141659,38,1014
20,218,66804,30.667804,42,1049
20,218,66839,44.505342,35,1026
20,218,66876,25.772169,37,1040
20,218,66902,17.451089,26,1060
20,218,66937,28.270094,35,1013
20,218,66983,30.737837,46,1031
20,218,67021,28.099239,38,1033
20,218,67057,38.762583,36,1004
20,218,67095,34.140979,38,1054
20,218,67128,30.27335,33,1044
20,218,67165,34.12548,37,1058
20,218,67206,25.03586,41,1016
20,218,67241,26.177271,35,1008
20,218,67277,30.823254,36,1027
20,218,67312,34.913561,35,1001
20,218,67351,31.65029,39,1018
20,218,67390,30.482783,39,1010
20,218,67435,23.696384,45,1017
20,218,67474,34.411964,39,1018
20,218,67511,45.098742,37,1032
20,218,67547,25.802062,36,1060
20,218,67587,23.456298,40,1040
20,218,67618,31.122054,31,1019
20,218,67649,22.100129,31,1053
20,218,67689,29.300461,40,1006
20,218,67722,27.44836,33,1014
20,218,67760,37.638029,38,1045
20,218,67798,26.576807,38,1051
20,218,67835,29.892575,37,1027
20,218,67870,38.358928,35,1002
20,218,67909,23.851462,39,1008
20,218,67952,33.640343,43,1005
20,218,67996,36.470532,44,1059
20,218,68032,32.92355,36,1038
20,218,68066,26.701141,34,1003
20,218,68111,38.751565,45,1049
20,218,68149,37.183026,38,1007
20,218,68186,35.11582,37,1042
20,218,68221,32.42746,35,1011
20,218,68263,25.187206,42,1055
20,218,68303,27.946268,40,1007
20,218,68337,27.768245,34,1038
20,218,68373,29.835987,36,1012
20,218,68408,31.403293,35,1053
20,218,68451,32.638671,43,1034
20,218,68486,25.542487,35,1017
20,218,68530,25.769414,44,1047
20,218,68563,29.770586,33,1017
20,218,68606,31.61013,43,1055
20,218,68649,36.82815,43,1058
20,218,68686,24.205697,37,1001
20,218,68723,22.166873,37,1054
20,218,68761,43.36703,38,1058
20,218,68800,28.068393,39,1048
20,218,68850,26.004833,50,1001
20,218,68888,30.769998,38,1040
20,218,68929,27.353,41,1045
20,218,68965,32.1838,36,1029
20,218,69006,17.283203,41,1051
20,218,69049,20.727678,43,1045
20,218,69094,39.071136,45,1006
20,218,69126,33.012077,32,1046
20,218,69171,39.799718,45,1020
20,218,69205,20.147493,34,1060
20,218,69236,30.993903,31,1058
20,218,69273,28.409935,37,1034
20,218,69313,28.249837,40,1030
20,218,69357,29.11186,44,1059
20,218,69395,39.844009,38,1058
20,218,69428,25.602496,33,1021
20,218,69476,21.158845,48,1047
20,218,69516,38.300275,40,1045
20,218,69555,40.224715,39,1007
20,218,69591,33.142857,36,1041
20,218,69634,37.608032,43,1020
20,218,69674,47.939381,40,1006
20,218,69722,25.835014,48,1016
20,218,69761,31.503041,39,1017
20,218,69797,31.821737,36,1045
20,218,69835,31.494374,38,1042
20,218,69881,34.59937,46,1050
20,218,69917,36.348232,36,1039
20,218,69957,23.197724,40,1040
20,218,69982,23.636438,25,1060
20,218,70015,31.089766,33,1036
20,218,70056,28.441637,41,1027
20,218,70094,23.199576,38,1060
20,218,70129,24.361295,35,1051
20,218,70166,29.843212,37,1028
20,218,70200,40.48189,34,1024
20,218,70237,21.74612,37,1034
20,218,70284,39.637834,47,1050
20,218,70321,43.746784,37,1028
20,218,70367,31.195759,46,1029
20,218,70408,35.396169,41,1018
20,218,70445,29.021287,37,1027
20,218,70484,31.44764,39,1054
20,218,70524,33.456182,40,1039
20,218,70562,31.043557,38,1011
20,218,70595,25.954891,33,1019
20,218,70635,36.651756,40,1006
20,218,70672,30.712715,37,1047
20,218,70708,25.107463,36,1013
20,218,70746,25.592645,38,1014
20,218,70786,38.571051,40,1045
20,218,70827,34.891233,41,1025
20,218,70867,21.74614,40,1019
20,218,70911,22.588696,44,1008
20,218,70944,28.097802,33,1045
20,218,70982,32.054698,38,1052
20,218,71022,27.467015,40,1045
20,218,71063,29.596979,41,1021
20,218,71096,36.229166,33,1058
20,218,71136,20.848454,40,1007
20,218,71167,31.8165,31,1022
20,218,71199,39.619685,32,1056
20,218,71240,20.423776,41,1039
20,218,71282,35.223432,42,1043
20,218,71318,29.280152,36,1057
20,218,71362,36.017709,44,1049
20,218,71403,36.453645,41,1027
20,218,71440,31.500382,37,1053
20,218,71480,32.692523,40,1050
20,218,71513,26.472022,33,1044
20,218,71547,22.322259,34,1029
20,218,71589,35.848415,42,1029
20,218,71632,25.492394,43,1010
20,218,71672,36.029669,40,1058
20,218,71718,40.256972,46,1056
20,218,71756,27.145933,38,1047
20,218,71797,24.088289,41,1010
20,218,71832,19.543788,35,1060
20,218,71875,35.890325,43,1007
20,218,71909,34.54968,34,1026
20,218,71954,30.382811,45,1051
20,218,71986,26.309335,32,1051
20,218,72027,37.015786,41,1050
20,218,72064,23.554129,37,1008
20,218,72105,35.253155,41,1020
20,218,72149,32.178798,44,1048
20,218,72189,40.743735,40,1053
20,218,72228,37.76434,39,1043
20,218,72264,32.041766,36,1041
20,218,72297,21.736539,33,1060
20,218,72331,29.641827,34,1046
20,218,72373,35.679006,42,1016
20,218,72412,21.683363,39,1030
20,218,72450,41.50934,38,1049
20,218,72485,28.70894,35,1060
20,218,72529,30.870689,44,1049
20,218,72562,40.32493,33,1024
20,218,72601,33.727342,39,1057
20,218,72642,30.036913,41,1031
20,218,72689,33.996945,47,1041
20,218,72722,32.018341,33,1045
20,218,72756,27.634731,34,1044
20,218,72796,26.918357,40,1015
20,218,72827,26.10408,31,1022
20,218,72871,39.663238,44,1036
20,218,72912,32.893062,41,1023
20,218,72952,33.466146,40,1015
20,218,72993,31.173352,41,1028
20,218,73037,36.677685,44,1009
20,218,73075,38.931482,38,1004
20,218,73119,34.577028,44,1042
20,218,73162,18.568566,43,1008
20,218,73202,22.241462,40,1029
20,218,73235,26.454695,33,1037
20,218,73277,33.814047,42,1006
20,218,73317,27.489934,40,1051
20,218,73360,35.601998,43,1004
20,218,73400,29.527126,40,1016
20,218,73446,22.626274,46,1042
20,218,73474,14.915226,28,1060
20,218,73514,39.440469,40,1025
20,218,73541,31.713861,27,1042
20,218,73579,28.431368,38,1045
20,218,73618,26.567585,39,1030
20,218,73658,27.750001,40,1013
20,218,73691,41.975023,33,1026
20,218,73734,32.709154,43,1016
20,218,73776,41.821383,42,1025
20,218,73819,39.041495,43,1006
20,218,73849,32.202492,30,1015
20,218,73883,36.370858,34,1053
20,218,73915,27.784987,32,1015
20,218,73950,27.679273,35,1019
20,218,73987,33.894814,37,1027
20,218,74030,27.679277,43,1056
20,218,74070,43.242198,40,1004
20,218,74108,34.489685,38,1038
20,218,74151,35.188632,43,1049
20,218,74186,31.601619,35,1052
20,218,74220,31.8915,34,1013
20,218,74259,30.345613,39,1055
20,218,74298,33.706046,39,1029
20,218,74332,35.476263,34,1039
20,218,74374,26.645706,42,1013
20,218,74414,29.987135,40,1048
20,218,74454,37.378777,40,1036
20,218,74496,28.521113,42,1004
20,218,74540,26.926557,44,1048
20,218,74582,28.318942,42,1035
20,218,74619,30.308589,37,1027
20,218,74654,28.666267,35,1053
20,218,74691,29.214373,37,1027
20,218,74729,33.826552,38,1025
20,218,74767,30.978645,38,1006
20,218,74803,18.365508,36,1030
20,218,74839,37.544211,36,1037
20,218,74878,34.758106,39,1043
20,218,74918,36.100592,40,1043
20,218,74957,40.582102,39,1017
20,218,74995,32.543134,38,1043
20,218,75030,34.810634,35,1038
20,218,75066,24.757997,36,1044
20,218,75103,28.78105,37,1030
20,218,75140,33.44278,37,1018
20,218,75170,23.388041,30,1019
20,218,75214,34.82709,44,1028
20,218,75253,32.005914,39,1046
20,218,75293,22.824404,40,1036
20,218,75331,33.140012,38,1044
20,218,75366,29.547477,35,1008
20,218,75405,31.425961,39,1035
20,218,75446,37.790168,41,1011
20,218,75484,36.699781,38,1058
20,218,75518,30.865798,34,1030
20,218,75567,28.550882,49,1048
20,218,75598,23.671059,31,1008
20,218,75640,46.490226,42,1032
20,218,75681,37.798458,41,1023
20,218,75717,25.440761,36,1012
20,218,75757,29.720906,40,1012
20,218,75794,39.487764,37,1038
20,218,75835,24.996291,41,1034
20,218,75874,26.51531,39,1036
20,218,75899,22.298675,25,1003
20,218,75937,37.421014,38,1029
20,218,75976,27.771995,39,1024
20,218,76011,33.434377,35,1021
20,218,76053,36.672778,42,1016
20,218,76099,45.542229,46,1032
20,218,76132,26.068289,33,1017
20,218,76168,39.958517,36,1052
20,218,76203,27.357824,35,1034
20,218,76238,42.853456,35,1046
20,218,76279,32.153133,41,1041
20,218,76319,42.242445,40,1004
20,218,76357,25.129628,38,1030
20,218,76392,23.648484,35,1051
20,218,76432,39.681988,40,1005
20,218,76466,30.210486,34,1040
20,218,76506,43.540572,40,1009
20,218,76541,42.629021,35,1042
20,218,76580,29.922912,39,1014
20,218,76614,35.658042,34,1025
20,218,76651,41.069787,37,1024
20,218,76692,37.982641,41,1055
20,218,76732,31.730449,40,1043
20,218,76775,40.493118,43,1024
20,218,76812,20.454989,37,1019
20,218,76845,37.835576,33,1052
20,218,76875,25.742201,30,1022
20,218,76911,31.812684,36,1040
20,218,76958,26.267514,47,1051
20,218,76994,22.022714,36,1053
20,218,77029,29.503608,35,1053
20,218,77065,27.075284,36,1057
20,218,77103,32.977884,38,1005
20,218,77144,31.531108,41,1025
20,218,77187,27.97428,43,1031
20,218,77226,19.448558,39,1007
20,218,77264,31.243319,38,1042
20,218,77302,20.592771,38,1051
20,218,77341,22.822673,39,1051
20,218,77378,31.087577,37,1018
20,218,77416,26.453018,38,1048
20,218,77464,27.940222,48,1049
20,218,77490,13.916887,26,1060
20,218,77525,27.864951,35,1043
20,218,77561,26.359314,36,1008
20,218,77596,21.575312,35,1057
20,218,77637,29.317618,41,1020
20,218,77674,22.639333,37,1040
20,218,77710,36.038136,36,1011
20,218,77753,31.099473,43,1043
20,218,77791,39.8699,38,1025
20,218,77829,25.964087,38,1013
20,218,77869,30.186887,40,1056
20,218,77908,27.43158,39,1001
20,218,77946,21.133346,38,1003
20,218,77982,29.904271,36,1055
20,218,78018,30.576399,36,1035
20,218,78051,28.385552,33,1035
20,218,78086,30.568483,35,1030
20,218,78126,43.363122,40,1024
20,218,78164,21.823394,38,1019
20,218,78200,24.637381,36,1057
20,218,78223,27.259343,23,1046
20,218,78261,34.875896,38,1012
20,218,78299,26.70018,38,1030
20,218,78334,27.689183,35,1010
20,218,78375,37.469387,41,1049
20,218,78413,16.488908,38,1051
20,218,78455,35.969117,42,1014
20,218,78492,27.278421,37,1012
20,218,78530,23.861901,38,1007
20,218,78563,23.017945,33,1030
20,218,78602,33.359108,39,1059
20,218,78641,27.514773,39,1019
20,218,78683,31.008796,42,1050
20,218,78719,44.005455,36,1028
20,218,78761,33.329029,42,1049
20,218,78797,27.328556,36,1017
20,218,78833,30.193935,36,1036
20,218,78872,24.328583,39,1017
20,218,78914,34.179171,42,1014
20,218,78949,31.758701,35,1058
20,218,78987,22.631326,38,1045
20,218,79021,37.829116,34,1049
20,218,79070,29.120492,49,1029
20,218,79103,35.50507,33,1022
20,218,79140,22.910232,37,1057
20,218,79179,34.342468,39,1024
20,218,79218,30.112053,39,1013
20,218,79258,37.257386,40,1056
20,218,79297,31.553411,39,1041
20,218,79327,24.060495,30,1017
20,218,79368,42.676231,41,1025
20,218,79405,38.962123,37,1028
20,218,79445,23.545532,40,1034
20,218,79482,23.479275,37,1027
20,218,79522,34.718929,40,1028
20,218,79560,21.634368,38,1010
20,218,79594,21.901838,34,1039
20,218,79632,30.675864,38,1015
20,218,79675,25.637766,43,1019
20,218,79712,39.699096,37,1004
20,218,79749,32.949791,37,1040
20,218,79792,26.749594,43,1009
20,218,79829,39.148638,37,1037
20,218,79871,31.15852,42,1001
20,218,79912,36.271667,41,1004
20,218,79945,22.69215,33,1012
20,218,79981,33.929518,36,1036
20,218,80015,33.350772,34,1057
20,218,80057,34.801001,42,1016
20,218,80097,33.902535,40,1028
20,218,80136,28.3093,39,1019
20,218,80179,31.233251,43,1019
20,218,80213,18.842829,34,1008
20,218,80253,28.961734,40,1004
20,218,80295,25.003949,42,1037
20,218,80328,23.521963,33,1060
20,218,80372,34.871884,44,1016
20,218,80407,27.377965,35,1035
20,218,80442,38.442656,35,1047
20,218,80480,34.111955,38,1002
20,218,80515,19.257231,35,1003
20,218,80552,43.325835,37,1024
20,218,80596,39.853207,44,1006
20,218,80641,38.694677,45,1004
20,218,80674,27.697137,33,1001
20,218,80718,38.296447,44,1059
20,218,80758,33.949209,40,1054
20,218,80789,24.728729,31,1051
20,218,80827,29.103745,38,1052
20,218,80862,27.293154,35,1035
20,218,80899,29.004573,37,1008
20,218,80939,36.295666,40,1004
20,218,80979,40.391004,40,1049
20,218,81018,23.729752,39,1054
20,218,81062,29.357081,44,1016
20,218,81098,27.410974,36,1043
20,218,81144,41.228994,46,1059
20,218,81180,28.536187,36,1019
20,218,81215,36.011477,35,1054
20,218,81260,33.840218,45,1015
20,218,81294,28.27058,34,1022
20,218,81326,29.517357,32,1014
20,218,81370,28.02695,44,1007
20,218,81416,31.265061,46,1032
20,218,81457,35.760516,41,1028
20,218,81494,29.074475,37,1038
20,218,81534,36.880065,40,1002
20,218,81572,27.292383,38,1048
20,218,81612,25.81659,40,1027
20,218,81645,38.257331,33,1001
20,218,81683,25.257343,38,1008
20,218,81723,35.688323,40,1005
20,218,81765,33.563785,42,1009
20,218,81811,36.762503,46,1056
20,218,81843,21.413626,32,1003
20,218,81888,32.127214,45,1002
20,218,81918,35.274651,30,1033
20,218,81957,28.470566,39,1044
20,218,81991,21.874626,34,1044
20,218,82030,29.808787,39,1012
20,218,82062,25.035998,32,1019
20,218,82107,30.444276,45,1021
20,218,82141,21.093649,34,1003
20,218,82179,29.974483,38,1001
20,218,82222,33.074197,43,1020
20,218,82263,25.134177,41,1012
20,218,82299,40.738748,36,1006
20,218,82331,29.577512,32,1026
20,218,82372,19.625566,41,1053
20,218,82411,34.128619,39,1037
20,218,82446,35.962806,35,1058
20,218,82481,25.581544,35,1008
20,218,82515,26.70552,34,1049
20,218,82553,15.491212,38,1010
20,218,82592,31.97917,39,1023
20,218,82635,40.645472,43,1028
20,218,82673,27.707405,38,1029
20,218,82718,30.809048,45,1004
20,218,82758,29.860226,40,1021
20,218,82800,30.581941,42,1023
20,218,82831,33.588686,31,1059
20,218,82872,27.799418,41,1029
20,218,82906,27.981533,34,1048
20,218,82943,25.509823,37,1035
20,218,82978,26.997219,35,1018
20,218,83024,35.8558,46,1028
20,218,83069,34.981293,45,1055
20,218,83101,30.426484,32,1058
20,218,83145,28.130574,44,1038
20,218,83183,34.930296,38,1027
20,218,83217,24.061073,34,1057
20,218,83260,41.946018,43,1032
20,218,83297,45.199209,37,1009
20,218,83334,20.16064,37,1030
20,218,83372,35.662411,38,1009
20,218,83416,40.756534,44,1026
20,218,83453,31.231082,37,1058
20,218,83499,34.872276,46,1032
20,218,83539,22.864132,40,1003
20,218,83574,32.234496,35,1027
20,218,83614,28.022464,40,1021
20,218,83652,27.820364,38,1036
20,218,83698,34.572846,46,1024
20,218,83738,38.572229,40,1020
20,218,83775,23.461277,37,1008
20,218,83807,24.493395,32,1013
20,218,83846,28.889577,39,1043
20,218,83883,23.693172,37,1012
20,218,83921,41.556376,38,1009
20,218,83962,27.956138,41,1041
20,218,83997,35.030991,35,1056
20,218,84032,24.824484,35,1017
20,218,84079,30.159144,47,1004
20,218,84113,22.011336,34,1008
20,218,84154,27.584209,41,1060
20,218,84195,40.150718,41,1031
20,218,84224,38.510962,29,1046
20,218,84267,40.186774,43,1028
20,218,84306,26.929699,39,1036
20,218,84350,33.737206,44,1048
20,218,84390,32.817333,40,1018
20,218,84430,32.374048,40,1027
20,218,84471,27.244947,41,1001
20,218,84504,31.53574,33,1046
20,218,84544,36.40019,40,1021
20,218,84586,37.258597,42,1048
20,218,84620,35.252606,34,1027
20,218,84661,34.636314,41,1049
20,218,84694,24.84681,33,1044
20,218,84728,24.657146,34,1034
20,218,84759,27.915136,31,1017
20,218,84801,34.682106,42,1023
20,218,84835,33.745024,34,1043
20,218,84876,37.505146,41,1032
20,218,84923,40.170531,47,1002
20,218,84962,39.866024,39,1004
20,218,84995,26.16237,33,1051
20,218,85026,29.031459,31,1038
20,218,85067,31.562659,41,1056
20,218,85104,20.132358,37,1010
20,218,85142,21.519932,38,1030
20,218,85181,34.608192,39,1023
20,218,85219,28.145995,38,1026
20,218,85256,29.448118,37,1034
20,218,85296,26.049963,40,1054
20,218,85336,34.694071,40,1042
20,218,85376,31.671963,40,1031
20,218,85414,39.447934,38,1009
20,218,85450,32.973125,36,1033
20,218,85488,31.965832,38,1036
20,218,85527,27.16337,39,1054
20,218,85561,36.208664,34,1022
20,218,85595,23.052051,34,1038
20,218,85632,27.575899,37,1034
20,218,85669,26.221458,37,1004
20,218,85708,37.911595,39,1002
20,218,85753,28.933709,45,1015
20,218,85785,24.103963,32,1030
20,218,85824,30.780099,39,1033
20,218,85864,46.363828,40,1009
20,218,85905,37.118357,41,1055
20,218,85941,24.47931,36,1052
20,218,85982,29.720511,41,1013
20,218,86023,30.498819,41,1021
20,218,86053,25.385193,30,1030
20,218,86090,31.719899,37,1055
20,218,86129,35.859472,39,1018
20,218,86173,35.160431,44,1032
20,218,86208,21.579874,35,1015
20,218,86249,35.646301,41,1023
20,218,86289,28.229201,40,1040
20,218,86323,31.20228,34,1059
20,218,86365,28.727036,42,1012
20,218,86399,31.206478,34,1034
20,218,86435,41.409018,36,1028
20,218,86474,31.823868,39,1007
20,218,86509,30.477839,35,1043
20,218,86552,26.99939,43,1051
20,218,86596,21.674252,44,1030
20,218,86641,37.990864,45,1009
20,218,86678,35.671331,37,1011
20,218,86718,31.933767,40,1034
20,218,86757,33.918301,39,1058
20,218,86798,30.374576,41,1042
20,218,86846,33.183007,48,1004
20,218,86880,30.385108,34,1008
20,218,86924,33.612681,44,1048
20,218,86960,30.664617,36,1036
20,218,86999,31.931939,39,1054
20,218,87039,28.65519,40,1034
20,218,87068,32.502131,29,1035
20,218,87109,27.754787,41,1057
20,218,87145,29.689003,36,1030
20,218,87182,29.876842,37,1057
20,218,87216,28.892414,34,1044
20,218,87263,43.614745,47,1056
20,218,87301,39.42902,38,1024
20,218,87338,33.684508,37,1033
20,218,87369,20.700177,31,1060
20,218,87402,26.352684,33,1054
20,218,87444,33.01612,42,1055
20,218,87476,26.522113,32,1017
20,218,87514,35.285227,38,1039
20,218,87555,26.24463,41,1011
20,218,87598,35.243572,43,1026
20,218,87638,33.423569,40,1023
20,218,87681,32.318175,43,1012
20,218,87721,29.291008,40,1013
20,218,87763,30.091343,42,1023
20,218,87809,24.435275,46,1015
20,218,87846,19.789894,37,1060
20,218,87882,38.627939,36,1025
20,218,87911,18.278393,29,1060
20,218,87946,26.927547,35,1010
20,218,87980,34.522079,34,1028
20,218,88020,40.60929,40,1032
20,218,88062,33.05512,42,1031
20,218,88095,30.299297,33,1052
20,218,88138,35.341692,43,1032
20,218,88171,29.307426,33,1044
20,218,88205,25.164707,34,1019
20,218,88245,35.039226,40,1038
20,218,88287,36.098261,42,1026
20,218,88325,23.314824,38,1060
20,218,88358,24.817156,33,1014
20,218,88392,30.057692,34,1057
20,218,88433,34.549936,41,1022
20,218,88476,28.622634,43,1052
20,218,88510,27.337416,34,1053
20,218,88549,32.171262,39,1036
20,218,88587,38.51806,38,1018
20,218,88621,30.941577,34,1053
20,218,88667,34.35759,46,1020
20,218,88710,26.425588,43,1010
20,218,88750,30.588965,40,1006
20,218,88788,35.975614,38,1011
20,218,88824,25.660855,36,1033
20,218,88862,36.213671,38,1007
20,218,88901,21.889368,39,1003
20,218,88939,24.395747,38,1017
20,218,88980,33.227828,41,1029
20,218,89016,34.239274,36,1047
20,218,89058,21.722146,42,1057
20,218,89101,33.152198,43,1004
20,218,89133,31.125131,32,1029
20,218,89174,40.673897,41,1006
20,218,89212,29.555094,38,1009
20,218,89243,33.2666,31,1017
20,218,89286,29.614725,43,1049
20,218,89307,27.78245,21,1013
20,218,89343,30.170182,36,1038
20,218,89379,32.020272,36,1010
20,218,89409,26.442622,30,1036
20,218,89444,24.933371,35,1044
20,218,89484,38.264569,40,1025
20,218,89523,27.040895,39,1015
20,218,89561,29.766122,38,1044
20,218,89603,36.554431,42,1018
20,218,89641,26.184721,38,1057
20,218,89686,31.162394,45,1059
20,218,89720,40.803104,34,1041
20,218,89752,32.727163,32,1018
20,218,89794,24.338008,42,1014
20,218,89829,27.523007,35,1001
20,218,89867,36.65548,38,1058
20,218,89904,37.127579,37,1024
20,218,89945,28.680246,41,1045
20,218,89977,36.71647,32,1025
20,218,90010,28.210143,33,1038
20,218,90049,33.182202,39,1001
20,218,90086,36.765277,37,1017
20,218,90123,31.080477,37,1008
20,218,90155,28.985543,32,1054
20,218,90189,35.870192,34,1027
20,218,90232,32.474917,43,1027
20,218,90264,24.533197,32,1008
20,218,90307,37.076867,43,1020
20,218,90348,27.740381,41,1019
20,218,90385,31.962852,37,1019
20,218,90422,33.063717,37,1007
20,218,90462,25.662881,40,1020
20,218,90498,29.311863,36,1008
20,218,90539,29.976045,41,1012
20,218,90582,37.985331,43,1023
20,218,90620,28.335998,38,1053
20,218,90659,25.735282,39,1039
20,218,90700,32.094653,41,1023
20,218,90745,34.858738,45,1050
20,218,90782,27.645336,37,1019
20,218,90813,26.368908,31,1038
20,218,90850,23.864907,37,1013
20,218,90892,28.933563,42,1015
20,218,90927,26.8573,35,1044
20,218,90966,25.043203,39,1055
20,218,91000,28.345249,34,1045
20,218,91042,31.262399,42,1056
20,218,91083,25.991246,41,1008
20,218,91122,30.168298,39,1045
20,218,91152,31.361292,30,1044
20,218,91187,28.255821,35,1052
20,218,91223,23.20714,36,1051
20,218,91262,34.214393,39,1046
20,218,91303,33.324645,41,1027
20,218,91338,23.89974,35,1013
20,218,91367,25.533326,29,1017
20,218,91399,27.084482,32,1037
20,218,91438,26.70006,39,1019
20,218,91476,31.217599,38,1036
20,218,91520,32.583415,44,1041
20,218,91560,31.189285,40,1053
20,218,91594,28.51407,34,1023
20,218,91630,22.445318,36,1019
20,218,91670,32.046417,40,1035
20,218,91708,35.09717,38,1006
20,218,91730,19.540983,22,1060
20,218,91768,30.999848,38,1036
20,218,91807,28.276125,39,1040
20,218,91845,33.901397,38,1004
20,218,91879,32.497546,34,1018
20,218,91922,40.981229,43,1025
20,218,91955,33.051089,33,1058
20,218,91990,35.732738,35,1027
20,218,92031,31.145384,41,1036
20,218,92072,30.976028,41,1039
20,218,92114,30.212286,42,1036
20,218,92139,19.669105,25,1060
20,218,92176,41.363078,37,1042
20,218,92208,36.85331,32,1036
20,218,92246,22.095478,38,1029
20,218,92285,33.48043,39,1008
20,218,92326,31.131615,41,1049
20,218,92371,37.309986,45,1037
20,218,92415,28.440825,44,1047
20,218,92452,37.862757,37,1041
20,218,92494,30.37332,42,1020
20,218,92532,38.068499,38,1046
20,218,92567,30.289975,35,1044
20,218,92603,45.223683,36,1009
20,218,92644,39.22979,41,1028
20,218,92684,18.735446,40,1039
20,218,92720,20.764144,36,1012
20,218,92761,39.844785,41,1004
20,218,92799,30.149623,38,1055
20,218,92830,23.573198,31,1013
20,218,92866,41.008162,36,1020
20,218,92907,34.03216,41,1005
20,218,92947,38.017251,40,1041
20,218,92982,34.728252,35,1023
20,218,93015,34.953799,33,1031
20,218,93052,30.470218,37,1058
20,218,93086,33.886948,34,1013
20,218,93118,27.532077,32,1030
20,218,93153,24.807315,35,1060
20,218,93195,34.380393,42,1026
20,218,93235,29.725122,40,1037
20,218,93272,35.549656,37,1006
20,218,93312,40.773935,40,1032
20,218,93343,24.271871,31,1010
20,218,93381,31.859003,38,1038
20,218,93421,34.830431,40,1023
20,218,93467,23.486957,46,1004
20,218,93509,23.87399,42,1039
20,218,93543,27.744027,34,1036
20,218,93587,40.520669,44,1002
20,218,93622,23.084427,35,1021
20,218,93660,30.11829,38,1027
20,218,93698,26.713679,38,1017
20,218,93747,32.783503,49,1007
20,218,93781,37.940503,34,1014
20,218,93822,28.09902,41,1020
20,218,93863,24.446226,41,1040
20,218,93907,39.198553,44,1009
20,218,93942,28.124812,35,1030
20,218,93988,35.861342,46,1056
20,218,94027,33.082168,39,1028
20,218,94062,21.470597,35,1044
20,218,94101,35.952743,39,1007
20,218,94140,37.791545,39,1033
20,218,94180,36.142057,40,1056
20,218,94227,31.402667,47,1049
20,218,94270,37.319607,43,1050
20,218,94305,23.247087,35,1027
20,218,94350,38.31708,45,1016
20,218,94389,21.200284,39,1030
20,218,94427,23.809854,38,1047
20,218,94461,30.682905,34,1001
20,218,94494,20.703105,33,1051
20,218,94534,38.28643,40,1023
20,218,94571,25.908565,37,1038
20,218,94595,28.468818,24,1052
20,218,94637,35.928174,42,1006
20,218,94678,32.397395,41,1059
20,218,94715,27.643163,37,1030
20,218,94760,38.187734,45,1032
20,218,94797,35.112731,37,1043
20,218,94830,27.689939,33,1053
20,218,94867,27.471179,37,1013
20,218,94898,27.145478,31,1052
20,218,94935,29.627176,37,1030
20,218,94972,37.611619,37,1017
20,218,95010,29.460671,38,1023
20,218,95054,27.771284,44,1008
20,218,95099,43.641369,45,1050
20,218,95136,37.5623,37,1058
20,218,95168,23.57737,32,1030
20,218,95201,22.531029,33,1031
20,218,95230,27.039111,29,1060
20,218,95275,33.892823,45,1016
20,218,95317,48.072512,42,1009
20,218,95359,30.732771,42,1047
20,218,95399,35.093293,40,1015
20,218,95436,38.86064,37,1059
20,218,95472,40.422846,36,1041
20,218,95509,30.389372,37,1021
20,218,95548,28.134579,39,1052
20,218,95579,37.700507,31,1002
20,218,95616,33.989872,37,1025
20,218,95651,30.069604,35,1015
20,218,95684,21.398561,33,1060
20,218,95704,39.956066,20,1040
20,218,95741,21.759134,37,1035
20,218,95777,19.236828,36,1012
20,218,95814,33.978305,37,1058
20,218,95849,33.152138,35,1018
20,218,95885,32.660934,36,1001
20,218,95928,29.458938,43,1048
20,218,95968,33.927207,40,1018
20,218,96001,32.785841,33,1013
20,218,96040,22.638883,39,1049
20,218,96083,40.287178,43,1029
20,218,96121,44.297106,38,1032
20,218,96159,35.29898,38,1052
20,218,96197,26.01049,38,1036
20,218,96236,30.833466,39,1042
20,218,96270,39.077466,34,1047
20,218,96313,37.98303,43,1006
20,218,96351,34.100404,38,1022
20,218,96391,30.691898,40,1024
20,218,96430,33.821676,39,1018
20,218,96470,33.382007,40,1006
20,218,96504,31.384061,34,1033
20,218,96539,32.815623,35,1022
20,218,96576,29.402483,37,1052
20,218,96621,40.396993,45,1053
20,218,96657,24.112196,36,1038
20,218,96687,30.451951,30,1016
20,218,96726,31.156796,39,1026
20,218,96768,33.684569,42,1040
20,218,96801,23.987578,33,1044
20,218,96837,31.601725,36,1047
20,218,96879,38.454495,42,1055
20,218,96910,19.622544,31,1053
20,218,96951,34.866299,41,1020
20,218,96983,24.769363,32,1042
20,218,97021,28.409548,38,1014
20,218,97060,27.026198,39,1039
20,218,97089,22.159844,29,1030
20,218,97131,28.335606,42,1040
20,218,97167,31.041862,36,1038
20,218,97204,42.081499,37,1009
20,218,97247,36.590844,43,1009
20,218,97285,28.500804,38,1036
20,218,97320,31.803669,35,1044
20,218,97354,37.678308,34,1002
20,218,97384,26.739991,30,1037
20,218,97423,22.392967,39,1017
20,218,97457,32.80942,34,1052
20,218,97493,33.626803,36,1029
20,218,97529,36.719771,36,1042
20,218,97568,35.415022,39,1009
20,218,97597,25.723676,29,1054
20,218,97638,20.340644,41,1008
20,218,97679,34.899526,41,1025
20,218,97717,33.97834,38,1056
20,218,97755,22.320281,38,1015
20,218,97792,28.456595,37,1057
20,218,97825,33.042627,33,1027
20,218,97869,31.872676,44,1005
20,218,97908,31.091247,39,1051
20,218,97952,38.282981,44,1057
20,218,97993,27.971513,41,1033
20,218,98035,37.572639,42,1049
20,218,98079,37.041153,44,1011
20,218,98120,34.809997,41,1006
20,218,98161,34.969052,41,1055
20,218,98203,34.943931,42,1050
20,218,98245,33.642292,42,1047
20,218,98284,31.297169,39,1021
20,218,98320,32.573789,36,1052
20,218,98353,39.613881,33,1022
20,218,98394,27.252616,41,1036
20,218,98431,23.215966,37,1008
20,218,98471,25.462864,40,1051
20,218,98513,24.732664,42,1018
20,218,98552,29.1196,39,1023
20,218,98592,31.398243,40,1009
20,218,98627,32.277845,35,1021
20,218,98663,23.786576,36,1037
20,218,98698,34.132701,35,1002
20,218,98738,26.464255,40,1027
20,218,98779,29.990748,41,1018
20,218,98819,38.252996,40,1004
20,218,98860,32.891604,41,1052
20,218,98899,28.298908,39,1001
20,218,98941,41.743178,42,1032
20,218,98979,26.907745,38,1012
20,218,99024,36.959723,45,1005
20,218,99062,40.512473,38,1050
20,218,99094,24.243625,32,1034
20,218,99132,31.665677,38,1024
20,218,99172,36.052709,40,1026
20,218,99204,26.372837,32,1001
20,218,99245,36.109725,41,1050
20,218,99285,40.501976,40,1031
20,218,99320,33.921836,35,1041
20,218,99368,31.497294,48,1021
20,218,99412,45.063206,44,1028
20,218,99449,28.612783,37,1058
20,218,99493,29.294623,44,1009
20,218,99539,44.907147,46,1059
20,218,99576,23.446126,37,1051
20,218,99615,24.196732,39,1057
20,218,99656,33.307924,41,1033
20,218,99691,35.837207,35,1041
20,218,99730,29.478548,39,1003
20,218,99771,36.037845,41,1015
20,218,99810,26.989886,39,1008
20,218,99841,28.24308,31,1051
20,218,99878,31.556221,37,1032
20,218,99908,30.843304,30,1050
20,218,99950,30.531313,42,1007
20,218,99983,24.465961,33,1030
20,218,100014,40.298589,31,1056
20,218,100052,29.603182,38,1045
20,218,100091,28.466631,39,1054
20,218,100127,21.067723,36,1003
20,218,100163,29.649709,36,1034
20,218,100204,28.609295,41,1038
20,218,100246,27.145304,42,1042
20,218,100288,39.569429,42,1006
20,218,100328,25.327903,40,1019
20,218,100366,23.878806,38,1014
20,218,100405,25.987414,39,1027
20,218,100440,24.111242,35,1044
20,218,100465,31.10089,25,1014
20,218,100508,21.287692,43,1015
20,218,100543,23.944155,35,1060
20,218,100584,34.78381,41,1040
20,218,100616,37.176246,32,1031
20,218,100659,28.622218,43,1052
20,218,100701,34.445874,42,1026
20,218,100736,33.190118,35,1052
20,218,100774,35.715048,38,1020
20,218,100808,22.245653,34,1008
20,218,100841,36.470038,33,1028
20,218,100886,28.183293,45,1042
20,218,100926,29.432569,40,1047
20,218,100961,38.93068,35,1014
20,218,101000,37.490043,39,1036
20,218,101039,30.4792,39,1058
20,218,101081,26.448711,42,1018
20,218,101122,30.769861,41,1031
20,218,101156,32.410525,34,1036
20,218,101192,32.627941,36,1047
20,218,101231,31.19193,39,1018
20,218,101265,26.121919,34,1044
20,218,101300,34.741844,35,1052
20,218,101337,22.868176,37,1003
20,218,101378,23.562201,41,1033
20,218,101420,25.102761,42,1030
20,218,101458,33.78519,38,1042
20,218,101494,23.160247,36,1030
20,218,101533,31.747002,39,1014
20,218,101572,34.186032,39,1011
20,218,101608,39.204545,36,1002
20,218,101646,29.197503,38,1030
20,218,101684,32.459109,38,1046
20,218,101722,26.722467,38,1042
20,218,101755,25.140799,33,1036
20,218,101800,32.642076,45,1034
20,218,101840,34.758815,40,1046
20,218,101878,36.400303,38,1049
20,218,101913,30.809766,35,1043
20,218,101946,25.917723,33,1060
20,218,101984,24.899585,38,1023
20,218,102022,22.964104,38,1014
20,218,102060,34.392116,38,1007
20,218,102094,32.068669,34,1027
20,218,102135,31.844356,41,1020
20,218,102172,33.191982,37,1034
20,218,102208,33.707031,36,1011
20,218,102260,32.23278,52,1049
20,218,102296,36.427475,36,1027
20,218,102333,40.921826,37,1042
20,218,102370,34.770726,37,1058
20,218,102413,31.58891,43,1026
20,218,102455,35.647742,42,1004
20,218,102488,38.509704,33,1028
20,218,102523,33.573097,35,1038
20,218,102562,32.703275,39,1005
20,218,102599,20.464227,37,1019
20,218,102633,44.282664,34,1028
20,218,102671,20.731706,38,1015
20,218,102712,29.099719,41,1051
20,218,102757,34.117224,45,1049
20,218,102797,25.744368,40,1005
20,218,102839,30.118351,42,1030
20,218,102880,39.303262,41,1041
20,218,102916,20.263298,36,1057
20,218,102953,34.529428,37,1029
20,218,102991,36.401096,38,1015
20,218,103026,17.173365,35,1060
20,218,103066,23.260796,40,1051
20,218,103108,32.413971,42,1053
20,218,103143,32.791418,35,1038
20,218,103180,36.787691,37,1048
20,218,103215,27.397776,35,1038
20,218,103250,27.801819,35,1035
20,218,103294,42.661814,44,1049
20,218,103327,30.278839,33,1018
20,218,103364,36.654539,37,1002
20,218,103405,39.513563,41,1001
20,218,103443,25.197534,38,1060
20,218,103482,28.995046,39,1029
20,218,103521,32.867305,39,1035
20,218,103555,13.763898,34,1030
20,218,103591,27.664198,36,1036
20,218,103628,25.323398,37,1030
20,218,103668,30.082634,40,1048
20,218,103708,22.264122,40,1008
20,218,103747,26.120138,39,1057
20,218,103786,23.801911,39,1014
20,218,103830,34.652509,44,1016
20,218,103869,39.543453,39,1055
20,218,103905,27.60319,36,1017
20,218,103948,33.121858,43,1039
20,218,103982,25.178583,34,1060
20,218,104023,35.202308,41,1034
20,218,104057,23.161684,34,1052
20,218,104097,33.07135,40,1016
20,218,104137,31.41442,40,1050
20,218,104181,27.458988,44,1046
20,218,104230,32.158112,49,1007
20,218,104266,31.778723,36,1035
20,218,104306,34.731637,40,1009
20,218,104343,27.841908,37,1023
20,218,104379,26.418128,36,1021
20,218,104422,28.056525,43,1030
20,218,104460,23.366116,38,1027
20,218,104501,37.861877,41,1046
20,218,104544,36.667913,43,1016
20,218,104588,21.50113,44,1005
20,218,104625,21.018201,37,1003
20,218,104659,40.319433,34,1028
20,218,104693,29.727964,34,1035
20,218,104725,32.327467,32,1038
20,218,104761,41.346717,36,1001
20,218,104795,37.113528,34,1031
20,218,104834,35.853447,39,1025
20,218,104871,30.165459,37,1014
20,218,104912,28.917851,41,1007
20,218,104952,30.613013,40,1031
20,218,104988,21.79367,36,1043
20,218,105026,41.376952,38,1025
20,218,105064,31.519979,38,1036
20,218,105102,41.056111,38,1028
20,218,105143,44.826455,41,1032
20,218,105183,23.601751,40,1001
20,218,105224,32.271942,41,1020
20,218,105263,32.254315,39,1042
20,218,105305,29.098074,42,1038
20,218,105342,27.907718,37,1020
20,218,105377,29.287931,35,1019
20,218,105417,28.626538,40,1048
20,218,105461,36.388469,44,1016
20,218,105502,32.107799,41,1043
20,218,105549,34.734081,47,1016
20,218,105584,36.990726,35,1017
20,218,105617,25.908402,33,1035
20,218,105659,44.246337,42,1025
20,218,105696,27.564852,37,1021
20,218,105735,28.453076,39,1013
20,218,105775,27.926379,40,1035
20,218,105815,26.08461,40,1013
20,218,105859,35.020475,44,1009
20,218,105904,41.87006,45,1032
20,218,105944,30.098135,40,1038
20,218,105984,36.527657,40,1015
20,218,106024,36.014131,40,1031
20,218,106065,37.701992,41,1009
20,218,106105,34.889721,40,1015
20,218,106143,20.802394,38,1019
20,218,106182,28.496621,39,1019
20,218,106219,34.283299,37,1034
20,218,106255,33.980631,36,1047
20,218,106295,36.368817,40,1033
20,218,106330,34.849523,35,1022
20,218,106366,35.870482,36,1017
20,218,106404,25.08959,38,1057
20,218,106443,38.525925,39,1056
20,218,106487,29.653662,44,1040
20,218,106524,24.436588,37,1036
20,218,106553,36.033934,29,1007
20,218,106590,22.693095,37,1013
20,218,106632,30.984371,42,1015
20,218,106668,27.818442,36,1001
20,218,106709,22.265875,41,1052
20,218,106746,30.649348,37,1035
20,218,106786,40.05623,40,1046
20,218,106821,25.144353,35,1060
20,218,106859,35.297593,38,1059
20,218,106898,34.823116,39,1018
20,218,106942,30.912234,44,1032
20,218,106984,32.769289,42,1043
20,218,107021,26.282447,37,1029
20,218,107055,20.977174,34,1008
20,218,107093,38.589345,38,1001
20,218,107129,33.20265,36,1038
20,218,107175,29.629801,46,1040
20,218,107205,32.817558,30,1030
20,218,107246,36.621519,41,1027
20,218,107276,29.795441,30,1007
20,218,107317,23.064321,41,1013
20,218,107356,34.463777,39,1057
20,218,107404,31.092293,48,1059
20,218,107435,29.341827,31,1010
20,218,107473,38.218558,38,1024
20,218,107511,34.625778,38,1047
20,218,107543,26.829224,32,1053
20,218,107585,22.622177,42,1035
20,218,107621,36.010362,36,1055
20,218,107658,23.018211,37,1012
20,218,107698,39.695396,40,1024
20,218,107730,23.396248,32,1037
20,218,107778,32.811395,48,1033
20,218,107812,34.372976,34,1030
20,218,107852,22.009622,40,1019
20,218,107889,40.647497,37,1041
20,218,107926,38.175965,37,1050
20,218,107968,32.612429,42,1042
20,218,108005,32.078595,37,1024
20,218,108045,33.986411,40,1025
20,218,108086,22.68759,41,1053
20,218,108123,32.484494,37,1039
20,218,108168,35.259505,45,1042
20,218,108216,39.650482,48,1056
20,218,108249,18.428989,33,1060
20,218,108286,37.215886,37,1042
20,218,108327,37.09425,41,1040
20,218,108362,32.913418,35,1012
20,218,108402,20.726826,40,1047
20,218,108441,47.902583,39,1025
20,218,108480,28.792713,39,1031
20,218,108514,25.420294,34,1034
20,218,108557,37.324343,43,1006
20,218,108593,32.676939,36,1044
20,218,108620,19.613907,27,1053
20,218,108659,31.685985,39,1022
20,218,108693,35.750609,34,1017
20,218,108732,32.130366,39,1050
20,218,108771,42.342623,39,1020
20,218,108815,27.749661,44,1048
20,218,108852,41.579893,37,1046
20,218,108883,19.787033,31,1057
20,218,108920,29.766994,37,1021
20,218,108959,31.877075,39,1007
20,218,108998,32.391741,39,1045
20,218,109032,41.360434,34,1009
20,218,109067,21.50814,35,1017
20,218,109107,26.72884,40,1045
20,218,109154,42.928175,47,1032
20,218,109197,31.941106,43,1020
20,218,109237,39.528443,40,1009
20,218,109274,32.163053,37,1037
20,218,109316,38.123759,42,1032
20,218,109355,39.019719,39,1033
20,218,109394,32.96392,39,1029
20,218,109434,30.450248,40,1002
20,218,109468,25.8889,34,1019
20,218,109500,31.01792,32,1011
20,218,109534,33.401488,34,1034
20,218,109566,24.168933,32,1060
20,218,109598,23.645151,32,1039
20,218,109630,30.459232,32,1017
20,218,109668,36.946213,38,1004
20,218,109711,37.982664,43,1020
20,218,109746,36.041999,35,1031
20,218,109784,32.608189,38,1011
20,218,109825,36.439302,41,1009
20,218,109863,33.982876,38,1036
20,218,109900,30.322441,37,1023
20,218,109930,26.248784,30,1044
20,218,109962,34.542678,32,1002
20,218,110001,31.915118,39,1050
20,218,110041,34.831367,40,1026
20,218,110077,40.033328,36,1009
20,218,110122,35.833711,45,1031
20,218,110164,33.581941,42,1033
20,218,110205,26.378024,41,1012
20,218,110250,42.308562,45,1025
20,218,110287,27.856058,37,1014
20,218,110325,25.243847,38,1040
20,218,110367,31.521592,42,1043
20,218,110408,32.838556,41,1031
20,218,110442,28.159662,34,1008
20,218,110476,41.825259,34,1046
20,218,110526,32.059792,50,1025
20,218,110565,42.627839,39,1004
20,218,110600,22.651738,35,1060
20,218,110641,38.161196,41,1016
20,218,110677,35.149156,36,1022
20,218,110717,34.992903,40,1036
20,218,110765,47.074231,48,1009
20,218,110804,22.360536,39,1021
20,218,110846,30.70374,42,1013
20,218,110881,41.717209,35,1056
20,218,110913,20.73191,32,1010
20,218,110958,31.706225,45,1039
20,218,111002,23.796718,44,1040
20,218,111044,36.105594,42,1016
20,218,111080,37.970386,36,1046
20,218,111115,16.469673,35,1051
20,218,111153,36.438404,38,1017
20,218,111195,41.735229,42,1023
20,218,111237,36.628254,42,1028
20,218,111267,42.30956,30,1034
20,218,111296,27.029641,29,1036
20,218,111334,29.511245,38,1023
20,218,111373,29.176407,39,1012
20,218,111412,32.013093,39,1021
20,218,111452,25.308014,40,1038
20,218,111489,35.684663,37,1021
20,218,111523,33.534888,34,1002
20,218,111557,33.34825,34,1044
20,218,111597,40.412681,40,1025
20,218,111638,30.868528,41,1018
20,218,111671,30.494476,33,1027
20,218,111715,33.130932,44,1023
20,218,111751,26.433572,36,1035
20,218,111792,36.615543,41,1042
20,218,111830,36.215655,38,1021
20,218,111867,32.668011,37,1056
20,218,111909,38.690597,42,1020
20,218,111945,41.662305,36,1046
20,218,111984,28.46701,39,1008
20,218,112024,39.446654,40,1055
20,218,112058,33.33905,34,1033
20,218,112095,35.904192,37,1042
20,218,112130,43.150871,35,1024
20,218,112174,37.041719,44,1016
20,218,112215,30.940933,41,1039
20,218,112251,24.111037,36,1003
20,218,112280,18.744002,29,1053
20,218,112318,36.548313,38,1006
20,218,112363,35.750583,45,1011
20,218,112401,44.105862,38,1028
20,218,112432,25.464181,31,1042
20,218,112464,29.048828,32,1047
20,218,112505,34.698852,41,1025
20,218,112544,33.768753,39,1015
20,218,112579,26.246975,35,1014
20,218,112617,36.487798,38,1027
20,218,112651,22.571159,34,1014
20,218,112685,38.840207,34,1007
20,218,112725,30.92774,40,1024
20,218,112760,39.233503,35,1046
20,218,112793,26.2764,33,1027
20,218,112829,27.486415,36,1037
20,218,112865,27.894383,36,1052
20,218,112904,27.186889,39,1039
20,218,112944,38.890111,40,1025
20,218,112983,35.637757,39,1040
20,218,113024,25.597093,41,1013
20,218,113071,32.683151,47,1013
20,218,113112,27.570914,41,1021
20,218,113149,43.738322,37,1055
20,218,113186,27.160605,37,1019
20,218,113230,31.154419,44,1015
20,218,113271,26.333387,41,1035
20,218,113312,23.535621,41,1022
20,218,113353,29.884673,41,1028
20,218,113396,37.085563,43,1047
20,218,113430,26.695785,34,1034
20,218,113463,28.227446,33,1039
20,218,113500,45.10019,37,1055
20,218,113537,26.460274,37,1044
20,218,113578,37.431032,41,1006
20,218,113619,38.353785,41,1056
20,218,113657,19.761646,38,1057
20,218,113692,23.85521,35,1027
20,218,113734,40.534593,42,1005
20,218,113776,33.916799,42,1058
20,218,113814,31.453536,38,1027
20,218,113854,27.847904,40,1007
20,218,113890,26.088405,36,1045
20,218,113929,34.61209,39,1028
20,218,113963,29.806265,34,1008
20,218,114003,38.579051,40,1055
20,218,114046,29.410243,43,1029
20,218,114081,33.434424,35,1015
20,218,114126,28.463476,45,1045
20,218,114161,26.93336,35,1051
20,218,114201,26.786616,40,1043
20,218,114238,39.298898,37,1043
20,218,114273,42.791306,35,1025
20,218,114309,39.47893,36,1026
20,218,114350,30.754428,41,1053
20,218,114384,32.716277,34,1035
20,218,114427,36.779823,43,1016
20,218,114462,30.757042,35,1019
20,218,114494,38.402352,32,1046
20,218,114534,35.244464,40,1049
20,218,114572,24.385011,38,1037
20,218,114607,28.982486,35,1030
20,218,114647,38.219141,40,1032
20,218,114687,25.179979,40,1021
20,218,114727,24.878737,40,1051
20,218,114763,46.400606,36,1026
20,218,114804,39.189771,41,1049
20,218,114837,36.860679,33,1037
20,218,114874,32.880214,37,1027
20,218,114912,23.825692,38,1012
20,218,114946,28.88122,34,1038
20,218,114988,43.839628,42,1005
20,218,115028,44.110903,40,1059
20,218,115069,31.672747,41,1042
20,218,115108,30.303575,39,1026
20,218,115143,20.104085,35,1010
20,218,115181,20.064584,38,1051
20,218,115223,33.225806,42,1042
20,218,115263,23.701013,40,1047
20,218,115303,28.11623,40,1035
20,218,115339,28.644808,36,1040
20,218,115377,23.750422,38,1051
20,218,115413,17.711924,36,1003
20,218,115453,37.28615,40,1039
20,218,115492,28.182255,39,1003
20,218,115532,30.964805,40,1035
20,218,115571,34.849595,39,1035
20,218,115605,30.012043,34,1013
20,218,115640,28.85731,35,1044
20,218,115678,38.685269,38,1026
20,218,115707,40.71298,29,1035
20,218,115742,29.415038,35,1058
20,218,115779,18.762341,37,1039
20,218,115817,27.57927,38,1018
20,218,115854,31.595824,37,1035
20,218,115900,37.9593,46,1004
20,218,115936,35.943964,36,1034
20,218,115981,39.421048,45,1059
20,218,116010,23.017773,29,1053
20,218,116047,18.06724,37,1047
20,218,116096,36.838446,49,1036
20,218,116134,46.968685,38,1028
20,218,116172,27.825765,38,1017
20,218,116209,24.493363,37,1008
20,218,116247,28.77823,38,1022
20,218,116284,29.273955,37,1053
20,218,116327,28.058962,43,1040
20,218,116363,40.505024,36,1058
20,218,116400,35.018584,37,1028
20,218,116438,21.949476,38,1060
20,218,116476,27.530838,38,1037
20,218,116510,25.173926,34,1013
20,218,116549,32.864405,39,1059
20,218,116592,38.687765,43,1049
20,218,116633,35.860421,41,1029
20,218,116679,47.610776,46,1032
20,218,116721,26.511653,42,1001
20,218,116755,40.530959,34,1050
20,218,116787,28.931895,32,1012
20,218,116822,34.154459,35,1028
20,218,116863,30.370024,41,1013
20,218,116902,32.43803,39,1045
20,218,116940,38.592084,38,1040
20,218,116977,28.748353,37,1041
20,218,117012,33.240052,35,1004
20,218,117054,34.06016,42,1029
20,218,117088,26.235588,34,1041
20,218,117132,37.945327,44,1050
20,218,117170,42.57061,38,1006
20,218,117210,30.819956,40,1039
20,218,117245,41.77012,35,1059
20,218,117284,33.572923,39,1017
20,218,117323,29.478941,39,1002
20,218,117362,27.090757,39,1010
20,218,117401,30.626872,39,1053
20,218,117435,28.335192,34,1038
20,218,117471,31.267031,36,1039
20,218,117504,40.455289,33,1031
20,218,117546,32.496978,42,1018
20,218,117590,37.407696,44,1049
20,218,117621,29.999363,31,1052
20,218,117659,30.961823,38,1047
20,218,117698,38.272348,39,1038
20,218,117736,26.194398,38,1031
20,218,117779,34.910331,43,1045
20,218,117817,47.080696,38,1009
20,218,117854,38.206423,37,1055
20,218,117888,26.043602,34,1041
20,218,117927,27.304952,39,1045
20,218,117966,37.76307,39,1006
20,218,118004,35.123904,38,1046
20,218,118051,37.852985,47,1004
20,218,118086,44.938728,35,1024
20,218,118120,29.068776,34,1035
20,218,118151,39.032196,31,1054
20,218,118185,36.872502,34,1041
20,218,118226,36.96009,41,1041
20,218,118261,35.323085,35,1052
20,218,118301,33.632909,40,1005
20,218,118339,34.106955,38,1027
20,218,118379,25.452202,40,1018
20,218,118416,36.819419,37,1024
20,218,118453,31.79659,37,1046
20,218,118493,29.879733,40,1012
20,218,118523,31.886602,30,1015
20,218,118561,37.610203,38,1002
20,218,118604,28.787917,43,1052
20,218,118641,36.354085,37,1026
20,218,118680,34.099314,39,1041
20,218,118717,25.231849,37,1052
20,218,118757,36.141982,40,1027
20,218,118796,27.245481,39,1013
20,218,118832,28.546767,36,1022
20,218,118870,36.074564,38,1024
20,218,118907,34.407574,37,1009
20,218,118949,32.176085,42,1056
20,218,118989,37.273155,40,1024
20,218,119020,29.048761,31,1017
20,218,119062,32.863055,42,1055
20,218,119097,38.989403,35,1027
20,218,119136,36.272543,39,1027
20,218,119175,22.584306,39,1012
20,218,119210,35.692249,35,1024
20,218,119252,33.530083,42,1022
20,218,119287,32.074276,35,1014
20,218,119328,39.11635,41,1036
20,218,119364,24.544905,36,1051
20,218,119407,32.47659,43,1056
20,218,119447,28.172599,40,1003
20,218,119491,36.157033,44,1007
20,218,119533,39.850498,42,1059
20,218,119574,28.597315,41,1007
20,218,119606,29.270267,32,1015
20,218,119643,32.67742,37,1041
20,218,119689,29.832205,46,1037
20,218,119724,34.78036,35,1045
20,218,119763,31.16902,39,1006
20,218,119796,36.321693,33,1009
20,218,119833,34.039656,37,1033
20,218,119881,29.031167,48,1016
20,218,119917,31.69033,36,1036
20,218,119961,26.770702,44,1029
20,218,120006,34.084246,45,1028
20,218,120040,28.154855,34,1019
20,218,120071,23.8205,31,1044
20,218,120106,31.254347,35,1052
20,218,120146,36.970051,40,1042
20,218,120188,25.773373,42,1018
20,218,120235,34.23141,47,1059
20,218,120278,23.770806,43,1057
20,218,120315,35.999651,37,1030
20,218,120359,26.284203,44,1057
20,218,120398,31.107714,39,1008
20,218,120439,26.349909,41,1031
20,218,120481,36.977309,42,1042
20,218,120518,17.385718,37,1030
20,218,120564,31.275527,46,1039
20,218,120600,31.262111,36,1029
20,218,120637,26.760627,37,1015
20,218,120682,37.979343,45,1005
20,218,120718,24.819113,36,1044
20,218,120750,30.095847,32,1039
20,218,120796,44.014709,46,1059
20,218,120836,34.60425,40,1049
20,218,120875,29.914188,39,1038
20,218,120909,35.575061,34,1033
20,218,120940,28.948506,31,1044
20,218,120989,40.610698,49,1005
20,218,121026,30.199273,37,1046
20,218,121069,35.427067,43,1019
20,218,121104,36.867926,35,1001
20,218,121138,25.687187,34,1035
20,218,121180,41.716233,42,1048
20,218,121220,37.484929,40,1028
20,218,121256,27.947317,36,1052
20,218,121294,35.728682,38,1017
20,218,121329,35.325217,35,1022
20,218,121366,31.8743,37,1017
20,218,121407,30.198869,41,1015
20,218,121447,28.929111,40,1021
20,218,121484,29.765439,37,1049
20,218,121527,29.465196,43,1055
20,218,121559,31.48037,32,1027
20,218,121603,40.6935,44,1032
20,218,121636,36.366565,33,1053
20,218,121672,35.462157,36,1036
20,218,121713,35.119694,41,1040
20,218,121748,30.86327,35,1026
20,218,121787,29.161124,39,1033
20,218,121832,28.630336,45,1036
20,218,121872,28.854039,40,1001
20,218,121915,32.121992,43,1020
20,218,121949,28.845008,34,1013
20,218,121985,24.400321,36,1036
20,218,122019,29.533465,34,1012
20,218,122056,43.031706,37,1026
20,218,122091,26.355183,35,1022
20,218,122128,25.544279,37,1047
20,218,122168,33.731056,40,1049
20,218,122206,30.453281,38,1053
20,218,122241,33.702433,35,1022
20,218,122275,22.631576,34,1037
20,218,122312,29.257764,37,1012
20,218,122346,28.373333,34,1051
20,218,122389,32.44847,43,1032
20,218,122429,28.836785,40,1016
20,218,122473,33.342379,44,1020
20,218,122514,27.261851,41,1029
20,218,122552,30.131957,38,1046
20,218,122586,13.804474,34,1030
20,218,122619,30.346199,33,1036
20,218,122651,33.777025,32,1026
20,218,122688,28.71641,37,1050
20,218,122719,22.371811,31,1057
20,218,122756,37.868745,37,1050
20,218,122788,24.882188,32,1030
20,218,122825,25.250116,37,1003
20,218,122865,29.897687,40,1053
20,218,122903,22.017345,38,1003
20,218,122943,31.187952,40,1042
20,218,122990,23.878721,47,1019
20,218,123023,30.165592,33,1012
20,218,123070,37.309166,47,1034
20,218,123104,32.407907,34,1014
20,218,123142,34.702324,38,1058
20,218,123184,44.042483,42,1009
20,218,123229,32.068394,45,1020
20,218,123269,38.802413,40,1011
20,218,123302,27.409561,33,1010
20,218,123339,42.409716,37,1042
20,218,123382,24.012995,43,1011
20,218,123424,28.054014,42,1057
20,218,123467,31.275571,43,1056
20,218,123503,24.823475,36,1051
20,218,123547,34.663562,44,1007
20,218,123587,40.441204,40,1032
20,218,123633,37.861458,46,1039
20,218,123665,39.338986,32,1030
20,218,123709,37.616216,44,1020
20,218,123746,29.034026,37,1011
20,218,123783,39.694893,37,1048
20,218,123831,39.378723,48,1028
20,218,123866,36.567209,35,1050
20,218,123908,30.509666,42,1024
20,218,123945,35.784299,37,1017
20,218,123980,36.604461,35,1025
20,218,124015,33.384209,35,1040
20,218,124051,20.432754,36,1003
20,218,124085,32.636178,34,1056
20,218,124128,25.366168,43,1035
20,218,124167,27.514225,39,1040
20,218,124202,40.784606,35,1006
20,218,124240,30.71083,38,1054
20,218,124277,28.991548,37,1010
20,218,124313,35.136566,36,1040
20,218,124344,25.26779,31,1044
20,218,124386,32.88311,42,1049
20,218,124421,24.808338,35,1010
20,218,124456,27.791788,35,1038
20,218,124497,33.64507,41,1042
20,218,124538,38.481349,41,1059
20,218,124572,32.578118,34,1043
20,218,124608,25.193974,36,1019
20,218,124639,30.584396,31,1008
20,218,124676,26.331216,37,1038
20,218,124706,21.186572,30,1060
20,218,124748,37.741787,42,1016
20,218,124789,23.922792,41,1019
20,218,124824,28.369505,35,1038
20,218,124858,32.054557,34,1026
20,218,124894,27.321214,36,1003
20,218,124936,26.886146,42,1057
20,218,124972,34.913774,36,1042
20,218,125011,28.038282,39,1058
20,218,125047,38.008075,36,1042
20,218,125086,18.005635,39,1022
20,218,125122,33.519756,36,1025
20,218,125156,25.118929,34,1022
20,218,125196,23.416101,40,1031
20,218,125238,25.519801,42,1029
20,218,125271,33.695407,33,1052
20,218,125305,21.732249,34,1051
20,218,125344,17.451835,39,1060
20,218,125381,24.231649,37,1037
20,218,125414,31.847918,33,1034
20,218,125457,33.27845,43,1031
20,218,125492,27.410035,35,1034
20,218,125525,29.100418,33,1017
20,218,125563,26.087394,38,1019
20,218,125607,37.170629,44,1018
20,218,125645,27.388889,38,1033
20,218,125685,39.897693,40,1024
20,218,125716,23.829238,31,1012
20,218,125752,30.755648,36,1022
20,218,125784,37.07246,32,1007
20,218,125826,24.701048,42,1040
20,218,125871,32.848818,45,1020
20,218,125899,32.053595,28,1053
20,218,125936,32.107137,37,1021
20,218,125973,34.78783,37,1021
20,218,126008,29.501895,35,1043
20,218,126047,41.015777,39,1025
20,218,126085,31.617754,38,1021
20,218,126121,30.120827,36,1017
20,218,126162,27.3216,41,1002
20,218,126194,37.188101,32,1035
20,218,126232,30.674079,38,1023
20,218,126277,31.267673,45,1021
20,218,126315,24.772926,38,1003
20,218,126355,40.910361,40,1009
20,218,126397,30.057325,42,1016
20,218,126433,33.473762,36,1054
20,218,126468,21.988037,35,1060
20,218,126508,31.089701,40,1006
20,218,126542,23.560062,34,1060
20,218,126580,32.455497,38,1050
20,218,126615,29.361446,35,1012
20,218,126652,29.583192,37,1017
20,218,126691,21.162569,39,1003
20,218,126732,40.705936,41,1037
20,218,126770,24.0792,38,1052
20,218,126816,24.821833,46,1031
20,218,126856,29.527427,40,1020
20,218,126892,42.669962,36,1006
20,218,126932,29.680267,40,1026
20,218,126972,29.570245,40,1008
20,218,127015,32.458571,43,1011
20,218,127057,32.500821,42,1003
20,218,127100,43.242979,43,1025
20,218,127145,35.349372,45,1004
20,218,127190,35.284586,45,1048
20,218,127229,37.109774,39,1002
20,218,127265,26.551082,36,1045
20,218,127299,20.184653,34,1019
20,218,127342,36.558294,43,1059
20,218,127381,38.518469,39,1055
20,218,127420,29.767406,39,1019
20,218,127454,35.778515,34,1036
20,218,127496,27.020538,42,1045
20,218,127536,29.078841,40,1058
20,218,127573,30.524399,37,1055
20,218,127620,40.948449,47,1006
20,218,127661,32.135479,41,1047
20,218,127710,36.749825,49,1005
20,218,127744,28.481607,34,1060
20,218,127785,45.329162,41,1025
20,218,127821,36.459762,36,1025
20,218,127865,32.331517,44,1025
20,218,127906,30.447022,41,1016
20,218,127945,32.026766,39,1015
20,218,127987,38.11792,42,1006
20,218,128027,25.597772,40,1048
20,218,128064,29.321665,37,1034
20,218,128095,27.243184,31,1042
20,218,128129,25.40642,34,1030
20,218,128167,32.702211,38,1054
20,218,128213,24.61117,46,1041
20,218,128250,27.946054,37,1008
20,218,128290,35.743293,40,1018
20,218,128323,32.482552,33,1053
20,218,128364,31.83195,41,1002
20,218,128404,26.908204,40,1005
20,218,128446,42.527647,42,1032
20,218,128486,34.574841,40,1043
20,218,128523,47.265829,37,1017
20,218,128559,35.421694,36,1002
20,218,128593,40.393393,34,1055
20,218,128628,30.247412,35,1017
20,218,128673,43.868429,45,1032
20,218,128708,19.058137,35,1060
20,218,128750,25.590907,42,1019
20,218,128791,28.767125,41,1022
20,218,128836,35.639372,45,1029
20,218,128872,23.703219,36,1051
20,218,128914,30.658703,42,1037
20,218,128950,31.01922,36,1039
20,218,128992,25.492364,42,1011
20,218,129036,30.806442,44,1042
20,218,129077,30.174546,41,1042
20,218,129111,22.352286,34,1003
20,218,129159,32.846911,48,1049
20,218,129193,27.505212,34,1014
20,218,129227,38.330681,34,1043
20,218,129267,17.230703,40,1057
20,218,129303,37.523879,36,1001
20,218,129342,40.266246,39,1028
20,218,129382,27.666839,40,1039
20,218,129422,45.060718,40,1005
20,218,129464,36.723436,42,1033
20,218,129505,35.499054,41,1043
20,218,129550,33.139941,45,1040
20,218,129592,28.360418,42,1045
20,218,129632,34.449737,40,1050
20,218,129670,30.299247,38,1018
20,218,129707,33.544721,37,1058
20,218,129745,37.340333,38,1047
20,218,129785,36.058791,40,1011
20,218,129827,36.926815,42,1001
20,218,129863,35.35565,36,1046
20,218,129897,25.443815,34,1057
20,218,129933,30.316948,36,1047
20,218,129969,40.120516,36,1048
20,218,130002,30.380914,33,1002
20,218,130039,29.280173,37,1008
20,218,130082,42.053957,43,1009
20,218,130124,35.402597,42,1028
20,218,130157,35.188438,33,1033
20,218,130195,23.674072,38,1051
20,218,130232,27.80042,37,1053
20,218,130264,26.814917,32,1053
20,218,130305,37.186079,41,1001
20,218,130346,38.352383,41,1020
20,218,130385,18.287721,39,1021
20,218,130428,22.105415,43,1001
20,218,130464,29.189903,36,1039
20,218,130500,38.413132,36,1054
20,218,130534,16.710521,34,1060
20,218,130572,25.516147,38,1017
20,218,130616,28.705102,44,1016
20,218,130653,27.637524,37,1012
20,218,130693,31.111809,40,1040
20,218,130735,29.584674,42,1002
20,218,130775,43.095993,40,1059
20,218,130823,39.457439,48,1032
20,218,130862,29.917396,39,1018
20,218,130906,37.855081,44,1059
20,218,130940,29.254676,34,1057
20,218,130972,22.52997,32,1047
20,218,131015,33.845056,43,1011
20,218,131059,22.591002,44,1051
20,218,131097,34.506536,38,1027
20,218,131133,26.806679,36,1001
20,218,131172,43.053956,39,1024
20,218,131214,30.656322,42,1020
20,218,131255,41.387741,41,1029
20,218,131291,28.558978,36,1044
20,218,131339,36.2204,48,1005
20,218,131376,28.520099,37,1052
20,218,131414,35.639764,38,1024
20,218,131458,48.623936,44,1032
20,218,131495,23.118918,37,1005
20,218,131542,35.962942,47,1004
20,218,131584,44.214915,42,1028
20,218,131628,36.304198,44,1020
20,218,131666,27.920853,38,1034
20,218,131706,25.105178,40,1048
20,218,131745,26.482644,39,1033
20,218,131789,39.307324,44,1028
20,218,131828,30.46042,39,1003
20,218,131866,24.841309,38,1013
20,218,131903,30.738366,37,1037
20,218,131941,25.195061,38,1045
20,218,131976,37.70051,35,1024
20,218,132013,34.975208,37,1001
20,218,132051,30.892022,38,1033
20,218,132090,40.358618,39,1011
20,218,132125,32.344579,35,1045
20,218,132166,29.454229,41,1018
20,218,132205,26.79899,39,1052
20,218,132236,25.914589,31,1030
20,218,132271,38.815274,35,1049
20,218,132311,30.949824,40,1001
20,218,132346,26.653864,35,1039
20,218,132385,37.135696,39,1033
20,218,132424,18.864225,39,1014
20,218,132464,32.933999,40,1006
20,218,132502,31.834374,38,1043
20,218,132542,26.738798,40,1039
20,218,132584,25.550172,42,1013
20,218,132619,29.60197,35,1039
20,218,132656,41.877503,37,1018
20,218,132695,34.26407,39,1012
20,218,132735,39.330949,40,1049
20,218,132775,28.975519,40,1003
20,218,132814,35.060845,39,1035
20,218,132848,21.465096,34,1030
20,218,132883,34.867558,35,1014
20,218,132912,26.46699,29,1022
20,218,132950,25.076006,38,1005
20,218,132991,35.048476,41,1022
20,218,133035,24.658878,44,1014
20,218,133071,16.394721,36,1060
20,218,133112,35.257128,41,1009
20,218,133150,30.845133,38,1014
20,218,133189,37.02411,39,1031
20,218,133227,42.220808,38,1035
20,218,133268,33.496707,41,1007
20,218,133304,38.779262,36,1022
20,218,133339,38.739066,35,1035
20,218,133386,37.880485,47,1001
20,218,133420,41.301365,34,1028
20,218,133457,25.624525,37,1008
20,218,133496,35.257142,39,1011
20,218,133532,34.555601,36,1056
20,218,133571,42.711738,39,1009
20,218,133616,33.885803,45,1058
20,218,133654,29.129332,38,1048
20,218,133700,40.884131,46,1050
20,218,133736,30.392988,36,1019
20,218,133770,42.67877,34,1046
20,218,133818,36.875984,48,1048
20,218,133857,34.978431,39,1045
20,218,133894,31.906204,37,1054
20,218,133933,32.578684,39,1021
20,218,133972,41.547363,39,1032
20,218,134006,29.715456,34,1021
20,218,134041,33.249231,35,1041
20,218,134082,38.551225,41,1025
20,218,134118,25.201496,36,1051
20,218,134156,31.746781,38,1058
20,218,134197,24.774137,41,1013
20,218,134234,26.675261,37,1054
20,218,134272,34.487932,38,1002
20,218,134315,29.34566,43,1001
20,218,134355,24.675386,40,1018
20,218,134394,27.866368,39,1012
20,218,134435,31.276439,41,1054
20,218,134474,30.113533,39,1014
20,218,134499,38.045494,25,1045
20,218,134541,30.083844,42,1017
20,218,134577,33.164182,36,1052
20,218,134617,35.420028,40,1023
20,218,134656,30.520966,39,1011
20,218,134682,24.457207,26,1060
20,218,134726,39.288056,44,1020
20,218,134764,29.378559,38,1035
20,218,134796,28.420528,32,1023
20,218,134823,32.589036,27,1054
20,218,134854,28.942225,31,1039
20,218,134893,31.188419,39,1015
20,218,134929,27.074153,36,1022
20,218,134971,41.036312,42,1001
20,218,135007,36.430196,36,1053
20,218,135044,29.951925,37,1053
20,218,135085,25.77237,41,1057
20,218,135127,36.315242,42,1007
20,218,135169,25.835361,42,1001
20,218,135205,37.799762,36,1011
20,218,135243,35.851131,38,1046
20,218,135282,33.178462,39,1043
20,218,135319,34.371882,37,1048
20,218,135358,28.795285,39,1033
20,218,135401,41.223306,43,1024
20,218,135437,28.740382,36,1013
20,218,135474,30.231252,37,1057
20,218,135515,31.804802,41,1001
20,218,135554,22.985025,39,1060
20,218,135592,35.081119,38,1042
20,218,135626,17.974282,34,1060
20,218,135663,33.923951,37,1027
20,218,135702,40.193489,39,1005
20,218,135737,32.132716,35,1001
20,218,135769,29.453518,32,1044
20,218,135801,33.063306,32,1035
20,218,135842,31.47958,41,1055
20,218,135877,26.606809,35,1015
20,218,135914,33.829398,37,1058
20,218,135953,37.464779,39,1048
20,218,135995,40.545718,42,1050
20,218,136031,25.022233,36,1015
20,218,136074,28.737428,43,1038
20,218,136111,35.137766,37,1022
20,218,136143,27.639591,32,1044
20,218,136186,44.653809,43,1006
20,218,136216,31.103462,30,1034
20,218,136246,28.274205,30,1052
20,218,136287,25.25671,41,1038
20,218,136325,30.467743,38,1015
20,218,136362,28.603604,37,1006
20,218,136401,35.513277,39,1054
20,218,136438,31.610594,37,1042
20,218,136483,33.55213,45,1013
20,218,136515,23.760566,32,1004
20,218,136553,27.636726,38,1029
20,218,136592,37.753934,39,1011
20,218,136617,23.188252,25,1060
20,218,136655,24.293326,38,1019
20,218,136691,30.128887,36,1021
20,218,136726,25.790256,35,1053
20,218,136763,37.957387,37,1025
20,218,136805,36.674697,42,1016
20,218,136839,29.167185,34,1002
20,218,136879,30.736571,40,1053
20,218,136917,34.58097,38,1047
20,218,136953,41.516823,36,1024
20,218,136995,31.455276,42,1040
20,218,137025,26.348091,30,1054
20,218,137072,43.635052,47,1059
20,218,137113,32.522594,41,1046
20,218,137148,36.175711,35,1027
20,218,137188,33.597456,40,1023
20,218,137223,35.199011,35,1046
20,218,137262,34.32325,39,1009
20,218,137299,31.417798,37,1043
20,218,137331,28.902096,32,1014
20,218,137376,27.401878,45,1007
20,218,137413,24.590445,37,1044
20,218,137447,36.020647,34,1021
20,218,137491,35.667431,44,1028
20,218,137530,41.399862,39,1048
20,218,137568,30.834722,38,1055
20,218,137604,32.159273,36,1002
20,218,137642,36.170735,38,1032
20,218,137683,32.235385,41,1007
20,218,137725,39.278091,42,1016
20,218,137767,26.911225,42,1057
20,218,137804,21.515505,37,1037
20,218,137840,38.109307,36,1041
20,218,137875,29.414319,35,1013
20,218,137913,29.366853,38,1031
20,218,137950,36.172257,37,1035
20,218,137989,29.666733,39,1019
20,218,138026,19.396899,37,1057
20,218,138066,24.81956,40,1039
20,218,138102,33.495158,36,1052
20,218,138141,30.45751,39,1045
20,218,138178,37.146993,37,1041
20,218,138219,26.860466,41,1033
20,218,138260,33.602504,41,1009
20,218,138296,30.803109,36,1040
20,218,138336,25.121413,40,1008
20,218,138377,33.217442,41,1016
20,218,138418,31.686459,41,1015
20,218,138453,35.397861,35,1022
20,218,138493,30.786196,40,1045
20,218,138529,38.314311,36,1037
20,218,138563,29.0236,34,1051
20,218,138600,32.633258,37,1044
20,218,138638,41.049127,38,1025
20,218,138674,27.343312,36,1035
20,218,138713,29.0939,39,1039
20,218,138750,29.601106,37,1053
20,218,138787,37.916542,37,1018
20,218,138823,31.071628,36,1017
20,218,138862,38.765208,39,1005
20,218,138895,34.024085,33,1005
20,218,138933,28.335205,38,1039
20,218,138974,38.846517,41,1004
20,218,139007,29.305098,33,1008
20,218,139052,33.396361,45,1016
20,218,139093,34.290797,41,1020
20,218,139133,38.731628,40,1055
20,218,139174,32.199878,41,1036
20,218,139213,32.478302,39,1017
20,218,139249,33.330858,36,1054
20,218,139288,45.186474,39,1056
20,218,139324,22.433022,36,1034
20,218,139363,44.581299,39,1032
20,218,139394,31.885073,31,1053
20,218,139430,30.743299,36,1017
20,218,139474,37.277712,44,1004
20,218,139509,33.307576,35,1058
20,218,139542,31.964742,33,1015
20,218,139588,45.946162,46,1059
20,218,139614,30.243522,26,1030
20,218,139651,33.23094,37,1001
20,218,139688,36.930198,37,1031
20,218,139724,41.943994,36,1058
20,218,139763,36.16897,39,1058
20,218,139806,26.272269,43,1045
20,218,139852,29.575954,46,1011
20,218,139889,23.77902,37,1007
20,218,139928,24.885248,39,1055
20,218,139964,31.272393,36,1054
20,218,140008,39.149957,44,1028
20,218,140040,41.156515,32,1041
20,218,140077,28.026018,37,1039
20,218,140119,27.677102,42,1040
20,218,140166,33.628107,47,1059
20,218,140208,46.072436,42,1059
20,218,140249,32.368944,41,1059
20,218,140281,30.17495,32,1014
20,218,140317,24.903865,36,1053
20,218,140354,35.698804,37,1046
20,218,140392,33.225213,38,1028
20,218,140428,27.718171,36,1023
20,218,140464,43.084242,36,1045
20,218,140500,36.865211,36,1024
20,218,140537,22.497388,37,1015
20,218,140572,38.255833,35,1006
20,218,140611,36.537365,39,1046
20,218,140651,29.209821,40,1014
20,218,140687,27.291857,36,1010
20,218,140723,38.304306,36,1055
20,218,140762,44.492275,39,1006
20,218,140797,30.863742,35,1054
20,218,140840,38.408353,43,1016
20,218,140884,31.256568,44,1020
20,218,140922,30.495741,38,1021
20,218,140962,31.772485,40,1036
20,218,140998,32.592509,36,1053
20,218,141035,35.215484,37,1023
20,218,141073,33.845401,38,1031
20,218,141112,42.081113,39,1025
20,218,141157,27.079742,45,1047
20,218,141195,18.012249,38,1051
20,218,141233,27.623525,38,1037
20,218,141272,37.117127,39,1046
20,218,141308,17.574856,36,1060
20,218,141346,32.3216,38,1050
20,218,141383,28.092089,37,1017
20,218,141423,23.563995,40,1007
20,218,141463,43.339126,40,1005
20,218,141497,30.743732,34,1039
20,218,141539,39.675256,42,1009
20,218,141582,35.002713,43,1040
20,218,141626,24.320111,44,1019
20,218,141660,26.648413,34,1019
20,218,141696,32.135671,36,1012
20,218,141732,30.487317,36,1029
20,218,141773,33.747137,41,1016
20,218,141811,32.544557,38,1014
20,218,141846,39.204865,35,1058
20,218,141889,29.582738,43,1016
20,218,141930,30.443618,41,1043
20,218,141969,34.371773,39,1021
20,218,142008,34.675197,39,1006
20,218,142042,33.777994,34,1023
20,218,142081,39.774989,39,1049
20,218,142121,24.961123,40,1057
20,218,142155,26.367176,34,1029
20,218,142195,27.237195,40,1033
20,218,142240,31.622234,45,1050
20,218,142282,44.591619,42,1004
20,218,142333,31.22239,51,1049
20,218,142374,37.870107,41,1024
20,218,142403,35.161499,29,1053
20,218,142438,29.111957,35,1041
20,218,142475,16.179747,37,1060
20,218,142514,29.894143,39,1009
20,218,142553,30.301458,39,1015
20,218,142591,47.592509,38,1032
20,218,142630,39.989242,39,1025
20,218,142667,28.256646,37,1001
20,218,142702,43.782977,35,1005
20,218,142740,35.59911,38,1045
20,218,142778,37.955729,38,1028
20,218,142812,34.22225,34,1041
20,218,142851,33.099993,39,1036
20,218,142889,23.894515,38,1038
20,218,142918,41.542777,29,1037
20,218,142953,34.144541,35,1014
20,218,142994,34.515237,41,1048
20,218,143039,27.990028,45,1042
20,218,143081,36.753587,42,1004
20,218,143117,30.192125,36,1044
20,218,143156,32.790659,39,1059
20,218,143190,31.039625,34,1057
20,218,143220,25.19883,30,1052
20,218,143256,40.186711,36,1020
20,218,143300,38.580519,44,1006
20,218,143338,33.10757,38,1014
20,218,143377,39.795274,39,1028
20,218,143416,43.665394,39,1049
20,218,143447,40.290251,31,1059
20,218,143486,44.828167,39,1026
20,218,143519,28.547165,33,1022
20,218,143558,29.182238,39,1043
20,218,143592,38.995154,34,1026
20,218,143635,30.743427,43,1022
20,218,143676,30.14238,41,1056
20,218,143711,28.650942,35,1053
20,218,143752,34.979798,41,1015
20,218,143792,34.747701,40,1048
20,218,143836,42.196007,44,1006
20,218,143877,37.911478,41,1006
20,218,143917,34.976884,40,1002
20,218,143949,31.956948,32,1048
20,218,143988,31.074197,39,1023
20,218,144031,34.068083,43,1047
20,218,144073,28.489198,42,1007
20,218,144107,25.963219,34,1048
20,218,144146,40.913892,39,1048
20,218,144191,34.208703,45,1056
20,218,144225,27.179275,34,1022
20,218,144266,25.708489,41,1047
20,218,144308,32.546635,42,1004
20,218,144350,32.026424,42,1011
20,218,144385,36.595094,35,1017
20,218,144427,39.124307,42,1033
20,218,144473,31.451765,46,1055
20,218,144511,26.166871,38,1003
20,218,144548,24.868587,37,1017
20,218,144588,39.544527,40,1013
20,218,144629,26.856057,41,1021
20,218,144673,31.015982,44,1001
20,218,144708,27.785501,35,1036
20,218,144756,34.284105,48,1011
20,218,144791,34.176426,35,1058
20,218,144830,23.057154,39,1030
20,218,144868,33.148021,38,1034
20,218,144889,25.412184,21,1034
20,218,144920,33.640925,31,1054
20,218,144955,19.900912,35,1017
20,218,144989,29.852449,34,1014
20,218,145022,34.134171,33,1001
20,218,145060,31.894518,38,1014
20,218,145099,26.907797,39,1038
20,218,145134,34.051954,35,1047
20,218,145177,41.449884,43,1059
20,218,145216,33.82206,39,1032
20,218,145250,32.411793,34,1036
20,218,145290,28.187877,40,1006
20,218,145323,26.247172,33,1022
20,218,145360,34.247305,37,1002
20,218,145401,40.742531,41,1024
20,218,145448,36.366793,47,1020
20,218,145479,26.711854,31,1048
20,218,145520,34.614956,41,1057
20,218,145556,18.051959,36,1003
20,218,145598,27.497925,42,1020
20,218,145635,36.359513,37,1011
20,218,145671,33.671951,36,1054
20,218,145710,38.14959,39,1035
20,218,145752,21.966479,42,1053
20,218,145785,32.627562,33,1025
20,218,145827,33.729171,42,1036
20,218,145859,33.854385,32,1022
20,218,145902,36.280583,43,1016
20,218,145936,35.688269,34,1027
20,218,145967,22.580799,31,1010
20,218,145999,40.241639,32,1022
20,218,146044,37.905657,45,1059
20,218,146084,25.649304,40,1051
20,218,146129,30.013012,45,1050
20,218,146178,30.630091,49,1002
20,218,146218,27.561638,40,1010
20,218,146258,31.925547,40,1056
20,218,146302,33.804229,44,1055
20,218,146333,26.846226,31,1034
20,218,146376,29.514005,43,1050
20,218,146414,24.130115,38,1060
20,218,146455,37.723331,41,1016
20,218,146493,29.870343,38,1021
20,218,146527,37.856706,34,1034
20,218,146570,41.11871,43,1025
20,218,146607,37.490403,37,1041
20,218,146651,23.678131,44,1029
20,218,146687,33.964747,36,1025
20,218,146722,25.67158,35,1030
20,218,146763,40.813411,41,1056
20,218,146810,39.25404,47,1004
20,218,146847,37.866248,37,1004
20,218,146888,34.82453,41,1026
20,218,146926,35.181387,38,1058
20,218,146966,35.721878,40,1048
20,218,147007,26.681213,41,1026
20,218,147045,30.658079,38,1033
20,218,147087,32.997751,42,1011
20,218,147125,34.693325,38,1041
20,218,147169,39.330897,44,1028
20,218,147212,35.646616,43,1020
20,218,147250,31.446941,38,1057
20,218,147290,39.35695,40,1024
20,218,147339,26.702545,49,1040
20,218,147385,35.755497,46,1016
20,218,147423,41.267894,38,1009
20,218,147462,28.307094,39,1038
20,218,147504,31.09997,42,1005
20,218,147542,32.490999,38,1005
20,218,147584,27.777623,42,1035
20,218,147622,30.364988,38,1047
20,218,147659,35.014837,37,1058
20,218,147695,29.19131,36,1036
20,218,147728,27.893179,33,1039
20,218,147768,27.753572,40,1039
20,218,147802,20.575707,34,1021
20,218,147845,29.171117,43,1039
20,218,147879,32.973624,34,1022
20,218,147917,28.996579,38,1027
20,218,147961,36.030179,44,1011
20,218,148001,32.715568,40,1054
20,218,148036,40.41143,35,1046
20,218,148071,39.374991,35,1006
20,218,148113,27.448376,42,1050
20,218,148156,30.717637,43,1020
20,218,148191,31.467181,35,1018
20,218,148233,33.818506,42,1029
20,218,148275,36.431349,42,1011
20,218,148312,27.15447,37,1010
20,218,148344,32.094718,32,1004
20,218,148378,20.185141,34,1060
20,218,148421,24.83834,43,1030
20,218,148459,36.507426,38,1037
20,218,148495,30.274373,36,1008
20,218,148533,32.379151,38,1055
20,218,148573,28.509459,40,1057
20,218,148622,32.41581,49,1020
20,218,148660,39.592728,38,1025
20,218,148694,35.691426,34,1027
20,218,148735,28.276965,41,1012
20,218,148770,29.333705,35,1058
20,218,148811,40.945092,41,1056
20,218,148844,22.488121,33,1030
20,218,148877,30.510691,33,1050
20,218,148916,37.123358,39,1001
20,218,148955,42.518444,39,1006
20,218,148996,32.765656,41,1031
20,218,149036,36.823427,40,1024
20,218,149076,38.298457,40,1025
20,218,149124,39.234086,48,1004
20,218,149161,32.059668,37,1031
20,218,149195,36.450459,34,1042
20,218,149232,35.856651,37,1014
20,218,149275,37.935612,43,1059
20,218,149317,26.406778,42,1013
20,218,149356,27.256047,39,1044
20,218,149393,38.735694,37,1058
20,218,149440,41.908249,47,1049
20,218,149476,31.158661,36,1030
20,218,149515,30.404177,39,1034
20,218,149554,29.02926,39,1027
20,218,149597,34.456096,43,1048
20,218,149631,24.086661,34,1036
20,218,149669,34.025478,38,1015
20,218,149705,36.748201,36,1033
20,218,149746,33.937853,41,1025
20,218,149783,46.810383,37,1037
20,218,149823,39.067665,40,1018
20,218,149856,35.689469,33,1046
20,218,149893,37.707746,37,1025
20,218,149932,33.103885,39,1008
20,218,149967,39.919907,35,1012
20,218,150009,24.239054,42,1034
20,218,150049,36.939403,40,1005
20,218,150088,23.956045,39,1045
20,218,150120,36.892826,32,1034
20,218,150150,30.614738,30,1054
20,218,150188,32.3904,38,1039
20,218,150227,34.607131,39,1002
20,218,150265,30.003791,38,1044
20,218,150304,30.038459,39,1027
20,218,150345,39.705147,41,1059
20,218,150380,25.293655,35,1060
20,218,150421,24.041603,41,1001
20,218,150461,29.454736,40,1041
20,218,150495,40.916819,34,1046
20,218,150533,30.345941,38,1023
20,218,150577,32.704169,44,1028
20,218,150617,33.421193,40,1017
20,218,150655,35.659871,38,1024
20,218,150697,38.905661,42,1056
20,218,150737,27.451701,40,1029
20,218,150770,31.295373,33,1027
20,218,150811,33.314727,41,1017
20,218,150845,34.182213,34,1038
20,218,150883,33.878001,38,1015
20,218,150922,35.391336,39,1035
20,218,150959,36.742664,37,1026
20,218,150996,27.162285,37,1027
20,218,151037,25.983618,41,1021
20,218,151079,29.30605,42,1054
20,218,151112,26.915703,33,1023
20,218,151149,37.319414,37,1005
20,218,151183,29.502729,34,1010
20,218,151216,17.573956,33,1030
20,218,151253,34.007845,37,1018
20,218,151295,33.839448,42,1020
20,218,151334,37.430019,39,1041
20,218,151377,38.736262,43,1024
20,218,151410,32.003809,33,1045
20,218,151450,32.806126,40,1039
20,218,151482,27.901216,32,1040
20,218,151518,20.477625,36,1008
20,218,151564,22.657318,46,1046
20,218,151605,40.796805,41,1024
20,218,151644,33.360229,39,1029
20,218,151685,24.447214,41,1039
20,218,151717,31.666385,32,1015
20,218,151751,20.086558,34,1060
20,218,151793,27.925523,42,1052
20,218,151828,36.683374,35,1033
20,218,151862,29.340232,34,1013
20,218,151903,44.943999,41,1009
20,218,151942,33.527353,39,1006
20,218,151980,28.304243,38,1045
20,218,152006,25.263027,26,1037
20,218,152045,39.733153,39,1024
20,218,152075,28.897727,30,1014
20,218,152116,32.615051,41,1007
20,218,152153,34.467301,37,1011
20,218,152193,39.704463,40,1007
20,218,152231,28.394154,38,1013
20,218,152265,27.732962,34,1023
20,218,152300,28.895413,35,1054
20,218,152335,30.568172,35,1001
20,218,152364,32.989125,29,1030
20,218,152402,24.323233,38,1045
20,218,152438,27.542196,36,1051
20,218,152477,25.18444,39,1033
20,218,152517,34.582428,40,1014
20,218,152558,34.484453,41,1023
20,218,152600,29.617057,42,1048
20,218,152645,32.074194,45,1056
20,218,152688,32.327024,43,1014
20,218,152727,32.338306,39,1044
20,218,152760,32.635621,33,1045
20,218,152791,34.472169,31,1034
20,218,152828,31.833352,37,1019
20,218,152863,29.209308,35,1042
20,218,152912,28.598689,49,1016
20,218,152954,40.699927,42,1028
20,218,152990,27.197047,36,1034
20,218,153029,35.645519,39,1031
20,218,153066,27.88069,37,1037
20,218,153105,47.606933,39,1049
20,218,153148,22.146366,43,1003
20,218,153192,42.904776,44,1009
20,218,153230,38.437253,38,1006
20,218,153266,34.441915,36,1023
20,218,153290,28.622444,24,1036
20,218,153319,37.033772,29,1002
20,218,153360,41.905492,41,1032
20,218,153399,31.167405,39,1007
20,218,153437,38.724407,38,1027
20,218,153480,26.885282,43,1017
20,218,153527,37.888537,47,1009
20,218,153567,34.869785,40,1015
20,218,153611,35.895113,44,1042
20,218,153650,33.981153,39,1011
20,218,153682,24.320063,32,1057
20,218,153723,40.37908,41,1028
20,218,153758,27.542867,35,1044
20,218,153806,38.018692,48,1001
20,218,153843,26.401725,37,1019
20,218,153880,29.124131,37,1019
20,218,153919,37.886938,39,1024
20,218,153955,25.279273,36,1010
20,218,153995,45.871765,40,1025
20,218,154034,32.11624,39,1058
20,218,154072,20.24421,38,1019
20,218,154121,29.331986,49,1036
20,218,154165,23.700945,44,1057
20,218,154195,19.532461,30,1003
20,218,154240,28.802606,45,1040
20,218,154280,34.837394,40,1028
20,218,154314,36.175078,34,1004
20,218,154353,32.655769,39,1025
20,218,154400,32.138688,47,1007
20,218,154436,33.246061,36,1035
20,218,154481,44.086452,45,1024
20,218,154522,39.39732,41,1059
20,218,154561,29.626285,39,1002
20,218,154601,27.42773,40,1022
20,218,154652,34.161242,51,1029
20,218,154691,29.855971,39,1011
20,218,154730,27.911916,39,1045
20,218,154766,26.294898,36,1010
20,218,154812,33.463303,46,1002
20,218,154852,30.627145,40,1007
20,218,154894,43.776917,42,1032
20,218,154931,32.650199,37,1041
20,218,154975,37.709375,44,1018
20,218,155016,46.718608,41,1059
20,218,155052,19.876028,36,1051
20,218,155083,28.178714,31,1051
20,218,155128,31.605392,45,1043
20,218,155159,31.722264,31,1035
20,218,155191,29.821675,32,1053
20,218,155228,33.726767,37,1016
20,218,155266,26.342878,38,1041
20,218,155306,44.007313,40,1028
20,218,155352,29.339559,46,1003
20,218,155391,30.560403,39,1003
20,218,155426,34.195184,35,1039
20,218,155466,30.033412,40,1023
20,218,155506,32.779388,40,1050
20,218,155546,26.69592,40,1016
20,218,155575,29.681901,29,1014
20,218,155610,41.465295,35,1024
20,218,155653,30.626987,43,1031
20,218,155686,31.296962,33,1012
20,218,155721,32.507027,35,1039
20,218,155761,45.394562,40,1050
20,218,155800,39.318472,39,1004
20,218,155840,30.975763,40,1001
20,218,155882,34.936267,42,1041
20,218,155922,39.833464,40,1023
20,218,155957,34.301624,35,1055
20,218,155991,35.930391,34,1043
20,218,156029,31.239407,38,1031
20,218,156067,26.847186,38,1053
20,218,156113,33.561592,46,1004
20,218,156157,35.741473,44,1016
20,218,156190,28.453373,33,1013
20,218,156223,43.649011,33,1028
20,218,156262,35.911215,39,1052
20,218,156306,29.017147,44,1030
20,218,156347,32.813726,41,1002
20,218,156384,31.861708,37,1058
20,218,156422,38.695217,38,1005
20,218,156457,27.462325,35,1038
20,218,156499,34.121417,42,1005
20,218,156542,23.768572,43,1029
20,218,156586,32.492959,44,1004
20,218,156628,41.166382,42,1032
20,218,156661,29.955231,33,1012
20,218,156706,31.489683,45,1014
20,218,156755,31.161917,49,1009
20,218,156784,35.251505,29,1054
20,218,156821,29.429585,37,1042
20,218,156861,31.668232,40,1031
20,218,156899,24.761789,38,1017
20,218,156935,31.043109,36,1052
20,218,156969,32.49472,34,1007
20,218,157008,35.845391,39,1002
20,218,157048,42.108146,40,1009
20,218,157085,31.406107,37,1036
20,218,157133,41.467791,48,1032
20,218,157170,37.656238,37,1059
20,218,157212,36.400521,42,1049
20,218,157251,30.456337,39,1043
20,218,157284,45.681927,33,1028
20,218,157327,47.518072,43,1058
20,218,157369,37.337711,42,1037
20,218,157405,28.656878,36,1019
20,218,157444,27.696118,39,1024
20,218,157478,27.922726,34,1013
20,218,157515,44.711972,37,1004
20,218,157551,29.406569,36,1002
20,218,157589,40.438428,38,1053
20,218,157625,29.718894,36,1057
20,218,157658,39.037563,33,1025
20,218,157705,31.018544,47,1016
20,218,157745,41.663155,40,1004
20,218,157791,33.483312,46,1036
20,218,157824,22.607655,33,1051
20,218,157863,32.116657,39,1057
20,218,157899,28.337348,36,1033
20,218,157937,34.399341,38,1002
20,218,157975,35.280958,38,1009
20,218,158013,20.996896,38,1013
20,218,158050,22.874319,37,1057
20,218,158092,37.025934,42,1037
20,218,158133,44.017904,41,1006
20,218,158176,34.649241,43,1020
20,218,158209,35.532502,33,1043
20,218,158247,39.397526,38,1025
20,218,158289,39.771468,42,1015
20,218,158331,36.751547,42,1015
20,218,158364,25.028511,33,1034
20,218,158399,17.32898,35,1046
20,218,158439,37.57446,40,1050
20,218,158477,31.652538,38,1023
20,218,158514,29.812785,37,1044
20,218,158559,31.277549,45,1048
20,218,158602,35.227449,43,1055
20,218,158634,28.068691,32,1017
20,218,158665,31.333248,31,1012
20,218,158702,33.70069,37,1036
20,218,158739,27.864984,37,1010
20,218,158782,40.603466,43,1025
20,218,158820,32.665216,38,1015
20,218,158854,31.214192,34,1037
20,218,158899,36.334577,45,1049
20,218,158934,27.107759,35,1034
20,218,158972,34.858953,38,1045
20,218,159009,33.386663,37,1022
20,218,159043,45.783073,34,1028
20,218,159082,38.824638,39,1039
20,218,159123,34.794195,41,1042
20,218,159161,32.231663,38,1048
20,218,159191,25.729887,30,1037
20,218,159229,37.283354,38,1059
20,218,159268,33.189294,39,1058
20,218,159304,27.184158,36,1030
20,218,159336,47.371304,32,1024
20,218,159372,27.573446,36,1057
20,218,159407,31.632236,35,1035
20,218,159448,33.329226,41,1033
20,218,159488,31.891317,40,1014
20,218,159523,26.651948,35,1054
20,218,159564,24.97614,41,1033
20,218,159601,30.211572,37,1017
20,218,159638,32.6637,37,1057
20,218,159677,32.330584,39,1039
20,218,159715,25.609332,38,1047
20,218,159752,27.910437,37,1017
20,218,159787,29.913337,35,1054
20,218,159821,27.608617,34,1052
20,218,159859,23.558454,38,1019
20,218,159895,39.139409,36,1006
20,218,159931,22.764935,36,1008
20,218,159977,27.012351,46,1060
20,218,160011,28.439079,34,1058
20,218,160049,35.106715,38,1034
20,218,160087,33.915299,38,1036
20,218,160122,30.050311,35,1043
20,218,160163,40.075021,41,1009
20,218,160198,27.741507,35,1039
20,218,160233,30.285791,35,1044
20,218,160268,42.970526,35,1024
20,218,160307,23.332362,39,1053
20,218,160349,32.270824,42,1037
20,218,160388,37.655736,39,1006
20,218,160426,38.295422,38,1058
20,218,160463,39.092927,37,1046
20,218,160498,24.009209,35,1020
20,218,160533,23.466571,35,1060
20,218,160571,28.953013,38,1058
20,218,160605,27.790794,34,1013
20,218,160639,34.183826,34,1027
20,218,160677,31.138698,38,1022
20,218,160720,43.455624,43,1009
20,218,160758,39.194516,38,1036
20,218,160800,26.512836,42,1051
20,218,160836,36.257487,36,1055
20,218,160875,32.034023,39,1056
20,218,160913,35.113548,38,1007
20,218,160953,34.839878,40,1043
20,218,160994,28.643142,41,1020
20,218,161031,36.564057,37,1037
20,218,161069,39.358253,38,1046
20,218,161108,33.326504,39,1020
20,218,161144,36.950449,36,1025
20,218,161184,35.668861,40,1029
20,218,161228,33.426505,44,1015
20,218,161270,34.36492,42,1043
20,218,161307,34.933577,37,1052
20,218,161349,31.711154,42,1023
20,218,161382,31.03202,33,1052
20,218,161415,32.440473,33,1013
20,218,161454,32.1425,39,1001
20,218,161492,28.03854,38,1003
20,218,161533,29.935511,41,1017
20,218,161581,32.919445,48,1059
20,218,161615,32.361677,34,1001
20,218,161651,32.003257,36,1021
20,218,161696,33.877973,45,1048
20,218,161742,39.943045,46,1004
20,218,161776,24.726871,34,1060
20,218,161819,32.367106,43,1031
20,218,161863,31.122488,44,1020
20,218,161901,25.590418,38,1019
20,218,161940,39.155077,39,1041
20,218,161975,33.251841,35,1044
20,218,162014,31.06009,39,1057
20,218,162052,33.546699,38,1033
20,218,162092,29.682396,40,1029
20,218,162133,26.516856,41,1052
20,218,162179,47.338471,46,1059
20,218,162221,32.535227,42,1055
20,218,162260,34.88749,39,1001
20,218,162293,28.034422,33,1030
20,218,162333,30.707124,40,1004
20,218,162367,32.91247,34,1033
20,218,162405,37.898507,38,1023
20,218,162444,22.106562,39,1045
20,218,162482,32.369008,38,1024
20,218,162520,30.673061,38,1055
20,218,162556,30.565072,36,1017
20,218,162597,41.704325,41,1042
20,218,162638,32.971434,41,1004
20,218,162679,24.196295,41,1034
20,218,162715,20.796811,36,1051
20,218,162760,38.262492,45,1004
20,218,162803,30.614752,43,1017
20,218,162837,25.650793,34,1038
20,218,162870,42.563346,33,1045
20,218,162912,39.660057,42,1007
20,218,162942,33.055119,30,1052
20,218,162978,43.739135,36,1026
20,218,163018,31.354949,40,1011
20,218,163056,33.498796,38,1046
20,218,163102,23.527283,46,1033
20,218,163144,31.710762,42,1036
20,218,163184,31.280656,40,1053
20,218,163225,29.059384,41,1021
20,218,163264,32.078354,39,1040
20,218,163299,31.107502,35,1039
20,218,163333,41.592902,34,1048
20,218,163369,35.026156,36,1046
20,218,163410,28.645716,41,1011
20,218,163445,31.373195,35,1019
20,218,163485,27.953938,40,1048
20,218,163523,32.682183,38,1018
20,218,163561,32.492609,38,1001
20,218,163595,32.182669,34,1013
20,218,163628,37.08482,33,1049
20,218,163668,24.570494,40,1047
20,218,163705,35.466282,37,1042
20,218,163738,36.115239,33,1043
20,218,163779,27.817562,41,1052
20,218,163812,26.517932,33,1013
20,218,163856,32.485547,44,1029
20,218,163891,33.891046,35,1022
20,218,163926,27.174417,35,1008
20,218,163959,30.011171,33,1041
20,218,163994,32.508866,35,1052
20,218,164038,39.221179,44,1039
20,218,164079,41.997704,41,1026
20,218,164120,36.627454,41,1024
20,218,164156,30.327726,36,1053
20,218,164191,23.410457,35,1060
20,218,164227,25.504641,36,1003
20,218,164267,31.588573,40,1045
20,218,164306,34.893282,39,1031
20,218,164342,30.309329,36,1021
20,218,164387,34.087691,45,1046
20,218,164419,31.653558,32,1038
20,218,164459,27.062135,40,1052
20,218,164500,36.420823,41,1049
20,218,164538,35.0969,38,1023
20,218,164573,31.510202,35,1030
20,218,164608,26.162815,35,1026
20,218,164644,33.025376,36,1043
20,218,164685,43.289499,41,1056
20,218,164720,35.441134,35,1007
20,218,164760,35.620957,40,1055
20,218,164798,34.467467,38,1031
20,218,164828,35.800937,30,1011
20,218,164870,43.657848,42,1024
20,218,164911,36.788237,41,1015
20,218,164951,29.365032,40,1042
20,218,164990,33.175256,39,1021
20,218,165026,30.786449,36,1052
20,218,165068,33.677792,42,1029
20,218,165108,35.020501,40,1033
20,218,165145,25.482277,37,1060
20,218,165178,33.519881,33,1015
20,218,165210,29.893711,32,1038
20,218,165250,37.228172,40,1047
20,218,165289,33.214689,39,1043
20,218,165324,33.387589,35,1027
20,218,165365,35.108945,41,1045
20,218,165398,33.428247,33,1020
20,218,165436,20.289684,38,1015
20,218,165474,22.78702,38,1030
20,218,165507,19.469782,33,1060
20,218,165542,38.791973,35,1031
20,218,165581,40.367323,39,1056
20,218,165615,25.285574,34,1018
20,218,165654,34.935998,39,1036
20,218,165696,41.484038,42,1006
20,218,165738,36.079997,42,1055
20,218,165780,35.01755,42,1024
20,218,165821,25.846526,41,1047
20,218,165854,30.655406,33,1039
20,218,165890,31.499082,36,1044
20,218,165928,40.822184,38,1058
20,218,165982,36.181855,54,1007
20,218,166021,33.948244,39,1038
20,218,166065,31.905643,44,1014
20,218,166105,26.216294,40,1041
20,218,166152,32.765091,47,1005
20,218,166188,28.570774,36,1044
20,218,166229,33.038701,41,1026
20,218,166258,39.992751,29,1039
20,218,166299,42.415424,41,1026
20,218,166336,32.195667,37,1034
20,218,166375,31.985716,39,1001
20,218,166414,39.834006,39,1018
20,218,166453,36.870098,39,1005
20,218,166490,36.402521,37,1040
20,218,166534,31.027056,44,1003
20,218,166567,26.727416,33,1010
20,218,166606,39.864652,39,1059
20,218,166645,34.08438,39,1052
20,218,166682,35.059631,37,1050
20,218,166722,34.075741,40,1042
20,218,166761,36.83455,39,1042
20,218,166805,41.638545,44,1004
20,218,166848,34.153674,43,1045
20,218,166884,22.132086,36,1013
20,218,166922,29.877522,38,1006
20,218,166963,31.763968,41,1027
20,218,166991,33.486993,28,1007
20,218,167033,30.287848,42,1031
20,218,167072,34.125041,39,1031
20,218,167108,28.91694,36,1047
20,218,167149,28.289438,41,1030
20,218,167191,28.935199,42,1007
20,218,167227,34.114448,36,1034
20,218,167263,35.979017,36,1043
20,218,167306,31.044094,43,1009
20,218,167347,34.804356,41,1046
20,218,167384,27.783524,37,1013
20,218,167430,36.017642,46,1006
20,218,167471,45.95815,41,1009
20,218,167508,34.2869,37,1039
20,218,167548,40.677767,40,1050
20,218,167579,31.48319,31,1014
20,218,167619,26.742462,40,1035
20,218,167659,33.321254,40,1001
20,218,167686,27.211464,27,1060
20,218,167731,25.319287,45,1010
20,218,167774,18.864,43,1057
20,218,167814,35.836039,40,1009
20,218,167859,32.506434,45,1016
20,218,167894,35.781161,35,1011
20,218,167933,39.000835,39,1049
20,218,167965,25.262333,32,1051
20,218,168003,38.571965,38,1004
20,218,168039,26.264611,36,1003
20,218,168075,23.903134,36,1008
20,218,168103,32.250026,28,1036
20,218,168137,39.121945,34,1028
20,218,168175,39.747051,38,1056
20,218,168214,31.65419,39,1023
20,218,168245,26.813111,31,1010
20,218,168283,34.049023,38,1058
20,218,168318,31.013052,35,1011
20,218,168359,29.49705,41,1033
20,218,168391,32.041589,32,1042
20,218,168433,33.744409,42,1056
20,218,168468,37.836421,35,1027
20,218,168505,44.828912,37,1032
20,218,168548,32.7944,43,1045
20,218,168583,27.892138,35,1042
20,218,168622,35.408067,39,1029
20,218,168661,30.212623,39,1046
20,218,168693,31.98906,32,1023
20,218,168735,32.003445,42,1022
20,218,168774,23.795342,39,1052
20,218,168806,29.874756,32,1036
20,218,168841,27.970152,35,1034
20,218,168882,38.656237,41,1029
20,218,168918,32.802318,36,1005
20,218,168958,32.899318,40,1025
20,218,168994,44.714662,36,1011
20,218,169029,34.261387,35,1027
20,218,169068,32.207231,39,1034
20,218,169104,30.412985,36,1034
20,218,169141,28.45235,37,1055
20,218,169185,33.815481,44,1049
20,218,169220,26.39539,35,1047
20,218,169251,38.829891,31,1045
20,218,169290,28.461989,39,1051
20,218,169333,32.845098,43,1018
20,218,169355,26.6526,22,1011
20,218,169397,29.781559,42,1006
20,218,169436,32.918139,39,1035
20,218,169474,39.102886,38,1033
20,218,169511,28.514088,37,1033
20,218,169552,28.447662,41,1038
20,218,169585,29.450388,33,1035
20,218,169625,30.726251,40,1030
20,218,169666,25.176048,41,1021
20,218,169705,32.906919,39,1034
20,218,169744,36.844341,39,1018
20,218,169784,38.172341,40,1009
20,218,169819,30.001484,35,1023
20,218,169863,34.809519,44,1046
20,218,169908,40.418583,45,1049
20,218,169948,38.741281,40,1055
20,218,169982,29.39042,34,1034
20,218,170026,41.001448,44,1048
20,218,170063,35.915874,37,1006
20,218,170106,32.742228,43,1042
20,218,170147,30.03258,41,1037
20,218,170183,29.914611,36,1022
20,218,170225,28.138605,42,1047
20,218,170269,41.745515,44,1009
20,218,170300,35.738625,31,1043
20,218,170336,28.087708,36,1036
20,218,170377,33.199036,41,1001
20,218,170416,36.518744,39,1058
20,218,170454,26.795241,38,1044
20,218,170493,42.52499,39,1032
20,218,170529,27.948567,36,1014
20,218,170562,45.300347,33,1009
20,218,170599,42.610702,37,1018
20,218,170630,35.838143,31,1027
20,218,170671,40.704977,41,1020
20,218,170702,23.660212,31,1027
20,218,170747,32.382095,45,1042
20,218,170788,32.017825,41,1031
20,218,170825,29.504074,37,1036
20,218,170866,40.28068,41,1050
20,218,170900,18.554942,34,1060
20,218,170940,26.609395,40,1048
20,218,170974,26.889576,34,1057
20,218,171016,30.246269,42,1039
20,218,171052,30.601781,36,1053
20,218,171082,32.713584,30,1038
20,218,171123,43.821515,41,1025
20,218,171165,22.955907,42,1044
20,218,171210,46.021759,45,1006
20,218,171246,35.982716,36,1047
20,218,171290,37.261392,44,1032
20,218,171323,34.118538,33,1002
20,218,171360,38.798683,37,1046
20,218,171396,34.735311,36,1011
20,218,171435,27.834628,39,1045
20,218,171480,38.725923,45,1059
20,218,171522,19.020995,42,1057
20,218,171563,31.663421,41,1040
20,218,171598,25.055928,35,1044
20,218,171629,29.531283,31,1053
20,218,171665,23.33876,36,1010
20,218,171697,32.772927,32,1038
20,218,171739,26.133091,42,1047
20,218,171771,34.444943,32,1012
20,218,171810,36.25409,39,1009
20,218,171854,30.632833,44,1049
20,218,171892,33.836589,38,1052
20,218,171927,36.185358,35,1052
20,218,171965,34.431043,38,1058
20,218,172004,36.37382,39,1034
20,218,172044,34.447731,40,1006
20,218,172077,24.055181,33,1034
20,218,172115,17.293231,38,1003
20,218,172153,38.390518,38,1011
20,218,172189,37.644535,36,1014
20,218,172226,31.002929,37,1021
20,218,172269,29.68011,43,1003
20,218,172310,32.991053,41,1001
20,218,172350,24.756192,40,1021
20,218,172390,43.149163,40,1005
20,218,172427,23.627106,37,1015
20,218,172466,35.219191,39,1018
20,218,172502,31.862118,36,1036
20,218,172538,30.994462,36,1044
20,218,172582,38.887418,44,1029
20,218,172626,43.832389,44,1050
20,218,172665,43.169065,39,1033
20,218,172700,39.256164,35,1024
20,218,172734,23.655521,34,1017
20,218,172774,30.729615,40,1038
20,218,172817,41.713592,43,1056
20,218,172858,33.73128,41,1020
20,218,172894,24.399454,36,1052
20,218,172926,26.536834,32,1012
20,218,172966,38.728233,40,1016
20,218,172998,29.209431,32,1022
20,218,173041,45.060029,43,1050
20,218,173083,37.705793,42,1005
20,218,173124,44.816265,41,1009
20,218,173167,37.491171,43,1020
20,218,173202,29.920777,35,1033
20,218,173236,38.508575,34,1027
20,218,173276,39.961539,40,1024
20,218,173316,33.777427,40,1053
20,218,173355,40.212105,39,1031
20,218,173392,44.164739,37,1024
20,218,173431,30.634964,39,1027
20,218,173471,33.298554,40,1002
20,218,173511,28.577632,40,1018
20,218,173551,31.590133,40,1002
20,218,173592,29.348191,41,1047
20,218,173628,35.823077,36,1033
20,218,173666,26.471859,38,1019
20,218,173692,31.910259,26,1005
20,218,173730,45.057014,38,1006
20,218,173763,33.474829,33,1035
20,218,173799,27.481389,36,1021
20,218,173822,27.402132,23,1047
20,218,173864,37.63113,42,1053
20,218,173904,24.921394,40,1057
20,218,173947,31.366308,43,1040
20,218,173982,34.065417,35,1037
20,218,174027,27.012757,45,1050
20,218,174061,31.509995,34,1014
20,218,174097,26.136596,36,1045
20,218,174133,31.638212,36,1005
20,218,174174,29.923282,41,1015
20,218,174206,28.882012,32,1034
20,218,174252,38.236607,46,1049
20,218,174293,39.355085,41,1006
20,218,174334,31.953177,41,1013
20,218,174375,23.755601,41,1035
20,218,174414,34.449898,39,1049
20,218,174455,23.067998,41,1035
20,218,174485,22.681285,30,1044
20,218,174519,29.473638,34,1012
20,218,174549,34.892995,30,1002
20,218,174582,30.076962,33,1052
20,218,174623,41.928841,41,1016
20,218,174658,44.94136,35,1028
20,218,174702,43.017559,44,1004
20,218,174733,23.410495,31,1060
20,218,174766,40.929205,33,1046
20,218,174804,22.395006,38,1018
20,218,174841,35.930216,37,1041
20,218,174877,31.226324,36,1044
20,218,174914,30.425355,37,1010
20,218,174959,27.752837,45,1052
20,218,174997,27.344204,38,1045
20,218,175040,27.846059,43,1051
20,218,175077,25.282373,37,1010
20,218,175115,31.479572,38,1046
20,218,175155,29.220033,40,1038
20,218,175188,35.550665,33,1035
20,218,175224,47.078241,36,1026
20,218,175262,45.992086,38,1032
20,218,175303,32.985073,41,1034
20,218,175341,33.934471,38,1001
20,218,175377,34.921031,36,1049
20,218,175414,31.934194,37,1025
20,218,175455,35.160235,41,1052
20,218,175498,28.655663,43,1032
20,218,175537,39.153565,39,1026
20,218,175572,41.769237,35,1011
20,218,175617,32.08419,45,1016
20,218,175662,35.003497,45,1016
20,218,175697,31.068252,35,1030
20,218,175736,28.584545,39,1012
20,218,175777,39.952007,41,1046
20,218,175812,42.21891,35,1036
20,218,175853,30.78511,41,1043
20,218,175890,45.484827,37,1006
20,218,175930,34.580923,40,1016
20,218,175965,22.461998,35,1023
20,218,176002,36.458048,37,1026
20,218,176044,35.468634,42,1058
20,218,176084,38.919811,40,1006
20,218,176127,25.256483,43,1019
20,218,176169,29.811757,42,1040
20,218,176201,38.386059,32,1015
20,218,176240,34.774197,39,1045
20,218,176287,30.335802,47,1049
20,218,176323,28.113561,36,1034
20,218,176366,30.228684,43,1040
20,218,176402,32.051242,36,1038
20,218,176433,31.14492,31,1014
20,218,176467,25.626571,34,1023
20,218,176511,39.775944,44,1020
20,218,176547,37.429314,36,1035
20,218,176585,32.04261,38,1005
20,218,176619,35.389763,34,1013
20,218,176659,44.476091,40,1024
20,218,176699,26.609766,40,1041
20,218,176739,32.668655,40,1031
20,218,176782,40.986841,43,1005
20,218,176818,28.706581,36,1038
20,218,176855,27.362552,37,1021
20,218,176888,30.984469,33,1011
20,218,176926,40.090444,38,1026
20,218,176971,34.896816,45,1004
20,218,177014,31.839231,43,1016
20,218,177040,37.027112,26,1010
20,218,177078,29.629899,38,1012
20,218,177113,24.86522,35,1010
20,218,177155,27.005711,42,1042
20,218,177196,30.430047,41,1035
20,218,177239,32.150392,43,1007
20,218,177280,33.86989,41,1038
20,218,177318,30.345365,38,1051
20,218,177355,35.934042,37,1002
20,218,177392,27.690859,37,1013
20,218,177433,40.042814,41,1042
20,218,177472,30.609569,39,1022
20,218,177506,31.828917,34,1034
20,218,177542,30.839908,36,1038
20,218,177581,31.003123,39,1002
20,218,177624,44.454584,43,1032
20,218,177659,22.522265,35,1017
20,218,177695,29.528847,36,1038
20,218,177732,29.98312,37,1052
20,218,177772,26.114002,40,1001
20,218,177810,28.193908,38,1022
20,218,177852,40.108612,42,1032
20,218,177876,20.616339,24,1060
20,218,177914,29.129769,38,1001
20,218,177962,28.671508,48,1008
20,218,177994,24.058162,32,1060
20,218,178033,36.332192,39,1020
20,218,178074,21.726904,41,1040
20,218,178113,35.099874,39,1027
20,218,178148,35.645202,35,1031
20,218,178184,33.33045,36,1046
20,218,178221,24.739611,37,1051
20,218,178255,34.329215,34,1015
20,218,178297,33.761588,42,1055
20,218,178336,34.110924,39,1027
20,218,178371,32.738703,35,1040
20,218,178405,21.220674,34,1030
20,218,178437,33.525802,32,1052
20,218,178470,37.918621,33,1039
20,218,178511,33.578866,41,1001
20,218,178552,27.231429,41,1052
20,218,178588,30.558774,36,1057
20,218,178627,30.133237,39,1041
20,218,178664,39.452293,37,1037
20,218,178703,27.156883,39,1051
20,218,178739,38.743469,36,1042
20,218,178777,34.822178,38,1053
20,218,178816,34.655973,39,1024
20,218,178860,27.312392,44,1014
20,218,178904,28.684039,44,1042
20,218,178942,34.633613,38,1040
20,218,178984,33.732592,42,1037
20,218,179020,39.969177,36,1006
20,218,179061,23.311375,41,1033
20,218,179100,38.388807,39,1037
20,218,179136,28.104502,36,1055
20,218,179182,37.488431,46,1009
20,218,179223,34.956135,41,1037
20,218,179255,45.584972,32,1028
20,218,179295,29.40725,40,1013
20,218,179328,23.018365,33,1051
20,218,179367,23.107757,39,1045
20,218,179406,42.884422,39,1017
20,218,179443,29.560817,37,1060
20,218,179495,42.296035,52,1059
20,218,179534,31.94079,39,1043
20,218,179573,27.237814,39,1052
20,218,179607,30.924244,34,1044
20,218,179646,23.361854,39,1010
20,218,179683,29.566034,37,1021
20,218,179724,37.998042,41,1024
20,218,179777,30.658289,53,1029
20,218,179827,44.927887,50,1050
20,218,179868,33.105715,41,1057
20,218,179912,37.371036,44,1049
20,218,179948,30.97876,36,1042
20,218,179982,31.905085,34,1022
20,218,180023,23.634374,41,1001
20,218,180064,30.850725,41,1011
20,218,180098,38.654016,34,1031
20,218,180150,30.887368,52,1016
20,218,180188,26.3159,38,1012
20,218,180222,36.638689,34,1053
20,218,180256,30.706853,34,1019
20,218,180306,35.068121,50,1020
20,218,180341,35.538731,35,1011
20,218,180375,23.498309,34,1030
20,218,180413,38.360229,38,1024
20,218,180451,42.506584,38,1011
20,218,180492,35.29,41,1048
20,218,180529,18.377631,37,1060
20,218,180567,22.089618,38,1022
20,218,180597,43.585945,30,1028
20,218,180632,29.0219,35,1041
20,218,180670,26.621061,38,1044
20,218,180710,26.709236,40,1051
20,218,180744,24.672431,34,1031
20,218,180784,30.160828,40,1011
20,218,180816,21.498288,32,1060
20,218,180859,33.635438,43,1001
20,218,180893,27.900534,34,1052
20,218,180927,35.021648,34,1039
20,218,180967,39.035245,40,1006
20,218,181008,43.372026,41,1055
20,218,181055,34.583242,47,1007
20,218,181097,30.13438,42,1033
20,218,181140,36.424495,43,1004
20,218,181183,33.842046,43,1006
20,218,181216,26.652646,33,1044
20,218,181254,28.342716,38,1045
20,218,181288,35.978615,34,1043
20,218,181330,27.150631,42,1001
20,218,181369,21.959153,39,1051
20,218,181408,26.013295,39,1053
20,218,181445,31.330006,37,1036
20,218,181493,32.765943,48,1021
20,218,181528,24.966378,35,1057
20,218,181569,31.54869,41,1036
20,218,181612,28.468327,43,1048
20,218,181658,27.439211,46,1001
20,218,181697,37.433641,39,1058
20,218,181732,28.739414,35,1014
20,218,181777,37.864668,45,1025
20,218,181814,22.5337,37,1019
20,218,181837,30.437142,23,1008
20,218,181878,24.596957,41,1017
20,218,181913,32.790861,35,1001
20,218,181948,31.98416,35,1003
20,218,181992,35.386595,44,1029
20,218,182028,19.613512,36,1003
20,218,182068,42.032634,40,1005
20,218,182107,37.354074,39,1009
20,218,182145,33.86594,38,1022
20,218,182184,32.159001,39,1055
20,218,182222,40.836908,38,1025
20,218,182269,30.283982,47,1016
20,218,182305,37.828436,36,1045
20,218,182343,35.040631,38,1035
20,218,182379,38.01255,36,1027
20,218,182410,24.06625,31,1019
20,218,182451,34.879141,41,1019
20,218,182494,37.090831,43,1020
20,218,182530,29.473346,36,1028
20,218,182577,37.186725,47,1059
20,218,182614,36.314845,37,1017
20,218,182654,29.991015,40,1047
20,218,182698,29.655139,44,1059
20,218,182736,27.038896,38,1038
20,218,182774,29.644442,38,1023
20,218,182819,29.753184,45,1048
20,218,182853,35.348417,34,1036
20,218,182892,33.649368,39,1045
20,218,182933,32.56653,41,1048
20,218,182972,30.798326,39,1040
20,218,183009,20.882321,37,1053
20,218,183043,30.950522,34,1014
20,218,183080,34.969126,37,1039
20,218,183117,35.563184,37,1049
20,218,183155,43.845988,38,1011
20,218,183200,29.013132,45,1034
20,218,183241,30.749243,41,1038
20,218,183284,27.988813,43,1034
20,218,183330,35.53831,46,1016
20,218,183365,33.365014,35,1033
20,218,183408,32.097631,43,1016
20,218,183449,18.999068,41,1053
20,218,183485,32.536306,36,1014
20,218,183520,33.786502,35,1038
20,218,183563,40.828174,43,1005
20,218,183596,32.598906,33,1011
20,218,183632,30.556905,36,1022
20,218,183680,33.921975,48,1016
20,218,183718,28.982524,38,1023
20,218,183760,26.059823,42,1012
20,218,183797,29.320452,37,1021
20,218,183831,26.418508,34,1012
20,218,183875,43.428653,44,1006
20,218,183910,34.882638,35,1041
20,218,183949,28.737249,39,1008
20,218,183987,38.094969,38,1037
20,218,184024,26.202029,37,1044
20,218,184061,36.142031,37,1055
20,218,184098,36.039306,37,1009
20,218,184134,28.447262,36,1037
20,218,184174,30.517289,40,1040
20,218,184214,26.981453,40,1030
20,218,184249,36.061017,35,1046
20,218,184284,32.570978,35,1037
20,218,184319,24.546451,35,1038
20,218,184359,42.962365,40,1028
20,218,184392,23.260331,33,1044
20,218,184428,29.779783,36,1039
20,218,184467,22.837283,39,1057
20,218,184500,24.779549,33,1060
20,218,184535,29.986955,35,1055
20,218,184575,35.887785,40,1006
20,218,184618,33.8314,43,1031
20,218,184663,34.677512,45,1059
20,218,184699,26.756739,36,1010
20,218,184743,35.359405,44,1025
20,218,184785,33.517254,42,1007
20,218,184819,28.808288,34,1008
20,218,184854,35.581205,35,1054
20,218,184900,46.872003,46,1004
20,218,184936,32.212577,36,1022
20,218,184976,48.309248,40,1050
20,218,185013,25.537688,37,1013
20,218,185056,24.390287,43,1040
20,218,185097,32.070043,41,1024
20,218,185132,28.514353,35,1014
20,218,185173,25.306835,41,1019
20,218,185214,33.758516,41,1005
20,218,185256,24.2286,42,1040
20,218,185293,19.773642,37,1035
20,218,185333,27.441229,40,1015
20,218,185365,25.924185,32,1044
20,218,185403,32.476678,38,1021
20,218,185439,29.18739,36,1008
20,218,185477,28.706686,38,1008
20,218,185517,36.663895,40,1040
20,218,185559,33.570763,42,1040
20,218,185600,29.034097,41,1031
20,218,185633,28.148227,33,1034
20,218,185671,31.909525,38,1037
20,218,185712,34.342581,41,1032
20,218,185751,35.094918,39,1025
20,218,185788,23.256997,37,1039
20,218,185829,28.558894,41,1058
20,218,185870,40.643768,41,1029
20,218,185913,35.955552,43,1049
20,218,185947,22.085624,34,1039
20,218,185988,31.886463,41,1042
20,218,186027,19.880112,39,1060
20,218,186062,35.034474,35,1014
20,218,186104,37.721889,42,1006
20,218,186143,25.609945,39,1038
20,218,186180,34.875528,37,1029
20,218,186221,34.85539,41,1029
20,218,186265,41.869035,44,1016
20,218,186298,31.647433,33,1019
20,218,186339,43.517716,41,1032
20,218,186381,34.745966,42,1007
20,218,186418,34.882544,37,1020
20,218,186460,39.396836,42,1005
20,218,186493,26.864536,33,1010
20,218,186533,32.602796,40,1034
20,218,186574,33.979639,41,1014
20,218,186613,27.15073,39,1021
20,218,186652,35.189792,39,1024
20,218,186690,30.713358,38,1053
20,218,186729,45.783114,39,1004
20,218,186774,33.077764,45,1045
20,218,186814,36.987139,40,1023
20,218,186856,22.168766,42,1057
20,218,186891,30.361268,35,1052
20,218,186931,35.708938,40,1042
20,218,186968,30.849529,37,1017
20,218,187003,32.441514,35,1022
20,218,187040,26.982321,37,1035
20,218,187080,40.028979,40,1022
20,218,187115,25.193062,35,1012
20,218,187149,26.88883,34,1012
20,218,187191,33.191757,42,1036
20,218,187241,36.609525,50,1016
20,218,187289,36.970986,48,1007
20,218,187326,21.930887,37,1044
20,218,187361,29.533717,35,1041
20,218,187401,28.984906,40,1057
20,218,187448,38.505813,47,1032
20,218,187486,31.721758,38,1010
20,218,187524,29.64232,38,1029
20,218,187562,30.451634,38,1051
20,218,187598,19.221865,36,1057
20,218,187638,32.191826,40,1007
20,218,187675,33.571704,37,1001
20,218,187710,36.008303,35,1036
20,218,187744,33.295381,34,1041
20,218,187787,26.613496,43,1027
20,218,187823,27.410208,36,1051
20,218,187864,34.911963,41,1041
20,218,187903,28.836853,39,1022
20,218,187938,25.997847,35,1035
20,218,187975,33.646509,37,1016
20,218,188014,29.64085,39,1007
20,218,188047,24.377494,33,1014
20,218,188084,32.8872,37,1036
20,218,188121,23.54307,37,1041
20,218,188151,24.457983,30,1003
20,218,188182,39.479866,31,1026
20,218,188212,40.446385,30,1058
20,218,188247,24.030856,35,1012
20,218,188290,28.731028,43,1047
20,218,188323,31.609351,33,1034
20,218,188359,27.424955,36,1057
20,218,188405,36.405097,46,1031
20,218,188436,25.519317,31,1060
20,218,188471,35.357676,35,1035
20,218,188513,25.23235,42,1008
20,218,188552,38.535659,39,1043
20,218,188594,27.166309,42,1015
20,218,188628,34.495579,34,1033
20,218,188676,24.222683,48,1004
20,218,188707,25.364802,31,1008
20,218,188749,26.269257,42,1031
20,218,188789,28.165642,40,1022
20,218,188830,39.713127,41,1055
20,218,188862,29.942857,32,1011
20,218,188895,33.399161,33,1042
20,218,188931,33.242109,36,1005
20,218,188965,18.873113,34,1008
20,218,189000,29.485986,35,1003
20,218,189041,24.720543,41,1052
20,218,189082,34.972695,41,1020
20,218,189122,45.906681,40,1032
20,218,189161,49.106676,39,1032
20,218,189196,38.978928,35,1035
20,218,189229,28.094075,33,1060
20,218,189271,24.840361,42,1040
20,218,189304,22.927043,33,1010
20,218,189344,27.587385,40,1048
20,218,189373,28.305247,29,1052
20,218,189409,29.264589,36,1035
20,218,189445,28.544168,36,1014
20,218,189483,36.850364,38,1033
20,218,189521,29.760895,38,1048
20,218,189552,33.049763,31,1030
20,218,189592,35.020124,40,1059
20,218,189632,29.534383,40,1022
20,218,189675,40.429431,43,1049
20,218,189715,35.624803,40,1002
20,218,189762,39.017797,47,1059
20,218,189799,47.709622,37,1024
20,218,189828,31.437281,29,1011
20,218,189867,30.621966,39,1014
20,218,189906,37.679984,39,1031
20,218,189942,22.612804,36,1010
20,218,189981,36.685826,39,1004
20,218,190022,26.453582,41,1034
20,218,190065,38.861323,43,1059
20,218,190099,28.336949,34,1054
20,218,190135,28.230169,36,1019
20,218,190178,33.946582,43,1033
20,218,190209,28.564265,31,1051
20,218,190248,26.84132,39,1050
20,218,190288,36.949517,40,1045
20,218,190330,27.599898,42,1029
20,218,190365,30.603346,35,1017
20,218,190405,34.640737,40,1037
20,218,190443,28.235162,38,1053
20,218,190479,26.576605,36,1001
20,218,190520,23.867682,41,1001
20,218,190559,24.609903,39,1060
20,218,190596,32.57259,37,1011
20,218,190635,38.711423,39,1018
20,218,190672,31.206888,37,1015
20,218,190710,37.272394,38,1022
20,218,190742,36.730829,32,1017
20,218,190778,28.418621,36,1055
20,218,190822,19.125338,44,1051
20,218,190856,24.620645,34,1037
20,218,190894,25.236925,38,1021
20,218,190929,37.719821,35,1035
20,218,190966,32.16071,37,1039
20,218,191002,35.034985,36,1043
20,218,191041,31.296697,39,1019
20,218,191080,33.687529,39,1027
20,218,191120,24.54891,40,1010
20,218,191160,37.802239,40,1032
20,218,191194,26.905311,34,1051
20,218,191237,35.119328,43,1055
20,218,191275,29.753673,38,1051
20,218,191313,40.255703,38,1005
20,218,191353,41.692912,40,1046
20,218,191396,31.044798,43,1018
20,218,191433,41.953491,37,1024
20,218,191471,31.55547,38,1017
20,218,191515,27.385102,44,1028
20,218,191558,41.833853,43,1031
20,218,191593,37.654115,35,1002
20,218,191631,24.750268,38,1034
20,218,191672,36.804322,41,1004
20,218,191710,27.491762,38,1013
20,218,191744,39.220785,34,1007
20,218,191784,23.232265,40,1013
20,218,191827,39.820843,43,1020
20,218,191862,33.597575,35,1052
20,218,191895,31.470712,33,1019
20,218,191934,30.97,39,1047
20,218,191972,33.979852,38,1035
20,218,192014,28.801714,42,1029
20,218,192049,31.560706,35,1038
20,218,192086,18.897808,37,1030
20,218,192123,40.697603,37,1025
20,218,192161,29.109643,38,1045
20,218,192205,33.718156,44,1005
20,218,192241,40.67735,36,1023
20,218,192283,37.567192,42,1058
20,218,192328,37.268328,45,1059
20,218,192365,27.716776,37,1027
20,218,192406,29.736995,41,1028
20,218,192439,37.57778,33,1015
20,218,192480,37.589359,41,1020
20,218,192520,25.504023,40,1008
20,218,192560,39.090695,40,1031
20,218,192597,37.070967,37,1028
20,218,192633,32.423382,36,1033
20,218,192671,29.1165,38,1055
20,218,192708,39.446869,37,1038
20,218,192743,24.614491,35,1030
20,218,192783,35.350189,40,1005
20,218,192826,43.465759,43,1011
20,218,192863,36.022693,37,1005
20,218,192898,29.504668,35,1033
20,218,192939,38.945284,41,1049
20,218,192982,35.586657,43,1032
20,218,193019,32.616084,37,1027
20,218,193056,26.867329,37,1047
20,218,193100,38.68137,44,1005
20,218,193137,28.612893,37,1038
20,218,193175,34.985353,38,1014
20,218,193214,35.363252,39,1019
20,218,193254,25.278934,40,1040
20,218,193294,29.61911,40,1033
20,218,193334,38.836785,40,1020
20,218,193374,28.273257,40,1047
20,218,193413,38.992785,39,1007
20,218,193455,32.094967,42,1042
20,218,193495,45.925418,40,1006
20,218,193528,30.158142,33,1014
20,218,193572,32.75932,44,1043
20,218,193611,34.811025,39,1031
20,218,193656,44.405364,45,1018
20,218,193698,35.91875,42,1006
20,218,193736,40.913953,38,1029
20,218,193771,36.294204,35,1023
20,218,193811,33.44663,40,1029
20,218,193847,27.325113,36,1055
20,218,193890,29.212145,43,1021
20,218,193925,24.337877,35,1030
20,218,193965,28.359395,40,1003
20,218,194001,30.411204,36,1054
20,218,194040,39.27333,39,1050
20,218,194081,27.320837,41,1059
20,218,194120,29.17522,39,1012
20,218,194160,34.952538,40,1029
20,218,194202,33.315001,42,1016
20,218,194238,34.590384,36,1047
20,218,194281,40.906046,43,1004
20,218,194317,38.509727,36,1048
20,218,194357,45.692068,40,1048
20,218,194399,36.064185,42,1059
20,218,194438,44.031264,39,1006
20,218,194470,36.599625,32,1040
20,218,194515,41.617872,45,1056
20,218,194555,33.26537,40,1035
20,218,194601,27.914119,46,1024
20,218,194634,23.665176,33,1019
20,218,194669,34.305383,35,1054
20,218,194707,31.38281,38,1052
20,218,194748,38.0314,41,1056
20,218,194792,31.935107,44,1042
20,218,194825,31.392634,33,1041
20,218,194863,29.708101,38,1031
20,218,194905,35.321803,42,1026
20,218,194940,29.40526,35,1002
20,218,194979,34.111508,39,1050
20,218,195020,36.836728,41,1024
20,218,195064,30.159753,44,1029
20,218,195095,21.401732,31,1060
20,218,195137,40.81407,42,1006
20,218,195172,24.817176,35,1014
20,218,195209,26.733638,37,1044
20,218,195249,24.257192,40,1019
20,218,195285,30.817293,36,1012
20,218,195322,42.775686,37,1028
20,218,195356,29.6624,34,1026
20,218,195392,37.238224,36,1036
20,218,195435,38.94547,43,1020
20,218,195468,31.959655,33,1021
20,218,195507,25.70894,39,1017
20,218,195545,21.581523,38,1003
20,218,195587,42.077316,42,1032
20,218,195622,36.899045,35,1056
20,218,195666,41.15702,44,1005
20,218,195705,33.371339,39,1048
20,218,195746,34.872542,41,1007
20,218,195780,25.112866,34,1044
20,218,195824,35.817978,44,1004
20,218,195863,24.315661,39,1033
20,218,195901,34.810806,38,1055
20,218,195937,32.684572,36,1058
20,218,195970,32.033794,33,1015
20,218,196002,43.084088,32,1015
20,218,196038,36.83419,36,1025
20,218,196075,41.294889,37,1055
20,218,196112,30.02077,37,1048
20,218,196150,42.070944,38,1056
20,218,196190,35.715688,40,1040
20,218,196234,25.403057,44,1015
20,218,196266,31.329555,32,1014
20,218,196303,40.314835,37,1039
20,218,196341,33.737855,38,1058
20,218,196376,28.915637,35,1010
20,218,196414,29.297185,38,1007
20,218,196451,31.700054,37,1047
20,218,196488,39.631726,37,1023
20,218,196527,39.118539,39,1006
20,218,196565,40.752608,38,1024
20,218,196604,41.331705,39,1032
20,218,196645,32.207561,41,1017
20,218,196679,33.062946,34,1043
20,218,196719,27.965557,40,1040
20,218,196763,41.358982,44,1056
20,218,196801,38.022646,38,1023
20,218,196841,22.375414,40,1013
20,218,196881,40.707207,40,1055
20,218,196918,45.975251,37,1005
20,218,196958,31.365984,40,1023
20,218,196988,32.626371,30,1038
20,218,197024,26.461567,36,1013
20,218,197061,39.530517,37,1055
20,218,197093,37.833583,32,1045
20,218,197140,34.303324,47,1047
20,218,197181,30.471686,41,1008
20,218,197222,42.316533,41,1028
20,218,197258,27.082983,36,1053
20,218,197299,29.768952,41,1028
20,218,197339,25.479511,40,1008
20,218,197371,31.41508,32,1054
20,218,197414,30.401441,43,1059
20,218,197454,33.579066,40,1015
20,218,197489,30.531147,35,1029
20,218,197530,31.597961,41,1045
20,218,197570,38.590827,40,1009
20,218,197609,37.873333,39,1002
20,218,197643,36.495612,34,1033
20,218,197678,35.190245,35,1001
20,218,197721,39.065379,43,1004
20,218,197760,25.540638,39,1057
20,218,197793,39.95318,33,1058
20,218,197825,37.583521,32,1014
20,218,197857,43.602035,32,1022
20,218,197895,32.221223,38,1058
20,218,197928,25.409224,33,1055
20,218,197963,40.900493,35,1055
20,218,198002,27.875803,39,1039
20,218,198039,37.153418,37,1022
20,218,198071,28.790077,32,1030
20,218,198110,32.126191,39,1013
20,218,198146,27.367337,36,1060
20,218,198187,39.929789,41,1056
20,218,198230,31.137004,43,1001
20,218,198265,26.66179,35,1008
20,218,198302,34.78911,37,1011
20,218,198335,27.059721,33,1057
20,218,198371,31.00481,36,1053
20,218,198409,33.638504,38,1047
20,218,198452,39.49407,43,1059
20,218,198494,36.378108,42,1018
20,218,198533,26.674697,39,1010
20,218,198573,35.099924,40,1033
20,218,198610,28.521692,37,1040
20,218,198647,36.627772,37,1050
20,218,198688,28.150383,41,1003
20,218,198729,35.6382,41,1048
20,218,198764,30.971965,35,1022
20,218,198808,40.833453,44,1009
20,218,198847,35.001235,39,1041
20,218,198887,34.744234,40,1053
20,218,198927,30.785515,40,1015
20,218,198972,30.206875,45,1009
20,218,199010,29.170503,38,1057
20,218,199046,26.627592,36,1012
20,218,199090,37.925166,44,1040
20,218,199130,35.202898,40,1007
20,218,199172,34.869395,42,1033
20,218,199207,28.867037,35,1008
20,218,199227,26.8743,20,1037
20,218,199268,25.117092,41,1012
20,218,199311,26.968551,43,1047
20,218,199351,38.450062,40,1028
20,218,199394,41.197098,43,1028
20,218,199437,36.549114,43,1016
20,218,199475,32.578869,38,1023
20,218,199515,39.546539,40,1032
20,218,199551,29.237896,36,1044
20,218,199585,27.814882,34,1052
20,218,199619,28.644688,34,1035
20,218,199659,34.721757,40,1052
20,218,199700,39.292851,41,1050
20,218,199736,29.030905,36,1042
20,218,199769,31.677085,33,1055
20,218,199803,23.06496,34,1060
20,218,199845,39.151424,42,1016
20,218,199884,38.847668,39,1036
20,218,199927,34.790458,43,1055
20,218,199960,33.233561,33,1042
20,218,199998,32.809811,38,1035
20,218,200037,27.911418,39,1022
20,218,200078,43.242406,41,1058
20,218,200123,27.341113,45,1039
20,218,200167,32.149392,44,1029
20,218,200214,40.639632,47,1028
20,218,200257,34.54888,43,1001
20,218,200299,38.182745,42,1025
20,218,200338,22.200241,39,1012
20,218,200371,38.074003,33,1041
20,218,200411,24.9907,40,1033
20,218,200450,34.244662,39,1026
20,218,200488,22.701603,38,1008
20,218,200533,31.959358,45,1007
20,218,200571,29.550467,38,1021
20,218,200608,32.020739,37,1027
20,218,200644,25.760058,36,1038
20,218,200681,29.458098,37,1047
20,218,200719,28.954716,38,1033
20,218,200762,36.282831,43,1048
20,218,200804,44.692607,42,1026
20,218,200842,37.007966,38,1007
20,218,200883,44.196209,41,1048
20,218,200918,37.826745,35,1043
20,218,200961,27.361849,43,1004
20,218,201001,39.276393,40,1002
20,218,201035,28.848887,34,1008
20,218,201071,33.614811,36,1047
20,218,201106,20.613049,35,1044
20,218,201135,40.710962,29,1014
20,218,201174,30.225761,39,1023
20,218,201221,28.628628,47,1006
20,218,201257,27.330695,36,1030
20,218,201290,22.196738,33,1057
20,218,201328,30.239417,38,1027
20,218,201368,39.114852,40,1056
20,218,201406,32.201707,38,1014
20,218,201448,34.801844,42,1007
20,218,201486,40.465772,38,1027
20,218,201520,25.297647,34,1022
20,218,201557,33.529528,37,1053
20,218,201595,22.500026,38,1060
20,218,201627,25.189257,32,1013
20,218,201660,31.177753,33,1013
20,218,201698,22.154754,38,1023
20,218,201742,30.885324,44,1049
20,218,201779,31.656954,37,1039
20,218,201818,30.001821,39,1003
20,218,201858,34.494697,40,1042
20,218,201898,31.766474,40,1057
20,218,201935,37.371156,37,1023
20,218,201973,32.581454,38,1053
20,218,202015,27.175131,42,1005
20,218,202054,30.766927,39,1049
20,218,202091,41.116208,37,1028
20,218,202132,42.969658,41,1053
20,218,202174,31.269078,42,1027
20,218,202205,24.431518,31,1051
20,218,202248,33.085768,43,1049
20,218,202289,36.326803,41,1059
20,218,202327,44.60893,38,1056
20,218,202367,39.565849,40,1056
20,218,202411,38.316424,44,1046
20,218,202450,35.165798,39,1039
20,218,202487,28.908377,37,1051
20,218,202526,30.376749,39,1033
20,218,202565,33.134051,39,1046
20,218,202606,32.758026,41,1029
20,218,202644,30.662141,38,1015
20,218,202677,34.540881,33,1007
20,218,202712,42.021438,35,1006
20,218,202758,37.455114,46,1016
20,218,202790,21.828098,32,1041
20,218,202823,38.072429,33,1022
20,218,202860,41.241895,37,1005
20,218,202899,33.83801,39,1050
20,218,202939,32.319539,40,1029
20,218,202975,31.191184,36,1008
20,218,203009,20.803309,34,1052
20,218,203056,42.860574,47,1059
20,218,203096,24.846934,40,1040
20,218,203142,42.08392,46,1004
20,218,203177,32.90848,35,1024
20,218,203215,31.319073,38,1021
20,218,203256,33.399999,41,1043
20,218,203294,19.391324,38,1033
20,218,203326,33.389995,32,1021
20,218,203362,41.106593,36,1045
20,218,203403,31.997856,41,1036
20,218,203440,29.986841,37,1023
20,218,203484,42.105058,44,1004
20,218,203523,39.865898,39,1049
20,218,203562,29.155353,39,1022
20,218,203599,28.344557,37,1046
20,218,203641,27.498413,42,1013
20,218,203677,26.645613,36,1008
20,218,203716,26.374645,39,1041
20,218,203749,29.517063,33,1041
20,218,203793,37.441011,44,1025
20,218,203830,28.726939,37,1057
20,218,203876,41.428272,46,1050
20,218,203914,43.853838,38,1050
20,218,203945,30.92968,31,1021
20,218,203973,29.420634,28,1054
20,218,204011,22.303135,38,1003
20,218,204053,26.830703,42,1007
20,218,204092,28.618637,39,1057
20,218,204135,38.752895,43,1020
20,218,204164,34.435344,29,1007
20,218,204200,34.314249,36,1015
20,218,204234,22.856348,34,1030
20,218,204269,34.389853,35,1008
20,218,204313,26.608952,44,1058
20,218,204348,28.373709,35,1052
20,218,204389,36.730554,41,1009
20,218,204434,23.958467,45,1020
20,218,204472,36.09672,38,1049
20,218,204506,34.296545,34,1015
20,218,204542,29.487624,36,1030
20,218,204574,31.377298,32,1022
20,218,204612,29.240938,38,1003
20,218,204653,42.081722,41,1020
20,218,204687,32.785162,34,1011
20,218,204726,33.477047,39,1055
20,218,204762,27.033803,36,1047
20,218,204805,33.790882,43,1014
20,218,204841,33.725162,36,1010
20,218,204883,24.859811,42,1019
20,218,204929,31.482318,46,1002
20,218,204969,37.809517,40,1058
20,218,205002,26.685194,33,1060
20,218,205040,41.637423,38,1024
20,218,205078,25.36394,38,1033
20,218,205114,32.700101,36,1011
20,218,205153,41.205321,39,1006
20,218,205187,40.502362,34,1009
20,218,205222,21.621945,35,1012
20,218,205262,40.687613,40,1028
20,218,205299,34.768799,37,1038
20,218,205337,36.864822,38,1026
20,218,205373,39.872522,36,1046
20,218,205410,40.289192,37,1004
20,218,205449,32.566938,39,1015
20,218,205487,36.142102,38,1029
20,218,205525,35.88026,38,1034
20,218,205561,31.457032,36,1052
20,218,205596,27.521763,35,1037
20,218,205638,39.372408,42,1006
20,218,205669,29.533901,31,1017
20,218,205713,32.778509,44,1006
20,218,205749,42.118762,36,1002
20,218,205785,31.776063,36,1043
20,218,205820,24.164842,35,1007
20,218,205855,28.458125,35,1044
20,218,205889,28.359938,34,1039
20,218,205925,35.65879,36,1023
20,218,205965,37.541423,40,1058
20,218,205998,39.737833,33,1038
20,218,206029,33.057461,31,1010
20,218,206069,25.122443,40,1021
20,218,206107,30.319967,38,1033
20,218,206138,24.931995,31,1018
20,218,206173,29.032166,35,1030
20,218,206211,34.188208,38,1001
20,218,206247,34.203382,36,1009
20,218,206288,34.659041,41,1020
20,218,206321,30.143165,33,1019
20,218,206357,43.122025,36,1028
20,218,206396,20.843293,39,1023
20,218,206433,34.015026,37,1026
20,218,206475,33.529032,42,1001
20,218,206518,37.665533,43,1059
20,218,206555,31.723889,37,1001
20,218,206589,25.616722,34,1040
20,218,206624,31.934374,35,1011
20,218,206658,26.208521,34,1053
20,218,206691,35.004253,33,1012
20,218,206729,32.166341,38,1037
20,218,206767,29.585563,38,1039
20,218,206807,33.315107,40,1046
20,218,206841,39.460796,34,1050
20,218,206879,23.290041,38,1060
20,218,206916,33.624498,37,1008
20,218,206957,29.657121,41,1030
20,218,206994,45.655444,37,1025
20,218,207024,23.938367,30,1033
20,218,207052,31.550181,28,1007
20,218,207089,29.260036,37,1052
20,218,207124,25.288135,35,1060
20,218,207163,39.743843,39,1049
20,218,207199,25.827311,36,1019
20,218,207237,32.565685,38,1035
20,218,207269,35.51408,32,1055
20,218,207306,27.316342,37,1019
20,218,207345,38.139109,39,1022
20,218,207377,17.933385,32,1060
20,218,207410,27.415014,33,1023
20,218,207458,32.247442,48,1037
20,218,207491,33.8149,33,1011
20,218,207530,34.453003,39,1016
20,218,207566,25.898308,36,1003
20,218,207608,37.217071,42,1040
20,218,207647,40.140684,39,1032
20,218,207678,36.774547,31,1048
20,218,207710,31.149539,32,1040
20,218,207746,37.779377,36,1026
20,218,207788,33.937369,42,1055
20,218,207827,33.477531,39,1026
20,218,207869,34.578982,42,1056
20,218,207906,26.37312,37,1001
20,218,207947,31.272827,41,1002
20,218,207986,26.758042,39,1021
20,218,208022,28.728117,36,1038
20,218,208058,31.368397,36,1058
20,218,208091,33.696249,33,1047
20,218,208126,38.183626,35,1041
20,218,208164,22.911052,38,1057
20,218,208199,31.605112,35,1001
20,218,208235,34.534507,36,1027
20,218,208275,44.294367,40,1020
20,218,208308,30.458619,33,1055
20,218,208346,34.340239,38,1003
20,218,208384,41.844346,38,1005
20,218,208426,39.585902,42,1024
20,218,208466,33.039107,40,1050
20,218,208509,31.85701,43,1001
20,218,208541,26.833686,32,1052
20,218,208579,31.186891,38,1029
20,218,208622,33.783593,43,1046
20,218,208653,36.418638,31,1007
20,218,208684,34.876692,31,1036
20,218,208723,26.493669,39,1012
20,218,208761,33.85456,38,1057
20,218,208796,31.049033,35,1035
20,218,208833,30.488911,37,1033
20,218,208873,38.814607,40,1024
20,218,208915,28.3558,42,1007
20,218,208954,32.04709,39,1036
20,218,208986,32.794943,32,1041
20,218,209024,37.985557,38,1050
20,218,209060,26.385768,36,1011
20,218,209095,45.281347,35,1020
20,218,209131,36.061887,36,1024
20,218,209161,36.423025,30,1011
20,218,209199,36.686335,38,1045
20,218,209232,34.470776,33,1038
20,218,209268,27.906488,36,1013
20,218,209312,37.102636,44,1029
20,218,209346,29.008289,34,1038
20,218,209381,33.068555,35,1054
20,218,209415,30.401194,34,1014
20,218,209452,34.773001,37,1033
20,218,209488,38.977144,36,1025
20,218,209523,43.240922,35,1056
20,218,209570,37.281579,47,1016
20,218,209607,31.347386,37,1018
20,218,209650,32.677008,43,1018
20,218,209684,25.669507,34,1013
20,218,209719,22.893051,35,1019
20,218,209762,41.239757,43,1020
20,218,209804,40.97975,42,1020
20,218,209843,34.655394,39,1006
20,218,209873,31.887163,30,1039
20,218,209912,46.544806,39,1006
20,218,209951,26.788863,39,1014
20,218,209985,26.268841,34,1053
20,218,210028,32.327668,43,1040
20,218,210070,24.375656,42,1033
20,218,210107,31.763444,37,1055
20,218,210141,35.337262,34,1046
20,218,210181,19.798835,40,1057
20,218,210220,26.526186,39,1029
20,218,210251,32.464187,31,1014
20,218,210291,33.506525,40,1023
20,218,210327,31.779204,36,1041
20,218,210360,28.765427,33,1054
20,218,210398,35.080691,38,1039
20,218,210439,29.013975,41,1012
20,218,210474,32.840492,35,1034
20,218,210505,35.566906,31,1037
20,218,210549,31.01667,44,1016
20,218,210585,34.078237,36,1005
20,218,210621,26.30433,36,1054
20,218,210662,34.293601,41,1023
20,218,210704,31.179614,42,1022
20,218,210740,34.415438,36,1032
20,218,210779,31.37875,39,1018
20,218,210819,28.734095,40,1021
20,218,210854,28.949011,35,1001
20,218,210892,30.192823,38,1051
20,218,210935,43.637686,43,1028
20,218,210973,28.302464,38,1052
20,218,211008,40.235566,35,1025
20,218,211050,23.716763,42,1040
20,218,211092,35.384927,42,1004
20,218,211133,28.239721,41,1040
20,218,211172,35.901256,39,1058
20,218,211205,31.228384,33,1038
20,218,211239,25.799992,34,1044
20,218,211275,29.986158,36,1001
20,218,211317,36.801447,42,1037
20,218,211357,39.540122,40,1015
20,218,211392,27.707997,35,1016
20,218,211435,32.782865,43,1007
20,218,211469,26.305792,34,1054
20,218,211512,27.038151,43,1018
20,218,211558,32.61404,46,1031
20,218,211595,33.157941,37,1022
20,218,211641,36.966012,46,1006
20,218,211678,30.945661,37,1026
20,218,211713,26.660986,35,1012
20,218,211747,31.669038,34,1011
20,218,211784,37.707474,37,1020
20,218,211824,31.570804,40,1035
20,218,211860,34.85288,36,1001
20,218,211899,34.404457,39,1056
20,218,211953,42.070407,54,1004
20,218,211985,35.067961,32,1044
20,218,212016,32.334542,31,1017
20,218,212050,33.380066,34,1036
20,218,212092,36.237254,42,1004
20,218,212136,31.399644,44,1032
20,218,212178,28.760809,42,1052
20,218,212210,37.331966,32,1043
20,218,212246,35.371559,36,1011
20,218,212282,32.866837,36,1027
20,218,212316,26.796507,34,1015
20,218,212349,39.873284,33,1009
20,218,212391,43.185705,42,1049
20,218,212427,31.798137,36,1050
20,218,212463,26.311631,36,1047
20,218,212499,32.711192,36,1038
20,218,212541,32.824808,42,1040
20,218,212582,37.506498,41,1032
20,218,212616,29.472734,34,1027
20,218,212654,35.842058,38,1010
20,218,212689,28.572475,35,1003
20,218,212722,35.601548,33,1043
20,218,212758,28.659482,36,1034
20,218,212791,29.12004,33,1030
20,218,212827,24.9978,36,1044
20,218,212861,31.74206,34,1035
20,218,212896,36.031986,35,1054
20,218,212932,38.163613,36,1011
20,218,212967,28.992195,35,1027
20,218,213008,30.847319,41,1031
20,218,213049,35.470021,41,1056
20,218,213083,25.438432,34,1052
20,218,213115,28.871943,32,1042
20,218,213155,30.419178,40,1023
20,218,213187,36.494226,32,1001
20,218,213224,36.051417,37,1046
20,218,213259,28.837301,35,1021
20,218,213295,35.753963,36,1030
20,218,213335,33.564596,40,1011
20,218,213374,19.642692,39,1041
20,218,213413,35.053223,39,1005
20,218,213448,27.048614,35,1041
20,218,213487,27.119674,39,1026
20,218,213526,32.145097,39,1020
20,218,213562,26.607749,36,1060
20,218,213595,32.366546,33,1035
20,218,213634,30.917767,39,1058
20,218,213672,46.430603,38,1049
20,218,213706,23.548719,34,1003
20,218,213745,36.097753,39,1018
20,218,213779,32.563931,34,1052
20,218,213815,24.259568,36,1003
20,218,213855,27.86938,40,1039
20,218,213887,29.929505,32,1012
20,218,213915,29.956176,28,1053
20,218,213951,40.593087,36,1046
20,218,213987,25.953439,36,1011
20,218,214022,29.637875,35,1022
20,218,214063,29.160012,41,1018
20,218,214103,26.091332,40,1024
20,218,214138,25.51442,35,1045
20,218,214172,24.901723,34,1052
20,218,214204,25.459151,32,1060
20,218,214242,33.182233,38,1040
20,218,214282,34.739762,40,1047
20,218,214323,33.584049,41,1027
20,218,214358,37.405159,35,1009
20,218,214405,34.315171,47,1009
20,218,214443,35.063917,38,1019
20,218,214479,32.665567,36,1039
20,218,214518,32.594886,39,1038
20,218,214554,37.905333,36,1033
20,218,214592,29.951187,38,1039
20,218,214628,30.574015,36,1001
20,218,214664,29.980386,36,1053
20,218,214699,30.971381,35,1037
20,218,214739,25.089653,40,1029
20,218,214779,31.931291,40,1051
20,218,214815,26.328205,36,1052
20,218,214852,29.788453,37,1040
20,218,214894,37.651447,42,1049
20,218,214934,29.670559,40,1021
20,218,214968,35.092684,34,1024
20,218,215006,33.281325,38,1045
20,218,215040,31.401338,34,1039
20,218,215079,29.617668,39,1044
20,218,215119,36.2786,40,1011
20,218,215156,29.325648,37,1051
20,218,215193,29.371695,37,1042
20,218,215224,34.67943,31,1045
20,218,215261,29.124868,37,1005
20,218,215303,35.287835,42,1011
20,218,215340,39.400549,37,1038
20,218,215386,27.487217,46,1045
20,218,215420,34.585441,34,1014
20,218,215452,22.590435,32,1044
20,218,215483,37.759595,31,1012
20,218,215518,29.100363,35,1051
20,218,215558,35.272203,40,1049
20,218,215598,30.845799,40,1042
20,218,215633,32.016637,35,1039
20,218,215671,40.794562,38,1031
20,218,215717,28.599487,46,1032
20,218,215757,35.957745,40,1014
20,218,215791,20.85944,34,1060
20,218,215833,33.404857,42,1048
20,218,215869,33.318719,36,1029
20,218,215909,33.855034,40,1025
20,218,215947,42.095066,38,1028
20,218,215986,38.021486,39,1003
20,218,216029,36.648381,43,1021
20,218,216070,37.369294,41,1035
20,218,216110,31.415854,40,1042
20,218,216145,29.344953,35,1017
20,218,216179,28.660417,34,1033
20,218,216214,32.097557,35,1041
20,218,216246,32.742998,32,1007
20,218,216289,40.179459,43,1059
20,218,216329,32.442289,40,1023
20,218,216364,27.843935,35,1039
20,218,216407,34.473191,43,1018
20,218,216442,31.912836,35,1021
20,218,216487,49.220053,45,1009
20,218,216522,32.256697,35,1044
20,218,216561,37.962801,39,1018
20,218,216597,32.396123,36,1002
20,218,216631,25.40784,34,1046
20,218,216669,25.223064,38,1019
20,218,216705,37.919587,36,1014
20,218,216744,40.154812,39,1058
20,218,216787,34.6837,43,1050
20,218,216826,32.868017,39,1007
20,218,216865,37.994547,39,1002
20,218,216902,25.10218,37,1030
20,218,216937,24.638545,35,1044
20,218,216981,33.113863,44,1055
20,218,217021,34.708047,40,1019
20,218,217063,34.436517,42,1042
20,218,217094,22.008779,31,1036
20,218,217133,17.161981,39,1053
20,218,217170,22.018527,37,1017
20,218,217204,36.426047,34,1057
20,218,217239,32.1457,35,1013
20,218,217278,37.88018,39,1031
20,218,217317,31.942601,39,1047
20,218,217353,32.033484,36,1050
20,218,217383,31.604397,30,1013
20,218,217420,28.213578,37,1012
20,218,217460,27.020124,40,1031
20,218,217500,33.961705,40,1007
20,218,217545,32.569886,45,1042
20,218,217588,40.476215,43,1056
20,218,217625,36.870883,37,1004
20,218,217663,32.945526,38,1037
20,218,217700,22.083967,37,1057
20,218,217740,29.760578,40,1045
20,218,217778,28.415429,38,1022
20,218,217810,30.182148,32,1030
20,218,217844,32.430602,34,1052
20,218,217880,35.40879,36,1054
20,218,217918,32.42566,38,1027
20,218,217955,31.348224,37,1021
20,218,217992,27.874606,37,1035
20,218,218027,28.085202,35,1003
20,218,218059,37.197603,32,1025
20,218,218106,32.306212,47,1007
20,218,218145,34.229049,39,1058
20,218,218183,35.026922,38,1056
20,218,218218,31.912837,35,1033
20,218,218249,28.057537,31,1030
20,218,218281,41.003806,32,1035
20,218,218325,31.012486,44,1023
20,218,218368,39.028364,43,1059
20,218,218410,31.982884,42,1036
20,218,218450,37.998379,40,1025
20,218,218479,33.292074,29,1022
20,218,218514,40.821675,35,1025
20,218,218553,40.003793,39,1056
20,218,218593,34.817798,40,1002
20,218,218635,36.349585,42,1040
20,218,218673,32.213678,38,1043
20,218,218716,40.106342,43,1049
20,218,218751,30.274875,35,1048
20,218,218786,20.48327,35,1013
20,218,218821,49.684038,35,1026
20,218,218852,22.788141,31,1003
20,218,218893,37.008929,41,1028
20,218,218927,31.588198,34,1054
20,218,218964,26.450049,37,1019
20,218,219004,36.006664,40,1046
20,218,219040,33.811293,36,1046
20,218,219076,19.648215,36,1019
20,218,219116,29.71073,40,1054
20,218,219156,36.430012,40,1035
20,218,219191,34.707977,35,1012
20,218,219235,37.11913,44,1031
20,218,219271,28.254816,36,1053
20,218,219304,28.571353,33,1034
20,218,219346,39.778902,42,1016
20,218,219380,32.542925,34,1021
20,218,219421,33.938369,41,1040
20,218,219463,40.14963,42,1048
20,218,219511,41.90926,48,1016
20,218,219548,26.369305,37,1044
20,218,219579,28.193934,31,1054
20,218,219613,20.799896,34,1060
20,218,219643,35.957213,30,1030
20,218,219681,41.803893,38,1031
20,218,219723,31.351244,42,1058
20,218,219765,35.45548,42,1016
20,218,219803,43.863567,38,1055
20,218,219839,36.148275,36,1045
20,218,219880,29.978923,41,1012
20,218,219909,39.36467,29,1041
20,218,219945,27.988032,36,1051
20,218,219983,24.541747,38,1019
20,218,220022,35.708483,39,1031
20,218,220056,32.158104,34,1038
20,218,220094,31.896082,38,1050
20,218,220136,38.240978,42,1024
20,218,220172,27.13265,36,1002
20,218,220208,32.594864,36,1038
20,218,220250,34.368011,42,1039
20,218,220282,30.279356,32,1038
20,218,220317,26.22962,35,1019
20,218,220349,34.572691,32,1054
20,218,220388,34.457315,39,1006
20,218,220423,25.268556,35,1051
20,218,220460,38.669336,37,1056
20,218,220496,38.890363,36,1022
20,218,220528,24.429058,32,1060
20,218,220566,33.554079,38,1042
20,218,220602,30.460748,36,1022
20,218,220644,29.098878,42,1029
20,218,220680,26.073054,36,1013
20,218,220718,24.193102,38,1021
20,218,220751,27.920225,33,1036
20,218,220790,43.414339,39,1056
20,218,220827,40.049417,37,1029
20,218,220863,28.228307,36,1047
20,218,220900,35.393493,37,1048
20,218,220936,33.230273,36,1011
20,218,220972,34.893241,36,1032
20,218,221009,31.013824,37,1047
20,218,221048,37.335953,39,1016
20,218,221088,35.932002,40,1048
20,218,221124,33.464062,36,1018
20,218,221159,25.27817,35,1045
20,218,221200,39.725222,41,1055
20,218,221236,28.981364,36,1004
20,218,221279,37.624649,43,1020
20,218,221325,36.537996,46,1032
20,218,221363,32.595021,38,1008
20,218,221405,42.325213,42,1050
20,218,221450,36.696621,45,1007
20,218,221488,20.28327,38,1022
20,218,221522,20.641747,34,1044
20,218,221563,34.19163,41,1002
20,218,221605,34.99409,42,1048
20,218,221641,27.351599,36,1053
20,218,221678,31.697761,37,1041
20,218,221721,39.86575,43,1025
20,218,221762,24.267803,41,1003
20,218,221804,42.8674,42,1004
20,218,221845,45.554436,41,1039
20,218,221881,36.743935,36,1022
20,218,221916,30.051219,35,1046
20,218,221960,37.577086,44,1059
20,218,221993,35.851861,33,1022
20,218,222032,32.58576,39,1055
20,218,222060,26.412363,28,1051
20,218,222104,30.039481,44,1029
20,218,222139,34.831297,35,1049
20,218,222179,25.29772,40,1015
20,218,222222,40.750629,43,1028
20,218,222264,35.324092,42,1057
20,218,222300,35.160555,36,1011
20,218,222342,39.177722,42,1023
20,218,222382,23.491503,40,1034
20,218,222419,35.487227,37,1018
20,218,222459,39.284045,40,1042
20,218,222489,33.606316,30,1002
20,218,222522,27.566524,33,1035
20,218,222554,35.281022,32,1019
20,218,222586,26.646426,32,1013
20,218,222627,25.338162,41,1008
20,218,222666,35.656731,39,1055
20,218,222701,26.747345,35,1044
20,218,222734,36.404246,33,1042
20,218,222774,38.640427,40,1049
20,218,222816,43.214402,42,1059
20,218,222845,24.170524,29,1034
20,218,222886,33.543269,41,1038
20,218,222926,40.529504,40,1009
20,218,222963,33.36669,37,1023
20,218,222992,31.468742,29,1044
20,218,223030,36.991954,38,1031
20,218,223070,46.910196,40,1050
20,218,223113,32.638234,43,1004
20,218,223151,31.5277,38,1055
20,218,223188,30.008817,37,1056
20,218,223226,39.888677,38,1015
20,218,223266,27.900123,40,1005
20,218,223304,33.880743,38,1037
20,218,223337,43.138998,33,1025
20,218,223380,42.660314,43,1049
20,218,223413,31.625899,33,1013
20,218,223447,20.501242,34,1060
20,218,223483,39.926696,36,1041
20,218,223520,24.681216,37,1048
20,218,223566,36.734296,46,1020
20,218,223610,34.997919,44,1059
20,218,223643,29.168226,33,1052
20,218,223682,43.319735,39,1050
20,218,223722,43.017385,40,1007
20,218,223765,41.844272,43,1049
20,218,223805,31.733766,40,1033
20,218,223844,16.44801,39,1022
20,218,223878,30.18175,34,1030
20,218,223920,41.817763,42,1028
20,218,223959,37.549311,39,1056
20,218,223998,28.901081,39,1030
20,218,224039,25.989975,41,1040
20,218,224079,34.232781,40,1048
20,218,224119,28.07536,40,1037
20,218,224163,35.47231,44,1036
20,218,224206,47.170183,43,1056
20,218,224244,28.852101,38,1047
20,218,224283,40.835956,39,1004
20,218,224319,25.572269,36,1047
20,218,224359,31.27577,40,1026
20,218,224397,36.935816,38,1052
20,218,224440,36.688158,43,1025
20,218,224474,29.701819,34,1052
20,218,224506,30.86438,32,1053
20,218,224545,35.724709,39,1037
20,218,224581,38.825493,36,1029
20,218,224615,27.851161,34,1015
20,218,224654,37.786367,39,1025
20,218,224694,35.653685,40,1040
20,218,224732,35.782864,38,1002
20,218,224773,26.744324,41,1009
20,218,224810,37.14607,37,1024
20,218,224848,41.699955,38,1050
20,218,224879,28.702356,31,1010
20,218,224912,29.342771,33,1052
20,218,224956,34.216794,44,1002
20,218,224996,35.601794,40,1043
20,218,225034,36.023038,38,1052
20,218,225072,33.941056,38,1001
20,218,225111,29.565816,39,1044
20,218,225153,27.943134,42,1029
20,218,225189,32.393715,36,1042
20,218,225223,36.744528,34,1010
20,218,225267,32.65016,44,1007
20,218,225306,31.141533,39,1039
20,218,225344,25.161796,38,1033
20,218,225386,31.188084,42,1020
20,218,225420,24.63085,34,1030
20,218,225457,41.48716,37,1025
20,218,225497,30.135393,40,1036
20,218,225534,27.649094,37,1038
20,218,225567,32.961539,33,1013
20,218,225608,37.896103,41,1025
20,218,225642,28.451204,34,1012
20,218,225679,30.749266,37,1043
20,218,225719,41.326953,40,1049
20,218,225757,38.918849,38,1025
20,218,225794,42.631197,37,1058
20,218,225838,38.43942,44,1032
20,218,225879,30.424154,41,1005
20,218,225921,40.446554,42,1049
20,218,225959,50.575322,38,1025
20,218,225993,28.330438,34,1012
20,218,226025,34.097639,32,1027
20,218,226070,24.34197,45,1033
20,218,226104,18.54448,34,1010
20,218,226141,27.802325,37,1047
20,218,226180,33.659135,39,1016
20,218,226217,24.484735,37,1027
20,218,226264,33.029683,47,1028
20,218,226294,38.561503,30,1014
20,218,226336,24.848624,42,1035
20,218,226372,36.921386,36,1050
20,218,226407,33.78645,35,1052
20,218,226443,37.069087,36,1031
20,218,226481,22.176739,38,1008
20,218,226515,30.144013,34,1017
20,218,226556,43.697643,41,1032
20,218,226596,31.099807,40,1053
20,218,226629,28.634122,33,1018
20,218,226668,35.517959,39,1050
20,218,226699,38.313273,31,1046
20,218,226731,19.358933,32,1010
20,218,226768,28.468916,37,1016
20,218,226810,29.484264,42,1002
20,218,226848,31.132029,38,1035
20,218,226881,28.305886,33,1012
20,218,226922,30.390199,41,1047
20,218,226965,33.478706,43,1048
20,218,227010,37.049005,45,1048
20,218,227049,45.434412,39,1032
20,218,227082,25.9014,33,1043
20,218,227118,32.538853,36,1038
20,218,227160,21.783859,42,1040
20,218,227189,25.437358,29,1051
20,218,227227,31.530312,38,1030
20,218,227264,32.311338,37,1021
20,218,227310,43.38051,46,1032
20,218,227344,23.535489,34,1044
20,218,227381,29.411469,37,1018
20,218,227415,31.841843,34,1019
20,218,227452,38.602013,37,1041
20,218,227491,39.797564,39,1058
20,218,227528,36.592011,37,1050
20,218,227568,36.162289,40,1058
20,218,227600,29.10097,32,1012
20,218,227636,34.985432,36,1045
20,218,227672,35.611613,36,1046
20,218,227707,34.92438,35,1043
20,218,227745,42.174658,38,1006
20,218,227780,34.57946,35,1010
20,218,227814,29.849807,34,1013
20,218,227851,35.460451,37,1022
20,218,227884,21.795013,33,1026
20,218,227921,26.652207,37,1022
20,218,227961,34.703774,40,1005
20,218,227999,33.116012,38,1050
20,218,228038,34.831832,39,1005
20,218,228072,36.202631,34,1039
20,218,228107,29.548566,35,1013
20,218,228143,32.788788,36,1030
20,218,228183,26.689092,40,1037
20,218,228223,45.564242,40,1056
20,218,228257,36.257107,34,1050
20,218,228296,30.873575,39,1045
20,218,228331,26.297125,35,1013
20,218,228366,43.389509,35,1032
20,218,228405,26.126684,39,1016
20,218,228446,36.600788,41,1009
20,218,228484,30.24516,38,1058
20,218,228523,33.749718,39,1052
20,218,228568,33.473615,45,1014
20,218,228607,37.321674,39,1029
20,218,228657,40.071559,50,1028
20,218,228697,36.826316,40,1021
20,218,228740,39.454346,43,1025
20,218,228776,30.690135,36,1030
20,218,228809,23.183869,33,1040
20,218,228842,28.675881,33,1051
20,218,228878,38.894984,36,1039
20,218,228913,26.310032,35,1054
20,218,228955,44.145769,42,1005
20,218,228996,27.830648,41,1007
20,218,229033,27.417616,37,1041
20,218,229067,26.787216,34,1044
20,218,229103,51.284918,36,1009
20,218,229142,24.299388,39,1003
20,218,229179,24.334869,37,1012
20,218,229214,29.785677,35,1045
20,218,229250,22.521341,36,1022
20,218,229292,34.094848,42,1016
20,218,229336,33.57544,44,1028
20,218,229370,37.362316,34,1001
20,218,229410,36.573729,40,1055
20,218,229442,23.824411,32,1013
20,218,229483,32.796486,41,1050
20,218,229519,36.944071,36,1029
20,218,229557,40.963551,38,1020
20,218,229595,22.978794,38,1051
20,218,229635,38.348212,40,1025
20,218,229669,37.838284,34,1028
20,218,229706,36.647567,37,1042
20,218,229741,27.364732,35,1057
20,218,229778,24.498525,37,1003
20,218,229817,34.169168,39,1055
20,218,229854,31.818329,37,1035
20,218,229894,41.129002,40,1006
20,218,229930,26.1383,36,1012
20,218,229970,36.474094,40,1023
20,218,230003,23.785685,33,1035
20,218,230039,34.222229,36,1002
20,218,230073,30.71669,34,1013
20,218,230111,30.035677,38,1039
20,218,230146,35.838902,35,1022
20,218,230182,41.46877,36,1055
20,218,230214,25.754142,32,1044
20,218,230259,36.170448,45,1046
20,218,230297,35.653851,38,1041
20,218,230339,31.875195,42,1031
20,218,230376,26.80824,37,1027
20,218,230415,25.036807,39,1001
20,218,230448,34.930011,33,1023
20,218,230480,26.15294,32,1013
20,218,230522,32.86526,42,1042
20,218,230562,30.264285,40,1014
20,218,230604,44.294232,42,1006
20,218,230648,30.890024,44,1018
20,218,230686,21.607011,38,1033
20,218,230724,23.183183,38,1012
20,218,230763,23.073003,39,1006
20,218,230796,26.046941,33,1008
20,218,230833,32.849281,37,1026
20,218,230873,41.330834,40,1056
20,218,230907,32.946499,34,1027
20,218,230940,32.394563,33,1035
20,218,230978,42.583903,38,1025
20,218,231023,39.846938,45,1009
20,218,231055,28.614137,32,1022
20,218,231091,28.411468,36,1050
20,218,231128,34.977083,37,1048
20,218,231165,29.882567,37,1015
20,218,231206,36.007351,41,1016
20,218,231246,22.813508,40,1040
20,218,231282,29.835636,36,1048
20,218,231318,35.024989,36,1037
20,218,231355,36.482251,37,1005
20,218,231396,27.456989,41,1014
20,218,231429,29.606265,33,1017
20,218,231470,37.210591,41,1028
20,218,231508,21.279157,38,1035
20,218,231546,34.399191,38,1002
20,218,231587,25.7723,41,1027
20,218,231621,35.958647,34,1038
20,218,231657,23.071133,36,1003
20,218,231704,41.156301,47,1025
20,218,231735,31.968799,31,1008
20,218,231776,35.030501,41,1002
20,218,231813,45.402988,37,1006
20,218,231845,28.117799,32,1013
20,218,231888,28.900508,43,1001
20,218,231932,41.915196,44,1004
20,218,231972,42.449926,40,1032
20,218,232017,43.155282,45,1025
20,218,232051,29.682107,34,1037
20,218,232086,24.710905,35,1030
20,218,232124,37.102089,38,1004
20,218,232163,25.069559,39,1051
20,218,232202,26.902756,39,1011
20,218,232239,34.103298,37,1001
20,218,232274,41.171643,35,1058
20,218,232311,42.157201,37,1007
20,218,232345,31.531636,34,1042
20,218,232379,28.213786,34,1035
20,218,232424,36.721971,45,1006
20,218,232459,28.885361,35,1054
20,218,232495,31.349185,36,1014
20,218,232533,27.886833,38,1051
20,218,232569,25.451209,36,1044
20,218,232607,36.84863,38,1042
20,218,232643,42.12053,36,1007
20,218,232681,27.067131,38,1011
20,218,232719,32.88165,38,1001
20,218,232760,37.540766,41,1016
20,218,232791,22.678948,31,1044
20,218,232829,46.116085,38,1058
20,218,232863,41.585669,34,1050
20,218,232900,37.486327,37,1043
20,218,232943,33.610956,43,1049
20,218,232982,37.832238,39,1029
20,218,233020,38.48235,38,1029
20,218,233060,33.251166,40,1011
20,218,233096,38.274756,36,1055
20,218,233137,29.974119,41,1035
20,218,233181,31.781638,44,1053
20,218,233220,29.253753,39,1038
20,218,233262,26.059745,42,1019
20,218,233309,40.877869,47,1059
20,218,233339,32.951786,30,1012
20,218,233377,33.988567,38,1020
20,218,233417,43.845454,40,1009
20,218,233458,44.782668,41,1050
20,218,233506,37.126222,48,1006
20,218,233546,34.147747,40,1043
20,218,233583,28.475184,37,1051
20,218,233618,34.691942,35,1047
20,218,233657,38.550367,39,1043
20,218,233694,29.646653,37,1005
20,218,233734,42.183581,40,1058
20,218,233776,39.229172,42,1050
20,218,233814,36.222205,38,1022
20,218,233852,27.523933,38,1057
20,218,233893,37.354896,41,1005
20,218,233923,28.090818,30,1014
20,218,233961,30.461498,38,1037
20,218,233999,35.214184,38,1037
20,218,234037,25.899512,38,1033
20,218,234072,37.150445,35,1055
20,218,234111,31.927879,39,1041
20,218,234154,34.920868,43,1055
20,218,234188,39.033948,34,1025
20,218,234230,30.894115,42,1057
20,218,234269,38.318675,39,1022
20,218,234307,23.382667,38,1051
20,218,234340,28.290124,33,1038
20,218,234385,37.789565,45,1007
20,218,234426,28.40303,41,1041
20,218,234465,29.265519,39,1018
20,218,234509,37.932704,44,1005
20,218,234542,26.731445,33,1017
20,218,234574,24.217909,32,1003
20,218,234613,31.308375,39,1039
20,218,234647,27.651174,34,1030
20,218,234684,37.570118,37,1031
20,218,234724,32.352082,40,1037
20,218,234765,29.241847,41,1047
20,218,234808,24.33298,43,1003
20,218,234842,36.023028,34,1017
20,218,234878,36.665966,36,1049
20,218,234916,18.747809,38,1060
20,218,234958,25.115177,42,1051
20,218,234998,25.752098,40,1047
20,218,235035,22.866866,37,1017
20,218,235070,28.738321,35,1038
20,218,235111,31.993295,41,1019
20,218,235150,41.620639,39,1009
20,218,235198,33.582693,48,1002
20,218,235241,31.427634,43,1040
20,218,235278,35.459746,37,1024
20,218,235310,35.150617,32,1010
20,218,235348,33.89855,38,1023
20,218,235383,28.15691,35,1012
20,218,235424,32.561698,41,1032
20,218,235457,39.699738,33,1059
20,218,235498,39.373668,41,1041
20,218,235533,40.293725,35,1039
20,218,235568,27.766926,35,1013
20,218,235607,38.052179,39,1007
20,218,235644,36.21501,37,1050
20,218,235682,26.776678,38,1038
20,218,235714,39.12239,32,1015
20,218,235750,29.290683,36,1027
20,218,235784,33.262773,34,1037
20,218,235821,27.992896,37,1034
20,218,235859,39.787381,38,1048
20,218,235898,32.177238,39,1047
20,218,235941,34.02588,43,1047
20,218,235972,32.502596,31,1030
20,218,236008,27.615254,36,1051
20,218,236043,40.261408,35,1046
20,218,236078,25.748109,35,1017
20,218,236113,23.242669,35,1013
20,218,236155,34.267071,42,1059
20,218,236193,35.799439,38,1009
20,218,236230,27.886624,37,1010
20,218,236267,31.220835,37,1031
20,218,236303,37.267053,36,1026
20,218,236340,27.713367,37,1053
20,218,236377,33.928205,37,1038
20,218,236418,37.476024,41,1029
20,218,236457,45.74905,39,1055
20,218,236498,43.510439,41,1032
20,218,236533,28.914223,35,1012
20,218,236571,26.623539,38,1034
20,218,236608,28.790078,37,1035
20,218,236649,31.455617,41,1033
20,218,236686,32.113291,37,1001
20,218,236724,30.084282,38,1045
20,218,236759,28.577288,35,1039
20,218,236794,23.56493,35,1038
20,218,236830,32.727823,36,1055
20,218,236872,21.571948,42,1057
20,218,236908,24.860927,36,1033
20,218,236943,26.844259,35,1051
20,218,236980,33.670173,37,1030
20,218,237022,25.195226,42,1001
20,218,237069,42.56796,47,1059
20,218,237108,38.655701,39,1031
20,218,237146,24.978285,38,1003
20,218,237190,33.324111,44,1024
20,218,237232,29.080491,42,1045
20,218,237271,38.084689,39,1029
20,218,237308,36.44518,37,1031
20,218,237350,39.882219,42,1050
20,218,237393,46.092218,43,1004
20,218,237429,37.083465,36,1050
20,218,237466,33.7203,37,1053
20,218,237507,32.909301,41,1046
20,218,237544,27.972498,37,1040
20,218,237585,26.037908,41,1013
20,218,237620,28.779774,35,1021
20,218,237655,33.939367,35,1054
20,218,237690,21.171719,35,1053
20,218,237725,28.857925,35,1038
20,218,237758,31.699848,33,1053
20,218,237793,30.188791,35,1034
20,218,237835,41.747,42,1028
20,218,237873,49.466375,38,1032
20,218,237912,28.979437,39,1021
20,218,237951,32.395133,39,1021
20,218,237987,46.138491,36,1050
20,218,238027,29.656502,40,1051
20,218,238066,31.695688,39,1029
20,218,238094,22.313219,28,1060
20,218,238133,35.999367,39,1037
20,218,238167,44.602622,34,1025
20,218,238207,30.962347,40,1050
20,218,238244,33.499095,37,1017
20,218,238280,37.635425,36,1043
20,218,238316,21.812159,36,1010
20,218,238355,33.38407,39,1056
20,218,238387,28.814573,32,1044
20,218,238432,28.155453,45,1016
20,218,238467,36.408941,35,1049
20,218,238501,19.773603,34,1057
20,218,238535,36.122308,34,1002
20,218,238571,28.611393,36,1051
20,218,238604,33.617002,33,1031
20,218,238651,41.38305,47,1032
20,218,238695,25.219154,44,1057
20,218,238730,23.662235,35,1042
20,218,238768,34.311978,38,1010
20,218,238806,40.559849,38,1031
20,218,238849,34.355608,43,1004
20,218,238887,31.579111,38,1045
20,218,238931,31.086314,44,1031
20,218,238967,43.6068,36,1004
20,218,239009,38.841509,42,1028
20,218,239048,33.87355,39,1024
20,218,239082,32.42938,34,1019
20,218,239121,38.914088,39,1018
20,218,239161,38.806001,40,1059
20,218,239194,36.647225,33,1010
20,218,239237,34.373891,43,1040
20,218,239279,42.247525,42,1032
20,218,239321,26.971127,42,1007
20,218,239363,30.2399,42,1033
20,218,239396,43.539364,33,1037
20,218,239436,28.571703,40,1040
20,218,239474,44.923446,38,1023
20,218,239508,25.963969,34,1019
20,218,239543,23.844645,35,1019
20,218,239585,31.696181,42,1053
20,218,239623,35.320166,38,1005
20,218,239654,34.494976,31,1010
20,218,239689,25.444965,35,1053
20,218,239725,31.916199,36,1030
20,218,239763,22.296368,38,1057
20,218,239795,20.110898,32,1002
20,218,239831,28.548845,36,1022
20,218,239869,32.792792,38,1010
20,218,239901,33.255223,32,1035
20,218,239945,26.478036,44,1045
20,218,239986,36.427447,41,1039
20,218,240023,44.358065,37,1055
20,218,240063,33.929832,40,1006
20,218,240099,32.985621,36,1017
20,218,240135,38.187717,36,1037
20,218,240180,36.795237,45,1016
20,218,240217,38.328749,37,1011
20,218,240255,34.291367,38,1054
20,218,240296,37.899709,41,1024
20,218,240331,36.981864,35,1032
20,218,240372,32.730794,41,1038
20,218,240413,48.215715,41,1032
20,218,240447,17.687449,34,1026
20,218,240494,36.775508,47,1023
20,218,240531,39.045783,37,1024
20,218,240569,41.621074,38,1049
20,218,240612,37.037748,43,1059
20,218,240649,27.543372,37,1012
20,218,240684,32.338914,35,1019
20,218,240718,43.378917,34,1046
20,218,240754,42.808721,36,1031
20,218,240794,28.631976,40,1029
20,218,240830,34.186413,36,1015
20,218,240868,31.141889,38,1036
20,218,240910,35.808261,42,1023
20,218,240950,34.988466,40,1045
20,218,240984,48.514318,34,1031
20,218,241023,35.561822,39,1051
20,218,241062,29.060858,39,1004
20,218,241096,25.976265,34,1051
20,218,241140,38.641811,44,1005
20,218,241179,32.311621,39,1020
20,218,241218,27.978266,39,1058
20,218,241250,36.86514,32,1036
20,218,241285,28.159948,35,1048
20,218,241325,38.132362,40,1039
20,218,241359,24.716013,34,1044
20,218,241399,31.911641,40,1029
20,218,241430,29.759182,31,1023
20,218,241467,36.940967,37,1037
20,218,241501,25.377827,34,1058
20,218,241538,32.97338,37,1044
20,218,241571,24.153961,33,1014
20,218,241606,29.52526,35,1039
20,218,241647,38.777293,41,1016
20,218,241683,33.247227,36,1055
20,218,241719,20.752951,36,1034
20,218,241759,31.936611,40,1002
20,218,241804,37.92178,45,1004
20,218,241847,24.725393,43,1029
20,218,241886,31.735,39,1049
20,218,241928,34.35449,42,1057
20,218,241963,30.706534,35,1003
20,218,242000,37.352746,37,1045
20,218,242045,30.820296,45,1045
20,218,242081,42.903239,36,1042
20,218,242116,31.819831,35,1027
20,218,242173,41.765047,57,1004
20,218,242212,35.01038,39,1001
20,218,242250,36.911409,38,1025
20,218,242283,25.362435,33,1001
20,218,242317,27.944567,34,1041
20,218,242349,25.069118,32,1051
20,218,242389,28.918467,40,1033
20,218,242425,38.532625,36,1053
20,218,242465,31.429216,40,1002
20,218,242501,32.170208,36,1045
20,218,242545,40.007646,44,1045
20,218,242579,27.17595,34,1054
20,218,242619,37.646628,40,1042
20,218,242657,37.247742,38,1001
20,218,242696,32.083928,39,1055
20,218,242734,33.355022,38,1043
20,218,242772,32.365555,38,1054
20,218,242814,28.339332,42,1035
20,218,242853,37.960393,39,1033
20,218,242890,25.28667,37,1039
20,218,242930,28.265605,40,1018
20,218,242968,25.29388,38,1027
20,218,243005,26.583128,37,1003
20,218,243043,38.518575,38,1027
20,218,243083,34.800588,40,1058
20,218,243127,34.203445,44,1004
20,218,243173,24.975024,46,1040
20,218,243214,24.641428,41,1043
20,218,243251,27.031176,37,1019
20,218,243293,32.024959,42,1022
20,218,243330,28.723435,37,1018
20,218,243366,30.408313,36,1035
20,218,243398,35.65919,32,1013
20,218,243429,20.489001,31,1060
20,218,243472,35.236289,43,1033
20,218,243514,38.051779,42,1042
20,218,243554,41.477374,40,1059
20,218,243598,37.814745,44,1056
20,218,243637,34.067409,39,1048
20,218,243671,33.312429,34,1056
20,218,243701,24.127704,30,1003
20,218,243737,27.290262,36,1038
20,218,243772,29.06912,35,1052
20,218,243820,42.128412,48,1006
20,218,243851,31.223855,31,1038
20,218,243886,29.749288,35,1045
20,218,243938,37.81642,52,1031
20,218,243975,41.104497,37,1033
20,218,244007,39.305222,32,1022
20,218,244038,38.914016,31,1006
20,218,244077,39.384256,39,1029
20,218,244108,31.678895,31,1014
20,218,244145,32.60252,37,1048
20,218,244182,34.355061,37,1028
20,218,244224,36.804981,42,1028
20,218,244261,34.009866,37,1003
20,218,244297,28.65408,36,1019
20,218,244336,37.547558,39,1006
20,218,244375,36.861837,39,1046
20,218,244412,26.766607,37,1039
20,218,244452,20.039018,40,1057
20,218,244486,32.622672,34,1026
20,218,244517,24.511016,31,1012
20,218,244555,25.95714,38,1038
20,218,244592,26.780471,37,1051
20,218,244624,28.625557,32,1060
20,218,244663,31.642639,39,1014
20,218,244703,40.612536,40,1050
20,218,244739,24.538632,36,1037
20,218,244771,30.698222,32,1034
20,218,244806,27.094573,35,1052
20,218,244848,28.617738,42,1036
20,218,244885,39.038008,37,1043
20,218,244923,32.84321,38,1011
20,218,244959,40.237749,36,1006
20,218,245004,30.299826,45,1020
20,218,245040,27.243569,36,1044
20,218,245079,29.761677,39,1030
20,218,245117,23.950371,38,1034
20,218,245153,36.464083,36,1006
20,218,245187,26.371415,34,1052
20,218,245225,27.783984,38,1030
20,218,245262,24.272176,37,1010
20,218,245308,40.641742,46,1058
20,218,245340,20.050152,32,1060
20,218,245380,26.504981,40,1060
20,218,245407,31.346452,27,1040
20,218,245442,27.072531,35,1017
20,218,245481,37.798542,39,1048
20,218,245518,27.834824,37,1042
20,218,245561,26.522629,43,1029
20,218,245606,27.057305,45,1001
20,218,245641,30.419568,35,1010
20,218,245675,33.513501,34,1041
20,218,245718,23.819925,43,1035
20,218,245759,32.323774,41,1023
20,218,245791,31.148132,32,1031
20,218,245824,39.955199,33,1026
20,218,245866,28.99515,42,1048
20,218,245907,28.892163,41,1035
20,218,245946,41.628845,39,1059
20,218,245982,35.331093,36,1035
20,218,246021,37.734872,39,1031
20,218,246060,37.138746,39,1049
20,218,246096,40.811099,36,1028
20,218,246136,30.250993,40,1039
20,218,246168,25.703774,32,1060
20,218,246206,33.284677,38,1018
20,218,246244,38.962916,38,1056
20,218,246283,33.684951,39,1041
20,218,246316,22.583343,33,1008
20,218,246348,29.413663,32,1040
20,218,246386,36.504478,38,1054
20,218,246418,42.314475,32,1029
20,218,246456,30.834524,38,1020
20,218,246490,32.923861,34,1027
20,218,246528,25.814766,38,1044
20,218,246560,36.853729,32,1039
20,218,246605,41.627445,45,1007
20,218,246641,31.107737,36,1027
20,218,246680,33.689174,39,1037
20,218,246713,25.251457,33,1003
20,218,246754,30.921532,41,1029
20,218,246792,39.658379,38,1050
20,218,246831,39.229253,39,1011
20,218,246872,36.840754,41,1018
20,218,246913,36.042175,41,1007
20,218,246949,22.300394,36,1038
20,218,246983,29.493948,34,1036
20,218,247016,33.949711,33,1035
20,218,247054,29.5439,38,1013
20,218,247087,29.426124,33,1035
20,218,247121,29.623217,34,1034
20,218,247159,24.673196,38,1060
20,218,247195,32.743167,36,1050
20,218,247234,28.382528,39,1041
20,218,247267,30.159252,33,1038
20,218,247304,37.919447,37,1021
20,218,247345,34.062245,41,1011
20,218,247380,25.280805,35,1036
20,218,247414,23.177258,34,1044
20,218,247452,47.850383,38,1026
20,218,247484,39.490831,32,1028
20,218,247521,42.142255,37,1006
20,218,247565,34.795299,44,1021
20,218,247599,38.240517,34,1024
20,218,247632,44.535363,33,1025
20,218,247668,27.760465,36,1001
20,218,247712,25.74335,44,1001
20,218,247747,40.600644,35,1024
20,218,247783,32.607174,36,1052
20,218,247824,36.957394,41,1002
20,218,247856,22.012645,32,1060
20,218,247903,30.449618,47,1004
20,218,247938,26.201161,35,1060
20,218,247970,20.788094,32,1060
20,218,248009,32.768777,39,1035
20,218,248053,27.829499,44,1001
20,218,248090,29.363421,37,1013
20,218,248127,24.952728,37,1057
20,218,248168,39.538796,41,1056
20,218,248201,17.595201,33,1019
20,218,248240,41.811079,39,1056
20,218,248279,20.43782,39,1038
20,218,248320,26.280277,41,1018
20,218,248358,26.589914,38,1040
20,218,248398,31.132353,40,1052
20,218,248437,32.607118,39,1049
20,218,248477,38.757302,40,1009
20,218,248516,34.85153,39,1019
20,218,248548,20.783216,32,1003
20,218,248588,25.217465,40,1008
20,218,248626,36.659947,38,1029
20,218,248664,35.712273,38,1015
20,218,248704,28.407878,40,1008
20,218,248742,29.500253,38,1019
20,218,248780,33.543579,38,1033
20,218,248822,34.261366,42,1029
20,218,248858,42.683388,36,1026
20,218,248898,29.126663,40,1042
20,218,248930,34.866634,32,1043
20,218,248970,36.853077,40,1056
20,218,249010,27.067086,40,1021
20,218,249051,28.1196,41,1044
20,218,249081,29.095215,30,1019
20,218,249124,26.686923,43,1058
20,218,249163,31.542067,39,1059
20,218,249195,36.433141,32,1014
20,218,249233,23.352472,38,1051
20,218,249268,34.806765,35,1012
20,218,249305,37.133818,37,1018
20,218,249348,25.130148,43,1017
20,218,249384,33.393489,36,1017
20,218,249417,29.012427,33,1017
20,218,249449,20.049438,32,1060
20,218,249490,37.423245,41,1018
20,218,249528,32.560159,38,1043
20,218,249562,28.463079,34,1035
20,218,249593,28.033563,31,1003
20,218,249632,34.600143,39,1045
20,218,249666,35.827495,34,1005
20,218,249701,27.290392,35,1012
20,218,249736,35.743955,35,1029
20,218,249767,33.375469,31,1033
20,218,249802,34.231492,35,1017
20,218,249842,40.094492,40,1002
20,218,249883,30.597303,41,1053
20,218,249915,27.126186,32,1008
20,218,249955,44.8044,40,1018
20,218,249988,38.216533,33,1048
20,218,250029,36.096308,41,1002
20,218,250067,30.285535,38,1031
20,218,250105,29.015361,38,1022
20,218,250142,28.620532,37,1001
20,218,250180,32.680461,38,1042
20,218,250213,26.664,33,1038
20,218,250250,23.314433,37,1052
20,218,250295,35.126482,45,1006
20,218,250336,38.121296,41,1045
20,218,250372,26.138766,36,1010
20,218,250413,38.891798,41,1048
20,218,250453,39.478304,40,1059
20,218,250489,34.721395,36,1023
20,218,250524,26.068718,35,1053
20,218,250565,39.8572,41,1031
20,218,250604,23.403468,39,1038
20,218,250647,36.628032,43,1024
20,218,250684,34.34943,37,1015
20,218,250726,33.5109,42,1028
20,218,250767,28.854305,41,1052
20,218,250802,29.824956,35,1012
20,218,250840,38.666945,38,1055
20,218,250876,34.383059,36,1012
20,218,250913,32.355261,37,1040
20,218,250950,32.378348,37,1030
20,218,250989,32.969354,39,1029
20,218,251025,25.377793,36,1051
20,218,251067,36.806156,42,1036
20,218,251110,27.620029,43,1001
20,218,251152,36.625172,42,1048
20,218,251195,35.47348,43,1053
20,218,251233,32.018134,38,1039
20,218,251276,30.122148,43,1043
20,218,251314,31.957583,38,1014
20,218,251349,30.159265,35,1033
20,218,251379,23.619006,30,1044
20,218,251417,30.953897,38,1047
20,218,251461,33.307965,44,1001
20,218,251503,40.98628,42,1048
20,218,251542,45.041845,39,1056
20,218,251580,47.404011,38,1022
20,218,251621,30.427338,41,1011
20,218,251667,27.085461,46,1004
20,218,251703,27.119678,36,1028
20,218,251747,37.240757,44,1059
20,218,251784,21.723084,37,1012
20,218,251815,23.925228,31,1060
20,218,251858,32.098832,43,1024
20,218,251898,38.606303,40,1020
20,218,251934,31.977248,36,1022
20,218,251970,36.976179,36,1054
20,218,252009,32.191822,39,1013
20,218,252050,38.255188,41,1001
20,218,252089,33.363537,39,1042
20,218,252127,35.422391,38,1033
20,218,252158,26.211763,31,1044
20,218,252198,39.599062,40,1023
20,218,252232,28.669115,34,1030
20,218,252266,40.193891,34,1028
20,218,252306,41.618746,40,1028
20,218,252348,37.750575,42,1056
20,218,252381,35.52775,33,1034
20,218,252419,35.603826,38,1048
20,218,252458,28.067276,39,1052
20,218,252506,36.376549,48,1016
20,218,252543,29.339572,37,1039
20,218,252579,24.061056,36,1027
20,218,252618,28.348886,39,1053
20,218,252656,31.630557,38,1016
20,218,252689,38.837502,33,1026
20,218,252722,26.830984,33,1026
20,218,252764,36.63205,42,1049
20,218,252801,31.879691,37,1005
20,218,252846,31.178094,45,1018
20,218,252888,42.290557,42,1006
20,218,252929,27.619165,41,1034
20,218,252967,33.042275,38,1020
20,218,253002,40.606799,35,1039
20,218,253041,30.805927,39,1023
20,218,253077,19.953093,36,1034
20,218,253113,30.710106,36,1029
20,218,253152,32.170114,39,1027
20,218,253196,40.145761,44,1004
20,218,253235,33.331768,39,1047
20,218,253275,33.657094,40,1002
20,218,253310,33.838212,35,1034
20,218,253351,34.305202,41,1050
20,218,253393,41.256736,42,1028
20,218,253427,28.275725,34,1040
20,218,253462,38.127183,35,1028
20,218,253498,29.502601,36,1034
20,218,253536,20.773936,38,1030
20,218,253575,35.351004,39,1052
20,218,253612,31.522208,37,1045
20,218,253646,33.494222,34,1002
20,218,253679,29.886063,33,1010
20,218,253718,27.277599,39,1026
20,218,253760,23.225639,42,1021
20,218,253800,36.992876,40,1038
20,218,253846,25.314572,46,1007
20,218,253888,32.117759,42,1021
20,218,253921,22.676173,33,1060
20,218,253963,34.766771,42,1056
20,218,254005,40.826792,42,1049
20,218,254038,32.977812,33,1058
20,218,254078,34.654385,40,1020
20,218,254117,40.370725,39,1025
20,218,254158,29.671676,41,1049
20,218,254204,42.426871,46,1032
20,218,254246,38.146137,42,1032
20,218,254284,28.416361,38,1023
20,218,254322,34.437566,38,1046
20,218,254365,35.767617,43,1032
20,218,254410,43.667124,45,1004
20,218,254444,29.965539,34,1035
20,218,254485,38.414548,41,1028
20,218,254524,30.878096,39,1038
20,218,254558,35.323415,34,1052
20,218,254593,42.971056,35,1006
20,218,254631,35.912959,38,1001
20,218,254675,38.714626,44,1058
20,218,254713,27.335113,38,1011
20,218,254757,42.931816,44,1009
20,218,254796,35.887892,39,1048
20,218,254836,35.424515,40,1009
20,218,254871,27.412414,35,1052
20,218,254916,37.891952,45,1007
20,218,254952,30.669847,36,1022
20,218,254989,31.622858,37,1039
20,218,255027,31.286991,38,1003
20,218,255068,42.618268,41,1032
20,218,255107,33.507588,39,1040
20,218,255145,23.817996,38,1003
20,218,255190,35.968943,45,1021
20,218,255224,30.216901,34,1040
20,218,255267,35.339168,43,1018
20,218,255308,35.140589,41,1020
20,218,255345,31.39664,37,1051
20,218,255382,39.902654,37,1023
20,218,255420,39.328874,38,1020
20,218,255450,22.108362,30,1054
20,218,255485,33.845943,35,1011
20,218,255521,28.780667,36,1053
20,218,255561,33.241166,40,1049
20,218,255602,33.76424,41,1044
20,218,255642,26.189773,40,1034
20,218,255678,25.952733,36,1014
20,218,255715,16.693745,37,1060
20,218,255757,25.66541,42,1015
20,218,255800,34.149589,43,1018
20,218,255842,17.351587,42,1051
20,218,255880,41.679329,38,1046
20,218,255918,27.51359,38,1026
20,218,255960,40.803588,42,1031
20,218,255999,31.829358,39,1011
20,218,256019,38.712021,20,1041
20,218,256056,25.001872,37,1060
20,218,256091,25.520345,35,1022
20,218,256126,34.483892,35,1014
20,218,256167,30.853627,41,1033
20,218,256210,27.184107,43,1007
20,218,256255,29.134406,45,1057
20,218,256304,54.212438,49,1004
20,218,256348,25.117144,44,1039
20,218,256388,35.160262,40,1011
20,218,256422,32.138215,34,1039
20,218,256462,29.666342,40,1047
20,218,256496,33.497193,34,1043
20,218,256528,28.203188,32,1010
20,218,256566,25.076775,38,1060
20,218,256606,31.150403,40,1031
20,218,256643,35.316597,37,1005
20,218,256680,31.87699,37,1040
20,218,256726,37.436474,46,1046
20,218,256771,30.95672,45,1059
20,218,256812,30.97161,41,1042
20,218,256849,41.976419,37,1024
20,218,256883,30.201004,34,1039
20,218,256920,26.665189,37,1026
20,218,256957,41.610788,37,1025
20,218,256995,36.064149,38,1017
20,218,257036,38.177154,41,1054
20,218,257070,19.488211,34,1040
20,218,257107,28.031078,37,1012
20,218,257146,28.421865,39,1023
20,218,257188,36.933936,42,1026
20,218,257225,26.266135,37,1040
20,218,257261,34.585344,36,1038
20,218,257295,25.277316,34,1060
20,218,257327,32.618509,32,1012
20,218,257373,35.080833,46,1029
20,218,257414,38.095613,41,1041
20,218,257448,24.764374,34,1003
20,218,257486,27.429656,38,1051
20,218,257525,31.441717,39,1046
20,218,257560,25.48535,35,1019
20,218,257595,33.349055,35,1053
20,218,257625,32.343228,30,1035
20,218,257670,31.242864,45,1036
20,218,257702,27.988154,32,1030
20,218,257746,34.815991,44,1036
20,218,257785,23.76128,39,1052
20,218,257824,30.05364,39,1023
20,218,257859,25.384555,35,1036
20,218,257895,24.961767,36,1003
20,218,257932,28.331187,37,1055
20,218,257966,25.715776,34,1060
20,218,258008,22.302736,42,1040
20,218,258041,21.598638,33,1057
20,218,258081,25.617666,40,1008
20,218,258120,36.668884,39,1048
20,218,258155,36.995239,35,1030
20,218,258195,28.366453,40,1057
20,218,258232,30.897752,37,1047
20,218,258270,25.399949,38,1040
20,218,258303,27.276749,33,1054
20,218,258344,31.826754,41,1036
20,218,258381,32.621645,37,1042
20,218,258416,29.739852,35,1048
20,218,258460,27.014287,44,1016
20,218,258499,38.518758,39,1005
20,218,258530,35.718815,31,1046
20,218,258562,44.224945,32,1053
20,218,258612,36.743632,50,1049
20,218,258652,30.440398,40,1045
20,218,258688,35.594641,36,1045
20,218,258725,27.731561,37,1010
20,218,258762,40.305226,37,1011
20,218,258794,34.228862,32,1051
20,218,258831,38.722185,37,1004
20,218,258865,31.933369,34,1027
20,218,258900,28.837085,35,1030
20,218,258938,30.144276,38,1021
20,218,258971,38.692812,33,1043
20,218,259008,31.703083,37,1051
20,218,259049,39.610515,41,1004
20,218,259090,26.322087,41,1001
20,218,259127,31.465699,37,1038
20,218,259165,32.067682,38,1023
20,218,259210,34.000113,45,1029
20,218,259244,26.714773,34,1013
20,218,259276,27.929422,32,1019
20,218,259317,35.969534,41,1007
20,218,259354,27.112501,37,1057
20,218,259385,22.47937,31,1060
20,218,259430,30.872688,45,1027
20,218,259471,37.558082,41,1029
20,218,259511,34.207393,40,1040
20,218,259548,20.967845,37,1012
20,218,259584,39.063918,36,1028
20,218,259621,36.52767,37,1045
20,218,259661,29.524664,40,1027
20,218,259698,24.810712,37,1039
20,218,259734,32.146179,36,1027
20,218,259770,22.488895,36,1030
20,218,259804,28.858605,34,1014
20,218,259845,35.221332,41,1052
20,218,259885,30.023598,40,1058
20,218,259923,37.538319,38,1055
20,218,259962,30.040247,39,1027
20,218,259995,30.167134,33,1030
20,218,260037,39.519324,42,1025
20,218,260080,26.842237,43,1014
20,218,260113,37.177308,33,1022
20,218,260148,33.029104,35,1001
20,218,260187,34.326214,39,1020
20,218,260224,28.432298,37,1013
20,218,260253,29.984965,29,1017
20,218,260294,33.605018,41,1001
20,218,260331,42.349102,37,1005
20,218,260368,25.459631,37,1057
20,218,260409,22.811201,41,1005
20,218,260444,32.238925,35,1006
20,218,260478,29.424452,34,1017
20,218,260510,35.109636,32,1002
20,218,260551,44.17643,41,1006
20,218,260585,34.429472,34,1033
20,218,260626,32.053906,41,1014
20,218,260661,39.2377,35,1038
20,218,260700,28.81517,39,1041
20,218,260740,38.742913,40,1005
20,218,260784,31.5915,44,1026
20,218,260820,27.414661,36,1038
20,218,260857,25.828901,37,1053
20,218,260892,38.862402,35,1054
20,218,260927,26.880506,35,1010
20,218,260967,30.893292,40,1052
20,218,261009,37.3425,42,1018
20,218,261049,40.598927,40,1054
20,218,261085,34.281812,36,1040
20,218,261120,25.540353,35,1030
20,218,261159,31.89669,39,1021
20,218,261195,39.05511,36,1055
20,218,261233,35.586185,38,1031
20,218,261274,33.598272,41,1031
20,218,261306,31.14133,32,1013
20,218,261342,32.697486,36,1040
20,218,261387,34.857531,45,1028
20,218,261425,40.893518,38,1033
20,218,261454,26.782382,29,1003
20,218,261488,25.387749,34,1052
20,218,261527,33.069205,39,1018
20,218,261577,38.788218,50,1004
20,218,261616,33.2825,39,1006
20,218,261651,33.1888,35,1005
20,218,261689,31.605897,38,1031
20,218,261722,21.004103,33,1054
20,218,261763,35.447771,41,1005
20,218,261803,39.970787,40,1058
20,218,261838,30.86031,35,1027
20,218,261874,37.349559,36,1005
20,218,261918,33.913201,44,1033
20,218,261955,30.279363,37,1037
20,218,261994,32.63722,39,1028
20,218,262036,42.867481,42,1032
20,218,262065,23.321921,29,1044
20,218,262100,30.567874,35,1008
20,218,262142,35.88439,42,1043
20,218,262172,24.54663,30,1017
20,218,262208,25.718066,36,1034
20,218,262239,27.83011,31,1048
20,218,262274,31.290508,35,1022
20,218,262310,31.432295,36,1017
20,218,262347,18.31628,37,1035
20,218,262387,40.651298,40,1020
20,218,262425,29.060159,38,1032
20,218,262464,41.625404,39,1053
20,218,262500,27.045436,36,1051
20,218,262548,37.444422,48,1036
20,218,262590,36.978909,42,1007
20,218,262630,37.638913,40,1058
20,218,262667,43.384241,37,1024
20,218,262706,35.689044,39,1016
20,218,262743,37.077672,37,1006
20,218,262776,27.410493,33,1003
20,218,262816,27.018995,40,1039
20,218,262856,38.770618,40,1018
20,218,262892,26.46786,36,1030
20,218,262936,27.319756,44,1048
20,218,262968,30.653044,32,1047
20,218,263004,24.895806,36,1013
20,218,263041,30.490709,37,1036
20,218,263083,25.18406,42,1021
20,218,263123,43.035429,40,1042
20,218,263155,25.075531,32,1053
20,218,263193,28.77995,38,1033
20,218,263236,34.49575,43,1059
20,218,263274,24.410755,38,1003
20,218,263307,34.671127,33,1035
20,218,263344,41.092802,37,1031
20,218,263387,35.026754,43,1007
20,218,263431,44.614179,44,1004
20,218,263471,41.06899,40,1049
20,218,263505,39.785317,34,1046
20,218,263541,28.107749,36,1012
20,218,263571,36.535797,30,1029
20,218,263606,22.721466,35,1012
20,218,263644,37.278611,38,1005
20,218,263686,41.340253,42,1032
20,218,263716,21.717288,30,1053
20,218,263756,25.343679,40,1010
20,218,263790,32.829689,34,1017
20,218,263829,34.244066,39,1042
20,218,263868,28.90218,39,1029
20,218,263900,27.92074,32,1008
20,218,263931,33.756673,31,1036
20,218,263964,33.081494,33,1034
20,218,264003,41.042544,39,1004
20,218,264044,38.148162,41,1056
20,218,264077,32.472052,33,1008
20,218,264114,38.31925,37,1024
20,218,264137,21.493607,23,1030
20,218,264179,35.265224,42,1028
20,218,264214,27.329658,35,1008
20,218,264251,31.287032,37,1046
20,218,264291,37.872578,40,1040
20,218,264326,32.600665,35,1033
20,218,264363,27.642603,37,1038
20,218,264397,34.584946,34,1037
20,218,264439,26.178468,42,1019
20,218,264478,31.602911,39,1035
20,218,264520,31.909588,42,1044
20,218,264557,29.994892,37,1019
20,218,264594,37.646314,37,1010
20,218,264633,25.24434,39,1046
20,218,264679,32.111212,46,1032
20,218,264724,31.261801,45,1016
20,218,264757,30.075434,33,1035
20,218,264801,40.621305,44,1006
20,218,264844,33.027422,43,1039
20,218,264881,34.786948,37,1026
20,218,264921,41.418027,40,1059
20,218,264956,30.457711,35,1033
20,218,264996,41.062786,40,1006
20,218,265034,26.011071,38,1040
20,218,265071,38.055934,37,1050
20,218,265106,34.410576,35,1054
20,218,265140,22.37141,34,1060
20,218,265179,33.634764,39,1045
20,218,265215,22.130817,36,1013
20,218,265249,39.601423,34,1058
20,218,265281,27.664899,32,1052
20,218,265317,30.846438,36,1027
20,218,265358,34.163166,41,1027
20,218,265406,36.812855,48,1032
20,218,265444,30.069665,38,1058
20,218,265481,21.763049,37,1051
20,218,265514,32.036428,33,1008
20,218,265547,35.493819,33,1029
20,218,265585,35.203662,38,1014
20,218,265621,29.474962,36,1036
20,218,265655,23.690065,34,1040
20,218,265702,32.901282,47,1048
20,218,265729,18.959964,27,1060
20,218,265766,23.117634,37,1008
20,218,265805,36.845685,39,1043
20,218,265853,38.97111,48,1028
20,218,265889,32.561477,36,1021
20,218,265927,33.776122,38,1036
20,218,265955,33.015769,28,1012
20,218,265998,40.063786,43,1006
20,218,266033,26.827382,35,1010
20,218,266068,36.211937,35,1039
20,218,266105,27.993446,37,1058
20,218,266144,32.101597,39,1016
20,218,266180,25.56694,36,1019
20,218,266217,36.435168,37,1018
20,218,266262,39.950804,45,1007
20,218,266313,40.640469,51,1059
20,218,266356,29.425825,43,1036
20,218,266393,33.262097,37,1003
20,218,266428,32.904955,35,1041
20,218,266463,33.812297,35,1042
20,218,266509,28.444698,46,1016
20,218,266549,35.994566,40,1002
20,218,266583,35.150138,34,1009
20,218,266615,16.486141,32,1034
20,218,266656,41.083179,41,1031
20,218,266695,46.895181,39,1006
20,218,266736,36.231243,41,1020
20,218,266776,42.606546,40,1028
20,218,266819,35.485241,43,1006
20,218,266861,38.814891,42,1050
20,218,266902,36.256707,41,1056
20,218,266939,32.704663,37,1051
20,218,266982,33.246639,43,1032
20,218,267017,29.961135,35,1033
20,218,267050,24.991041,33,1008
20,218,267087,34.435157,37,1036
20,218,267124,19.384637,37,1037
20,218,267166,40.352039,42,1041
20,218,267201,26.980696,35,1012
20,218,267240,29.688157,39,1041
20,218,267279,32.455798,39,1011
20,218,267313,34.476895,34,1007
20,218,267346,44.958159,33,1054
20,218,267380,25.655058,34,1037
20,218,267424,37.643238,44,1059
20,218,267469,34.106499,45,1009
20,218,267507,30.801889,38,1001
20,218,267546,32.565778,39,1025
20,218,267581,29.886821,35,1046
20,218,267622,27.225169,41,1057
20,218,267661,25.96476,39,1026
20,218,267694,41.473749,33,1024
20,218,267733,34.187912,39,1056
20,218,267773,43.963617,40,1028
20,218,267813,25.53205,40,1021
20,218,267851,37.234616,38,1055
20,218,267882,33.090696,31,1030
20,218,267917,30.689431,35,1047
20,218,267951,35.144777,34,1053
20,218,267991,29.003016,40,1060
20,218,268031,44.483875,40,1059
20,218,268072,41.627821,41,1046
20,218,268106,31.728464,34,1058
20,218,268142,37.898107,36,1025
20,218,268179,41.903495,37,1054
20,218,268215,35.726146,36,1050
20,218,268253,37.672937,38,1036
20,218,268297,35.591467,44,1039
20,218,268340,39.634632,43,1059
20,218,268378,24.83931,38,1010
20,218,268416,23.764512,38,1054
20,218,268457,43.690332,41,1024
20,218,268493,31.805879,36,1017
20,218,268533,35.616567,40,1041
20,218,268573,20.472077,40,1045
20,218,268609,25.4163,36,1023
20,218,268643,41.546851,34,1024
20,218,268686,34.390155,43,1032
20,218,268717,22.573001,31,1008
20,218,268754,20.489834,37,1060
20,218,268794,37.757718,40,1020
20,218,268832,30.68042,38,1017
20,218,268874,30.37511,42,1005
20,218,268910,36.372507,36,1050
20,218,268943,37.717553,33,1058
20,218,268985,32.242335,42,1036
20,218,269023,30.763883,38,1002
20,218,269058,32.176717,35,1040
20,218,269096,29.523832,38,1015
20,218,269131,36.010843,35,1007
20,218,269171,32.329135,40,1002
20,218,269216,42.025534,45,1005
20,218,269255,25.237694,39,1033
20,218,269291,32.240533,36,1018
20,218,269331,29.592152,40,1017
20,218,269372,32.456329,41,1049
20,218,269417,37.846456,45,1018
20,218,269455,26.959189,38,1053
20,218,269488,28.822466,33,1012
20,218,269526,23.998658,38,1015
20,218,269568,30.516515,42,1036
20,218,269608,33.221729,40,1005
20,218,269645,33.27678,37,1011
20,218,269684,34.109348,39,1010
20,218,269729,43.001595,45,1032
20,218,269765,26.997464,36,1036
20,218,269794,29.29065,29,1044
20,218,269831,40.75481,37,1009
20,218,269870,28.053378,39,1060
20,218,269904,30.541901,34,1015
20,218,269943,39.183061,39,1034
20,218,269981,34.68638,38,1043
20,218,270016,35.012951,35,1022
20,218,270054,30.91724,38,1026
20,218,270084,22.679198,30,1044
20,218,270124,19.025106,40,1060
20,218,270165,26.034019,41,1034
20,218,270199,35.356987,34,1007
20,218,270236,31.43513,37,1020
20,218,270270,36.030451,34,1015
20,218,270309,32.043377,39,1036
20,218,270346,26.331131,37,1008
20,218,270384,31.098064,38,1055
20,218,270420,24.401889,36,1022
20,218,270458,37.023179,38,1032
20,218,270496,33.170825,38,1055
20,218,270530,23.266216,34,1043
20,218,270565,31.998661,35,1047
20,218,270601,27.307578,36,1035
20,218,270641,38.536942,40,1024
20,218,270679,33.323591,38,1033
20,218,270716,21.440856,37,1051
20,218,270754,36.472449,38,1050
20,218,270798,35.864946,44,1031
20,218,270839,32.528206,41,1028
20,218,270879,37.8226,40,1059
20,218,270924,40.983372,45,1020
20,218,270956,35.17939,32,1046
20,218,270990,31.212884,34,1034
20,218,271026,35.183481,36,1045
20,218,271053,26.159421,27,1014
20,218,271096,34.93897,43,1011
20,218,271128,29.855717,32,1036
20,218,271165,23.975511,37,1017
20,218,271203,30.756549,38,1037
20,218,271238,34.960704,35,1020
20,218,271275,38.141906,37,1053
20,218,271310,24.483286,35,1021
20,218,271349,35.759287,39,1046
20,218,271391,39.678368,42,1045
20,218,271423,21.691467,32,1003
20,218,271459,34.17733,36,1012
20,218,271493,29.094682,34,1041
20,218,271528,32.726677,35,1037
20,218,271564,30.487599,36,1037
20,218,271604,33.1398,40,1049
20,218,271643,26.577747,39,1001
20,218,271681,32.978284,38,1057
20,218,271719,31.927686,38,1057
20,218,271757,29.479716,38,1037
20,218,271798,32.067297,41,1050
20,218,271830,27.259297,32,1060
20,218,271865,33.19702,35,1012
20,218,271900,21.800063,35,1010
20,218,271936,39.982223,36,1018
20,218,271971,38.201864,35,1002
20,218,272010,35.614458,39,1055
20,218,272048,19.260345,38,1017
20,218,272086,37.582413,38,1002
20,218,272121,36.707997,35,1018
20,218,272162,28.473469,41,1014
20,218,272195,26.283604,33,1017
20,218,272229,27.740878,34,1003
20,218,272265,23.75322,36,1044
20,218,272302,43.98071,37,1039
20,218,272341,34.817324,39,1009
20,218,272378,42.083451,37,1020
20,218,272412,26.599027,34,1036
20,218,272455,27.746603,43,1035
20,218,272496,30.578419,41,1017
20,218,272536,27.690509,40,1033
20,218,272574,34.718597,38,1009
20,218,272614,37.607173,40,1011
20,218,272650,27.76535,36,1027
20,218,272692,18.751163,42,1060
20,218,272732,37.778558,40,1036
20,218,272773,33.037904,41,1029
20,218,272810,32.702568,37,1047
20,218,272841,26.360609,31,1044
20,218,272880,35.66723,39,1027
20,218,272920,31.425698,40,1048
20,218,272963,28.753593,43,1057
20,218,273002,34.928257,39,1011
20,218,273037,23.554491,35,1051
20,218,273077,45.936492,40,1004
20,218,273117,38.192969,40,1016
20,218,273155,41.915909,38,1009
20,218,273193,32.726619,38,1036
20,218,273222,37.419743,29,1022
20,218,273263,37.347186,41,1011
20,218,273303,27.393785,40,1008
20,218,273342,33.461388,39,1025
20,218,273377,24.059379,35,1041
20,218,273417,32.130098,40,1037
20,218,273462,45.715717,45,1004
20,218,273498,40.139519,36,1056
20,218,273538,35.415178,40,1035
20,218,273574,31.299116,36,1031
20,218,273608,26.494337,34,1022
20,218,273647,39.644249,39,1048
20,218,273686,39.593292,39,1007
20,218,273718,28.353861,32,1027
20,218,273757,37.240692,39,1027
20,218,273800,26.277808,43,1039
20,218,273836,33.191299,36,1050
20,218,273874,38.436269,38,1027
20,218,273905,27.479475,31,1051
20,218,273948,29.699043,43,1029
20,218,273995,39.018157,47,1056
20,218,274033,25.131377,38,1036
20,218,274076,27.127447,43,1019
20,218,274112,27.949222,36,1047
20,218,274157,37.849437,45,1059
20,218,274188,25.171866,31,1033
20,218,274224,39.711687,36,1033
20,218,274270,33.452685,46,1001
20,218,274309,38.732399,39,1053
20,218,274345,35.135978,36,1011
20,218,274382,38.736811,37,1033
20,218,274419,37.097497,37,1023
20,218,274456,33.816693,37,1041
20,218,274496,38.999639,40,1020
20,218,274535,47.806751,39,1009
20,218,274572,26.889084,37,1051
20,218,274609,33.505942,37,1001
20,218,274651,33.503397,42,1016
20,218,274686,20.841446,35,1033
20,218,274725,37.647851,39,1034
20,218,274762,33.126064,37,1010
20,218,274798,26.710314,36,1053
20,218,274833,39.901315,35,1058
20,218,274877,40.373004,44,1004
20,218,274912,32.889094,35,1043
20,218,274948,42.577705,36,1026
20,218,274988,37.584813,40,1033
20,218,275026,29.220965,38,1057
20,218,275062,47.617601,36,1028
20,218,275104,29.434985,42,1014
20,218,275141,33.01934,37,1007
20,218,275177,16.512546,36,1030
20,218,275213,31.252636,36,1023
20,218,275254,31.048849,41,1001
20,218,275296,31.233211,42,1043
20,218,275329,38.11618,33,1055
20,218,275374,34.214978,45,1016
20,218,275407,23.672064,33,1030
20,218,275440,27.656723,33,1003
20,218,275473,39.253633,33,1023
20,218,275515,21.422077,42,1047
20,218,275550,34.142511,35,1051
20,218,275591,41.364556,41,1059
20,218,275623,26.815195,32,1022
20,218,275656,25.652381,33,1046
20,218,275694,47.690666,38,1006
20,218,275731,30.331735,37,1012
20,218,275764,27.030499,33,1003
20,218,275800,25.67396,36,1053
20,218,275835,36.385256,35,1028
20,218,275878,35.058856,43,1025
20,218,275920,40.550245,42,1029
20,218,275952,32.121319,32,1052
20,218,275993,21.648604,41,1040
20,218,276030,18.89814,37,1052
20,218,276067,33.920407,37,1031
20,218,276102,31.777903,35,1050
20,218,276140,31.898298,38,1008
20,218,276172,20.645836,32,1003
20,218,276211,28.048898,39,1035
20,218,276251,25.133271,40,1004
20,218,276298,32.950605,47,1049
20,218,276341,37.21176,43,1011
20,218,276379,30.295716,38,1047
20,218,276410,37.029075,31,1059
20,218,276452,40.190629,42,1006
20,218,276488,29.964187,36,1051
20,218,276526,34.704444,38,1002
20,218,276564,36.018981,38,1048
20,218,276605,26.835682,41,1048
20,218,276640,25.82604,35,1044
20,218,276678,25.602587,38,1047
20,218,276716,28.190401,38,1036
20,218,276755,36.168774,39,1037
20,218,276793,37.216664,38,1031
20,218,276830,32.852476,37,1022
20,218,276867,20.679953,37,1051
20,218,276910,31.759188,43,1057
20,218,276952,26.485201,42,1019
20,218,276997,35.266204,45,1036
20,218,277041,25.119994,44,1038
20,218,277078,30.293768,37,1031
20,218,277115,24.807456,37,1057
20,218,277161,38.17015,46,1020
20,218,277199,26.763835,38,1013
20,218,277239,31.487747,40,1049
20,218,277270,26.465526,31,1044
20,218,277311,39.3377,41,1059
20,218,277355,36.023593,44,1049
20,218,277400,39.686797,45,1028
20,218,277436,21.02003,36,1054
20,218,277475,34.872925,39,1036
20,218,277509,24.988316,34,1044
20,218,277546,38.443413,37,1056
20,218,277579,35.721836,33,1054
20,218,277616,32.644682,37,1027
20,218,277649,24.081122,33,1022
20,218,277685,25.527991,36,1003
20,218,277718,28.174759,33,1054
20,218,277756,38.888679,38,1005
20,218,277795,30.119884,39,1053
20,218,277837,43.003706,42,1056
20,218,277875,27.457413,38,1002
20,218,277912,30.899214,37,1001
20,218,277950,29.277227,38,1039
20,218,277988,27.738087,38,1014
20,218,278028,38.727007,40,1007
20,218,278069,34.471192,41,1037
20,218,278103,27.429196,34,1038
20,218,278139,28.831034,36,1003
20,218,278178,34.246433,39,1045
20,218,278213,32.77537,35,1051
20,218,278247,33.284932,34,1038
20,218,278281,34.84101,34,1011
20,218,278321,36.618434,40,1033
20,218,278353,29.692627,32,1057
20,218,278389,31.827161,36,1043
20,218,278430,40.860487,41,1005
20,218,278467,32.68711,37,1001
20,218,278504,31.569138,37,1011
20,218,278551,27.74347,47,1016
20,218,278586,40.377843,35,1050
20,218,278626,35.885474,40,1056
20,218,278658,34.356053,32,1026
20,218,278704,42.457351,46,1032
20,218,278741,29.376385,37,1008
20,218,278780,35.493346,39,1034
20,218,278815,21.605359,35,1030
20,218,278854,29.582475,39,1012
20,218,278891,28.879923,37,1014
20,218,278925,45.836049,34,1025
20,218,278963,38.160985,38,1058
20,218,278996,32.382091,33,1052
20,218,279033,42.699288,37,1033
20,218,279068,25.070656,35,1008
20,218,279107,37.269932,39,1048
20,218,279146,33.782204,39,1002
20,218,279184,31.10617,38,1048
20,218,279221,34.816354,37,1005
20,218,279256,27.248218,35,1012
20,218,279297,38.219333,41,1009
20,218,279340,35.954673,43,1018
20,218,279378,27.452981,38,1038
20,218,279412,27.48751,34,1034
20,218,279448,33.762591,36,1047
20,218,279484,32.708391,36,1044
20,218,279528,32.589165,44,1037
20,218,279567,41.922367,39,1025
20,218,279600,31.177166,33,1039
20,218,279646,38.51674,46,1031
20,218,279678,28.621567,32,1003
20,218,279720,38.629611,42,1050
20,218,279756,35.297454,36,1035
20,218,279793,29.207361,37,1039
20,218,279826,24.846912,33,1003
20,218,279867,21.811857,41,1014
20,218,279902,31.858536,35,1015
20,218,279941,40.086324,39,1048
20,218,279984,39.451909,43,1025
20,218,280019,36.363133,35,1043
20,218,280059,35.587637,40,1001
20,218,280099,33.011566,40,1048
20,218,280134,26.558805,35,1041
20,218,280170,39.108113,36,1043
20,218,280209,37.973731,39,1040
20,218,280244,34.658938,35,1035
20,218,280291,29.746354,47,1020
20,218,280325,32.580606,34,1043
20,218,280362,37.66864,37,1042
20,218,280402,20.135335,40,1051
20,218,280441,30.593531,39,1040
20,218,280482,29.979453,41,1047
20,218,280516,34.305557,34,1054
20,218,280555,30.398618,39,1005
20,218,280603,37.332718,48,1028
20,218,280641,33.269775,38,1001
20,218,280680,32.683205,39,1023
20,218,280713,31.56445,33,1022
20,218,280748,28.593572,35,1021
20,218,280778,24.088655,30,1052
20,218,280821,36.010272,43,1055
20,218,280863,34.501054,42,1020
20,218,280900,35.891377,37,1035
20,218,280935,32.392599,35,1053
20,218,280967,26.18937,32,1036
20,218,281003,39.683446,36,1055
20,218,281042,43.620822,39,1056
20,218,281076,30.302143,34,1027
20,218,281108,41.676686,32,1054
20,218,281146,30.068456,38,1018
20,218,281184,36.613402,38,1029
20,218,281220,31.72631,36,1054
20,218,281260,43.475982,40,1001
20,218,281295,35.92004,35,1036
20,218,281334,31.928882,39,1013
20,218,281372,28.358421,38,1051
20,218,281409,31.931674,37,1005
20,218,281446,39.469718,37,1036
20,218,281476,35.238799,30,1002
20,218,281513,36.169649,37,1050
20,218,281554,36.577902,41,1049
20,218,281590,28.153717,36,1019
20,218,281624,29.764985,34,1051
20,218,281658,35.256073,34,1017
20,218,281698,29.410345,40,1045
20,218,281732,29.506979,34,1013
20,218,281770,43.452449,38,1025
20,218,281805,33.182012,35,1012
20,218,281853,31.246687,48,1004
20,218,281888,40.695624,35,1005
20,218,281927,37.275817,39,1015
20,218,281962,40.342797,35,1006
20,218,282008,35.608581,46,1049
20,218,282045,26.537751,37,1040
20,218,282083,38.438925,38,1005
20,218,282122,34.483897,39,1040
20,218,282152,34.511332,30,1016
20,218,282186,41.050661,34,1042
20,218,282220,31.963434,34,1013
20,218,282264,28.291797,44,1059
20,218,282303,26.503276,39,1047
20,218,282339,24.540397,36,1030
20,218,282373,34.929936,34,1046
20,218,282408,31.500703,35,1015
20,218,282448,32.196917,40,1005
20,218,282496,45.824224,48,1032
20,218,282532,34.383655,36,1029
20,218,282576,43.997499,44,1032
20,218,282620,29.550128,44,1007
20,218,282656,31.412665,36,1002
20,218,282691,35.785147,35,1001
20,218,282730,34.263403,39,1007
20,218,282772,36.553083,42,1042
20,218,282812,29.821259,40,1002
20,218,282848,42.749934,36,1027
20,218,282884,28.204689,36,1058
20,218,282919,29.733732,35,1034
20,218,282955,39.841266,36,1028
20,218,282997,32.628551,42,1016
20,218,283035,30.644204,38,1001
20,218,283073,31.547534,38,1047
20,218,283112,41.252352,39,1006
20,218,283150,27.87716,38,1052
20,218,283192,36.352916,42,1059
20,218,283229,25.191942,37,1060
20,218,283271,39.122556,42,1049
20,218,283304,19.075583,33,1014
20,218,283346,32.593662,42,1038
20,218,283386,31.324031,40,1021
20,218,283420,19.105083,34,1003
20,218,283456,35.789628,36,1002
20,218,283493,25.576862,37,1019
20,218,283531,31.801614,38,1012
20,218,283570,16.929435,39,1053
20,218,283606,30.403497,36,1052
20,218,283645,33.424811,39,1033
20,218,283679,24.959233,34,1053
20,218,283716,42.583166,37,1028
20,218,283757,44.565309,41,1056
20,218,283796,43.226534,39,1025
20,218,283831,40.567659,35,1058
20,218,283867,33.017867,36,1043
20,218,283901,34.793181,34,1043
20,218,283939,28.78798,38,1015
20,218,283976,30.684992,37,1030
20,218,284016,27.346812,40,1053
20,218,284058,32.545414,42,1018
20,218,284103,38.017775,45,1007
20,218,284146,37.208659,43,1056
20,218,284181,25.715548,35,1030
20,218,284217,28.690448,36,1017
20,218,284250,21.189822,33,1022
20,218,284289,23.616254,39,1021
20,218,284324,31.918683,35,1048
20,218,284363,36.352773,39,1018
20,218,284399,33.745398,36,1022
20,218,284436,28.551123,37,1002
20,218,284477,34.504748,41,1038
20,218,284518,39.456203,41,1009
20,218,284555,35.442255,37,1048
20,218,284592,37.27165,37,1002
20,218,284624,39.472105,32,1053
20,218,284658,30.946826,34,1047
20,218,284697,35.939964,39,1002
20,218,284734,37.277589,37,1042
20,218,284769,45.11253,35,1009
20,218,284802,47.881467,33,1025
20,218,284842,29.799119,40,1048
20,218,284881,32.76082,39,1015
20,218,284920,30.356871,39,1019
20,218,284954,27.164581,34,1012
20,218,284989,41.098031,35,1025
20,218,285031,23.881534,42,1036
20,218,285071,29.413024,40,1057
20,218,285103,36.429695,32,1043
20,218,285145,41.035647,42,1024
20,218,285180,37.572915,35,1028
20,218,285216,34.610926,36,1014
20,218,285254,34.562425,38,1005
20,218,285289,38.753569,35,1046
20,218,285325,31.403639,36,1055
20,218,285371,34.254561,46,1016
20,218,285414,34.891292,43,1028
20,218,285457,37.816189,43,1050
20,218,285495,36.435264,38,1001
20,218,285539,37.299805,44,1036
20,218,285577,26.781002,38,1034
20,218,285614,23.292129,37,1041
20,218,285655,38.272318,41,1050
20,218,285694,41.603013,39,1026
20,218,285734,33.612829,40,1048
20,218,285775,41.70945,41,1024
20,218,285807,44.252723,32,1046
20,218,285843,35.195317,36,1053
20,218,285885,28.923109,42,1027
20,218,285922,35.995918,37,1016
20,218,285959,33.220993,37,1011
20,218,285992,18.868926,33,1060
20,218,286029,31.577781,37,1012
20,218,286070,31.982225,41,1001
20,218,286112,34.901666,42,1049
20,218,286149,40.546623,37,1009
20,218,286185,28.127785,36,1054
20,218,286223,38.016229,38,1014
20,218,286264,32.265259,41,1052
20,218,286302,37.054928,38,1025
20,218,286341,25.265614,39,1012
20,218,286377,37.382398,36,1050
20,218,286410,24.781555,33,1044
20,218,286449,31.771373,39,1006
20,218,286487,26.062909,38,1013
20,218,286525,33.931285,38,1048
20,218,286561,27.511138,36,1022
20,218,286602,25.04634,41,1011
20,218,286647,41.675504,45,1006
20,218,286685,33.657044,38,1019
20,218,286721,37.133933,36,1006
20,218,286760,38.320511,39,1018
20,218,286800,44.75679,40,1028
20,218,286835,31.12638,35,1022
20,218,286870,26.885154,35,1051
20,218,286908,29.179945,38,1010
20,218,286946,36.423386,38,1029
20,218,286985,37.236495,39,1050
20,218,287025,21.354752,40,1040
20,218,287067,34.949089,42,1005
20,218,287103,31.376311,36,1044
20,218,287147,33.454919,44,1002
20,218,287188,27.925227,41,1011
20,218,287223,37.348202,35,1024
20,218,287259,32.831425,36,1007
20,218,287300,38.144233,41,1048
20,218,287339,37.869214,39,1018
20,218,287375,43.899133,36,1033
20,218,287415,28.500693,40,1037
20,218,287450,25.793928,35,1044
20,218,287485,39.394501,35,1011
20,218,287514,22.879643,29,1017
20,218,287552,43.014562,38,1009
20,218,287586,31.755604,34,1045
20,218,287627,31.039543,41,1006
20,218,287664,41.327025,37,1049
20,218,287699,35.617303,35,1023
20,218,287742,33.257711,43,1032
20,218,287779,36.129933,37,1007
20,218,287811,13.390681,32,1060
20,218,287851,30.515401,40,1034
20,218,287893,36.135005,42,1052
20,218,287927,22.515195,34,1060
20,218,287969,29.982728,42,1020
20,218,288007,29.107887,38,1039
20,218,288045,38.482576,38,1050
20,218,288083,30.240757,38,1025
20,218,288122,40.936861,39,1049
20,218,288159,41.447389,37,1037
20,218,288195,32.44876,36,1046
20,218,288238,30.988208,43,1042
20,218,288275,39.286274,37,1042
20,218,288314,38.193169,39,1016
20,218,288356,33.052401,42,1042
20,218,288401,34.031567,45,1007
20,218,288441,32.511109,40,1046
20,218,288480,32.394335,39,1018
20,218,288506,29.862098,26,1021
20,218,288540,31.111141,34,1044
20,218,288577,25.814002,37,1060
20,218,288616,42.857897,39,1056
20,218,288653,41.379066,37,1014
20,218,288691,24.318683,38,1027
20,218,288734,41.565501,43,1009
20,218,288776,27.859892,42,1038
20,218,288809,37.830079,33,1027
20,218,288845,30.766026,36,1052
20,218,288878,33.35717,33,1039
20,218,288918,42.330625,40,1024
20,218,288956,27.846958,38,1027
20,218,288994,33.504189,38,1021
20,218,289028,35.285462,34,1024
20,218,289073,37.962081,45,1007
20,218,289110,33.03172,37,1048
20,218,289146,33.119613,36,1041
20,218,289188,31.671036,42,1037
20,218,289226,31.305533,38,1021
20,218,289265,39.088336,39,1031
20,218,289307,39.498146,42,1046
20,218,289347,36.552928,40,1029
20,218,289388,36.816729,41,1056
20,218,289426,30.463514,38,1027
20,218,289466,41.015838,40,1025
20,218,289504,30.633104,38,1021
20,218,289544,28.360767,40,1030
20,218,289581,25.749045,37,1057
20,218,289623,25.265231,42,1010
20,218,289662,39.73648,39,1058
20,218,289706,37.24553,44,1046
20,218,289748,33.825094,42,1028
20,218,289781,33.860614,33,1019
20,218,289819,23.910899,38,1040
20,218,289855,33.106027,36,1003
20,218,289888,27.933379,33,1044
20,218,289926,34.267476,38,1033
20,218,289968,32.660934,42,1031
20,218,290009,37.020049,41,1015
20,218,290046,42.224241,37,1005
20,218,290081,32.786227,35,1052
20,218,290122,39.268038,41,1050
20,218,290162,44.670091,40,1016
20,218,290205,26.335353,43,1021
20,218,290241,31.359394,36,1012
20,218,290278,31.804493,37,1017
20,218,290310,25.52814,32,1052
20,218,290342,42.711417,32,1058
20,218,290380,34.345935,38,1023
20,218,290421,37.020329,41,1041
20,218,290465,32.756182,44,1045
20,218,290504,41.538142,39,1025
20,218,290548,33.399795,44,1045
20,218,290583,28.633125,35,1027
20,218,290621,36.631815,38,1038
20,218,290657,29.451448,36,1034
20,218,290694,33.495329,37,1007
20,218,290732,41.461064,38,1058
20,218,290770,25.165259,38,1037
20,218,290806,35.403812,36,1007
20,218,290847,31.290261,41,1019
20,218,290887,35.522453,40,1018
20,218,290923,36.23803,36,1057
20,218,290960,31.854846,37,1002
20,218,290999,39.307919,39,1059
20,218,291038,27.985869,39,1050
20,218,291078,27.562545,40,1053
20,218,291121,31.89252,43,1011
20,218,291160,29.579579,39,1049
20,218,291193,39.882243,33,1045
20,218,291231,39.29326,38,1058
20,218,291260,30.982753,29,1022
20,218,291298,31.5964,38,1021
20,218,291333,33.004756,35,1048
20,218,291367,33.42495,34,1043
20,218,291405,37.849571,38,1032
20,218,291439,35.4781,34,1017
20,218,291477,45.956846,38,1059
20,218,291509,36.925497,32,1020
20,218,291550,35.740082,41,1020
20,218,291595,33.323203,45,1016
20,218,291633,27.607222,38,1058
20,218,291668,31.509964,35,1042
20,218,291699,20.930241,31,1060
20,218,291734,34.948946,35,1041
20,218,291777,39.285832,43,1059
20,218,291810,25.338585,33,1034
20,218,291847,36.373378,37,1015
20,218,291881,33.95802,34,1021
20,218,291917,33.233392,36,1052
20,218,291964,36.347273,47,1049
20,218,292005,44.992901,41,1009
20,218,292043,15.729101,38,1055
20,218,292080,28.15586,37,1027
20,218,292114,30.049918,34,1004
20,218,292155,28.177437,41,1029
20,218,292193,39.272195,38,1045
20,218,292236,40.370765,43,1049
20,218,292271,27.736806,35,1039
20,218,292310,41.839698,39,1025
20,218,292351,33.232566,41,1011
20,218,292390,35.930084,39,1035
20,218,292431,42.206599,41,1005
20,218,292472,38.771033,41,1045
20,218,292511,26.150911,39,1037
20,218,292548,22.397408,37,1051
20,218,292594,38.788359,46,1004
20,218,292629,41.495173,35,1042
20,218,292667,42.680386,38,1028
20,218,292708,34.821678,41,1041
20,218,292740,38.485135,32,1024
20,218,292779,32.16018,39,1023
20,218,292819,26.184199,40,1038
20,218,292858,37.392242,39,1049
20,218,292900,30.31023,42,1041
20,218,292939,19.169784,39,1003
20,218,292978,33.926091,39,1014
20,218,293015,36.27158,37,1007
20,218,293048,20.233666,33,1003
20,218,293081,35.077852,33,1027
20,218,293120,29.392985,39,1054
20,218,293167,34.804292,47,1050
20,218,293199,36.645727,32,1001
20,218,293239,33.985202,40,1053
20,218,293274,38.656377,35,1026
20,218,293309,45.520733,35,1041
20,218,293347,36.556769,38,1031
20,218,293389,29.267203,42,1038
20,218,293433,39.820814,44,1032
20,218,293467,25.758273,34,1060
20,218,293505,28.944503,38,1055
20,218,293539,28.810643,34,1013
20,218,293575,23.146307,36,1036
20,218,293608,21.160721,33,1044
20,218,293646,28.121501,38,1036
20,218,293681,23.061743,35,1060
20,218,293720,34.022238,39,1026
20,218,293756,38.264544,36,1058
20,218,293795,39.300782,39,1010
20,218,293829,25.525139,34,1044
20,218,293870,31.404866,41,1043
20,218,293908,32.224297,38,1017
20,218,293943,28.624677,35,1003
20,218,293979,47.389113,36,1024
20,218,294021,34.744233,42,1042
20,218,294058,43.941431,37,1005
20,218,294095,38.980229,37,1022
20,218,294138,36.705695,43,1042
20,218,294181,25.942887,43,1038
20,218,294220,40.22749,39,1038
20,218,294260,37.517963,40,1007
20,218,294302,44.761255,42,1018
20,218,294339,40.694195,37,1036
20,218,294382,32.440045,43,1042
20,218,294417,41.072369,35,1026
20,218,294449,28.463524,32,1010
20,218,294486,38.78411,37,1041
20,218,294523,22.299145,37,1034
20,218,294562,38.7482,39,1016
20,218,294596,22.139803,34,1060
20,218,294637,28.013753,41,1041
20,218,294676,33.113777,39,1001
20,218,294712,34.09605,36,1017
20,218,294750,37.78547,38,1056
20,218,294789,26.833997,39,1007
20,218,294825,25.204712,36,1060
20,218,294862,23.641547,37,1030
20,218,294905,28.883968,43,1006
20,218,294941,29.228809,36,1015
20,218,294981,31.664334,40,1049
20,218,295017,24.85303,36,1008
20,218,295058,29.692449,41,1029
20,218,295096,41.445442,38,1026
20,218,295135,29.418757,39,1030
20,218,295171,47.110658,36,1009
20,218,295206,29.349125,35,1012
20,218,295246,34.755251,40,1055
20,218,295287,38.947389,41,1020
20,218,295325,33.1856,38,1010
20,218,295359,47.567775,34,1046
20,218,295396,35.983634,37,1039
20,218,295435,40.328704,39,1039
20,218,295473,23.785592,38,1021
20,218,295512,26.560095,39,1052
20,218,295560,33.373348,48,1016
20,218,295596,22.035635,36,1003
20,218,295631,25.837144,35,1014
20,218,295669,32.883986,38,1012
20,218,295707,31.042808,38,1010
20,218,295741,36.326471,34,1014
20,218,295780,38.870353,39,1050
20,218,295811,25.145527,31,1060
20,218,295850,32.54748,39,1029
20,218,295884,31.483556,34,1047
20,218,295925,31.21132,41,1040
20,218,295960,36.686935,35,1002
20,218,295994,39.143837,34,1043
20,218,296037,30.810717,43,1020
20,218,296075,27.650912,38,1003
20,218,296116,33.668761,41,1053
20,218,296155,33.426959,39,1029
20,218,296196,30.147291,41,1021
20,218,296231,23.440214,35,1044
20,218,296268,26.748336,37,1040
20,218,296311,26.321209,43,1019
20,218,296348,41.064101,37,1039
20,218,296387,40.126026,39,1041
20,218,296423,29.179634,36,1013
20,218,296468,38.091906,45,1049
20,218,296508,38.992615,40,1001
20,218,296551,35.447361,43,1048
20,218,296590,34.283596,39,1056
20,218,296630,35.933511,40,1027
20,218,296674,31.202296,44,1004
20,218,296713,28.38597,39,1031
20,218,296744,32.82897,31,1050
20,218,296786,40.590341,42,1028
20,218,296826,36.223734,40,1042
20,218,296868,33.039133,42,1018
20,218,296909,32.443771,41,1026
20,218,296946,26.576733,37,1039
20,218,296978,32.15316,32,1054
20,218,297018,27.675324,40,1013
20,218,297058,40.757623,40,1023
20,218,297093,29.652941,35,1035
20,218,297127,33.292707,34,1002
20,218,297160,35.316164,33,1057
20,218,297196,25.455257,36,1035
20,218,297234,43.887311,38,1020
20,218,297265,38.183862,31,1026
20,218,297298,26.808679,33,1019
20,218,297337,32.455975,39,1016
20,218,297379,41.572464,42,1025
20,218,297419,30.344891,40,1036
20,218,297457,27.792654,38,1013
20,218,297495,31.532219,38,1019
20,218,297531,28.194275,36,1042
20,218,297563,27.687411,32,1044
20,218,297604,29.068689,41,1035
20,218,297643,34.923074,39,1019
20,218,297681,26.466752,38,1019
20,218,297719,41.469762,38,1032
20,218,297756,41.727194,37,1005
20,218,297790,35.51812,34,1021
20,218,297821,27.77366,31,1054
20,218,297855,33.953821,34,1036
20,218,297895,38.068148,40,1059
20,218,297933,22.006085,38,1035
20,218,297976,25.927116,43,1045
20,218,298016,25.571298,40,1031
20,218,298053,38.554007,37,1046
20,218,298089,38.973054,36,1042
20,218,298134,44.263779,45,1049
20,218,298177,38.530461,43,1049
20,218,298220,40.124564,43,1056
20,218,298254,39.453355,34,1046
20,218,298292,22.691544,38,1057
20,218,298329,21.650012,37,1013
20,218,298368,36.746748,39,1046
20,218,298404,35.705329,36,1042
20,218,298438,42.305064,34,1056
20,218,298476,28.491237,38,1052
20,218,298513,25.508194,37,1060
20,218,298543,25.740318,30,1052
20,218,298585,23.711864,42,1048
20,218,298625,29.85914,40,1020
20,218,298662,37.788881,37,1016
20,218,298698,39.990617,36,1037
20,218,298738,32.741791,40,1047
20,218,298777,36.957084,39,1054
20,218,298817,30.417838,40,1005
20,218,298853,34.117752,36,1014
20,218,298897,38.398207,44,1016
20,218,298932,31.233678,35,1030
20,218,298975,46.38678,43,1032
20,218,299014,36.229766,39,1048
20,218,299051,28.124674,37,1019
20,218,299088,33.136253,37,1027
20,218,299133,41.380794,45,1031
20,218,299171,32.424829,38,1048
20,218,299215,50.194682,44,1004
20,218,299260,40.204947,45,1020
20,218,299302,29.98138,42,1050
20,218,299338,36.715389,36,1034
20,218,299380,40.639881,42,1006
20,218,299414,30.770262,34,1033
20,218,299453,16.832193,39,1051
20,218,299496,35.625711,43,1055
20,218,299530,37.861806,34,1024
20,218,299568,38.240062,38,1039
20,218,299613,35.486372,45,1021
20,218,299653,30.23076,40,1003
20,218,299687,31.93778,34,1019
20,218,299728,34.798849,41,1004
20,218,299766,32.633116,38,1031
20,218,299804,30.484626,38,1023
20,218,299841,32.765633,37,1055
20,218,299883,35.860051,42,1058
20,218,299923,25.05186,40,1039
20,218,299961,23.687803,38,1019
20,218,299997,34.459411,36,1019
20,218,300029,21.891783,32,1017
20,218,300065,33.281121,36,1039
20,218,300103,45.190059,38,1028
20,218,300139,39.797096,36,1033
20,218,300174,22.153744,35,1003
20,218,300205,17.893922,31,1012
20,218,300250,35.995377,45,1005
20,218,300292,42.981917,42,1032
20,218,300324,31.46504,32,1034
20,218,300358,22.716392,34,1044
20,218,300394,36.566446,36,1014
20,218,300426,27.577507,32,1010
20,218,300467,26.819713,41,1010
20,218,300506,34.729602,39,1048
20,218,300546,36.082117,40,1014
20,218,300587,20.442542,41,1021
20,218,300622,33.108469,35,1039
20,218,300660,29.94601,38,1004
20,218,300693,41.383586,33,1002
20,218,300729,30.194998,36,1008
20,218,300762,30.177149,33,1044
20,218,300798,22.997757,36,1027
20,218,300837,33.665697,39,1042
20,218,300871,24.213941,34,1047
20,218,300910,33.652874,39,1023
20,218,300943,31.437523,33,1008
20,218,300983,37.819963,40,1024
20,218,301014,38.600987,31,1054
20,218,301047,45.090083,33,1050
20,218,301080,29.136865,33,1058
20,218,301123,41.108886,43,1016
20,218,301161,17.963152,38,1054
20,218,301199,38.099275,38,1022
20,218,301240,36.114628,41,1022
20,218,301277,47.467169,37,1050
20,218,301312,28.596926,35,1012
20,218,301354,31.197371,42,1019
20,218,301391,29.469153,37,1021
20,218,301428,30.398322,37,1046
20,218,301467,33.73802,39,1052
20,218,301509,37.251647,42,1011
20,218,301546,36.455248,37,1014
20,218,301580,26.685355,34,1052
20,218,301611,40.524458,31,1024
20,218,301651,30.323586,40,1016
20,218,301693,35.212727,42,1036
20,218,301731,32.321156,38,1011
20,218,301769,32.780542,38,1050
20,218,301810,30.664828,41,1028
20,218,301843,25.333741,33,1046
20,218,301892,31.414577,49,1049
20,218,301935,38.505548,43,1042
20,218,301973,40.776607,38,1009
20,218,302013,28.525397,40,1053
20,218,302056,28.391168,43,1001
20,218,302093,32.387138,37,1047
20,218,302132,23.946409,39,1040
20,218,302171,35.237406,39,1046
20,218,302205,42.261496,34,1015
20,218,302241,32.082276,36,1045
20,218,302285,37.937923,44,1041
20,218,302323,36.246049,38,1036
20,218,302354,36.70937,31,1054
20,218,302399,37.962416,45,1059
20,218,302435,23.354108,36,1039
20,218,302467,26.020604,32,1053
20,218,302507,33.667236,40,1018
20,218,302546,32.095909,39,1049
20,218,302580,35.588846,34,1054
20,218,302613,30.291437,33,1014
20,218,302648,32.669726,35,1017
20,218,302684,31.610126,36,1048
20,218,302722,31.708356,38,1023
20,218,302759,30.125251,37,1019
20,218,302793,27.227948,34,1036
20,218,302829,32.644465,36,1008
20,218,302870,38.189143,41,1007
20,218,302905,36.198597,35,1041
20,218,302947,36.027225,42,1016
20,218,302987,26.910145,40,1003
20,218,303020,27.192583,33,1008
20,218,303053,29.879955,33,1008
20,218,303088,34.551875,35,1034
20,218,303126,27.121465,38,1027
20,218,303160,24.361343,34,1058
20,218,303193,45.454234,33,1015
20,218,303231,25.452863,38,1047
20,218,303268,27.713934,37,1023
20,218,303304,38.313965,36,1045
20,218,303340,30.157288,36,1010
20,218,303378,29.000306,38,1013
20,218,303420,32.880857,42,1005
20,218,303459,31.368172,39,1005
20,218,303496,31.160841,37,1013
20,218,303532,33.52442,36,1034
20,218,303570,27.538637,38,1001
20,218,303610,26.052711,40,1031
20,218,303643,30.674382,33,1038
20,218,303684,38.921658,41,1055
20,218,303713,32.724062,29,1017
20,218,303752,36.84904,39,1023
20,218,303793,22.826718,41,1034
20,218,303832,38.929041,39,1059
20,218,303876,36.644012,44,1016
20,218,303911,24.727502,35,1008
20,218,303949,47.216466,38,1004
20,218,303983,39.838408,34,1015
20,218,304020,32.041868,37,1015
20,218,304059,36.209125,39,1006
20,218,304095,24.850436,36,1030
20,218,304135,23.839526,40,1021
20,218,304173,33.924418,38,1042
20,218,304209,35.658254,36,1053
20,218,304244,35.801091,35,1018
20,218,304279,37.235482,35,1011
20,218,304322,40.480029,43,1007
20,218,304361,37.415115,39,1025
20,218,304402,24.829231,41,1022
20,218,304442,33.304097,40,1044
20,218,304477,40.880132,35,1006
20,218,304515,27.733459,38,1013
20,218,304549,25.85525,34,1057
20,218,304588,28.791232,39,1014
20,218,304624,30.405813,36,1054
20,218,304655,32.650206,31,1054
20,218,304692,33.487014,37,1055
20,218,304729,33.852067,37,1025
20,218,304768,28.545314,39,1005
20,218,304806,35.620764,38,1043
20,218,304843,27.161018,37,1008
20,218,304882,42.215623,39,1050
20,218,304921,29.156855,39,1055
20,218,304967,37.653828,46,1020
20,218,305011,35.71976,44,1058
20,218,305045,31.031246,34,1051
20,218,305082,31.930698,37,1004
20,218,305121,27.072976,39,1008
20,218,305161,28.09942,40,1047
20,218,305197,38.790765,36,1024
20,218,305236,40.004581,39,1024
20,218,305273,25.411465,37,1022
20,218,305303,22.118874,30,1060
20,218,305338,35.113231,35,1011
20,218,305368,28.327482,30,1041
20,218,305407,30.707136,39,1054
20,218,305441,33.866356,34,1030
20,218,305483,23.061971,42,1030
20,218,305521,38.753994,38,1002
20,218,305555,32.493559,34,1029
20,218,305594,21.258482,39,1038
20,218,305630,27.798983,36,1014
20,218,305668,34.062837,38,1047
20,218,305704,34.557303,36,1039
20,218,305749,32.502047,45,1031
20,218,305785,38.342466,36,1036
20,218,305825,32.419713,40,1056
20,218,305864,39.419401,39,1036
20,218,305902,42.951446,38,1049
20,218,305941,35.54507,39,1031
20,218,305982,23.141251,41,1011
20,218,306025,40.339353,43,1056
20,218,306065,33.581263,40,1049
20,218,306102,40.779918,37,1055
20,218,306142,24.073556,40,1012
20,218,306177,32.077005,35,1044
20,218,306216,36.636505,39,1022
20,218,306251,29.471479,35,1044
20,218,306288,36.46562,37,1026
20,218,306326,31.598365,38,1026
20,218,306369,28.937132,43,1007
20,218,306410,20.260969,41,1048
20,218,306449,29.528746,39,1027
20,218,306493,30.837083,44,1041
20,218,306528,27.752358,35,1008
20,218,306564,35.646546,36,1024
20,218,306604,28.332307,40,1027
20,218,306643,36.368677,39,1025
20,218,306684,32.987617,41,1014
20,218,306725,31.249316,41,1057
20,218,306772,40.937637,47,1004
20,218,306809,29.954177,37,1008
20,218,306842,37.469984,33,1027
20,218,306879,29.293513,37,1006
20,218,306917,25.153179,38,1029
20,218,306961,27.3265,44,1049
20,218,306997,36.253009,36,1031
20,218,307038,37.450532,41,1007
20,218,307070,45.745271,32,1026
20,218,307105,36.233488,35,1023
20,218,307139,41.881652,34,1039
20,218,307174,32.921767,35,1051
20,218,307215,37.280312,41,1035
20,218,307254,23.076578,39,1047
20,218,307287,30.762433,33,1011
20,218,307329,24.037518,42,1057
20,218,307368,31.431347,39,1018
20,218,307404,51.233492,36,1050
20,218,307443,34.923935,39,1011
20,218,307481,31.245663,38,1012
20,218,307517,29.060926,36,1010
20,218,307551,40.677859,34,1026
20,218,307595,39.600085,44,1048
20,218,307634,29.786251,39,1041
20,218,307674,35.042696,40,1023
20,218,307713,35.736558,39,1042
20,218,307755,42.108022,42,1024
20,218,307795,34.436412,40,1010
20,218,307827,36.911817,32,1026
20,218,307861,32.406683,34,1040
20,218,307894,31.522049,33,1003
20,218,307931,26.81859,37,1013
20,218,307975,35.569273,44,1011
20,218,308016,44.2564,41,1009
20,218,308057,39.31531,41,1025
20,218,308099,27.539576,42,1055
20,218,308140,30.588515,41,1021
20,218,308180,26.815034,40,1051
20,218,308218,32.082146,38,1031
20,218,308259,35.57648,41,1059
20,218,308298,32.915272,39,1043
20,218,308335,37.006324,37,1014
20,218,308377,42.424283,42,1028
20,218,308413,33.380814,36,1043
20,218,308454,40.364226,41,1025
20,218,308493,35.73487,39,1020
20,218,308530,31.01986,37,1045
20,218,308569,26.673485,39,1055
20,218,308601,29.220473,32,1054
20,218,308636,36.296334,35,1028
20,218,308669,29.43453,33,1031
20,218,308703,36.184305,34,1042
20,218,308744,33.545809,41,1023
20,218,308780,40.162038,36,1017
20,218,308821,29.882505,41,1029
20,218,308863,27.280828,42,1010
20,218,308894,43.317343,31,1026
20,218,308932,31.759298,38,1031
20,218,308974,42.603806,42,1029
20,218,309022,37.646761,48,1049
20,218,309067,24.191576,45,1027
20,218,309106,32.084523,39,1010
20,218,309144,31.757096,38,1047
20,218,309182,39.635031,38,1011
20,218,309220,33.464556,38,1042
20,218,309254,31.674337,34,1036
20,218,309288,38.796391,34,1050
20,218,309327,37.694924,39,1047
20,218,309366,41.065247,39,1056
20,218,309409,34.507776,43,1020
20,218,309445,32.37825,36,1001
20,218,309485,33.48593,40,1003
20,218,309529,34.822419,44,1009
20,218,309569,30.804883,40,1045
20,218,309609,35.106549,40,1030
20,218,309645,24.736692,36,1021
20,218,309678,24.718415,33,1044
20,218,309715,38.799896,37,1017
20,218,309748,23.468393,33,1034
20,218,309788,29.959064,40,1055
20,218,309823,36.104651,35,1023
20,218,309865,45.321373,42,1059
20,218,309903,32.300056,38,1037
20,218,309939,45.730394,36,1025
20,218,309977,28.532432,38,1057
20,218,310014,31.090773,37,1015
20,218,310049,36.246057,35,1040
20,218,310086,24.719669,37,1042
20,218,310129,36.268308,43,1059
20,218,310171,38.988935,42,1032
20,218,310212,16.367854,41,1021
20,218,310250,24.505619,38,1051
20,218,310292,31.202132,42,1055
20,218,310326,31.287454,34,1022
20,218,310363,26.864907,37,1042
20,218,310402,31.445316,39,1019
20,218,310437,24.423261,35,1013
20,218,310475,37.736958,38,1009
20,218,310515,36.125722,40,1046
20,218,310551,35.112121,36,1011
20,218,310585,35.868872,34,1055
20,218,310620,33.35741,35,1011
20,218,310658,38.809635,38,1005
20,218,310697,34.121049,39,1058
20,218,310746,38.275406,49,1059
20,218,310783,41.13356,37,1033
20,218,310818,34.061953,35,1035
20,218,310854,41.706149,36,1058
20,218,310893,35.95077,39,1050
20,218,310927,26.81083,34,1044
20,218,310969,34.52561,42,1049
20,218,311008,21.621305,39,1003
20,218,311045,27.931119,37,1008
20,218,311083,42.293102,38,1050
20,218,311121,33.535999,38,1045
20,218,311159,37.490284,38,1019
20,218,311194,42.038525,35,1023
20,218,311233,32.529014,39,1007
20,218,311272,40.668028,39,1059
20,218,311310,28.990341,38,1055
20,218,311356,39.397535,46,1049
20,218,311396,29.558689,40,1057
20,218,311434,31.914503,38,1012
20,218,311473,28.78577,39,1047
20,218,311511,31.058618,38,1008
20,218,311545,35.871464,34,1034
20,218,311582,36.673597,37,1026
20,218,311622,33.504888,40,1055
20,218,311661,37.323579,39,1005
20,218,311696,33.540488,35,1011
20,218,311730,45.800427,34,1046
20,218,311763,32.007076,33,1027
20,218,311796,14.619585,33,1060
20,218,311837,35.131957,41,1058
20,218,311873,33.357443,36,1053
20,218,311914,29.582188,41,1020
20,218,311947,26.038767,33,1051
20,218,311989,29.556986,42,1035
20,218,312027,40.861225,38,1025
20,218,312066,31.972085,39,1043
20,218,312111,39.990583,45,1032
20,218,312149,31.828442,38,1055
20,218,312183,27.645559,34,1011
20,218,312216,32.57755,33,1054
20,218,312259,32.254731,43,1040
20,218,312301,32.925306,42,1021
20,218,312332,37.664473,31,1014
20,218,312372,25.774981,40,1010
20,218,312408,32.496191,36,1041
20,218,312449,36.263673,41,1048
20,218,312483,35.681895,34,1041
20,218,312520,30.175321,37,1054
20,218,312555,25.874012,35,1044
20,218,312584,27.548925,29,1008
20,218,312616,16.956491,32,1035
20,218,312649,32.786828,33,1036
20,218,312688,39.061623,39,1049
20,218,312725,32.044721,37,1029
20,218,312767,43.157718,42,1024
20,218,312810,38.474931,43,1046
20,218,312853,26.909325,43,1040
20,218,312893,32.976642,40,1009
20,218,312936,39.737053,43,1031
20,218,312975,38.068407,39,1037
20,218,313018,25.777254,43,1027
20,218,313052,34.31769,34,1046
20,218,313081,35.232944,29,1037
20,218,313116,29.622255,35,1044
20,218,313148,33.737409,32,1043
20,218,313185,32.866108,37,1021
20,218,313225,19.783128,40,1030
20,218,313274,30.194427,49,1045
20,218,313303,26.974635,29,1003
20,218,313337,30.904041,34,1012
20,218,313374,30.481889,37,1046
20,218,313417,38.615969,43,1025
20,218,313452,21.95923,35,1060
20,218,313483,33.939215,31,1039
20,218,313517,41.63225,34,1054
20,218,313550,38.786065,33,1043
20,218,313586,38.384321,36,1011
20,218,313619,39.147271,33,1058
20,218,313659,35.084866,40,1046
20,218,313700,35.311053,41,1009
20,218,313735,35.55843,35,1010
20,218,313772,29.194649,37,1052
20,218,313812,40.698385,40,1042
20,218,313849,35.169926,37,1001
20,218,313885,33.340417,36,1014
20,218,313924,37.230705,39,1022
20,218,313960,29.134015,36,1052
20,218,313998,36.583127,38,1004
20,218,314035,38.170352,37,1017
20,218,314070,35.897247,35,1045
20,218,314110,29.596162,40,1045
20,218,314143,31.238263,33,1052
20,218,314179,32.817375,36,1022
20,218,314213,33.270408,34,1002
20,218,314245,20.6727,32,1030
20,218,314282,35.282253,37,1014
20,218,314318,38.802384,36,1017
20,218,314353,29.750767,35,1057
20,218,314391,25.356353,38,1053
20,218,314422,31.781164,31,1034
20,218,314465,29.377437,43,1015
20,218,314503,39.936255,38,1050
20,218,314541,26.177632,38,1040
20,218,314573,28.319835,32,1012
20,218,314610,36.040812,37,1035
20,218,314641,26.714504,31,1013
20,218,314680,31.158012,39,1013
20,218,314711,23.191705,31,1052
20,218,314744,23.729302,33,1047
20,218,314776,39.078363,32,1043
20,218,314820,36.882056,44,1023
20,218,314861,23.139791,41,1013
20,218,314899,29.676418,38,1048
20,218,314938,33.067505,39,1045
20,218,314981,31.371799,43,1048
20,218,315021,39.538219,40,1002
20,218,315059,44.189824,38,1006
20,218,315097,28.565284,38,1057
20,218,315138,41.372509,41,1009
20,218,315178,31.453971,40,1037
20,218,315225,37.513893,47,1049
20,218,315259,31.540256,34,1047
20,218,315294,39.101243,35,1056
20,218,315333,34.034288,39,1047
20,218,315373,35.976372,40,1039
20,218,315412,30.707113,39,1008
20,218,315452,30.994289,40,1021
20,218,315483,21.355647,31,1057
20,218,315519,36.431149,36,1039
20,218,315558,27.158129,39,1001
20,218,315598,29.880804,40,1058
20,218,315632,26.939276,34,1008
20,218,315668,35.304554,36,1007
20,218,315702,33.261627,34,1039
20,218,315735,34.20136,33,1001
20,218,315770,22.869125,35,1044
20,218,315802,30.903398,32,1015
20,218,315840,33.182689,38,1002
20,218,315884,35.729021,44,1032
20,218,315923,24.763627,39,1042
20,218,315960,32.171943,37,1027
20,218,315995,25.460036,35,1021
20,218,316038,20.996616,43,1047
20,218,316070,27.224141,32,1015
20,218,316111,31.3451,41,1001
20,218,316149,42.304463,38,1026
20,218,316187,36.47203,38,1058
20,218,316228,36.513678,41,1024
20,218,316268,29.408877,40,1051
20,218,316313,26.384193,45,1027
20,218,316351,24.668183,38,1010
20,218,316385,30.570256,34,1017
20,218,316427,36.622432,42,1007
20,218,316466,45.765358,39,1032
20,218,316504,35.426425,38,1033
20,218,316540,33.040898,36,1053
20,218,316571,23.870158,31,1060
20,218,316604,38.817628,33,1046
20,218,316639,35.916279,35,1050
20,218,316681,42.25323,42,1050
20,218,316722,38.745749,41,1007
20,218,316761,32.348897,39,1023
20,218,316796,31.218968,35,1013
20,218,316834,30.856667,38,1058
20,218,316873,36.948914,39,1039
20,218,316909,29.727398,36,1047
20,218,316952,45.403946,43,1006
20,218,316985,35.896697,33,1039
20,218,317023,27.1093,38,1014
20,218,317063,39.650304,40,1048
20,218,317096,23.531411,33,1003
20,218,317136,29.488546,40,1043
20,218,317176,33.091823,40,1028
20,218,317214,40.095307,38,1022
20,218,317252,29.872266,38,1021
20,218,317286,32.334187,34,1011
20,218,317335,39.928805,49,1006
20,218,317372,27.190669,37,1051
20,218,317408,31.233624,36,1001
20,218,317441,30.61029,33,1036
20,218,317480,27.437531,39,1019
20,218,317515,38.057526,35,1049
20,218,317555,45.276363,40,1055
20,218,317597,41.649256,42,1004
20,218,317636,36.355321,39,1036
20,218,317667,24.756373,31,1023
20,218,317710,47.12451,43,1032
20,218,317746,26.277137,36,1057
20,218,317788,42.872526,42,1018
20,218,317823,30.145008,35,1025
20,218,317861,28.529481,38,1040
20,218,317897,25.189874,36,1013
20,218,317937,39.862727,40,1020
20,218,317980,37.071369,43,1059
20,218,318018,39.818598,38,1026
20,218,318060,30.447814,42,1012
20,218,318097,24.393736,37,1052
20,218,318138,43.930906,41,1032
20,218,318176,30.919681,38,1003
20,218,318207,27.971056,31,1026
20,218,318248,39.473901,41,1024
20,218,318285,26.810819,37,1017
20,218,318321,25.479161,36,1035
20,218,318353,30.030736,32,1052
20,218,318390,29.0456,37,1038
20,218,318423,30.162148,33,1053
20,218,318458,35.767438,35,1026
20,218,318496,18.762241,38,1030
20,218,318544,26.252497,48,1033
20,218,318575,31.508062,31,1039
20,218,318611,20.851211,36,1053
20,218,318654,23.995769,43,1040
20,218,318690,35.700399,36,1021
20,218,318725,32.718568,35,1011
20,218,318764,35.372273,39,1052
20,218,318801,39.900174,37,1026
20,218,318839,34.615657,38,1043
20,218,318878,44.521004,39,1006
20,218,318914,34.692749,36,1011
20,218,318954,30.730893,40,1048
20,218,318993,33.693264,39,1053
20,218,319026,25.407917,33,1054
20,218,319062,30.283282,36,1022
20,218,319095,25.872115,33,1060
20,218,319131,30.654042,36,1007
20,218,319167,28.325494,36,1039
20,218,319205,21.064958,38,1047
20,218,319243,35.156627,38,1058
20,218,319276,32.217335,33,1035
20,218,319310,33.553109,34,1002
20,218,319350,44.496073,40,1050
20,218,319385,36.514759,35,1010
20,218,319427,36.045303,42,1055
20,218,319464,35.005159,37,1028
20,218,319501,32.161325,37,1002
20,218,319535,26.666205,34,1034
20,218,319574,34.774003,39,1024
20,218,319616,42.673128,42,1029
20,218,319648,28.70922,32,1012
20,218,319686,43.092616,38,1028
20,218,319725,23.283903,39,1051
20,218,319764,36.011101,39,1029
20,218,319803,45.193566,39,1005
20,218,319844,37.077636,41,1059
20,218,319881,35.984989,37,1042
20,218,319919,41.1788,38,1025
20,218,319958,33.342003,39,1018
20,218,319989,24.248601,31,1022
20,218,320027,36.087096,38,1018
20,218,320062,26.678286,35,1019
20,218,320105,42.048261,43,1059
20,218,320135,29.271075,30,1034
20,218,320173,24.993294,38,1027
20,218,320206,30.758564,33,1053
20,218,320245,38.85122,39,1049
20,218,320287,33.996678,42,1056
20,218,320318,39.089046,31,1014
20,218,320359,39.733556,41,1056
20,218,320401,39.568447,42,1059
20,218,320438,37.426579,37,1034
20,218,320471,31.887442,33,1030
20,218,320512,34.0484,41,1029
20,218,320559,37.379542,47,1016
20,218,320593,22.547102,34,1027
20,218,320633,33.932394,40,1041
20,218,320668,29.335899,35,1012
20,218,320701,32.958116,33,1041
20,218,320739,39.638301,38,1024
20,218,320777,32.515638,38,1011
20,218,320818,26.620337,41,1030
20,218,320855,35.175668,37,1016
20,218,320897,45.847813,42,1055
20,218,320932,27.961415,35,1026
20,218,320965,18.920108,33,1060
20,218,321009,30.049423,44,1031
20,218,321046,26.577947,37,1041
20,218,321090,34.613174,44,1049
20,218,321132,21.531434,42,1057
20,218,321173,25.509736,41,1027
20,218,321202,40.052266,29,1028
20,218,321238,31.433696,36,1038
20,218,321279,39.177545,41,1006
20,218,321323,30.780926,44,1048
20,218,321350,36.98692,27,1052
20,218,321383,34.064422,33,1049
20,218,321418,29.337328,35,1012
20,218,321457,25.005726,39,1045
20,218,321494,40.838027,37,1046
20,218,321527,39.609283,33,1010
20,218,321564,31.487943,37,1026
20,218,321601,38.169126,37,1052
20,218,321641,36.358363,40,1045
20,218,321677,34.299035,36,1046
20,218,321714,36.276756,37,1055
20,218,321758,36.659339,44,1049
20,218,321793,38.526573,35,1005
20,218,321833,33.275135,40,1016
20,218,321869,30.241901,36,1010
20,218,321907,21.271049,38,1012
20,218,321948,32.016265,41,1019
20,218,321985,32.683825,37,1001
20,218,322032,32.242242,47,1040
20,218,322071,29.996302,39,1047
20,218,322102,26.390444,31,1012
20,218,322137,35.393684,35,1056
20,218,322169,26.669301,32,1003
20,218,322208,23.055481,39,1040
20,218,322247,25.243746,39,1030
20,218,322283,26.573544,36,1015
20,218,322321,36.614427,38,1054
20,218,322359,35.823541,38,1044
20,218,322401,31.244176,42,1046
20,218,322438,32.085741,37,1039
20,218,322479,33.996464,41,1036
20,218,322514,38.424432,35,1039
20,218,322549,48.29712,35,1050
20,218,322590,27.261699,41,1021
20,218,322622,30.139752,32,1036
20,218,322665,38.269783,43,1029
20,218,322702,30.928539,37,1015
20,218,322744,35.671333,42,1004
20,218,322778,33.434003,34,1015
20,218,322811,35.819637,33,1047
20,218,322846,27.212721,35,1003
20,218,322886,38.466542,40,1032
20,218,322920,34.327533,34,1058
20,218,322952,32.208117,32,1055
20,218,322979,33.921147,27,1030
20,218,323018,34.314874,39,1025
20,218,323060,33.733577,42,1029
20,218,323098,30.96432,38,1047
20,218,323136,30.14558,38,1038
20,218,323176,44.142306,40,1042
20,218,323208,30.742777,32,1019
20,218,323252,26.962304,44,1040
20,218,323291,34.950383,39,1009
20,218,323327,29.124423,36,1048
20,218,323363,31.194555,36,1014
20,218,323400,26.086175,37,1003
20,218,323438,30.994845,38,1029
20,218,323471,28.405883,33,1054
20,218,323508,40.745256,37,1001
20,218,323543,36.013417,35,1033
20,218,323584,31.890912,41,1016
20,218,323624,38.143779,40,1026
20,218,323662,40.562044,38,1007
20,218,323698,30.294259,36,1008
20,218,323733,33.587467,35,1038
20,218,323771,35.92296,38,1009
20,218,323811,24.411652,40,1019
20,218,323852,37.567959,41,1041
20,218,323893,24.288974,41,1012
20,218,323938,32.303819,45,1016
20,218,323975,22.428125,37,1054
20,218,324012,31.760774,37,1033
20,218,324051,38.70683,39,1023
20,218,324082,36.335535,31,1044
20,218,324118,34.385453,36,1002
20,218,324156,30.941692,38,1033
20,218,324197,34.676195,41,1041
20,218,324235,37.658395,38,1015
20,218,324266,30.997403,31,1033
20,218,324309,40.101278,43,1025
20,218,324347,32.989538,38,1060
20,218,324384,32.972083,37,1001
20,218,324420,27.68105,36,1051
20,218,324458,28.816885,38,1038
20,218,324497,28.379837,39,1055
20,218,324527,27.4507,30,1034
20,218,324558,21.536536,31,1052
20,218,324594,38.921165,36,1042
20,218,324630,39.81041,36,1010
20,218,324664,31.884198,34,1014
20,218,324705,25.456347,41,1048
20,218,324742,30.923841,37,1048
20,218,324785,28.797296,43,1004
20,218,324826,37.526815,41,1045
20,218,324875,27.25103,49,1007
20,218,324915,21.78519,40,1046
20,218,324950,35.790534,35,1024
20,218,324986,21.536587,36,1019
20,218,325025,38.352307,39,1005
20,218,325070,30.149981,45,1056
20,218,325114,37.905984,44,1050
20,218,325142,24.988758,28,1060
20,218,325179,33.396182,37,1035
20,218,325215,48.714055,36,1025
20,218,325251,21.116324,36,1003
20,218,325279,41.211857,28,1026
20,218,325318,37.910586,39,1024
20,218,325357,38.330759,39,1059
20,218,325391,35.070359,34,1043
20,218,325425,27.226071,34,1034
20,218,325467,32.954257,42,1006
20,218,325511,39.438987,44,1035
20,218,325551,29.424073,40,1029
20,218,325594,32.638894,43,1027
20,218,325631,28.650521,37,1003
20,218,325673,32.597691,42,1031
20,218,325711,37.852776,38,1031
20,218,325752,29.918415,41,1049
20,218,325789,34.1024,37,1034
20,218,325830,29.762473,41,1026
20,218,325871,25.526527,41,1023
20,218,325906,36.807751,35,1014
20,218,325946,27.7208,40,1057
20,218,325987,44.768758,41,1032
20,218,326023,33.120234,36,1035
20,218,326062,31.952716,39,1040
20,218,326093,18.922547,31,1038
20,218,326135,31.897218,42,1027
20,218,326173,32.683344,38,1025
20,218,326219,34.508132,46,1004
20,218,326258,38.596649,39,1005
20,218,326290,34.387574,32,1057
20,218,326331,32.847231,41,1058
20,218,326364,31.532546,33,1014
20,218,326401,26.509722,37,1030
20,218,326439,33.163585,38,1034
20,218,326473,33.79406,34,1022
20,218,326506,29.722391,33,1052
20,218,326544,26.937163,38,1044
20,218,326578,41.900505,34,1053
20,218,326621,41.784667,43,1058
20,218,326663,40.643126,42,1007
20,218,326700,37.556637,37,1021
20,218,326741,33.003386,41,1047
20,218,326785,33.138267,44,1005
20,218,326823,35.990615,38,1006
20,218,326857,28.645451,34,1052
20,218,326890,26.636414,33,1034
20,218,326928,27.266249,38,1012
20,218,326965,36.670454,37,1007
20,218,326997,32.360913,32,1051
20,218,327034,28.825934,37,1030
20,218,327077,31.14547,43,1042
20,218,327114,34.509512,37,1059
20,218,327150,41.322944,36,1017
20,218,327185,31.924375,35,1022
20,218,327224,25.469042,39,1057
20,218,327263,22.712158,39,1060
20,218,327299,31.696794,36,1054
20,218,327333,38.943705,34,1050
20,218,327374,32.640022,41,1031
20,218,327408,29.047199,34,1018
20,218,327445,34.370066,37,1035
20,218,327481,32.545414,36,1055
20,218,327523,37.307883,42,1028
20,218,327561,40.270532,38,1024
20,218,327595,14.597604,34,1053
20,218,327628,32.227327,33,1002
20,218,327673,35.727614,45,1002
20,218,327714,39.010167,41,1005
20,218,327754,35.171074,40,1018
20,218,327796,29.797285,42,1040
20,218,327834,40.709619,38,1033
20,218,327877,33.275343,43,1004
20,218,327918,27.302413,41,1044
20,218,327951,36.945282,33,1053
20,218,327996,39.185043,45,1004
20,218,328031,31.500336,35,1017
20,218,328067,28.082501,36,1038
20,218,328109,40.211077,42,1028
20,218,328138,28.141824,29,1013
20,218,328176,32.488826,38,1021
20,218,328206,33.830626,30,1001
20,218,328247,20.993321,41,1012
20,218,328282,25.294359,35,1057
20,218,328324,38.861174,42,1002
20,218,328365,37.286979,41,1058
20,218,328407,40.595037,42,1050
20,218,328446,19.974176,39,1030
20,218,328480,29.437941,34,1013
20,218,328519,39.095272,39,1019
20,218,328557,27.147242,38,1049
20,218,328591,26.379137,34,1035
20,218,328630,33.173943,39,1040
20,218,328673,37.385265,43,1059
20,218,328713,28.716791,40,1051
20,218,328750,31.167232,37,1031
20,218,328785,39.061526,35,1044
20,218,328832,39.61841,47,1006
20,218,328868,27.231216,36,1003
20,218,328910,28.901585,42,1051
20,218,328949,27.174474,39,1012
20,218,328985,36.244987,36,1002
20,218,329025,37.744841,40,1056
20,218,329058,28.294363,33,1057
20,218,329097,29.25154,39,1055
20,218,329133,33.050484,36,1040
20,218,329167,29.393861,34,1047
20,218,329201,36.038115,34,1041
20,218,329234,35.754591,33,1010
20,218,329278,34.620017,44,1025
20,218,329310,34.977442,32,1017
20,218,329349,29.549877,39,1044
20,218,329383,30.490151,34,1012
20,218,329418,33.49225,35,1042
20,218,329455,29.081033,37,1003
20,218,329493,27.137424,38,1019
20,218,329529,27.364861,36,1033
20,218,329562,25.010138,33,1004
20,218,329597,26.062941,35,1013
20,218,329633,19.715992,36,1023
20,218,329672,36.261833,39,1001
20,218,329710,45.520983,38,1024
20,218,329749,41.236287,39,1059
20,218,329785,29.485363,36,1033
20,218,329818,28.664558,33,1052
20,218,329856,33.006696,38,1031
20,218,329892,30.7598,36,1014
20,218,329928,38.555528,36,1009
20,218,329966,41.446632,38,1004
20,218,329997,34.352477,31,1017
20,218,330036,27.496182,39,1038
20,218,330074,42.20242,38,1046
20,218,330109,27.899121,35,1013
20,218,330143,30.680584,34,1017
20,218,330174,30.999857,31,1035
20,218,330213,31.198541,39,1012
20,218,330245,44.414349,32,1053
20,218,330283,39.129604,38,1026
20,218,330319,34.828461,36,1015
20,218,330357,32.701649,38,1036
20,218,330391,25.957961,34,1044
20,218,330428,32.464632,37,1048
20,218,330468,37.653786,40,1017
20,218,330509,21.730152,41,1027
20,218,330550,31.857336,41,1002
20,218,330587,31.836917,37,1013
20,218,330624,43.451785,37,1056
20,218,330663,37.217692,39,1055
20,218,330698,29.343633,35,1039
20,218,330737,34.067687,39,1056
20,218,330776,32.501479,39,1052
20,218,330815,36.290568,39,1016
20,218,330854,32.60188,39,1038
20,218,330889,40.771621,35,1025
20,218,330927,32.907604,38,1043
20,218,330961,35.491253,34,1011
20,218,330993,33.468336,32,1019
20,218,331030,32.550109,37,1015
20,218,331068,28.239976,38,1045
20,218,331110,35.196077,42,1007
20,218,331147,27.799907,37,1035
20,218,331187,21.615908,40,1012
20,218,331227,36.81168,40,1028
20,218,331265,32.461046,38,1029
20,218,331310,40.306611,45,1004
20,218,331347,31.34828,37,1003
20,218,331392,30.94116,45,1049
20,218,331431,29.684532,39,1048
20,218,331472,33.751618,41,1036
20,218,331514,27.260901,42,1008
20,218,331551,37.550074,37,1015
20,218,331588,25.998611,37,1003
20,218,331626,34.858644,38,1011
20,218,331668,34.951835,42,1004
20,218,331704,24.25141,36,1012
20,218,331748,39.796584,44,1031
20,218,331790,37.380146,42,1007
20,218,331837,35.045934,47,1045
20,218,331875,33.926882,38,1011
20,218,331919,39.405649,44,1056
20,218,331961,36.414398,42,1055
20,218,331999,33.686252,38,1018
20,218,332040,26.035878,41,1057
20,218,332077,32.444334,37,1036
20,218,332115,25.776214,38,1013
20,218,332153,29.938374,38,1027
20,218,332191,36.840011,38,1018
20,218,332229,20.587803,38,1008
20,218,332265,31.043573,36,1040
20,218,332309,32.51075,44,1020
20,218,332347,34.489897,38,1024
20,218,332387,36.401591,40,1011
20,218,332418,31.874,31,1038
20,218,332462,35.864718,44,1007
20,218,332497,25.941871,35,1031
20,218,332533,39.314971,36,1025
20,218,332572,34.913902,39,1040
20,218,332616,33.0416,44,1006
20,218,332653,29.148701,37,1003
20,218,332684,23.212175,31,1060
20,218,332716,43.698397,32,1043
20,218,332749,28.850982,33,1010
20,218,332790,33.580883,41,1002
20,218,332822,20.14866,32,1039
20,218,332862,29.722662,40,1038
20,218,332899,39.119244,37,1016
20,218,332931,35.660529,32,1014
20,218,332966,42.952677,35,1043
20,218,332998,29.336979,32,1060
20,218,333034,41.765611,36,1055
20,218,333071,36.67296,37,1034
20,218,333107,36.716128,36,1026
20,218,333139,31.477213,32,1031
20,218,333182,34.167903,43,1048
20,218,333217,26.456958,35,1034
20,218,333259,48.320511,42,1059
20,218,333300,29.894251,41,1022
20,218,333339,28.414459,39,1021
20,218,333373,43.08973,34,1050
20,218,333413,24.941238,40,1008
20,218,333450,36.208735,37,1042
20,218,333490,45.175435,40,1006
20,218,333531,31.285109,41,1007
20,218,333571,34.461429,40,1002
20,218,333613,31.870316,42,1022
20,218,333650,37.780767,37,1028
20,218,333691,42.674194,41,1049
20,218,333721,28.230017,30,1044
20,218,333762,31.507038,41,1009
20,218,333794,28.915348,32,1010
20,218,333827,29.122733,33,1043
20,218,333869,38.391869,42,1048
20,218,333911,40.969144,42,1032
20,218,333952,27.797332,41,1033
20,218,333984,26.447806,32,1034
20,218,334022,36.201305,38,1005
20,218,334061,31.615044,39,1039
20,218,334102,42.647515,41,1006
20,218,334137,35.197858,35,1006
20,218,334174,22.924486,37,1035
20,218,334209,36.01255,35,1007
20,218,334247,29.182283,38,1036
20,218,334287,29.849291,40,1033
20,218,334330,44.77546,43,1024
20,218,334367,30.736461,37,1058
20,218,334406,26.705733,39,1031
20,218,334442,15.042395,36,1030
20,218,334475,34.322723,33,1052
20,218,334513,31.210605,38,1039
20,218,334553,29.571845,40,1011
20,218,334588,22.163871,35,1013
20,218,334629,48.691197,41,1006
20,218,334661,30.305122,32,1023
20,218,334700,33.267638,39,1043
20,218,334739,29.735731,39,1005
20,218,334777,30.538753,38,1008
20,218,334816,43.637372,39,1011
20,218,334855,40.4726,39,1009
20,218,334895,35.941028,40,1007
20,218,334930,39.460357,35,1046
20,218,334971,38.318282,41,1007
20,218,335006,35.428813,35,1010
20,218,335041,31.291133,35,1055
20,218,335081,27.371619,40,1004
20,218,335114,22.526092,33,1030
20,218,335157,37.729392,43,1004
20,218,335196,33.557872,39,1037
20,218,335231,27.162445,35,1035
20,218,335269,36.19804,38,1058
20,218,335309,25.779624,40,1045
20,218,335345,32.386804,36,1044
20,218,335379,28.489257,34,1003
20,218,335420,42.876126,41,1059
20,218,335457,34.827017,37,1038
20,218,335491,27.782991,34,1017
20,218,335525,35.690428,34,1002
20,218,335569,32.229216,44,1041
20,218,335605,32.546683,36,1042
20,218,335645,33.386265,40,1012
20,218,335684,23.053395,39,1003
20,218,335719,32.884291,35,1013
20,218,335755,30.101435,36,1037
20,218,335790,33.016344,35,1048
20,218,335830,34.760966,40,1056
20,218,335862,32.736086,32,1010
20,218,335897,34.006785,35,1055
20,218,335936,32.260163,39,1007
20,218,335974,28.63094,38,1015
20,218,336011,37.820729,37,1005
20,218,336048,31.166342,37,1043
20,218,336090,29.547186,42,1043
20,218,336129,42.817559,39,1006
20,218,336168,49.864579,39,1050
20,218,336201,23.892286,33,1038
20,218,336240,28.552358,39,1029
20,218,336277,34.158272,37,1060
20,218,336318,22.326393,41,1004
20,218,336348,38.635413,30,1024
20,218,336386,37.747396,38,1016
20,218,336420,30.500952,34,1050
20,218,336458,23.239584,38,1053
20,218,336500,39.185796,42,1006
20,218,336539,31.409221,39,1027
20,218,336575,33.208101,36,1033
20,218,336617,26.065938,42,1014
20,218,336650,32.695502,33,1034
20,218,336687,37.213493,37,1024
20,218,336721,37.322446,34,1011
20,218,336757,44.590546,36,1026
20,218,336798,37.717881,41,1041
20,218,336837,32.889592,39,1055
20,218,336871,36.687347,34,1007
20,218,336913,31.41075,42,1022
20,218,336953,32.070198,40,1002
20,218,336991,33.830303,38,1047
20,218,337029,25.564508,38,1022
20,218,337071,40.684607,42,1042
20,218,337104,35.242805,33,1014
20,218,337142,31.447022,38,1036
20,218,337185,32.129549,43,1033
20,218,337227,33.86419,42,1023
20,218,337265,25.583512,38,1055
20,218,337308,28.967266,43,1005
20,218,337343,26.53968,35,1060
20,218,337380,30.550436,37,1023
20,218,337416,34.944676,36,1016
20,218,337456,30.342791,40,1013
20,218,337496,42.087182,40,1024
20,218,337530,35.134944,34,1035
20,218,337575,37.318961,45,1029
20,218,337610,38.290447,35,1026
20,218,337653,41.140762,43,1046
20,218,337691,32.47744,38,1012
20,218,337733,37.828182,42,1011
20,218,337775,43.245034,42,1056
20,218,337817,30.645749,42,1018
20,218,337859,34.227439,42,1035
20,218,337892,35.573938,33,1015
20,218,337935,33.900673,43,1024
20,218,337979,35.392187,44,1024
20,218,338016,25.244943,37,1001
20,218,338053,38.328808,37,1049
20,218,338089,31.336883,36,1031
20,218,338121,30.980322,32,1041
20,218,338154,43.980348,33,1024
20,218,338198,24.366592,44,1040
20,218,338231,26.989362,33,1003
20,218,338271,33.093046,40,1012
20,218,338312,35.178371,41,1046
20,218,338351,25.581993,39,1060
20,218,338385,33.312009,34,1007
20,218,338423,45.472482,38,1028
20,218,338458,44.653111,35,1046
20,218,338493,30.769059,35,1027
20,218,338533,50.280283,40,1032
20,218,338570,31.697399,37,1002
20,218,338609,35.519346,39,1041
20,218,338646,37.595032,37,1046
20,218,338680,32.190759,34,1038
20,218,338716,23.481765,36,1003
20,218,338754,37.530985,38,1029
20,218,338797,37.748013,43,1001
20,218,338838,36.67494,41,1048
20,218,338867,29.83985,29,1041
20,218,338913,37.070636,46,1045
20,218,338950,33.665909,37,1001
20,218,338993,25.754591,43,1041
20,218,339031,32.510871,38,1002
20,218,339068,40.27824,37,1009
20,218,339101,23.580184,33,1054
20,218,339135,27.35689,34,1010
20,218,339171,36.250694,36,1002
20,218,339208,38.86813,37,1015
20,218,339241,28.139454,33,1027
20,218,339274,36.29901,33,1050
20,218,339315,39.021885,41,1056
20,218,339352,34.062738,37,1017
20,218,339395,38.3729,43,1058
20,218,339440,40.287254,45,1005
20,218,339480,37.913059,40,1009
20,218,339521,31.85107,41,1032
20,218,339564,42.806743,43,1006
20,218,339601,37.59545,37,1048
20,218,339640,32.83427,39,1016
20,218,339686,43.057515,46,1059
20,218,339735,46.294019,49,1004
20,218,339769,32.089799,34,1014
20,218,339803,38.145659,34,1028
20,218,339844,48.23619,41,1028
20,218,339880,35.227636,36,1036
20,218,339920,35.705684,40,1025
20,218,339958,26.440322,38,1019
20,218,339998,38.486849,40,1004
20,218,340036,26.355439,38,1019
20,218,340074,38.178174,38,1006
20,218,340111,28.316777,37,1008
20,218,340149,28.441336,38,1039
20,218,340187,38.623072,38,1026
20,218,340225,36.300527,38,1018
20,218,340265,40.526953,40,1018
20,218,340306,39.898661,41,1005
20,218,340344,36.124831,38,1033
20,218,340376,34.147446,32,1013
20,218,340421,33.609356,45,1001
20,218,340462,34.945235,41,1007
20,218,340497,28.599904,35,1021
20,218,340530,43.050655,33,1024
20,218,340570,31.724662,40,1033
20,218,340610,34.460014,40,1001
20,218,340658,32.454893,48,1009
20,218,340695,31.283113,37,1054
20,218,340734,33.880265,39,1031
20,218,340771,28.499598,37,1030
20,218,340804,34.1167,33,1011
20,218,340844,39.111856,40,1031
20,218,340882,24.531171,38,1051
20,218,340919,28.900813,37,1003
20,218,340955,32.900718,36,1023
20,218,340986,29.299469,31,1014
20,218,341029,31.041451,43,1007
20,218,341071,50.432929,42,1004
20,218,341115,36.506287,44,1021
20,218,341154,26.415221,39,1035
20,218,341198,35.44679,44,1025
20,218,341238,28.640127,40,1030
20,218,341272,30.227741,34,1002
20,218,341310,31.027898,38,1010
20,218,341341,25.478418,31,1036
20,218,341376,40.383842,35,1004
20,218,341411,37.254384,35,1034
20,218,341445,30.288675,34,1033
20,218,341478,35.815408,33,1046
20,218,341518,35.601166,40,1024
20,218,341556,44.402205,38,1018
20,218,341600,37.758566,44,1059
20,218,341633,28.057645,33,1057
20,218,341665,35.736643,32,1013
20,218,341703,34.658107,38,1029
20,218,341745,33.344655,42,1040
20,218,341784,25.885194,39,1001
20,218,341818,30.991617,34,1060
20,218,341856,47.189646,38,1032
20,218,341894,47.478581,38,1055
20,218,341931,38.284675,37,1038
20,218,341969,29.229432,38,1041
20,218,342003,30.957543,34,1030
20,218,342043,33.882104,40,1045
20,218,342078,34.330882,35,1038
20,218,342114,38.93188,36,1046
20,218,342153,31.693631,39,1052
20,218,342191,35.480483,38,1041
20,218,342228,29.927699,37,1029
20,218,342261,33.512859,33,1034
20,218,342301,33.329083,40,1027
20,218,342341,28.949579,40,1040
20,218,342373,26.530097,32,1053
20,218,342414,24.212775,41,1013
20,218,342447,33.019494,33,1052
20,218,342489,32.220696,42,1035
20,218,342534,38.939742,45,1009
20,218,342578,42.142377,44,1032
20,218,342620,39.663531,42,1007
20,218,342657,31.554697,37,1022
20,218,342693,28.889921,36,1024
20,218,342733,31.169372,40,1020
20,218,342769,31.518384,36,1035
20,218,342801,21.743766,32,1003
20,218,342842,41.97329,41,1006
20,218,342882,38.404433,40,1037
20,218,342922,34.931573,40,1042
20,218,342960,24.83697,38,1052
20,218,343002,48.692114,42,1055
20,218,343041,33.548113,39,1036
20,218,343076,31.825261,35,1026
20,218,343113,28.71964,37,1022
20,218,343157,39.463011,44,1037
20,218,343197,29.936717,40,1003
20,218,343244,39.553815,47,1056
20,218,343288,34.348769,44,1011
20,218,343331,30.078822,43,1045
20,218,343365,30.798552,34,1042
20,218,343401,28.012895,36,1050
20,218,343436,29.869935,35,1002
20,218,343475,25.918524,39,1051
20,218,343513,31.352715,38,1008
20,218,343549,34.779985,36,1039
20,218,343587,33.358941,38,1049
20,218,343622,28.835492,35,1044
20,218,343659,30.423004,37,1053
20,218,343697,42.91922,38,1022
20,218,343742,37.949751,45,1016
20,218,343785,36.557579,43,1048
20,218,343830,33.456702,45,1046
20,218,343872,26.239034,42,1022
20,218,343915,37.177428,43,1041
20,218,343957,40.058605,42,1018
20,218,343992,27.123674,35,1038
20,218,344027,33.765475,35,1011
20,218,344067,13.601709,40,1053
20,218,344110,27.612427,43,1056
20,218,344149,36.094407,39,1054
20,218,344193,42.122975,44,1016
20,218,344230,25.644944,37,1034
20,218,344269,36.733253,39,1023
20,218,344304,32.911638,35,1043
20,218,344343,38.286532,39,1031
20,218,344381,40.359401,38,1059
20,218,344414,39.268372,33,1055
20,218,344455,38.32469,41,1031
20,218,344494,39.474615,39,1055
20,218,344532,22.384237,38,1007
20,218,344566,36.275368,34,1022
20,218,344599,29.664602,33,1010
20,218,344638,25.446005,39,1021
20,218,344675,44.604026,37,1011
20,218,344714,24.619042,39,1047
20,218,344760,28.58876,46,1021
20,218,344804,40.136429,44,1021
20,218,344842,27.338241,38,1051
20,218,344877,38.66055,35,1030
20,218,344908,32.490086,31,1054
20,218,344950,38.359201,42,1048
20,218,344984,30.214438,34,1044
20,218,345025,44.988543,41,1058
20,218,345060,30.503166,35,1019
20,218,345102,35.366349,42,1016
20,218,345148,31.447295,46,1027
20,218,345183,25.908475,35,1015
20,218,345232,44.853455,49,1004
20,218,345270,37.085784,38,1015
20,218,345308,49.967378,38,1028
20,218,345346,32.947954,38,1003
20,218,345378,33.521243,32,1011
20,218,345417,31.349225,39,1043
20,218,345457,39.475868,40,1020
20,218,345499,37.855294,42,1001
20,218,345541,44.774204,42,1025
20,218,345576,37.959262,35,1028
20,218,345616,39.256133,40,1011
20,218,345651,24.736236,35,1019
20,218,345689,43.512694,38,1055
20,218,345732,34.34266,43,1017
20,218,345766,33.455168,34,1048
20,218,345806,30.885427,40,1030
20,218,345842,33.336949,36,1007
20,218,345883,32.281721,41,1026
20,218,345920,34.15775,37,1038
20,218,345960,25.143787,40,1015
20,218,346005,38.896491,45,1025
20,218,346042,46.981135,37,1005
20,218,346080,31.504064,38,1011
20,218,346117,36.327707,37,1011
20,218,346156,34.69247,39,1011
20,218,346196,32.527312,40,1033
20,218,346236,51.691286,40,1028
20,218,346270,27.211389,34,1042
20,218,346309,44.742692,39,1006
20,218,346345,21.185928,36,1044
20,218,346383,38.959837,38,1043
20,218,346427,32.328141,44,1048
20,218,346468,31.2172,41,1005
20,218,346504,32.549416,36,1017
20,218,346540,41.646566,36,1045
20,218,346579,36.181123,39,1045
20,218,346619,35.776447,40,1023
20,218,346656,27.805303,37,1052
20,218,346694,38.161233,38,1024
20,218,346730,34.017162,36,1052
20,218,346773,38.990602,43,1025
20,218,346812,38.100057,39,1050
20,218,346843,33.869722,31,1017
20,218,346878,31.889495,35,1014
20,218,346920,35.856619,42,1028
20,218,346955,42.058247,35,1017
20,218,346995,39.542053,40,1024
20,218,347031,21.154519,36,1035
20,218,347058,33.026964,27,1029
20,218,347093,30.555665,35,1044
20,218,347117,31.431185,24,1033
20,218,347155,33.387667,38,1048
20,218,347191,50.641204,36,1025
20,218,347226,26.818432,35,1044
20,218,347266,38.933468,40,1007
20,218,347308,27.306812,42,1023
20,218,347350,30.933484,42,1023
20,218,347396,26.69856,46,1058
20,218,347439,26.935983,43,1051
20,218,347470,36.882841,31,1048
20,218,347510,45.486769,40,1050
20,218,347547,34.468756,37,1011
20,218,347587,28.318355,40,1057
20,218,347622,43.320266,35,1023
20,218,347662,40.573348,40,1009
20,218,347700,29.068419,38,1053
20,218,347737,31.770153,37,1038
20,218,347768,29.241746,31,1034
20,218,347805,34.647152,37,1018
20,218,347843,36.548874,38,1002
20,218,347874,31.915136,31,1013
20,218,347910,31.955531,36,1055
20,218,347953,33.466938,43,1005
20,218,347995,40.083819,42,1056
20,218,348032,34.66158,37,1017
20,218,348071,29.998187,39,1015
20,218,348114,30.413777,43,1027
20,218,348152,40.724978,38,1025
20,218,348188,26.937623,36,1008
20,218,348225,31.515095,37,1034
20,218,348260,29.976253,35,1043
20,218,348300,33.948904,40,1050
20,218,348341,34.75036,41,1050
20,218,348381,27.200884,40,1016
20,218,348424,42.915695,43,1018
20,218,348462,36.827159,38,1004
20,218,348501,30.394153,39,1033
20,218,348543,24.397682,42,1060
20,218,348582,42.238405,39,1028
20,218,348620,36.141642,38,1011
20,218,348653,29.912048,33,1014
20,218,348693,34.220472,40,1005
20,218,348736,33.865908,43,1016
20,218,348774,30.931518,38,1036
20,218,348815,39.203872,41,1025
20,218,348851,29.056814,36,1003
20,218,348895,37.212841,44,1052
20,218,348930,34.160942,35,1046
20,218,348965,34.680538,35,1042
20,218,349002,38.148306,37,1026
20,218,349043,39.23598,41,1002
20,218,349087,41.502113,44,1011
20,218,349125,30.780984,38,1019
20,218,349163,30.213947,38,1020
20,218,349205,33.356684,42,1043
20,218,349241,18.888397,36,1051
20,218,349277,29.699523,36,1060
20,218,349318,30.907822,41,1051
20,218,349347,44.433457,29,1056
20,218,349380,27.797081,33,1044
20,218,349416,29.666008,36,1027
20,218,349453,34.951039,37,1008
20,218,349496,34.106112,43,1056
20,218,349526,37.830058,30,1001
20,218,349569,29.976992,43,1048
20,218,349608,44.582758,39,1032
20,218,349648,40.332223,40,1028
20,218,349684,34.734249,36,1011
20,218,349717,35.18236,33,1056
20,218,349755,23.364957,38,1052
20,218,349790,35.300865,35,1043
20,218,349827,33.024083,37,1048
20,218,349866,31.451238,39,1033
20,218,349907,28.799577,41,1034
20,218,349948,30.279205,41,1021
20,218,349983,39.877,35,1026
20,218,350020,30.890273,37,1054
20,218,350064,33.968028,44,1007
20,218,350103,22.395154,39,1030
20,218,350139,40.734201,36,1025
20,218,350172,34.072958,33,1043
20,218,350209,28.208922,37,1015
20,218,350246,38.119045,37,1007
20,218,350284,16.455252,38,1003
20,218,350324,39.167554,40,1058
20,218,350358,40.492676,34,1009
20,218,350392,28.385228,34,1010
20,218,350434,39.647031,42,1032
20,218,350471,21.843754,37,1036
20,218,350507,31.594413,36,1038
20,218,350551,28.749037,44,1004
20,218,350586,24.135142,35,1022
20,218,350624,45.118007,38,1028
20,218,350661,25.761593,37,1014
20,218,350703,43.148803,42,1058
20,218,350744,40.106553,41,1019
20,218,350790,42.102554,46,1009
20,218,350829,38.553918,39,1049
20,218,350875,34.127734,46,1034
20,218,350913,28.553853,38,1014
20,218,350957,36.468723,44,1006
20,218,350998,45.31793,41,1005
20,218,351033,32.810818,35,1045
20,218,351068,45.989339,35,1032
20,218,351104,40.081315,36,1056
20,218,351138,40.576109,34,1038
20,218,351173,26.270985,35,1019
20,218,351220,31.362938,47,1048
20,218,351259,25.520505,39,1046
20,218,351303,40.682973,44,1006
20,218,351342,28.019989,39,1033
20,218,351379,33.445605,37,1054
20,218,351418,38.647552,39,1036
20,218,351453,34.000905,35,1034
20,218,351493,42.420744,40,1058
20,218,351534,31.147427,41,1010
20,218,351580,35.01162,46,1049
20,218,351612,25.594324,32,1002
20,218,351651,33.818634,39,1017
20,218,351694,37.034978,43,1031
20,218,351728,21.859103,34,1060
20,218,351766,36.837,38,1018
20,218,351801,14.884185,35,1030
20,218,351834,27.675273,33,1040
20,218,351870,28.200857,36,1012
20,218,351895,30.561574,25,1053
20,218,351929,22.351319,34,1013
20,218,351966,36.572011,37,1008
20,218,352005,36.925974,39,1039
20,218,352038,31.099653,33,1051
20,218,352084,45.687283,46,1006
20,218,352128,35.057158,44,1001
20,218,352171,34.040486,43,1047
20,218,352214,37.899397,43,1032
20,218,352247,25.755162,33,1019
20,218,352285,29.487728,38,1007
20,218,352320,32.179041,35,1044
20,218,352357,35.443304,37,1017
20,218,352399,40.530661,42,1049
20,218,352440,39.004556,41,1024
20,218,352472,28.227918,32,1003
20,218,352504,32.451012,32,1054
20,218,352546,35.294167,42,1027
20,218,352588,38.402558,42,1056
20,218,352629,30.391962,41,1052
20,218,352663,34.890244,34,1034
20,218,352697,31.895533,34,1005
20,218,352732,32.457904,35,1011
20,218,352776,40.004055,44,1025
20,218,352816,40.029787,40,1024
20,218,352858,38.904917,42,1032
20,218,352899,28.674513,41,1040
20,218,352938,23.072066,39,1010
20,218,352979,42.403785,41,1050
20,218,353012,32.568633,33,1018
20,218,353054,28.906407,42,1050
20,218,353096,48.590704,42,1004
20,218,353128,32.282481,32,1031
20,218,353164,32.247202,36,1007
20,218,353204,36.157009,40,1015
20,218,353238,24.713598,34,1015
20,218,353269,24.925307,31,1060
20,218,353311,31.301148,42,1005
20,218,353348,27.946272,37,1021
20,218,353389,36.370228,41,1045
20,218,353433,41.535373,44,1055
20,218,353467,32.854757,34,1036
20,218,353505,32.667727,38,1009
20,218,353541,47.164299,36,1026
20,218,353575,32.395553,34,1017
20,218,353611,31.401437,36,1036
20,218,353646,32.607741,35,1034
20,218,353685,29.70894,39,1013
20,218,353725,31.855408,40,1020
20,218,353761,28.206169,36,1057
20,218,353797,25.613321,36,1036
20,218,353838,48.808941,41,1028
20,218,353880,39.681573,42,1055
20,218,353916,19.984155,36,1030
20,218,353951,29.669219,35,1034
20,218,353989,34.994099,38,1002
20,218,354026,34.647225,37,1002
20,218,354068,34.21508,42,1029
20,218,354100,23.514166,32,1003
20,218,354140,21.161722,40,1037
20,218,354176,28.704853,36,1047
20,218,354216,33.854305,40,1058
20,218,354250,29.491123,34,1008
20,218,354289,37.701684,39,1025
20,218,354328,32.543567,39,1015
20,218,354364,41.204544,36,1018
20,218,354402,38.371595,38,1043
20,218,354436,33.310267,34,1027
20,218,354472,44.722655,36,1022
20,218,354508,37.775661,36,1048
20,218,354547,35.966754,39,1027
20,218,354583,29.739052,36,1019
20,218,354621,34.429653,38,1043
20,218,354657,34.044711,36,1036
20,218,354697,39.832895,40,1055
20,218,354735,25.192663,38,1060
20,218,354765,33.887813,30,1033
20,218,354801,23.915691,36,1044
20,218,354843,37.672345,42,1045
20,218,354874,45.433326,31,1026
20,218,354911,36.485908,37,1046
20,218,354948,30.247948,37,1033
20,218,354989,26.766109,41,1053
20,218,355028,31.370687,39,1021
20,218,355062,42.510538,34,1025
20,218,355104,35.985649,42,1055
20,218,355139,33.893443,35,1041
20,218,355180,43.795916,41,1053
20,218,355214,40.279525,34,1041
20,218,355247,33.085051,33,1015
20,218,355278,34.849074,31,1038
20,218,355312,35.740565,34,1002
20,218,355348,36.052189,36,1035
20,218,355386,20.226327,38,1030
20,218,355424,31.187381,38,1038
20,218,355462,29.572386,38,1033
20,218,355496,29.62827,34,1034
20,218,355526,28.449961,30,1013
20,218,355568,39.600034,42,1023
20,218,355608,23.009427,40,1060
20,218,355648,33.914252,40,1055
20,218,355686,47.367127,38,1037
20,218,355727,44.75395,41,1055
20,218,355765,36.146499,38,1021
20,218,355805,34.195071,40,1004
20,218,355844,43.650818,39,1025
20,218,355887,35.435222,43,1029
20,218,355919,30.260718,32,1030
20,218,355955,34.173506,36,1045
20,218,355991,31.035405,36,1013
20,218,356034,38.460061,43,1045
20,218,356071,29.266035,37,1037
20,218,356109,39.910146,38,1016
20,218,356139,30.518496,30,1003
20,218,356180,29.875448,41,1005
20,218,356214,26.992014,34,1008
20,218,356252,30.441567,38,1044
20,218,356289,26.517192,37,1060
20,218,356323,25.263042,34,1014
20,218,356358,24.623969,35,1060
20,218,356395,34.655497,37,1022
20,218,356436,39.402121,41,1028
20,218,356469,25.321986,33,1030
20,218,356513,40.519473,44,1048
20,218,356556,33.137851,43,1009
20,218,356590,30.006083,34,1060
20,218,356627,37.263221,37,1032
20,218,356665,42.540447,38,1004
20,218,356703,32.86988,38,1043
20,218,356741,28.79795,38,1040
20,218,356779,47.864535,38,1004
20,218,356813,33.846906,34,1013
20,218,356848,23.335111,35,1019
20,218,356887,30.231571,39,1040
20,218,356930,29.241471,43,1045
20,218,356970,31.724128,40,1033
20,218,357013,30.751729,43,1058
20,218,357053,20.454528,40,1039
20,218,357097,36.93362,44,1009
20,218,357134,21.745894,37,1060
20,218,357179,39.52452,45,1004
20,218,357221,34.174187,42,1029
20,218,357260,35.058008,39,1052
20,218,357294,28.672448,34,1028
20,218,357333,35.051537,39,1033
20,218,357372,27.679648,39,1048
20,218,357410,42.136711,38,1050
20,218,357451,28.252122,41,1045
20,218,357486,22.943739,35,1030
20,218,357523,38.963703,37,1007
20,218,357563,29.446677,40,1035
20,218,357597,30.954475,34,1036
20,218,357644,36.191284,47,1016
20,218,357680,23.407463,36,1015
20,218,357717,30.58975,37,1023
20,218,357756,36.861534,39,1031
20,218,357794,31.864472,38,1033
20,218,357833,37.770923,39,1023
20,218,357872,32.163399,39,1035
20,218,357910,29.73936,38,1014
20,218,357943,32.617071,33,1043
20,218,357979,35.787637,36,1052
20,218,358023,36.257604,44,1059
20,218,358059,28.659824,36,1023
20,218,358091,36.97471,32,1014
20,218,358123,36.110697,32,1002
20,218,358160,26.324522,37,1051
20,218,358204,33.940352,44,1016
20,218,358241,36.238327,37,1011
20,218,358278,37.707895,37,1009
20,218,358319,33.601156,41,1007
20,218,358364,32.86267,45,1028
20,218,358399,38.474039,35,1042
20,218,358439,27.770075,40,1051
20,218,358475,30.390991,36,1021
20,218,358515,28.98671,40,1051
20,218,358551,26.112659,36,1022
20,218,358592,35.087573,41,1025
20,218,358627,31.378008,35,1031
20,218,358672,37.749421,45,1025
20,218,358711,36.077689,39,1037
20,218,358748,38.15129,37,1024
20,218,358791,34.886317,43,1059
20,218,358829,28.108461,38,1047
20,218,358871,26.705187,42,1033
20,218,358905,30.880496,34,1011
20,218,358947,42.915263,42,1004
20,218,358982,30.464677,35,1015
20,218,359021,36.456292,39,1059
20,218,359056,30.219994,35,1003
20,218,359089,36.125623,33,1034
20,218,359129,34.630084,40,1020
20,218,359165,33.591738,36,1056
20,218,359200,23.448505,35,1003
20,218,359239,37.310399,39,1055
20,218,359287,29.388711,48,1040
20,218,359325,36.280445,38,1054
20,218,359364,41.248341,39,1005
20,218,359398,30.505087,34,1003
20,218,359433,32.15754,35,1017
20,218,359477,35.724477,44,1059
20,218,359516,39.15483,39,1041
20,218,359555,29.470605,39,1052
20,218,359596,29.599923,41,1052
20,218,359633,34.012346,37,1056
20,218,359676,29.019189,43,1045
20,218,359720,35.114928,44,1009
20,218,359757,28.739536,37,1014
20,218,359795,38.406741,38,1049
20,218,359824,24.869158,29,1054
20,218,359866,39.817898,42,1028
20,218,359904,40.287693,38,1056
20,218,359940,30.760329,36,1058
20,218,359975,31.787726,35,1012
20,218,360014,32.948082,39,1023
20,218,360050,27.640563,36,1008
20,218,360085,23.892305,35,1013
20,218,360122,21.109464,37,1051
20,218,360159,36.415564,37,1054
20,218,360197,38.913452,38,1010
20,218,360229,24.687773,32,1038
20,218,360263,31.091801,34,1054
20,218,360304,34.107386,41,1042
20,218,360339,28.010483,35,1021
20,218,360378,40.97202,39,1041
20,218,360416,33.291663,38,1027
20,218,360458,33.609404,42,1023
20,218,360501,37.534685,43,1059
20,218,360537,23.553929,36,1008
20,218,360581,39.188905,44,1036
20,218,360612,25.58202,31,1014
20,218,360640,34.567998,28,1017
20,218,360679,39.938481,39,1007
20,218,360717,28.957067,38,1021
20,218,360756,35.318428,39,1048
20,218,360792,40.369916,36,1002
20,218,360832,26.568071,40,1010
20,218,360864,33.30548,32,1038
20,218,360899,37.893214,35,1026
20,218,360930,33.058474,31,1054
20,218,360965,28.197598,35,1010
20,218,361003,37.249141,38,1023
20,218,361043,39.598601,40,1018
20,218,361078,35.199633,35,1012
20,218,361113,34.380703,35,1023
20,218,361150,35.904229,37,1005
20,218,361189,33.658669,39,1055
20,218,361227,29.888006,38,1015
20,218,361267,37.204025,40,1023
20,218,361309,37.807467,42,1042
20,218,361339,21.190712,30,1060
20,218,361377,35.756537,38,1036
20,218,361415,32.207662,38,1023
20,218,361459,31.142569,44,1031
20,218,361495,26.093473,36,1047
20,218,361533,25.222921,38,1010
20,218,361577,46.507866,44,1006
20,218,361606,38.671469,29,1034
20,218,361646,28.126483,40,1035
20,218,361683,43.712916,37,1024
20,218,361722,36.972901,39,1010
20,218,361757,39.212934,35,1056
20,218,361797,29.731266,40,1057
20,218,361841,32.549098,44,1037
20,218,361883,27.050554,42,1058
20,218,361920,39.263134,37,1050
20,218,361953,32.002604,33,1034
20,218,361989,36.865665,36,1045
20,218,362024,33.346387,35,1010
20,218,362066,36.068098,42,1029
20,218,362102,35.924895,36,1019
20,218,362141,34.789005,39,1054
20,218,362175,23.291751,34,1060
20,218,362214,41.632689,39,1028
20,218,362252,31.066581,38,1019
20,218,362292,34.069209,40,1055
20,218,362331,27.445799,39,1035
20,218,362364,37.516641,33,1047
20,218,362405,30.686914,41,1021
20,218,362442,25.568133,37,1052
20,218,362480,36.218599,38,1059
20,218,362524,41.835123,44,1048
20,218,362561,34.024524,37,1017
20,218,362600,26.091407,39,1003
20,218,362641,32.288641,41,1048
20,218,362682,28.332206,41,1040
20,218,362727,28.906708,45,1050
20,218,362762,42.352585,35,1054
20,218,362807,33.242806,45,1049
20,218,362849,30.455733,42,1008
20,218,362892,32.522018,43,1022
20,218,362929,37.624882,37,1024
20,218,362967,31.41049,38,1019
20,218,363002,34.210319,35,1023
20,218,363038,29.436552,36,1034
20,218,363073,32.266276,35,1038
20,218,363118,28.819238,45,1016
20,218,363142,29.43255,24,1021
20,218,363180,32.861338,38,1001
20,218,363221,33.385003,41,1050
20,218,363260,24.824359,39,1021
20,218,363304,37.972823,44,1016
20,218,363337,22.091091,33,1010
20,218,363371,32.426309,34,1044
20,218,363411,34.580768,40,1038
20,218,363447,43.610882,36,1050
20,218,363485,24.498202,38,1015
20,218,363522,36.597654,37,1058
20,218,363560,36.25728,38,1041
20,218,363596,30.850996,36,1031
20,218,363631,22.222378,35,1052
20,218,363670,39.588315,39,1024
20,218,363708,24.425025,38,1021
20,218,363750,29.373719,42,1058
20,218,363787,28.702751,37,1060
20,218,363819,35.50272,32,1002
20,218,363853,31.203253,34,1045
20,218,363885,30.948551,32,1010
20,218,363927,25.025928,42,1057
20,218,363966,30.603085,39,1015
20,218,364006,38.370606,40,1002
20,218,364044,34.433445,38,1041
20,218,364078,42.25506,34,1015
20,218,364114,31.621727,36,1003
20,218,364157,39.626649,43,1004
20,218,364192,36.099758,35,1035
20,218,364236,46.733405,44,1004
20,218,364279,45.504138,43,1006
20,218,364319,29.792158,40,1011
20,218,364359,37.238171,40,1055
20,218,364400,34.853847,41,1040
20,218,364439,28.074428,39,1060
20,218,364479,40.235886,40,1021
20,218,364518,34.824666,39,1050
20,218,364557,32.515678,39,1046
20,218,364595,31.60704,38,1010
20,218,364635,26.189924,40,1046
20,218,364673,35.061084,38,1006
20,218,364717,39.080965,44,1004
20,218,364749,27.405885,32,1047
20,218,364786,33.205753,37,1027
20,218,364828,37.285737,42,1023
20,218,364862,30.775284,34,1038
20,218,364899,26.605317,37,1040
20,218,364930,27.513587,31,1019
20,218,364966,28.341392,36,1034
20,218,365004,37.147635,38,1058
20,218,365033,39.331465,29,1014
20,218,365073,24.857427,40,1038
20,218,365114,30.240038,41,1001
20,218,365158,33.767799,44,1016
20,218,365197,27.63681,39,1058
20,218,365228,34.193271,31,1038
20,218,365264,31.918061,36,1033
20,218,365303,34.212097,39,1025
20,218,365338,28.125712,35,1021
20,218,365380,30.359934,42,1041
20,218,365416,34.120235,36,1027
20,218,365455,40.681629,39,1050
20,218,365491,29.640079,36,1034
20,218,365529,27.190332,38,1051
20,218,365564,27.933415,35,1036
20,218,365603,34.516999,39,1048
20,218,365644,31.090867,41,1031
20,218,365684,37.541018,40,1031
20,218,365729,38.332747,45,1011
20,218,365770,32.97862,41,1023
20,218,365804,28.139968,34,1060
20,218,365849,50.382037,45,1032
20,218,365889,36.065896,40,1043
20,218,365926,40.130787,37,1007
20,218,365963,16.219451,37,1003
20,218,366004,36.313674,41,1048
20,218,366039,31.124913,35,1027
20,218,366073,28.346847,34,1011
20,218,366109,31.722788,36,1052
20,218,366142,30.480375,33,1029
20,218,366182,31.052552,40,1059
20,218,366221,38.663374,39,1051
20,218,366258,24.822277,37,1030
20,218,366298,20.442969,40,1051
20,218,366334,30.140059,36,1013
20,218,366371,37.420494,37,1042
20,218,366411,44.880073,40,1018
20,218,366452,39.578207,41,1053
20,218,366499,38.170564,47,1029
20,218,366541,28.453445,42,1048
20,218,366575,35.939146,34,1039
20,218,366611,37.689072,36,1022
20,218,366644,22.680411,33,1060
20,218,366676,36.974879,32,1033
20,218,366714,32.472781,38,1030
20,218,366753,25.780812,39,1039
20,218,366787,27.820366,34,1008
20,218,366831,30.9942,44,1057
20,218,366872,37.087192,41,1035
20,218,366910,31.215432,38,1033
20,218,366948,34.057693,38,1033
20,218,366981,21.143754,33,1060
20,218,367025,31.055175,44,1046
20,218,367062,28.049731,37,1058
20,218,367099,35.698405,37,1017
20,218,367140,39.14332,41,1042
20,218,367181,37.100486,41,1031
20,218,367216,32.615686,35,1017
20,218,367250,34.0051,34,1017
20,218,367284,27.967492,34,1036
20,218,367321,31.538626,37,1048
20,218,367352,31.669452,31,1013
20,218,367390,30.644341,38,1040
20,218,367429,32.351835,39,1003
20,218,367471,43.507512,42,1037
20,218,367506,32.314975,35,1021
20,218,367544,44.431167,38,1009
20,218,367582,34.319039,38,1046
20,218,367621,29.150055,39,1005
20,218,367659,33.682733,38,1049
20,218,367692,34.166384,33,1017
20,218,367734,33.756616,42,1040
20,218,367764,26.836343,30,1022
20,218,367798,32.548218,34,1039
20,218,367838,27.614749,40,1039
20,218,367873,38.442342,35,1028
20,218,367917,41.634211,44,1049
20,218,367951,26.484542,34,1030
20,218,367982,30.559272,31,1013
20,218,368025,44.222392,43,1002
20,218,368061,39.608451,36,1005
20,218,368097,20.367821,36,1008
20,218,368136,38.025847,39,1026
20,218,368174,33.174094,38,1034
20,218,368220,39.53839,46,1056
20,218,368261,42.044288,41,1049
20,218,368301,20.952404,40,1057
20,218,368340,31.067802,39,1029
20,218,368386,31.322461,46,1004
20,218,368425,26.443014,39,1003
20,218,368466,37.788691,41,1048
20,218,368501,30.396538,35,1043
20,218,368532,25.145501,31,1044
20,218,368568,25.219423,36,1052
20,218,368609,34.118696,41,1025
20,218,368640,39.35969,31,1055
20,218,368675,20.147958,35,1060
20,218,368711,30.394305,36,1002
20,218,368749,38.880116,38,1058
20,218,368785,27.221488,36,1034
20,218,368817,32.905784,32,1054
20,218,368854,27.194338,37,1002
20,218,368895,28.893083,41,1016
20,218,368928,37.889966,33,1058
20,218,368969,45.651361,41,1007
20,218,369018,34.40538,49,1045
20,218,369053,35.894617,35,1022
20,218,369090,34.128085,37,1006
20,218,369132,42.179472,42,1018
20,218,369169,45.492375,37,1025
20,218,369205,32.205352,36,1008
20,218,369245,33.355223,40,1058
20,218,369282,41.209706,37,1007
20,218,369318,27.64766,36,1023
20,218,369360,38.51796,42,1005
20,218,369403,35.114792,43,1015
20,218,369442,32.864467,39,1012
20,218,369475,28.956586,33,1036
20,218,369513,31.347868,38,1039
20,218,369556,31.270231,43,1052
20,218,369591,30.039497,35,1038
20,218,369625,27.818093,34,1057
20,218,369663,37.850041,38,1018
20,218,369700,37.357718,37,1041
20,218,369732,24.879711,32,1051
20,218,369771,32.00984,39,1056
20,218,369804,31.59303,33,1015
20,218,369842,24.995188,38,1017
20,218,369880,31.279936,38,1019
20,218,369916,42.952158,36,1025
20,218,369948,33.696105,32,1041
20,218,369983,31.76588,35,1012
20,218,370023,43.645562,40,1006
20,218,370058,30.234336,35,1047
20,218,370097,38.094352,39,1043
20,218,370133,30.963403,36,1057
20,218,370171,31.622308,38,1023
20,218,370211,25.503617,40,1035
20,218,370252,35.62581,41,1028
20,218,370300,38.839103,48,1058
20,218,370323,26.309562,23,1050
20,218,370361,22.923942,38,1010
20,218,370395,32.989834,34,1042
20,218,370438,36.03817,43,1049
20,218,370476,41.674025,38,1009
20,218,370511,30.56449,35,1036
20,218,370549,46.738865,38,1050
20,218,370589,26.562955,40,1040
20,218,370629,44.037663,40,1004
20,218,370671,25.979267,42,1051
20,218,370706,38.377469,35,1018
20,218,370742,37.767148,36,1015
20,218,370781,37.625977,39,1015
20,218,370818,37.170033,37,1024
20,218,370857,29.206448,39,1002
20,218,370891,27.31185,34,1025
20,218,370928,30.110915,37,1037
20,218,370961,27.919418,33,1040
20,218,370998,20.215017,37,1030
20,218,371038,35.753074,40,1029
20,218,371070,24.793939,32,1003
20,218,371104,22.424404,34,1012
20,218,371138,29.678874,34,1022
20,218,371179,28.932535,41,1007
20,218,371214,27.969785,35,1013
20,218,371255,31.896289,41,1037
20,218,371300,27.883357,45,1016
20,218,371339,40.155029,39,1037
20,218,371382,23.268392,43,1040
20,218,371431,34.790977,49,1028
20,218,371476,38.341928,45,1059
20,218,371517,33.381144,41,1022
20,218,371555,30.563372,38,1007
20,218,371591,21.773427,36,1060
20,218,371625,41.282295,34,1026
20,218,371666,25.596696,41,1001
20,218,371708,37.280617,42,1049
20,218,371741,33.012,33,1036
20,218,371786,25.134973,45,1001
20,218,371822,39.745274,36,1020
20,218,371862,37.362406,40,1024
20,218,371904,42.456243,42,1001
20,218,371943,41.382111,39,1050
20,218,371986,34.062959,43,1004
20,218,372024,51.534448,38,1032
20,218,372060,26.184528,36,1044
20,218,372101,36.318106,41,1005
20,218,372138,32.714195,37,1037
20,218,372174,39.005099,36,1048
20,218,372212,37.51409,38,1032
20,218,372248,32.865252,36,1019
20,218,372288,27.344295,40,1015
20,218,372325,27.613041,37,1031
20,218,372360,32.935613,35,1046
20,218,372400,37.87164,40,1015
20,218,372432,36.541099,32,1037
20,218,372462,27.094919,30,1047
20,218,372494,35.197932,32,1033
20,218,372535,30.832634,41,1057
20,218,372577,41.84376,42,1005
20,218,372615,30.546344,38,1041
20,218,372654,45.013994,39,1031
20,218,372692,28.794951,38,1044
20,218,372732,30.113529,40,1013
20,218,372769,35.96276,37,1014
20,218,372808,28.383395,39,1057
20,218,372844,29.307513,36,1017
20,218,372879,30.273728,35,1041
20,218,372920,39.002349,41,1018
20,218,372958,37.828059,38,1058
20,218,372998,33.168688,40,1036
20,218,373038,40.722204,40,1041
20,218,373070,35.332269,32,1047
20,218,373100,26.621783,30,1060
20,218,373138,45.993522,38,1025
20,218,373176,27.060084,38,1012
20,218,373207,23.898535,31,1003
20,218,373246,32.01282,39,1007
20,218,373288,24.221207,42,1046
20,218,373321,25.792,33,1047
20,218,373356,32.219511,35,1017
20,218,373397,33.062557,41,1007
20,218,373437,32.616093,40,1027
20,218,373471,28.574884,34,1037
20,218,373513,41.861666,42,1032
20,218,373557,41.345934,44,1059
20,218,373596,34.964558,39,1036
20,218,373635,38.935415,39,1058
20,218,373668,29.562194,33,1030
20,218,373704,29.73052,36,1052
20,218,373743,27.824197,39,1008
20,218,373786,30.436496,43,1055
20,218,373827,26.440294,41,1008
20,218,373869,23.975826,42,1051
20,218,373910,37.541311,41,1017
20,218,373954,39.144345,44,1049
20,218,373994,25.848959,40,1017
20,218,374038,40.285779,44,1032
20,218,374076,31.987263,38,1016
20,218,374114,42.906848,38,1025
20,218,374150,39.7184,36,1042
20,218,374187,27.516765,37,1051
20,218,374227,36.73705,40,1058
20,218,374259,34.411077,32,1052
20,218,374293,26.585025,34,1012
20,218,374328,24.94857,35,1021
20,218,374369,27.110285,41,1056
20,218,374407,30.201105,38,1050
20,218,374450,36.810449,43,1020
20,218,374490,30.726104,40,1027
20,218,374533,42.035379,43,1004
20,218,374578,31.321367,45,1029
20,218,374615,26.717116,37,1008
20,218,374658,29.701631,43,1012
20,218,374696,30.965908,38,1048
20,218,374737,33.614354,41,1046
20,218,374776,35.676632,39,1025
20,218,374813,43.732069,37,1032
20,218,374850,31.647868,37,1042
20,218,374894,40.952464,44,1045
20,218,374931,32.124475,37,1054
20,218,374966,28.19842,35,1044
20,218,375004,34.466728,38,1004
20,218,375049,28.971943,45,1051
20,218,375083,26.948957,34,1008
20,218,375119,33.546139,36,1017
20,218,375159,35.479339,40,1056
20,218,375195,38.358868,36,1050
20,218,375236,26.411133,41,1045
20,218,375274,18.585635,38,1010
20,218,375318,35.162528,44,1016
20,218,375358,40.042646,40,1002
20,218,375392,33.336011,34,1047
20,218,375430,40.555125,38,1011
20,218,375469,37.657596,39,1043
20,218,375504,24.485616,35,1052
20,218,375546,31.45361,42,1033
20,218,375589,37.421706,43,1007
20,218,375630,39.389955,41,1015
20,218,375671,35.854189,41,1036
20,218,375711,37.455989,40,1050
20,218,375750,27.436137,39,1040
20,218,375788,41.042845,38,1004
20,218,375830,26.918101,42,1055
20,218,375867,32.430143,37,1035
20,218,375908,38.259687,41,1059
20,218,375946,39.762655,38,1031
20,218,375990,36.598529,44,1006
20,218,376028,35.395254,38,1029
20,218,376063,31.420436,35,1054
20,218,376103,25.721521,40,1003
20,218,376143,24.916116,40,1044
20,218,376184,39.866845,41,1020
20,218,376219,41.084924,35,1046
20,218,376257,27.823528,38,1013
20,218,376299,37.349987,42,1046
20,218,376342,33.436995,43,1001
20,218,376377,28.769622,35,1015
20,218,376421,44.459161,44,1020
20,218,376458,34.439516,37,1008
20,218,376502,29.375796,44,1016
20,218,376540,34.901739,38,1019
20,218,376583,42.385906,43,1009
20,218,376621,31.903763,38,1042
20,218,376655,27.066129,34,1044
20,218,376690,32.668603,35,1011
20,218,376737,32.876328,47,1025
20,218,376777,33.77401,40,1049
20,218,376818,33.022987,41,1016
20,218,376861,34.661442,43,1009
20,218,376898,27.878185,37,1030
20,218,376938,34.727263,40,1005
20,218,376969,42.428946,31,1041
20,218,377008,43.018673,39,1018
20,218,377046,30.485291,38,1043
20,218,377078,28.232608,32,1044
20,218,377116,37.450522,38,1007
20,218,377151,30.063616,35,1019
20,218,377186,18.26866,35,1017
20,218,377217,25.339734,31,1060
20,218,377254,37.715978,37,1028
20,218,377299,35.736549,45,1032
20,218,377337,33.162573,38,1035
20,218,377375,35.508989,38,1002
20,218,377413,29.825092,38,1021
20,218,377454,38.089933,41,1029
20,218,377491,31.231708,37,1034
20,218,377529,39.300442,38,1020
20,218,377564,30.948112,35,1012
20,218,377597,26.531926,33,1036
20,218,377630,33.510173,33,1042
20,218,377668,24.684733,38,1044
20,218,377707,41.412845,39,1042
20,218,377744,33.644389,37,1058
20,218,377787,35.143987,43,1016
20,218,377827,34.370988,40,1012
20,218,377865,26.251352,38,1030
20,218,377905,32.417141,40,1039
20,218,377944,39.068805,39,1048
20,218,377979,42.441463,35,1055
20,218,378022,35.648814,43,1049
20,218,378053,28.176458,31,1054
20,218,378092,30.824929,39,1047
20,218,378131,31.083833,39,1001
20,218,378171,39.735764,40,1048
20,218,378205,19.415229,34,1060
20,218,378238,32.980105,33,1041
20,218,378274,26.134282,36,1035
20,218,378312,32.94295,38,1058
20,218,378351,31.745555,39,1040
20,218,378389,22.74095,38,1012
20,218,378429,31.595041,40,1050
20,218,378460,26.00789,31,1034
20,218,378498,36.303495,38,1016
20,218,378538,22.391245,40,1021
20,218,378572,24.301954,34,1023
20,218,378612,41.675556,40,1046
20,218,378652,39.868434,40,1017
20,218,378688,35.425546,36,1031
20,218,378723,18.850608,35,1008
20,218,378762,31.652213,39,1023
20,218,378794,30.937919,32,1030
20,218,378834,40.061897,40,1059
20,218,378875,30.061604,41,1036
20,218,378919,34.182123,44,1031
20,218,378953,34.793923,34,1017
20,218,378988,30.782009,35,1008
20,218,379021,35.111553,33,1026
20,218,379054,29.69094,33,1060
20,218,379093,31.107315,39,1029
20,218,379131,31.456975,38,1027
20,218,379165,31.41816,34,1013
20,218,379201,26.97813,36,1038
20,218,379237,37.351928,36,1042
20,218,379273,25.971168,36,1057
20,218,379313,31.760319,40,1053
20,218,379357,42.303059,44,1032
20,218,379396,30.429293,39,1058
20,218,379432,29.302954,36,1020
20,218,379471,43.309983,39,1050
20,218,379508,28.848955,37,1008
20,218,379543,34.232496,35,1043
20,218,379578,29.720438,35,1044
20,218,379618,29.616004,40,1041
20,218,379657,35.13843,39,1036
20,218,379697,32.643126,40,1031
20,218,379733,32.114964,36,1021
20,218,379770,24.803001,37,1047
20,218,379806,36.914318,36,1001
20,218,379848,40.622086,42,1009
20,218,379886,28.107457,38,1021
20,218,379922,40.890542,36,1005
20,218,379967,36.995177,45,1016
20,218,380002,41.975962,35,1006
20,218,380041,42.25706,39,1045
20,218,380082,34.490864,41,1047
20,218,380114,19.195643,32,1030
20,218,380155,40.714811,41,1009
20,218,380190,44.812044,35,1040
20,218,380226,34.789443,36,1035
20,218,380260,23.404438,34,1060
20,218,380297,33.345714,37,1040
20,218,380333,34.396132,36,1010
20,218,380366,39.032462,33,1023
20,218,380406,30.316979,40,1051
20,218,380437,20.043634,31,1060
20,218,380471,39.076886,34,1029
20,218,380508,40.095578,37,1020
20,218,380548,46.000016,40,1006
20,218,380583,43.523005,35,1028
20,218,380624,28.207294,41,1027
20,218,380662,39.547,38,1059
20,218,380699,31.119202,37,1017
20,218,380740,31.341645,41,1058
20,218,380783,34.756806,43,1039
20,218,380824,28.955876,41,1014
20,218,380863,22.514104,39,1060
20,218,380899,30.756486,36,1057
20,218,380930,32.560929,31,1030
20,218,380972,30.454221,42,1007
20,218,381015,35.151105,43,1020
20,218,381053,32.566047,38,1039
20,218,381092,36.547528,39,1038
20,218,381131,27.267339,39,1019
20,218,381169,29.305306,38,1046
20,218,381209,26.200701,40,1030
20,218,381252,40.676071,43,1028
20,218,381289,35.000684,37,1047
20,218,381327,29.277666,38,1040
20,218,381364,32.563003,37,1012
20,218,381402,28.163797,38,1011
20,218,381437,26.95884,35,1053
20,218,381474,35.343253,37,1058
20,218,381509,38.783089,35,1006
20,218,381551,25.793037,42,1003
20,218,381578,30.853548,27,1033
20,218,381624,45.277293,46,1006
20,218,381663,34.132753,39,1025
20,218,381698,27.992925,35,1044
20,218,381737,27.057625,39,1025
20,218,381770,27.021557,33,1012
20,218,381805,36.976934,35,1034
20,218,381842,39.827158,37,1025
20,218,381882,27.7898,40,1051
20,218,381915,38.704172,33,1041
20,218,381959,33.143052,44,1041
20,218,382001,38.973471,42,1009
20,218,382044,37.035287,43,1049
20,218,382083,34.474609,39,1059
20,218,382124,29.930929,41,1007
20,218,382169,34.94927,45,1049
20,218,382212,41.894705,43,1059
20,218,382254,43.101123,42,1006
20,218,382293,27.599876,39,1040
20,218,382334,44.166328,41,1018
20,218,382379,30.136337,45,1009
20,218,382412,38.040356,33,1031
20,218,382450,35.405243,38,1035
20,218,382485,32.637018,35,1051
20,218,382523,29.352033,38,1008
20,218,382566,30.70329,43,1036
20,218,382601,35.410708,35,1024
20,218,382649,31.794518,48,1005
20,218,382682,37.894633,33,1002
20,218,382721,36.117148,39,1014
20,218,382757,41.534164,36,1002
20,218,382795,28.381426,38,1008
20,218,382826,31.589367,31,1038
20,218,382861,29.521334,35,1044
20,218,382900,28.06342,39,1048
20,218,382942,36.272055,42,1024
20,218,382978,27.16339,36,1013
20,218,383016,41.328374,38,1056
20,218,383051,34.091068,35,1038
20,218,383087,20.770352,36,1030
20,218,383120,25.897506,33,1060
20,218,383153,29.927548,33,1051
20,218,383198,39.088159,45,1018
20,218,383234,26.178505,36,1029
20,218,383268,27.668745,34,1052
20,218,383303,41.263092,35,1056
20,218,383340,23.054346,37,1019
20,218,383377,33.587983,37,1025
20,218,383410,30.569324,33,1008
20,218,383449,31.279604,39,1046
20,218,383485,24.856947,36,1038
20,218,383525,36.61415,40,1056
20,218,383563,31.147069,38,1013
20,218,383598,36.174377,35,1038
20,218,383633,33.658854,35,1027
20,218,383674,37.066308,41,1032
20,218,383711,34.624369,37,1002
20,218,383753,33.202641,42,1052
20,218,383785,30.492167,32,1034
20,218,383820,26.178646,35,1060
20,218,383869,33.678069,49,1009
20,218,383905,45.511337,36,1059
20,218,383942,27.450133,37,1035
20,218,383980,35.025439,38,1033
20,218,384017,31.626738,37,1027
20,218,384061,42.211286,44,1009
20,218,384099,29.175001,38,1038
20,218,384142,53.885416,43,1004
20,218,384174,30.645796,32,1030
20,218,384212,22.253158,38,1012
20,218,384247,37.411892,35,1043
20,218,384289,24.395529,42,1057
20,218,384327,31.195028,38,1036
20,218,384370,27.770894,43,1040
20,218,384412,33.863332,42,1045
20,218,384446,39.541551,34,1046
20,218,384477,24.266248,31,1060
20,218,384512,43.142003,35,1011
20,218,384550,29.928693,38,1029
20,218,384592,35.09385,42,1043
20,218,384627,44.685122,35,1006
20,218,384665,28.438387,38,1021
20,218,384709,38.274386,44,1056
20,218,384746,32.555568,37,1039
20,218,384784,40.13146,38,1028
20,218,384824,31.190092,40,1048
20,218,384862,33.531135,38,1054
20,218,384897,29.431876,35,1052
20,218,384932,42.389573,35,1028
20,218,384970,35.581352,38,1023
20,218,385012,46.469685,42,1009
20,218,385049,36.052697,37,1054
20,218,385088,39.797791,39,1006
20,218,385126,33.148479,38,1035
20,218,385164,34.515436,38,1041
20,218,385196,32.031841,32,1014
20,218,385228,34.261496,32,1034
20,218,385267,34.580069,39,1005
20,218,385304,40.889067,37,1009
20,218,385337,27.232148,33,1038
20,218,385378,38.875941,41,1056
20,218,385420,37.873172,42,1005
20,218,385457,31.208631,37,1044
20,218,385493,31.808035,36,1053
20,218,385537,34.747835,44,1059
20,218,385568,38.662775,31,1041
20,218,385600,33.160362,32,1023
20,218,385643,35.189149,43,1023
20,218,385687,40.585304,44,1059
20,218,385719,22.433129,32,1060
20,218,385754,36.275897,35,1043
20,218,385790,35.204877,36,1043
20,218,385825,25.512045,35,1053
20,218,385860,25.128106,35,1012
20,218,385897,26.406313,37,1040
20,218,385934,38.086627,37,1049
20,218,385974,29.561646,40,1027
20,218,386011,40.336841,37,1026
20,218,386049,28.135937,38,1030
20,218,386082,31.257281,33,1002
20,218,386120,28.703753,38,1010
20,218,386160,35.371996,40,1040
20,218,386201,42.230193,41,1028
20,218,386240,36.852331,39,1023
20,218,386269,41.70798,29,1046
20,218,386311,35.069668,42,1021
20,218,386352,32.66609,41,1029
20,218,386389,27.744516,37,1017
20,218,386429,24.266237,40,1042
20,218,386470,37.265463,41,1004
20,218,386512,30.282658,42,1013
20,218,386556,39.795914,44,1028
20,218,386599,39.815092,43,1049
20,218,386638,40.643366,39,1006
20,218,386679,30.804382,41,1040
20,218,386715,28.693091,36,1044
20,218,386759,36.641319,44,1004
20,218,386796,25.851115,37,1051
20,218,386834,41.212252,38,1056
20,218,386878,28.859,44,1001
20,218,386924,28.622811,46,1007
20,218,386960,45.698235,36,1025
20,218,386997,39.146646,37,1011
20,218,387032,34.400017,35,1014
20,218,387068,33.143849,36,1016
20,218,387110,42.755366,42,1055
20,218,387144,30.926242,34,1034
20,218,387182,37.348562,38,1011
20,218,387225,36.346876,43,1055
20,218,387277,37.646847,52,1045
20,218,387313,37.300226,36,1016
20,218,387350,41.497193,37,1043
20,218,387392,40.212939,42,1056
20,218,387431,33.085562,39,1015
20,218,387470,43.679453,39,1041
20,218,387504,31.435333,34,1053
20,218,387543,31.392163,39,1053
20,218,387580,41.414979,37,1009
20,218,387617,24.719616,37,1027
20,218,387653,33.394815,36,1027
20,218,387690,39.339156,37,1028
20,218,387733,32.480086,43,1055
20,218,387770,36.7693,37,1008
20,218,387802,41.025541,32,1002
20,218,387835,33.809449,33,1034
20,218,387874,21.429056,39,1008
20,218,387907,41.707525,33,1036
20,218,387945,33.849272,38,1035
20,218,387983,33.194007,38,1055
20,218,388021,34.608588,38,1056
20,218,388061,41.744442,40,1025
20,218,388095,32.616842,34,1053
20,218,388134,31.569426,39,1007
20,218,388164,22.976517,30,1060
20,218,388202,30.184341,38,1036
20,218,388243,23.09302,41,1035
20,218,388287,25.776641,44,1019
20,218,388323,33.088595,36,1003
20,218,388365,22.933166,42,1016
20,218,388403,31.782185,38,1001
20,218,388443,35.621936,40,1028
20,218,388485,32.753447,42,1029
20,218,388520,32.284426,35,1054
20,218,388569,35.922974,49,1045
20,218,388609,35.114948,40,1037
20,218,388645,21.884358,36,1021
20,218,388681,36.694309,36,1048
20,218,388720,28.454874,39,1045
20,218,388750,32.950651,30,1010
20,218,388785,33.626373,35,1047
20,218,388823,29.924047,38,1005
20,218,388865,38.256309,42,1014
20,218,388907,36.493521,42,1024
20,218,388943,29.066652,36,1045
20,218,388981,28.321389,38,1019
20,218,389016,25.223101,35,1012
20,218,389060,36.184599,44,1004
20,218,389093,34.374187,33,1058
20,218,389134,38.035139,41,1054
20,218,389175,38.723148,41,1049
20,218,389219,28.704458,44,1008
20,218,389256,27.178345,37,1013
20,218,389293,25.945889,37,1036
20,218,389331,27.319002,38,1008
20,218,389371,23.313811,40,1039
20,218,389413,39.583072,42,1015
20,218,389450,14.669168,37,1051
20,218,389484,26.99584,34,1038
20,218,389520,30.159643,36,1042
20,218,389557,32.620332,37,1055
20,218,389591,33.598146,34,1017
20,218,389635,31.021861,44,1041
20,218,389670,40.750245,35,1035
20,218,389710,38.900755,40,1009
20,218,389747,35.281765,37,1006
20,218,389792,33.933751,45,1028
20,218,389827,27.958233,35,1011
20,218,389873,32.516035,46,1004
20,218,389921,38.563054,48,1020
20,218,389959,38.248938,38,1059
20,218,389995,37.552197,36,1039
20,218,390033,43.964972,38,1025
20,218,390074,39.949889,41,1004
20,218,390107,42.71887,33,1028
20,218,390144,44.639535,37,1055
20,218,390182,25.045514,38,1039
20,218,390221,31.63356,39,1012
20,218,390256,28.617936,35,1014
20,218,390295,32.974125,39,1027
20,218,390334,44.559906,39,1050
20,218,390374,39.877615,40,1007
20,218,390414,30.111502,40,1001
20,218,390449,31.368225,35,1035
20,218,390487,42.942145,38,1005
20,218,390528,34.290168,41,1002
20,218,390565,36.124338,37,1001
20,218,390603,34.455769,38,1039
20,218,390644,28.200604,41,1059
20,218,390682,22.700501,38,1057
20,218,390723,42.206492,41,1045
20,218,390761,36.142521,38,1056
20,218,390795,27.01015,34,1005
20,218,390837,40.410717,42,1059
20,218,390872,23.047244,35,1057
20,218,390912,40.223819,40,1055
20,218,390954,43.475347,42,1056
20,218,390993,44.215723,39,1026
20,218,391027,18.937324,34,1021
20,218,391068,26.917177,41,1045
20,218,391102,28.733038,34,1011
20,218,391140,27.906743,38,1044
20,218,391177,26.198653,37,1010
20,218,391212,41.224573,35,1041
20,218,391249,28.471666,37,1019
20,218,391283,36.172091,34,1009
20,218,391320,28.046599,37,1054
20,218,391352,27.762086,32,1017
20,218,391394,27.816452,42,1007
20,218,391431,27.822889,37,1010
20,218,391476,28.948028,45,1035
20,218,391508,40.997392,32,1041
20,218,391547,40.394799,39,1058
20,218,391588,38.494452,41,1036
20,218,391620,18.166077,32,1060
20,218,391655,30.635895,35,1046
20,218,391694,35.988149,39,1015
20,218,391729,24.274556,35,1051
20,218,391768,28.610192,39,1036
20,218,391806,39.045042,38,1059
20,218,391842,33.243051,36,1046
20,218,391881,41.345674,39,1006
20,218,391919,26.12249,38,1012
20,218,391960,35.391681,41,1023
20,218,391992,33.67422,32,1040
20,218,392034,41.681881,42,1004
20,218,392069,36.28002,35,1017
20,218,392103,23.57086,34,1003
20,218,392148,35.427095,45,1018
20,218,392184,25.407686,36,1017
20,218,392230,35.709125,46,1045
20,218,392267,31.411478,37,1034
20,218,392311,29.433732,44,1015
20,218,392353,42.677716,42,1018
20,218,392389,31.186776,36,1027
20,218,392428,29.819484,39,1052
20,218,392463,27.049213,35,1003
20,218,392498,34.703269,35,1039
20,218,392541,35.468634,43,1049
20,218,392582,40.544913,41,1059
20,218,392618,29.458358,36,1040
20,218,392653,40.154065,35,1043
20,218,392691,42.559565,38,1004
20,218,392728,26.989808,37,1036
20,218,392761,30.629011,33,1058
20,218,392796,35.275867,35,1004
20,218,392839,36.435474,43,1049
20,218,392883,30.775449,44,1045
20,218,392926,40.079973,43,1020
20,218,392964,39.685724,38,1015
20,218,393004,35.87696,40,1026
20,218,393042,27.07406,38,1039
20,218,393082,40.219482,40,1049
20,218,393121,25.553276,39,1001
20,218,393158,26.926391,37,1019
20,218,393194,33.02195,36,1027
20,218,393223,38.177094,29,1014
20,218,393267,35.010363,44,1056
20,218,393302,31.713395,35,1013
20,218,393339,32.673372,37,1013
20,218,393375,37.330081,36,1046
20,218,393414,43.780114,39,1026
20,218,393450,25.472968,36,1040
20,218,393489,29.376021,39,1052
20,218,393526,39.223011,37,1037
20,218,393569,27.419463,43,1009
20,218,393608,35.817519,39,1049
20,218,393649,32.056452,41,1024
20,218,393691,33.316219,42,1016
20,218,393725,27.078841,34,1014
20,218,393767,29.327797,42,1021
20,218,393798,37.848551,31,1046
20,218,393837,29.376096,39,1044
20,218,393880,32.55272,43,1006
20,218,393918,28.233103,38,1021
20,218,393966,44.21497,48,1004
20,218,394002,35.372528,36,1002
20,218,394046,39.276411,44,1018
20,218,394079,36.865875,33,1002
20,218,394117,29.922222,38,1052
20,218,394150,28.334531,33,1047
20,218,394186,37.739733,36,1029
20,218,394227,24.474556,41,1027
20,218,394262,33.766765,35,1017
20,218,394299,32.480983,37,1014
20,218,394327,29.824981,28,1052
20,218,394367,38.14213,40,1001
20,218,394404,24.350316,37,1052
20,218,394437,38.947848,33,1042
20,218,394477,31.455375,40,1003
20,218,394512,29.336241,35,1020
20,218,394553,35.135964,41,1007
20,218,394599,39.280041,46,1004
20,218,394643,35.634756,44,1024
20,218,394682,35.277154,39,1032
20,218,394717,25.335028,35,1010
20,218,394747,37.680342,30,1045
20,218,394786,36.076964,39,1037
20,218,394818,18.262812,32,1060
20,218,394854,29.434075,36,1026
20,218,394895,36.110564,41,1043
20,218,394925,38.013738,30,1001
20,218,394963,34.894638,38,1055
20,218,394999,38.827661,36,1043
20,218,395034,28.299835,35,1052
20,218,395068,18.723023,34,1060
20,218,395108,25.829206,40,1019
20,218,395148,28.37504,40,1054
20,218,395187,31.951567,39,1053
20,218,395224,22.778902,37,1053
20,218,395262,41.995108,38,1058
20,218,395300,34.405346,38,1017
20,218,395342,33.43723,42,1055
20,218,395375,28.830626,33,1038
20,218,395413,38.18945,38,1007
20,218,395451,29.147924,38,1041
20,218,395495,26.548723,44,1020
20,218,395537,41.250657,42,1005
20,218,395571,25.10437,34,1019
20,218,395606,20.161018,35,1019
20,218,395644,33.206951,38,1030
20,218,395679,36.171784,35,1035
20,218,395720,22.882893,41,1051
20,218,395753,32.959401,33,1046
20,218,395793,27.153312,40,1057
20,218,395828,24.524063,35,1047
20,218,395870,34.931736,42,1059
20,218,395904,27.104898,34,1008
20,218,395942,30.012857,38,1036
20,218,395983,42.490939,41,1005
20,218,396020,27.316119,37,1039
20,218,396057,40.460204,37,1048
20,218,396099,34.851389,42,1050
20,218,396138,23.635296,39,1060
20,218,396174,25.185546,36,1008
20,218,396210,31.367972,36,1014
20,218,396246,41.771933,36,1026
20,218,396288,43.147244,42,1059
20,218,396328,37.547032,40,1045
20,218,396366,27.75667,38,1044
20,218,396401,27.734158,35,1044
20,218,396435,25.103394,34,1022
20,218,396474,24.089552,39,1034
20,218,396507,25.164398,33,1052
20,218,396548,39.20646,41,1015
20,218,396589,33.39954,41,1040
20,218,396627,36.116148,38,1027
20,218,396663,29.631161,36,1013
20,218,396694,36.270507,31,1034
20,218,396734,41.994059,40,1053
20,218,396773,23.230181,39,1013
20,218,396807,25.470848,34,1030
20,218,396841,40.888718,34,1023
20,218,396876,36.594833,35,1011
20,218,396911,45.338254,35,1034
20,218,396955,25.062705,44,1001
20,218,396992,35.092284,37,1032
20,218,397032,41.997802,40,1049
20,218,397061,32.547439,29,1036
20,218,397107,29.713799,46,1004
20,218,397147,29.968932,40,1053
20,218,397178,28.370432,31,1044
20,218,397222,37.117185,44,1037
20,218,397257,27.378782,35,1035
20,218,397297,27.638351,40,1031
20,218,397333,35.163074,36,1005
20,218,397373,39.61009,40,1020
20,218,397411,39.219467,38,1028
20,218,397450,41.012947,39,1036
20,218,397489,38.699863,39,1027
20,218,397528,35.147051,39,1036
20,218,397562,27.614357,34,1044
20,218,397598,35.647051,36,1018
20,218,397638,33.6565,40,1055
20,218,397672,40.645759,34,1058
20,218,397716,32.797096,44,1016
20,218,397762,36.558952,46,1032
20,218,397797,36.758627,35,1015
20,218,397838,38.76992,41,1006
20,218,397874,28.491435,36,1014
20,218,397911,23.590835,37,1003
20,218,397944,28.165317,33,1041
20,218,397982,34.089738,38,1053
20,218,398016,39.300934,34,1056
20,218,398059,38.214079,43,1045
20,218,398099,27.461638,40,1001
20,218,398134,33.104614,35,1011
20,218,398173,48.099627,39,1032
20,218,398206,29.860888,33,1008
20,218,398248,35.529367,42,1002
20,218,398287,34.42949,39,1006
20,218,398325,25.954769,38,1036
20,218,398364,41.239284,39,1024
20,218,398398,32.661997,34,1012
20,218,398434,35.769479,36,1007
20,218,398472,30.075719,38,1023
20,218,398505,32.611735,33,1008
20,218,398544,32.555305,39,1048
20,218,398577,35.968794,33,1006
20,218,398614,44.047641,37,1005
20,218,398655,27.635052,41,1001
20,218,398695,29.885146,40,1016
20,218,398730,39.838793,35,1024
20,218,398765,28.650656,35,1012
20,218,398799,22.67219,34,1044
20,218,398834,35.190675,35,1054
20,218,398869,33.841025,35,1046
20,218,398910,36.056393,41,1059
20,218,398946,29.355954,36,1043
20,218,398981,27.839269,35,1053
20,218,399018,38.658685,37,1041
20,218,399046,39.355753,28,1035
20,218,399081,40.56788,35,1009
20,218,399118,26.553513,37,1012
20,218,399149,31.762476,31,1047
20,218,399180,31.343769,31,1044
20,218,399215,21.941668,35,1044
20,218,399252,29.033802,37,1051
20,218,399293,24.714105,41,1033
20,218,399330,46.258896,37,1005
20,218,399371,31.54341,41,1017
20,218,399407,29.349255,36,1014
20,218,399442,25.669556,35,1038
20,218,399474,28.520816,32,1044
20,218,399513,33.215461,39,1059
20,218,399543,21.501561,30,1003
20,218,399581,37.814192,38,1040
20,218,399616,43.927072,35,1055
20,218,399658,29.313124,42,1017
20,218,399688,31.499694,30,1030
20,218,399732,35.86721,44,1007
20,218,399769,29.109823,37,1047
20,218,399807,27.230469,38,1044
20,218,399840,40.051844,33,1002
20,218,399878,34.088957,38,1035
20,218,399915,32.513439,37,1031
20,218,399953,35.093069,38,1023
20,218,399992,33.653229,39,1040
20,218,400026,24.159833,34,1057
20,218,400067,29.893565,41,1013
20,218,400104,26.882496,37,1003
20,218,400146,34.363218,42,1001
20,218,400188,41.88628,42,1004
20,218,400226,30.379703,38,1054
20,218,400267,44.932374,41,1032
20,218,400311,34.033637,44,1016
20,218,400351,35.350108,40,1048
20,218,400392,29.199003,41,1053
20,218,400427,34.227363,35,1030
20,218,400464,39.526401,37,1028
20,218,400495,32.956608,31,1037
20,218,400538,38.65189,43,1055
20,218,400574,30.593347,36,1029
20,218,400610,45.886537,36,1006
20,218,400652,44.970719,42,1032
20,218,400697,39.081515,45,1059
20,218,400731,33.223884,34,1002
20,218,400777,28.617329,46,1004
20,218,400817,48.207145,40,1006
20,218,400856,24.233339,39,1012
20,218,400893,41.993225,37,1041
20,218,400924,38.503466,31,1046
20,218,400961,29.633115,37,1041
20,218,400996,33.778471,35,1041
20,218,401029,31.597113,33,1039
20,218,401072,38.657175,43,1059
20,218,401105,28.55554,33,1051
20,218,401146,33.760482,41,1048
20,218,401182,21.895689,36,1008
20,218,401214,30.486192,32,1060
20,218,401243,29.913615,29,1011
20,218,401279,37.145292,36,1009
20,218,401312,31.673269,33,1015
20,218,401353,31.06825,41,1058
20,218,401394,33.801678,41,1002
20,218,401429,34.383842,35,1015
20,218,401466,23.161958,37,1001
20,218,401502,33.385107,36,1011
20,218,401543,35.366281,41,1055
20,218,401583,26.33155,40,1012
20,218,401622,31.919751,39,1023
20,218,401656,45.464269,34,1024
20,218,401695,34.567582,39,1007
20,218,401726,33.681007,31,1002
20,218,401763,31.131594,37,1002
20,218,401801,40.441643,38,1007
20,218,401839,45.590595,38,1026
20,218,401873,30.090052,34,1011
20,218,401907,21.921035,34,1003
20,218,401943,38.38231,36,1024
20,218,401983,30.426373,40,1021
20,218,402024,35.723843,41,1040
20,218,402057,30.904292,33,1023
20,218,402090,39.708616,33,1031
20,218,402130,34.241874,40,1043
20,218,402168,36.907691,38,1049
20,218,402203,36.077473,35,1016
20,218,402241,23.66844,38,1057
20,218,402282,32.481256,41,1005
20,218,402321,36.176147,39,1018
20,218,402368,35.382706,47,1009
20,218,402400,28.496248,32,1044
20,218,402438,29.444699,38,1017
20,218,402472,41.92875,34,1046
20,218,402511,45.957651,39,1032
20,218,402550,31.897531,39,1053
20,218,402587,45.567421,37,1031
20,218,402627,23.931944,40,1051
20,218,402666,24.395541,39,1057
20,218,402702,35.208455,36,1001
20,218,402740,23.793046,38,1008
20,218,402779,21.808496,39,1053
20,218,402816,31.682534,37,1005
20,218,402852,31.055016,36,1010
20,218,402890,25.541076,38,1041
20,218,402927,21.700617,37,1027
20,218,402964,41.328691,37,1002
20,218,402989,46.410121,25,1033
20,218,403024,36.244859,35,1033
20,218,403059,31.964061,35,1017
20,218,403097,27.725059,38,1048
20,218,403138,31.249696,41,1045
20,218,403173,28.297717,35,1001
20,218,403216,33.637719,43,1057
20,218,403258,48.198258,42,1056
20,218,403293,39.926127,35,1042
20,218,403335,36.959543,42,1018
20,218,403373,40.122768,38,1050
20,218,403413,36.00999,40,1025
20,218,403454,41.482792,41,1050
20,218,403487,34.304584,33,1036
20,218,403530,28.705344,43,1009
20,218,403572,35.284388,42,1050
20,218,403617,30.566575,45,1014
20,218,403654,31.669629,37,1044
20,218,403691,39.039957,37,1023
20,218,403730,24.105007,39,1039
20,218,403767,29.210267,37,1052
20,218,403804,39.370099,37,1028
20,218,403843,32.704425,39,1026
20,218,403880,34.346358,37,1047
20,218,403921,32.863718,41,1048
20,218,403958,36.080466,37,1006
20,218,403988,31.740778,30,1015
20,218,404030,39.83526,42,1002
20,218,404072,43.329943,42,1011
20,218,404107,28.055797,35,1051
20,218,404145,25.222148,38,1040
20,218,404185,47.221459,40,1006
20,218,404226,42.999263,41,1005
20,218,404261,32.057477,35,1006
20,218,404295,23.10391,34,1003
20,218,404335,39.56504,40,1032
20,218,404371,41.994182,36,1006
20,218,404409,27.371017,38,1029
20,218,404446,38.646993,37,1059
20,218,404482,26.743768,36,1042
20,218,404524,24.147419,42,1045
20,218,404561,20.773442,37,1029
20,218,404601,39.382321,40,1049
20,218,404635,23.022815,34,1030
20,218,404663,38.840361,28,1024
20,218,404702,41.120726,39,1031
20,218,404736,42.00278,34,1058
20,218,404779,29.366952,43,1021
20,218,404819,37.941544,40,1032
20,218,404856,35.874779,37,1010
20,218,404887,33.88555,31,1039
20,218,404926,31.545994,39,1041
20,218,404964,23.51366,38,1057
20,218,404999,25.195801,35,1060
20,218,405041,33.629891,42,1035
20,218,405076,33.767708,35,1054
20,218,405115,29.749101,39,1037
20,218,405153,28.64092,38,1045
20,218,405194,30.632278,41,1030
20,218,405229,44.705103,35,1026
20,218,405262,31.947869,33,1027
20,218,405293,35.945361,31,1002
20,218,405326,37.066457,33,1042
20,218,405360,32.526913,34,1014
20,218,405395,30.956205,35,1046
20,218,405435,28.790249,40,1008
20,218,405467,30.828141,32,1013
20,218,405505,22.97018,38,1012
20,218,405541,22.712172,36,1060
20,218,405574,25.651911,33,1044
20,218,405621,27.737946,47,1055
20,218,405658,27.856983,37,1019
20,218,405692,27.876507,34,1027
20,218,405732,29.436834,40,1008
20,218,405767,28.220261,35,1057
20,218,405803,34.054685,36,1017
20,218,405839,24.682617,36,1019
20,218,405871,40.222993,32,1042
20,218,405912,33.405574,41,1056
20,218,405952,36.196627,40,1037
20,218,405985,28.016024,33,1051
20,218,406019,30.561261,34,1054
20,218,406059,30.502308,40,1047
20,218,406096,17.984456,37,1052
20,218,406133,35.515355,37,1002
20,218,406171,35.252821,38,1011
20,218,406207,26.425586,36,1003
20,218,406242,32.251205,35,1027
20,218,406275,28.303862,33,1030
20,218,406316,30.574786,41,1053
20,218,406352,32.232865,36,1013
20,218,406386,43.706258,34,1031
20,218,406425,28.359446,39,1008
20,218,406474,37.054996,49,1016
20,218,406512,32.035958,38,1046
20,218,406556,32.000828,44,1037
20,218,406589,32.364067,33,1014
20,218,406624,27.172807,35,1003
20,218,406672,30.551902,48,1016
20,218,406709,31.183531,37,1013
20,218,406749,28.867009,40,1040
20,218,406789,44.914433,40,1050
20,218,406822,30.545047,33,1033
20,218,406865,42.483397,43,1055
20,218,406902,18.444143,37,1035
20,218,406943,33.042599,41,1021
20,218,406976,35.657893,33,1039
20,218,407011,32.782587,35,1008
20,218,407046,26.249708,35,1053
20,218,407073,39.00892,27,1015
20,218,407108,42.283799,35,1018
20,218,407141,40.271016,33,1024
20,218,407182,37.606869,41,1024
20,218,407210,23.81757,28,1030
20,218,407246,35.839635,36,1037
20,218,407278,28.563603,32,1013
20,218,407318,36.424191,40,1031
20,218,407354,31.400162,36,1027
20,218,407395,37.216932,41,1055
20,218,407431,23.274569,36,1030
20,218,407475,40.435403,44,1032
20,218,407513,33.571215,38,1047
20,218,407554,31.874767,41,1011
20,218,407588,29.280606,34,1038
20,218,407625,32.444139,37,1045
20,218,407660,34.912386,35,1046
20,218,407700,34.930118,40,1001
20,218,407736,31.919803,36,1026
20,218,407777,38.068375,41,1043
20,218,407809,40.517854,32,1024
20,218,407846,42.050968,37,1007
20,218,407886,39.712193,40,1024
20,218,407921,34.013958,35,1017
20,218,407954,29.500102,33,1038
20,218,407989,28.209217,35,1031
20,218,408019,28.310201,30,1052
20,218,408053,36.612512,34,1034
20,218,408094,38.428774,41,1006
20,218,408134,32.899838,40,1055
20,218,408166,28.845434,32,1014
20,218,408204,23.387754,38,1053
20,218,408240,40.336219,36,1027
20,218,408277,41.263278,37,1058
20,218,408319,44.757071,42,1037
20,218,408354,37.918884,35,1036
20,218,408393,36.211299,39,1024
20,218,408430,43.465332,37,1011
20,218,408462,35.568594,32,1037
20,218,408498,32.628922,36,1008
20,218,408538,34.107749,40,1055
20,218,408578,39.027449,40,1032
20,218,408619,31.60993,41,1036
20,218,408656,25.024714,37,1039
20,218,408699,38.216565,43,1032
20,218,408734,40.122249,35,1011
20,218,408769,39.111333,35,1046
20,218,408809,37.672468,40,1036
20,218,408845,30.459356,36,1035
20,218,408880,26.729989,35,1044
20,218,408913,36.051726,33,1033
20,218,408947,37.39113,34,1037
20,218,408983,32.974289,36,1023
20,218,409023,29.672607,40,1008
20,218,409059,24.614845,36,1008
20,218,409096,36.769551,37,1042
20,218,409133,37.698982,37,1043
20,218,409172,42.159831,39,1056
20,218,409211,33.52855,39,1027
20,218,409249,26.887354,38,1057
20,218,409283,34.414598,34,1038
20,218,409319,31.620466,36,1026
20,218,409355,35.003797,36,1024
20,218,409393,48.419729,38,1006
20,218,409428,34.717693,35,1058
20,218,409470,28.102601,42,1033
20,218,409502,33.481959,32,1013
20,218,409540,32.871448,38,1037
20,218,409578,29.861364,38,1033
20,218,409623,29.963649,45,1007
20,218,409658,35.470871,35,1047
20,218,409695,34.929897,37,1048
20,218,409725,30.759576,30,1003
20,218,409763,41.981869,38,1009
20,218,409800,28.685534,37,1048
20,218,409839,39.304488,39,1048
20,218,409882,38.198842,43,1032
20,218,409919,30.178591,37,1039
20,218,409961,27.869574,42,1019
20,218,409998,39.927682,37,1039
20,218,410038,26.219052,40,1015
20,218,410073,36.278314,35,1033
20,218,410107,38.481609,34,1033
20,218,410140,33.470288,33,1017
20,218,410178,39.530329,38,1045
20,218,410219,30.793887,41,1027
20,218,410269,39.393839,50,1004
20,218,410303,31.189896,34,1027
20,218,410341,35.051107,38,1017
20,218,410378,38.331714,37,1025
20,218,410411,25.801994,33,1039
20,218,410450,39.917894,39,1002
20,218,410483,41.334751,33,1025
20,218,410521,25.09748,38,1003
20,218,410552,36.09511,31,1013
20,218,410589,42.493751,37,1056
20,218,410625,26.464786,36,1013
20,218,410666,38.162144,41,1016
20,218,410710,36.404527,44,1003
20,218,410751,44.073068,41,1020
20,218,410790,27.095999,39,1057
20,218,410825,35.61029,35,1024
20,218,410868,38.997363,43,1004
20,218,410898,31.91576,30,1013
20,218,410932,34.59019,34,1028
20,218,410972,28.457878,40,1021
20,218,411009,35.828754,37,1048
20,218,411045,31.286086,36,1044
20,218,411091,35.541817,46,1021
20,218,411132,34.879737,41,1041
20,218,411172,41.913613,40,1055
20,218,411216,35.929095,44,1020
20,218,411254,35.100815,38,1055
20,218,411290,35.120453,36,1054
20,218,411330,38.355067,40,1025
20,218,411362,24.566084,32,1012
20,218,411401,37.262012,39,1057
20,218,411440,25.190954,39,1044
20,218,411481,26.806837,41,1045
20,218,411516,43.441029,35,1015
20,218,411553,31.854857,37,1050
20,218,411596,36.946472,43,1042
20,218,411637,23.0321,41,1012
20,218,411674,30.097401,37,1012
20,218,411714,33.14707,40,1011
20,218,411752,28.722745,38,1015
20,218,411797,29.110319,45,1040
20,218,411833,41.339538,36,1049
20,218,411876,32.024738,43,1027
20,218,411913,33.724357,37,1023
20,218,411959,36.864136,46,1007
20,218,412002,33.231918,43,1014
20,218,412035,29.616312,33,1002
20,218,412071,29.564233,36,1023
20,218,412115,36.238304,44,1025
20,218,412150,41.418002,35,1037
20,218,412195,39.290603,45,1016
20,218,412236,38.040935,41,1050
20,218,412276,30.555043,40,1033
20,218,412317,30.112454,41,1018
20,218,412354,34.884495,37,1056
20,218,412395,31.432891,41,1029
20,218,412429,26.580869,34,1003
20,218,412463,35.326957,34,1034
20,218,412503,42.703612,40,1028
20,218,412545,29.887306,42,1026
20,218,412581,29.203579,36,1042
20,218,412619,30.217577,38,1027
20,218,412660,33.128313,41,1025
20,218,412692,26.287392,32,1051
20,218,412733,34.942289,41,1040
20,218,412777,38.852344,44,1006
20,218,412816,35.338798,39,1001
20,218,412845,27.051861,29,1030
20,218,412887,37.938631,42,1020
20,218,412927,44.445875,40,1020
20,218,412964,51.020956,37,1050
20,218,412998,27.728507,34,1019
20,218,413035,34.553877,37,1016
20,218,413074,33.204119,39,1047
20,218,413113,30.450731,39,1052
20,218,413154,29.437426,41,1053
20,218,413188,28.906428,34,1027
20,218,413225,27.818404,37,1057
20,218,413266,21.496456,41,1047
20,218,413298,34.851784,32,1038
20,218,413333,34.18647,35,1042
20,218,413369,39.934282,36,1042
20,218,413404,32.506488,35,1031
20,218,413440,24.508001,36,1055
20,218,413482,45.318701,42,1032
20,218,413514,36.899701,32,1046
20,218,413557,36.320402,43,1049
20,218,413604,30.809766,47,1032
20,218,413638,40.611585,34,1058
20,218,413678,27.503532,40,1001
20,218,413712,24.210388,34,1047
20,218,413743,25.047884,31,1039
20,218,413778,31.698622,35,1039
20,218,413817,35.774968,39,1035
20,218,413851,27.000802,34,1029
20,218,413892,23.85823,41,1057
20,218,413933,29.64607,41,1002
20,218,413977,40.012128,44,1028
20,218,414013,31.287664,36,1054
20,218,414050,39.323841,37,1042
20,218,414083,36.009204,33,1046
20,218,414115,18.906748,32,1060
20,218,414148,32.701654,33,1010
20,218,414180,33.567242,32,1013
20,218,414228,28.625004,48,1045
20,218,414273,38.918638,45,1024
20,218,414313,31.174505,40,1030
20,218,414349,36.054653,36,1022
20,218,414388,26.440064,39,1055
20,218,414427,35.127949,39,1046
20,218,414468,32.49257,41,1016
20,218,414507,37.53097,39,1022
20,218,414545,36.454735,38,1016
20,218,414581,43.120624,36,1059
20,218,414613,25.8333,32,1052
20,218,414654,32.304589,41,1053
20,218,414690,37.955072,36,1006
20,218,414728,33.73189,38,1037
20,218,414773,44.958257,45,1032
20,218,414816,36.72888,43,1028
20,218,414845,23.660344,29,1044
20,218,414880,43.519232,35,1042
20,218,414923,34.713334,43,1031
20,218,414958,18.858625,35,1051
20,218,414997,27.946462,39,1027
20,218,415031,37.5488,34,1037
20,218,415071,30.539478,40,1001
20,218,415109,30.1075,38,1014
20,218,415147,32.03344,38,1052
20,218,415190,36.895881,43,1042
20,218,415229,29.934575,39,1008
20,218,415272,25.240539,43,1044
20,218,415315,46.368037,43,1032
20,218,415352,30.707198,37,1003
20,218,415388,37.079609,36,1011
20,218,415424,22.675346,36,1010
20,218,415465,27.359266,41,1015
20,218,415498,33.223194,33,1043
20,218,415534,36.824627,36,1028
20,218,415574,30.279306,40,1027
20,218,415614,46.261369,40,1028
20,218,415645,30.069056,31,1022
20,218,415681,35.583497,36,1039
20,218,415714,23.862536,33,1017
20,218,415746,27.203363,32,1048
20,218,415785,38.158149,39,1025
20,218,415815,32.18326,30,1054
20,218,415858,40.378558,43,1059
20,218,415891,31.020404,33,1030
20,218,415934,28.851517,43,1021
20,218,415981,29.69755,47,1027
20,218,416021,26.454091,40,1027
20,218,416060,33.663505,39,1037
20,218,416100,30.61346,40,1041
20,218,416135,32.660258,35,1053
20,218,416172,29.956781,37,1026
20,218,416210,27.888914,38,1008
20,218,416248,32.739898,38,1006
20,218,416281,25.349953,33,1030
20,218,416318,38.438833,37,1006
20,218,416354,31.359468,36,1052
20,218,416393,25.208838,39,1044
20,218,416429,27.12245,36,1022
20,218,416466,32.176007,37,1010
20,218,416506,26.285446,40,1017
20,218,416537,32.585751,31,1039
20,218,416580,40.455975,43,1025
20,218,416625,39.965295,45,1055
20,218,416667,38.078094,42,1004
20,218,416706,33.315773,39,1037
20,218,416741,29.816209,35,1013
20,218,416778,33.345777,37,1018
20,218,416813,29.615793,35,1013
20,218,416853,34.989806,40,1017
20,218,416893,39.239766,40,1006
20,218,416930,30.027037,37,1005
20,218,416959,30.18526,29,1057
20,218,416991,35.237151,32,1011
20,218,417037,44.202273,46,1018
20,218,417075,30.975672,38,1041
20,218,417109,24.837724,34,1038
20,218,417140,27.985275,31,1022
20,218,417173,31.91111,33,1014
20,218,417214,35.524176,41,1009
20,218,417252,28.178741,38,1015
20,218,417297,28.092536,45,1047
20,218,417336,35.012013,39,1046
20,218,417376,29.261184,40,1001
20,218,417409,27.275234,33,1019
20,218,417446,27.807178,37,1051
20,218,417489,31.992762,43,1018
20,218,417527,41.206095,38,1024
20,218,417563,35.741933,36,1033
20,218,417595,39.033077,32,1048
20,218,417629,36.194302,34,1021
20,218,417659,44.406338,30,1009
20,218,417696,30.706783,37,1029
20,218,417727,29.879841,31,1029
20,218,417767,32.674999,40,1041
20,218,417808,30.140195,41,1027
20,218,417852,41.36659,44,1032
20,218,417893,37.562571,41,1049
20,218,417930,34.945196,37,1008
20,218,417968,34.729245,38,1002
20,218,418009,31.912756,41,1027
20,218,418050,40.567162,41,1028
20,218,418081,25.187109,31,1060
20,218,418114,29.393856,33,1054
20,218,418149,20.682753,35,1051
20,218,418189,46.19965,40,1004
20,218,418232,36.537707,43,1029
20,218,418272,36.336177,40,1023
20,218,418299,35.264289,27,1052
20,218,418331,37.861837,32,1038
20,218,418375,26.060065,44,1045
20,218,418410,32.358538,35,1046
20,218,418451,27.958037,41,1035
20,218,418486,36.545926,35,1042
20,218,418525,35.640883,39,1048
20,218,418561,41.025027,36,1004
20,218,418596,26.137717,35,1015
20,218,418634,29.749544,38,1057
20,218,418673,35.445711,39,1015
20,218,418708,34.218022,35,1034
20,218,418749,37.406311,41,1045
20,218,418788,21.148123,39,1048
20,218,418827,28.045088,39,1039
20,218,418870,26.619844,43,1012
20,218,418911,38.082682,41,1032
20,218,418951,30.641379,40,1043
20,218,418989,36.401828,38,1049
20,218,419027,43.68857,38,1059
20,218,419066,27.276266,39,1014
20,218,419098,36.518028,32,1044
20,218,419140,39.988308,42,1015
20,218,419178,20.316465,38,1053
20,218,419222,34.747018,44,1028
20,218,419256,29.649122,34,1017
20,218,419291,29.962026,35,1033
20,218,419333,29.490522,42,1018
20,218,419368,35.790256,35,1022
20,218,419411,37.782219,43,1004
20,218,419456,34.89801,45,1016
20,218,419487,36.351966,31,1007
20,218,419524,38.039461,37,1037
20,218,419557,31.848843,33,1053
20,218,419595,35.518345,38,1055
20,218,419630,39.454677,35,1004
20,218,419671,32.438725,41,1025
20,218,419701,29.327346,30,1054
20,218,419737,38.540912,36,1042
20,218,419772,38.571779,35,1040
20,218,419807,32.335768,35,1036
20,218,419844,35.754574,37,1017
20,218,419884,40.036785,40,1056
20,218,419924,30.794915,40,1035
20,218,419962,25.536764,38,1051
20,218,420005,44.52782,43,1049
20,218,420043,43.68845,38,1011
20,218,420082,34.516589,39,1029
20,218,420126,37.386822,44,1048
20,218,420165,45.590166,39,1009
20,218,420201,39.524071,36,1026
20,218,420234,33.689452,33,1038
20,218,420271,31.036491,37,1038
20,218,420307,27.469018,36,1013
20,218,420340,27.466193,33,1008
20,218,420379,33.396894,39,1006
20,218,420414,30.835275,35,1042
20,218,420449,39.034876,35,1024
20,218,420487,33.945891,38,1005
20,218,420518,33.508774,31,1056
20,218,420554,27.970968,36,1040
20,218,420589,30.675837,35,1037
20,218,420633,28.099211,44,1020
20,218,420665,32.557418,32,1007
20,218,420701,27.269548,36,1034
20,218,420736,29.266717,35,1036
20,218,420771,17.07524,35,1051
20,218,420804,33.708704,33,1034
20,218,420845,39.770241,41,1024
20,218,420890,33.952683,45,1045
20,218,420933,44.114552,43,1028
20,218,420969,28.497918,36,1011
20,218,421013,32.063288,44,1009
20,218,421049,25.939804,36,1044
20,218,421085,32.845493,36,1047
20,218,421121,43.853164,36,1009
20,218,421161,28.615855,40,1043
20,218,421198,27.239696,37,1011
20,218,421236,31.688649,38,1048
20,218,421275,32.389678,39,1002
20,218,421309,26.724636,34,1021
20,218,421350,36.061674,41,1005
20,218,421390,38.665877,40,1032
20,218,421428,18.882135,38,1040
20,218,421467,34.907481,39,1047
20,218,421507,35.566145,40,1005
20,218,421547,41.583586,40,1020
20,218,421584,46.847908,37,1032
20,218,421618,23.696229,34,1003
20,218,421658,27.809063,40,1022
20,218,421693,29.125225,35,1003
20,218,421730,29.17289,37,1046
20,218,421778,28.585871,48,1007
20,218,421820,44.611115,42,1015
20,218,421861,38.989899,41,1006
20,218,421898,21.03069,37,1053
20,218,421935,33.846611,37,1027
20,218,421972,33.745921,37,1052
20,218,422009,22.733595,37,1008
20,218,422051,31.586427,42,1020
20,218,422096,31.749207,45,1016
20,218,422130,37.927681,34,1009
20,218,422169,43.388738,39,1024
20,218,422209,29.553932,40,1041
20,218,422256,29.286547,47,1004
20,218,422295,32.091274,39,1020
20,218,422327,33.397776,32,1038
20,218,422364,32.12395,37,1023
20,218,422405,28.407851,41,1035
20,218,422442,34.093979,37,1015
20,218,422484,36.518475,42,1048
20,218,422521,43.783352,37,1059
20,218,422558,41.420684,37,1026
20,218,422594,25.302402,36,1045
20,218,422630,31.207495,36,1014
20,218,422671,38.748307,41,1032
20,218,422710,22.982373,39,1012
20,218,422745,23.797453,35,1054
20,218,422784,31.008372,39,1052
20,218,422825,34.403687,41,1036
20,218,422864,29.80073,39,1014
20,218,422910,28.29524,46,1045
20,218,422943,33.315628,33,1030
20,218,422978,29.515707,35,1003
20,218,423014,26.700676,36,1052
20,218,423054,42.826983,40,1032
20,218,423092,39.001976,38,1039
20,218,423133,40.997675,41,1032
20,218,423170,34.971754,37,1041
20,218,423202,27.780742,32,1060
20,218,423238,31.608312,36,1009
20,218,423281,37.390647,43,1006
20,218,423314,34.212067,33,1012
20,218,423347,34.678363,33,1038
20,218,423380,36.706876,33,1035
20,218,423419,43.162315,39,1006
20,218,423456,34.687334,37,1001
20,218,423503,37.964096,47,1016
20,218,423541,25.975363,38,1057
20,218,423581,42.892052,40,1056
20,218,423622,37.407656,41,1031
20,218,423667,18.954702,45,1047
20,218,423707,30.753648,40,1047
20,218,423747,44.335542,40,1049
20,218,423782,42.39674,35,1056
20,218,423816,28.214983,34,1017
20,218,423855,30.334367,39,1009
20,218,423892,24.77112,37,1029
20,218,423930,32.06578,38,1010
20,218,423964,42.253227,34,1026
20,218,424002,40.595317,38,1056
20,218,424036,50.435658,34,1032
20,218,424072,33.547574,36,1055
20,218,424108,42.333922,36,1056
20,218,424137,31.809304,29,1057
20,218,424180,40.624443,43,1009
20,218,424211,27.716297,31,1060
20,218,424251,36.844088,40,1002
20,218,424288,37.497402,37,1050
20,218,424326,38.868752,38,1056
20,218,424365,32.064625,39,1016
20,218,424405,31.9548,40,1029
20,218,424443,33.446574,38,1021
20,218,424481,37.616078,38,1059
20,218,424525,41.140682,44,1045
20,218,424564,30.044188,39,1026
20,218,424600,41.3066,36,1025
20,218,424643,39.87553,43,1050
20,218,424677,32.838261,34,1047
20,218,424712,34.771195,35,1028
20,218,424757,41.190819,45,1016
20,218,424800,36.351561,43,1002
20,218,424842,41.310936,42,1032
20,218,424877,29.611929,35,1040
20,218,424912,35.929283,35,1007
20,218,424951,39.887585,39,1024
20,218,424989,34.516807,38,1039
20,218,425023,36.719164,34,1034
20,218,425056,26.239735,33,1043
20,218,425095,36.385632,39,1018
20,218,425129,34.072321,34,1038
20,218,425169,37.307486,40,1026
20,218,425207,35.213152,38,1010
20,218,425243,31.317289,36,1041
20,218,425278,26.240615,35,1008
20,218,425314,29.629282,36,1052
20,218,425351,38.008138,37,1052
20,218,425389,31.491192,38,1042
20,218,425432,39.80513,43,1016
20,218,425475,33.989943,43,1042
20,218,425517,33.660959,42,1056
20,218,425554,21.103225,37,1060
20,218,425584,28.737231,30,1057
20,218,425617,33.714504,33,1027
20,218,425655,38.264016,38,1048
20,218,425695,36.141226,40,1005
20,218,425735,25.868642,40,1017
20,218,425772,23.811273,37,1001
20,218,425812,29.154386,40,1040
20,218,425845,36.858365,33,1033
20,218,425888,39.672089,43,1006
20,218,425925,32.399295,37,1010
20,218,425962,33.796478,37,1022
20,218,426000,33.184698,38,1051
20,218,426039,20.879621,39,1003
20,218,426078,40.587286,39,1024
20,218,426113,21.049739,35,1044
20,218,426143,31.689436,30,1033
20,218,426178,25.666998,35,1060
20,218,426221,21.66652,43,1035
20,218,426262,47.409848,41,1004
20,218,426296,37.318246,34,1005
20,218,426336,34.100787,40,1004
20,218,426375,33.649987,39,1002
20,218,426412,31.975604,37,1005
20,218,426447,30.280054,35,1013
20,218,426485,46.955461,38,1046
20,218,426520,33.811698,35,1011
20,218,426560,23.814171,40,1021
20,218,426591,35.57968,31,1038
20,218,426629,40.247986,38,1028
20,218,426674,31.767545,45,1055
20,218,426709,30.214087,35,1001
20,218,426748,29.214151,39,1003
20,218,426784,32.444194,36,1041
20,218,426823,31.116407,39,1008
20,218,426865,32.547165,42,1031
20,218,426902,41.194991,37,1050
20,218,426939,21.747441,37,1051
20,218,426983,26.074883,44,1003
20,218,427021,39.658222,38,1058
20,218,427056,22.600719,35,1035
20,218,427091,28.11302,35,1044
20,218,427128,24.0922,37,1014
20,218,427164,22.856789,36,1008
20,218,427199,35.668813,35,1012
20,218,427242,37.374563,43,1025
20,218,427284,35.903732,42,1002
20,218,427325,35.714772,41,1016
20,218,427366,35.85516,41,1047
20,218,427403,19.378719,37,1051
20,218,427437,34.695962,34,1013
20,218,427480,42.405742,43,1004
20,218,427521,33.164034,41,1050
20,218,427567,39.151753,46,1009
20,218,427605,33.003018,38,1023
20,218,427646,35.263711,41,1002
20,218,427689,34.439733,43,1001
20,218,427729,36.546476,40,1018
20,218,427767,25.667122,38,1009
20,218,427808,38.207205,41,1055
20,218,427846,43.964724,38,1058
20,218,427882,32.258755,36,1027
20,218,427921,34.134852,39,1011
20,218,427956,29.96787,35,1008
20,218,427997,33.108327,41,1016
20,218,428032,30.287317,35,1008
20,218,428073,34.997976,41,1046
20,218,428118,44.436621,45,1006
20,218,428159,31.788946,41,1031
20,218,428205,33.522218,46,1036
20,218,428242,37.644859,37,1015
20,218,428279,37.539047,37,1015
20,218,428314,41.401988,35,1025
20,218,428355,34.477521,41,1039
20,218,428399,33.138048,44,1018
20,218,428435,27.656686,36,1036
20,218,428470,33.15308,35,1055
20,218,428511,39.137869,41,1028
20,218,428550,46.15256,39,1032
20,218,428592,20.803373,42,1040
20,218,428628,28.485752,36,1029
20,218,428661,31.084892,33,1039
20,218,428695,33.893322,34,1042
20,218,428732,42.582484,37,1055
20,218,428770,33.529907,38,1018
20,218,428809,30.969227,39,1029
20,218,428852,43.498331,43,1025
20,218,428892,39.691179,40,1028
20,218,428930,39.808703,38,1058
20,218,428967,40.639348,37,1050
20,218,429006,20.989885,39,1014
20,218,429039,27.77035,33,1030
20,218,429069,26.439773,30,1044
20,218,429109,35.103115,40,1014
20,218,429149,35.357728,40,1005
20,218,429192,39.176647,43,1028
20,218,429231,35.624202,39,1001
20,218,429271,35.493243,40,1028
20,218,429308,26.285394,37,1008
20,218,429348,25.198007,40,1051
20,218,429391,38.305156,43,1050
20,218,429426,30.500028,35,1047
20,218,429461,34.48922,35,1011
20,218,429496,31.015673,35,1034
20,218,429535,34.26791,39,1023
20,218,429574,26.968252,39,1035
20,218,429617,36.386407,43,1016
20,218,429653,32.3965,36,1019
20,218,429686,40.674918,33,1011
20,218,429723,25.451233,37,1039
20,218,429764,29.215649,41,1035
20,218,429798,37.73314,34,1007
20,218,429835,21.575425,37,1003
20,218,429877,35.792443,42,1021
20,218,429918,37.770856,41,1028
20,218,429961,38.175021,43,1058
20,218,429999,29.674762,38,1008
20,218,430038,40.747244,39,1026
20,218,430070,26.69085,32,1015
20,218,430106,34.965858,36,1027
20,218,430149,28.938714,43,1036
20,218,430187,21.281882,38,1057
20,218,430225,38.431427,38,1031
20,218,430264,41.61263,39,1009
20,218,430303,31.403622,39,1042
20,218,430342,30.609808,39,1039
20,218,430382,41.573481,40,1056
20,218,430424,28.408134,42,1039
20,218,430454,39.584284,30,1045
20,218,430499,26.832359,45,1016
20,218,430535,32.851949,36,1053
20,218,430572,29.807,37,1052
20,218,430617,36.113388,45,1016
20,218,430656,38.263341,39,1046
20,218,430696,29.043509,40,1050
20,218,430734,40.748897,38,1031
20,218,430769,25.353676,35,1014
20,218,430806,21.286272,37,1003
20,218,430837,25.289747,31,1030
20,218,430873,31.601445,36,1041
20,218,430902,28.378596,29,1036
20,218,430938,32.40767,36,1037
20,218,430975,24.247516,37,1008
20,218,431009,30.100754,34,1052
20,218,431047,37.97931,38,1025
20,218,431082,24.535157,35,1047
20,218,431126,31.439739,44,1016
20,218,431163,39.275225,37,1042
20,218,431203,32.99681,40,1016
20,218,431243,37.276345,40,1045
20,218,431278,25.264186,35,1039
20,218,431312,29.33133,34,1012
20,218,431343,26.87621,31,1051
20,218,431388,37.218145,45,1001
20,218,431426,29.979765,38,1055
20,218,431467,34.960855,41,1002
20,218,431501,38.145422,34,1017
20,218,431542,29.027659,41,1028
20,218,431581,36.68663,39,1018
20,218,431617,26.284608,36,1051
20,218,431652,33.272443,35,1050
20,218,431686,34.1084,34,1038
20,218,431726,39.656136,40,1048
20,218,431761,30.77454,35,1012
20,218,431799,28.638241,38,1042
20,218,431844,31.731716,45,1020
20,218,431885,26.916775,41,1021
20,218,431914,33.316655,29,1027
20,218,431943,33.051262,29,1017
20,218,431982,28.225667,39,1051
20,218,432028,30.302127,46,1021
20,218,432070,42.583428,42,1004
20,218,432113,30.723305,43,1031
20,218,432150,33.511538,37,1036
20,218,432184,30.917081,34,1037
20,218,432221,26.693634,37,1060
20,218,432254,23.33304,33,1011
20,218,432291,21.407792,37,1060
20,218,432335,27.605568,44,1016
20,218,432380,33.889187,45,1036
20,218,432420,35.349152,40,1017
20,218,432457,24.483664,37,1035
20,218,432490,20.57576,33,1030
20,218,432531,35.060678,41,1020
20,218,432567,37.738108,36,1026
20,218,432610,30.927742,43,1009
20,218,432656,23.265244,46,1015
20,218,432689,31.113586,33,1053
20,218,432725,37.511203,36,1046
20,218,432766,40.250721,41,1007
20,218,432803,35.517123,37,1049
20,218,432842,34.560003,39,1010
20,218,432888,42.148893,46,1032
20,218,432932,46.027143,44,1025
20,218,432975,35.825933,43,1018
20,218,433014,29.183595,39,1048
20,218,433049,39.901672,35,1006
20,218,433089,35.13084,40,1039
20,218,433129,26.175566,40,1012
20,218,433163,36.572991,34,1022
20,218,433203,34.132178,40,1001
20,218,433237,38.544263,34,1015
20,218,433271,33.005597,34,1004
20,218,433309,30.417675,38,1045
20,218,433341,36.574053,32,1040
20,218,433384,31.896738,43,1041
20,218,433426,27.50124,42,1020
20,218,433470,34.50088,44,1029
20,218,433509,39.685086,39,1059
20,218,433549,34.697967,40,1018
20,218,433592,36.857125,43,1055
20,218,433629,34.471553,37,1053
20,218,433668,40.006732,39,1006
20,218,433702,25.927768,34,1038
20,218,433737,23.175484,35,1060
20,218,433776,35.472883,39,1014
20,218,433817,28.675259,41,1023
20,218,433863,42.29167,46,1006
20,218,433906,30.711909,43,1041
20,218,433940,24.603662,34,1008
20,218,433972,36.276808,32,1046
20,218,434016,28.476549,44,1001
20,218,434052,43.155735,36,1056
20,218,434090,28.074822,38,1040
20,218,434128,31.511935,38,1036
20,218,434171,42.779445,43,1059
20,218,434206,33.495317,35,1016
20,218,434246,36.907104,40,1018
20,218,434282,31.837741,36,1044
20,218,434318,34.8979,36,1046
20,218,434349,36.185432,31,1001
20,218,434395,27.07966,46,1035
20,218,434434,35.711315,39,1029
20,218,434466,38.938982,32,1055
20,218,434507,31.225061,41,1034
20,218,434543,28.780446,36,1030
20,218,434582,26.250889,39,1047
20,218,434624,26.839966,42,1019
20,218,434665,36.159825,41,1018
20,218,434699,39.795706,34,1022
20,218,434733,41.583203,34,1014
20,218,434773,34.60551,40,1010
20,218,434818,35.015904,45,1001
20,218,434861,31.870338,43,1021
20,218,434901,37.90118,40,1007
20,218,434937,29.177493,36,1057
20,218,434977,43.242498,40,1009
20,218,435020,45.201425,43,1009
20,218,435058,31.348602,38,1047
20,218,435096,27.757842,38,1008
20,218,435126,31.401031,30,1017
20,218,435156,33.157545,30,1054
20,218,435194,26.908621,38,1051
20,218,435239,33.220577,45,1035
20,218,435276,29.083813,37,1019
20,218,435320,34.66694,44,1041
20,218,435355,30.906491,35,1011
20,218,435395,39.368713,40,1050
20,218,435428,34.071613,33,1024
20,218,435467,35.218686,39,1001
20,218,435506,42.596397,39,1025
20,218,435540,39.518898,34,1024
20,218,435579,28.55204,39,1036
20,218,435614,27.329838,35,1008
20,218,435662,40.13724,48,1028
20,218,435697,25.445929,35,1060
20,218,435731,35.747551,34,1013
20,218,435770,35.667423,39,1020
20,218,435807,33.865577,37,1016
20,218,435852,39.936182,45,1004
20,218,435885,34.769187,33,1013
20,218,435922,32.514146,37,1042
20,218,435964,27.4664,42,1053
20,218,436004,39.873554,40,1031
20,218,436043,31.421162,39,1023
20,218,436084,32.952781,41,1056
20,218,436117,34.573831,33,1037
20,218,436155,32.998794,38,1010
20,218,436182,37.958079,27,1007
20,218,436222,39.254732,40,1059
20,218,436257,30.439641,35,1008
20,218,436301,29.626909,44,1048
20,218,436342,31.355713,41,1057
20,218,436384,35.21681,42,1041
20,218,436422,46.74756,38,1041
20,218,436460,37.238555,38,1015
20,218,436502,23.754307,42,1040
20,218,436540,36.330194,38,1046
20,218,436577,32.998106,37,1022
20,218,436619,30.460469,42,1016
20,218,436662,43.566607,43,1049
20,218,436702,34.191745,40,1031
20,218,436736,27.827974,34,1047
20,218,436771,37.695562,35,1023
20,218,436814,41.272732,43,1045
20,218,436847,26.445743,33,1051
20,218,436880,30.407097,33,1027
20,218,436913,38.744771,33,1031
20,218,436957,30.798045,44,1021
20,218,436993,32.981582,36,1013
20,218,437027,39.509836,34,1002
20,218,437069,40.947997,42,1004
20,218,437108,26.756318,39,1019
20,218,437143,28.231499,35,1018
20,218,437178,31.728646,35,1053
20,218,437208,25.722938,30,1030
20,218,437250,37.741783,42,1035
20,218,437284,36.028893,34,1043
20,218,437329,34.67349,45,1020
20,218,437364,31.910158,35,1031
20,218,437396,27.757419,32,1001
20,218,437434,37.890256,38,1052
20,218,437475,39.473336,41,1028
20,218,437515,40.279171,40,1045
20,218,437553,44.585992,38,1004
20,218,437598,30.871983,45,1028
20,218,437637,34.004332,39,1050
20,218,437674,36.02399,37,1054
20,218,437712,35.556305,38,1059
20,218,437752,49.080614,40,1032
20,218,437788,33.336555,36,1036
20,218,437834,32.312701,46,1004
20,218,437868,21.378056,34,1008
20,218,437905,32.19914,37,1011
20,218,437941,31.984446,36,1008
20,218,437974,31.68983,33,1017
20,218,438013,29.721328,39,1029
20,218,438050,31.402731,37,1033
20,218,438085,33.34928,35,1047
20,218,438125,44.319819,40,1028
20,218,438158,34.875867,33,1031
20,218,438193,27.368043,35,1052
20,218,438227,43.893271,34,1059
20,218,438264,24.960659,37,1012
20,218,438303,35.106323,39,1010
20,218,438345,34.648998,42,1037
20,218,438385,26.071039,40,1013
20,218,438424,22.706878,39,1051
20,218,438458,31.2378,34,1054
20,218,438492,33.515673,34,1014
20,218,438527,41.548669,35,1024
20,218,438566,31.712591,39,1039
20,218,438603,31.8059,37,1012
20,218,438638,33.795921,35,1030
20,218,438673,32.884289,35,1010
20,218,438717,23.390572,44,1049
20,218,438758,32.113938,41,1055
20,218,438797,32.177579,39,1055
20,218,438841,28.398221,44,1037
20,218,438880,33.31219,39,1042
20,218,438913,24.867907,33,1060
20,218,438951,26.44172,38,1036
20,218,438990,26.227293,39,1018
20,218,439028,34.195631,38,1006
20,218,439068,36.129296,40,1020
20,218,439115,32.840499,47,1018
20,218,439154,30.309684,39,1037
20,218,439193,34.604163,39,1036
20,218,439237,40.297414,44,1059
20,218,439273,43.641288,36,1025
20,218,439307,37.336537,34,1024
20,218,439343,34.384782,36,1055
20,218,439377,33.272174,34,1052
20,218,439412,31.508292,35,1035
20,218,439446,25.271273,34,1047
20,218,439474,31.688818,28,1047
20,218,439507,25.816728,33,1052
20,218,439545,23.18814,38,1001
20,218,439580,34.414433,35,1012
20,218,439625,35.278561,45,1016
20,218,439669,37.098947,44,1006
20,218,439711,38.226437,42,1037
20,218,439747,31.018603,36,1044
20,218,439791,22.171722,44,1014
20,218,439835,29.914656,44,1018
20,218,439871,38.050438,36,1058
20,218,439910,21.360998,39,1044
20,218,439948,31.500596,38,1054
20,218,439989,44.1573,41,1059
20,218,440031,30.510895,42,1022
20,218,440076,33.58028,45,1033
20,218,440116,33.203651,40,1023
20,218,440152,29.189678,36,1038
20,218,440190,32.681351,38,1038
20,218,440229,29.961471,39,1015
20,218,440265,23.525942,36,1030
20,218,440299,34.459597,34,1033
20,218,440333,42.039362,34,1025
20,218,440374,40.815831,41,1020
20,218,440410,38.279421,36,1039
20,218,440446,28.100297,36,1040
20,218,440479,31.781447,33,1044
20,218,440516,31.962151,37,1028
20,218,440556,42.917957,40,1031
20,218,440593,33.765278,37,1048
20,218,440630,43.829737,37,1028
20,218,440666,34.717049,36,1031
20,218,440706,47.592111,40,1018
20,218,440742,42.783584,36,1055
20,218,440784,32.701367,42,1023
20,218,440820,28.915365,36,1007
20,218,440858,42.234018,38,1033
20,218,440885,30.358844,27,1030
20,218,440935,48.896442,50,1009
20,218,440973,39.968789,38,1041
20,218,441007,34.502006,34,1019
20,218,441043,24.847603,36,1043
20,218,441081,28.914279,38,1041
20,218,441124,34.704608,43,1035
20,218,441157,25.499237,33,1034
20,218,441192,31.509737,35,1022
20,218,441228,38.573918,36,1038
20,218,441267,44.071079,39,1024
20,218,441309,28.369132,42,1036
20,218,441347,38.243049,38,1041
20,218,441388,35.905465,41,1056
20,218,441427,37.795982,39,1018
20,218,441463,32.5686,36,1043
20,218,441490,32.766607,27,1007
20,218,441530,30.10834,40,1027
20,218,441566,41.681576,36,1028
20,218,441600,28.557315,34,1035
20,218,441639,37.394836,39,1001
20,218,441672,25.095372,33,1039
20,218,441705,31.293509,33,1044
20,218,441744,40.739327,39,1042
20,218,441785,45.62497,41,1032
20,218,441826,27.432173,41,1053
20,218,441863,36.626814,37,1010
20,218,441898,41.353458,35,1002
20,218,441936,23.458965,38,1039
20,218,441968,32.108207,32,1052
20,218,442006,23.725004,38,1044
20,218,442041,43.239349,35,1005
20,218,442073,26.830111,32,1017
20,218,442114,18.307739,41,1051
20,218,442156,33.834018,42,1016
20,218,442188,27.589946,32,1051
20,218,442225,27.713226,37,1008
20,218,442265,31.36808,40,1036
20,218,442302,31.755608,37,1043
20,218,442341,40.376678,39,1009
20,218,442379,36.780112,38,1026
20,218,442420,26.307777,41,1021
20,218,442459,29.840395,39,1050
20,218,442495,24.594983,36,1015
20,218,442534,37.611549,39,1025
20,218,442571,32.61752,37,1040
20,218,442603,33.367201,32,1012
20,218,442644,29.67244,41,1005
20,218,442678,28.076827,34,1029
20,218,442716,35.200833,38,1033
20,218,442746,26.728533,30,1030
20,218,442779,18.97358,33,1060
20,218,442813,36.148401,34,1011
20,218,442851,30.907924,38,1035
20,218,442893,43.54973,42,1056
20,218,442929,27.24417,36,1030
20,218,442974,42.035649,45,1020
20,218,443010,34.052966,36,1034
20,218,443044,30.059911,34,1031
20,218,443080,38.896316,36,1020
20,218,443121,37.419388,41,1039
20,218,443159,22.902686,38,1010
20,218,443193,27.596579,34,1035
20,218,443229,31.93366,36,1001
20,218,443267,28.74634,38,1050
20,218,443308,36.002159,41,1021
20,218,443339,20.365353,31,1034
20,218,443376,38.842637,37,1018
20,218,443415,39.252083,39,1005
20,218,443450,39.721351,35,1043
20,218,443490,30.702576,40,1002
20,218,443532,35.999446,42,1016
20,218,443569,35.192656,37,1014
20,218,443604,25.92372,35,1057
20,218,443642,28.390754,38,1008
20,218,443685,22.520172,43,1051
20,218,443723,34.239464,38,1018
20,218,443763,34.304435,40,1031
20,218,443797,31.528906,34,1031
20,218,443832,33.731357,35,1042
20,218,443873,41.590272,41,1059
20,218,443911,27.366651,38,1027
20,218,443949,26.791668,38,1013
20,218,443989,30.42037,40,1039
20,218,444036,37.205864,47,1005
20,218,444074,38.574619,38,1009
20,218,444108,23.028782,34,1057
20,218,444149,43.731431,41,1032
20,218,444184,39.151576,35,1031
20,218,444224,35.221326,40,1059
20,218,444270,37.232926,46,1029
20,218,444305,37.675196,35,1033
20,218,444341,31.331762,36,1047
20,218,444381,35.003708,40,1049
20,218,444416,29.613409,35,1047
20,218,444460,30.007303,44,1031
20,218,444499,28.972421,39,1024
20,218,444538,26.443896,39,1001
20,218,444570,40.90455,32,1031
20,218,444598,23.839841,28,1060
20,218,444631,30.670158,33,1040
20,218,444668,34.228951,37,1023
20,218,444704,40.620064,36,1026
20,218,444739,30.60326,35,1043
20,218,444777,28.198833,38,1040
20,218,444813,33.482464,36,1014
20,218,444860,36.830805,47,1018
20,218,444904,39.841506,44,1026
20,218,444947,42.541869,43,1032
20,218,444982,38.135754,35,1058
20,218,445020,34.45718,38,1036
20,218,445052,33.975135,32,1012
20,218,445088,31.016322,36,1010
20,218,445130,52.56568,42,1006
20,218,445165,33.501763,35,1048
20,218,445198,34.454561,33,1017
20,218,445233,41.230525,35,1031
20,218,445268,26.339766,35,1008
20,218,445304,32.090368,36,1043
20,218,445350,38.833476,46,1009
20,218,445388,32.178926,38,1034
20,218,445428,36.890684,40,1042
20,218,445466,41.637232,38,1037
20,218,445509,25.053754,43,1001
20,218,445545,30.228034,36,1034
20,218,445585,39.068581,40,1056
20,218,445623,39.414179,38,1004
20,218,445658,21.23072,35,1019
20,218,445696,41.233138,38,1031
20,218,445737,30.89929,41,1038
20,218,445776,27.774774,39,1057
20,218,445807,37.835012,31,1029
20,218,445842,32.14225,35,1041
20,218,445875,46.926326,33,1028
20,218,445906,27.089139,31,1060
20,218,445945,37.14743,39,1041
20,218,445993,35.771569,48,1006
20,218,446031,30.735084,38,1036
20,218,446066,37.935487,35,1039
20,218,446101,32.820856,35,1042
20,218,446143,46.062727,42,1032
20,218,446186,35.419913,43,1059
20,218,446232,37.485218,46,1002
20,218,446262,39.91446,30,1058
20,218,446293,24.349973,31,1019
20,218,446334,32.773498,41,1012
20,218,446375,25.615149,41,1057
20,218,446406,19.45384,31,1003
20,218,446441,43.362757,35,1026
20,218,446475,38.231181,34,1042
20,218,446512,27.053126,37,1044
20,218,446552,43.675477,40,1032
20,218,446594,40.830009,42,1004
20,218,446633,36.426278,39,1037
20,218,446669,21.647127,36,1019
20,218,446704,33.975958,35,1037
20,218,446741,33.660015,37,1003
20,218,446788,35.997059,47,1020
20,218,446827,31.272283,39,1021
20,218,446869,38.878736,42,1049
20,218,446902,25.683793,33,1057
20,218,446945,35.775505,43,1023
20,218,446980,42.518031,35,1058
20,218,447017,33.119886,37,1041
20,218,447054,32.192373,37,1054
20,218,447090,37.368593,36,1040
20,218,447130,30.574551,40,1018
20,218,447165,35.617055,35,1055
20,218,447203,29.270621,38,1013
20,218,447237,30.956725,34,1027
20,218,447273,30.626768,36,1057
20,218,447305,33.556984,32,1033
20,218,447342,34.790628,37,1011
20,218,447384,38.984161,42,1058
20,218,447420,29.813742,36,1031
20,218,447454,37.292793,34,1058
20,218,447491,29.945548,37,1002
20,218,447533,28.865041,42,1006
20,218,447573,33.998626,40,1020
20,218,447615,37.044673,42,1032
20,218,447651,19.539127,36,1003
20,218,447693,39.051351,42,1006
20,218,447732,42.744445,39,1058
20,218,447769,38.754738,37,1046
20,218,447805,27.383412,36,1044
20,218,447845,31.887238,40,1022
20,218,447879,33.40311,34,1019
20,218,447917,24.927264,38,1038
20,218,447950,19.872547,33,1030
20,218,447988,35.599557,38,1001
20,218,448029,33.883966,41,1009
20,218,448066,34.17481,37,1054
20,218,448104,39.633673,38,1011
20,218,448142,27.755932,38,1052
20,218,448178,22.437182,36,1012
20,218,448213,34.975473,35,1002
20,218,448257,41.196667,44,1031
20,218,448296,32.311186,39,1007
20,218,448339,35.390404,43,1005
20,218,448372,38.248184,33,1031
20,218,448414,30.563911,42,1016
20,218,448459,33.045802,45,1032
20,218,448498,24.544302,39,1035
20,218,448539,30.135475,41,1050
20,218,448575,40.792293,36,1034
20,218,448615,31.82757,40,1009
20,218,448648,40.581742,33,1041
20,218,448688,36.986044,40,1018
20,218,448736,41.404842,48,1032
20,218,448778,36.642853,42,1043
20,218,448823,35.305636,45,1009
20,218,448857,39.118972,34,1033
20,218,448899,31.624624,42,1048
20,218,448931,25.131243,32,1019
20,218,448968,37.653324,37,1039
20,218,449009,31.609647,41,1037
20,218,449047,31.724633,38,1021
20,218,449090,26.054934,43,1021
20,218,449123,41.43059,33,1049
20,218,449159,32.280528,36,1044
20,218,449195,28.985932,36,1044
20,218,449232,27.631303,37,1060
20,218,449270,32.526851,38,1041
20,218,449307,38.720995,37,1009
20,218,449347,35.39645,40,1018
20,218,449387,34.030647,40,1047
20,218,449429,30.557347,42,1051
20,218,449462,29.898408,33,1014
20,218,449502,34.897602,40,1043
20,218,449535,35.878831,33,1036
20,218,449576,28.414322,41,1016
20,218,449620,31.412765,44,1050
20,218,449662,27.164968,42,1040
20,218,449710,37.639361,48,1049
20,218,449745,24.536549,35,1008
20,218,449780,35.459789,35,1027
20,218,449816,42.803106,36,1026
20,218,449857,44.692147,41,1032
20,218,449896,33.691148,39,1043
20,218,449928,26.447741,32,1008
20,218,449966,35.32532,38,1035
20,218,450003,35.332003,37,1056
20,218,450037,23.629669,34,1010
20,218,450082,36.548762,45,1009
20,218,450110,30.904362,28,1029
20,218,450148,37.384338,38,1009
20,218,450183,28.660485,35,1037
20,218,450223,24.346133,40,1060
20,218,450260,39.948367,37,1048
20,218,450296,25.187504,36,1051
20,218,450330,28.239848,34,1051
20,218,450371,43.731004,41,1056
20,218,450413,37.237828,42,1041
20,218,450453,40.648627,40,1024
20,218,450493,33.812137,40,1015
20,218,450531,24.287911,38,1001
20,218,450574,39.219448,43,1055
20,218,450610,34.097341,36,1003
20,218,450650,32.49634,40,1042
20,218,450690,34.747849,40,1046
20,218,450728,30.804817,38,1048
20,218,450770,29.63051,42,1052
20,218,450801,34.708068,31,1037
20,218,450849,38.378598,48,1009
20,218,450882,36.961404,33,1033
20,218,450922,40.79873,40,1006
20,218,450957,37.583411,35,1050
20,218,450991,22.893121,34,1060
20,218,451030,28.969688,39,1048
20,218,451067,42.245354,37,1006
20,218,451106,31.984228,39,1029
20,218,451140,18.119298,34,1051
20,218,451177,31.276918,37,1036
20,218,451207,35.423806,30,1007
20,218,451250,39.31869,43,1004
20,218,451296,41.809017,46,1059
20,218,451333,32.288245,37,1042
20,218,451369,35.813587,36,1024
20,218,451407,41.693379,38,1056
20,218,451443,36.629767,36,1045
20,218,451484,36.340776,41,1026
20,218,451524,32.375299,40,1059
20,218,451562,32.141453,38,1005
20,218,451603,35.108364,41,1056
20,218,451642,28.40235,39,1048
20,218,451684,47.539427,42,1025
20,218,451716,35.798976,32,1002
20,218,451755,37.208507,39,1041
20,218,451797,40.56507,42,1007
20,218,451839,29.837189,42,1018
20,218,451877,33.894831,38,1045
20,218,451916,40.124211,39,1031
20,218,451946,31.077435,30,1034
20,218,451984,34.752366,38,1009
20,218,452022,26.134252,38,1042
20,218,452064,42.31756,42,1025
20,218,452098,32.725916,34,1039
20,218,452135,30.680245,37,1029
20,218,452170,45.781677,35,1024
20,218,452205,18.169552,35,1051
20,218,452241,27.126881,36,1038
20,218,452278,29.788396,37,1009
20,218,452321,43.104883,43,1007
20,218,452361,34.394696,40,1058
20,218,452396,28.901473,35,1019
20,218,452442,41.413767,46,1059
20,218,452486,40.250364,44,1021
20,218,452519,31.852953,33,1037
20,218,452557,32.842895,38,1052
20,218,452597,38.487251,40,1026
20,218,452634,29.430279,37,1052
20,218,452680,30.793651,46,1016
20,218,452715,31.26295,35,1026
20,218,452747,42.025465,32,1041
20,218,452784,33.812039,37,1001
20,218,452823,33.371721,39,1048
20,218,452861,32.008234,38,1012
20,218,452897,27.521347,36,1022
20,218,452936,41.296623,39,1056
20,218,452973,19.130651,37,1003
20,218,453010,27.236575,37,1019
20,218,453051,29.970349,41,1019
20,218,453094,35.430975,43,1016
20,218,453140,35.15691,46,1016
20,218,453181,35.257607,41,1040
20,218,453214,32.952199,33,1001
20,218,453253,30.957301,39,1029
20,218,453291,33.172407,38,1044
20,218,453330,40.662371,39,1002
20,218,453372,35.037909,42,1007
20,218,453410,36.717144,38,1024
20,218,453450,33.258286,40,1016
20,218,453495,38.960798,45,1009
20,218,453535,41.484632,40,1032
20,218,453575,30.600966,40,1031
20,218,453615,38.661049,40,1056
20,218,453655,32.514477,40,1031
20,218,453695,30.706364,40,1039
20,218,453734,36.747012,39,1005
20,218,453764,39.563528,30,1034
20,218,453801,29.822227,37,1019
20,218,453837,38.10817,36,1040
20,218,453876,34.995601,39,1031
20,218,453911,38.536643,35,1025
20,218,453948,20.465852,37,1012
20,218,453987,30.401109,39,1011
20,218,454031,35.631944,44,1048
20,218,454066,34.033039,35,1017
20,218,454105,28.838799,39,1044
20,218,454136,31.313517,31,1010
20,218,454176,36.749679,40,1015
20,218,454212,23.354909,36,1054
20,218,454252,38.745372,40,1005
20,218,454290,38.437182,38,1022
20,218,454323,37.734154,33,1026
20,218,454364,36.074707,41,1028
20,218,454401,25.384353,37,1053
20,218,454434,40.099799,33,1026
20,218,454471,31.226929,37,1052
20,218,454504,31.891574,33,1044
20,218,454539,28.959879,35,1034
20,218,454576,30.41266,37,1001
20,218,454613,28.893586,37,1044
20,218,454649,28.559501,36,1036
20,218,454686,36.406385,37,1004
20,218,454731,36.959578,45,1054
20,218,454761,40.704144,30,1015
20,218,454797,35.828071,36,1026
20,218,454834,34.247998,37,1020
20,218,454873,48.423586,39,1009
20,218,454919,43.27287,46,1058
20,218,454952,41.219318,33,1031
20,218,454991,36.294041,39,1053
20,218,455032,33.857492,41,1018
20,218,455067,25.941769,35,1019
20,218,455102,24.753308,35,1057
20,218,455136,35.092553,34,1052
20,218,455172,34.137681,36,1011
20,218,455201,33.126983,29,1035
20,218,455236,27.899775,35,1053
20,218,455275,29.948871,39,1001
20,218,455313,40.340236,38,1005
20,218,455353,23.629634,40,1060
20,218,455391,33.973521,38,1042
20,218,455427,31.984161,36,1038
20,218,455462,32.232383,35,1038
20,218,455498,40.307864,36,1058
20,218,455532,25.008075,34,1019
20,218,455569,27.903287,37,1038
20,218,455602,36.294267,33,1046
20,218,455644,39.235028,42,1032
20,218,455676,38.772844,32,1033
20,218,455717,31.576831,41,1056
20,218,455756,34.576183,39,1002
20,218,455798,36.462601,42,1025
20,218,455832,35.469442,34,1034
20,218,455881,37.521284,49,1009
20,218,455921,37.552574,40,1049
20,218,455963,39.559931,42,1037
20,218,455995,25.852142,32,1017
20,218,456033,33.527306,38,1058
20,218,456067,38.164781,34,1017
20,218,456107,40.339578,40,1045
20,218,456142,37.567689,35,1014
20,218,456175,40.098588,33,1033
20,218,456211,31.199759,36,1008
20,218,456252,42.753136,41,1028
20,218,456289,32.416746,37,1003
20,218,456329,28.28244,40,1034
20,218,456367,25.470048,38,1001
20,218,456400,36.501646,33,1042
20,218,456435,43.835866,35,1046
20,218,456476,30.542003,41,1027
20,218,456510,30.450542,34,1019
20,218,456557,34.94598,47,1004
20,218,456597,34.493821,40,1031
20,218,456644,32.672808,47,1009
20,218,456688,34.362805,44,1020
20,218,456730,40.117407,42,1031
20,218,456771,22.230212,41,1051
20,218,456804,21.634969,33,1003
20,218,456843,35.312973,39,1041
20,218,456878,28.860998,35,1054
20,218,456923,33.529842,45,1001
20,218,456965,28.056485,42,1017
20,218,457008,42.753942,43,1032
20,218,457046,36.991889,38,1020
20,218,457082,35.713407,36,1055
20,218,457120,33.971172,38,1020
20,218,457159,44.751118,39,1006
20,218,457197,37.489422,38,1032
20,218,457234,33.315043,37,1033
20,218,457275,36.000103,41,1019
20,218,457311,31.290883,36,1038
20,218,457350,44.001354,39,1024
20,218,457386,40.490632,36,1058
20,218,457427,30.612518,41,1029
20,218,457474,32.244891,47,1059
20,218,457505,36.677722,31,1056
20,218,457549,39.132518,44,1032
20,218,457585,33.504526,36,1003
20,218,457621,39.30406,36,1053
20,218,457658,30.440844,37,1040
20,218,457699,36.555108,41,1055
20,218,457737,37.858772,38,1004
20,218,457773,27.153719,36,1017
20,218,457810,45.628058,37,1050
20,218,457850,33.407692,40,1035
20,218,457884,28.719049,34,1010
20,218,457924,35.641397,40,1037
20,218,457959,34.192234,35,1051
20,218,457995,30.410868,36,1039
20,218,458030,34.11263,35,1053
20,218,458077,37.058868,47,1028
20,218,458121,33.024195,44,1049
20,218,458165,39.749397,44,1004
20,218,458204,19.883875,39,1051
20,218,458239,28.561586,35,1055
20,218,458282,40.395996,43,1032
20,218,458316,26.330831,34,1035
20,218,458358,38.693277,42,1041
20,218,458394,36.391353,36,1024
20,218,458433,37.142414,39,1059
20,218,458475,34.911668,42,1006
20,218,458512,35.868671,37,1041
20,218,458554,35.547364,42,1048
20,218,458592,35.812072,38,1054
20,218,458635,43.626747,43,1020
20,218,458670,33.754182,35,1002
20,218,458712,24.502749,42,1027
20,218,458753,45.116502,41,1028
20,218,458788,34.498347,35,1042
20,218,458829,37.369757,41,1015
20,218,458863,29.109767,34,1002
20,218,458904,34.74402,41,1052
20,218,458945,41.648013,41,1050
20,218,458986,38.040952,41,1023
20,218,459024,27.170753,38,1001
20,218,459063,33.447599,39,1011
20,218,459091,38.762357,28,1053
20,218,459130,38.577691,39,1059
20,218,459167,26.55296,37,1052
20,218,459202,33.862347,35,1018
20,218,459232,30.988293,30,1017
20,218,459263,33.920593,31,1057
20,218,459302,35.40476,39,1011
20,218,459338,42.891888,36,1018
20,218,459377,17.538046,39,1033
20,218,459416,33.513068,39,1045
20,218,459444,25.577261,28,1017
20,218,459484,35.045973,40,1053
20,218,459521,29.358854,37,1022
20,218,459560,29.503859,39,1039
20,218,459593,34.964009,33,1017
20,218,459630,35.37646,37,1006
20,218,459664,34.860688,34,1046
20,218,459700,37.929754,36,1034
20,218,459736,30.647036,36,1050
20,218,459770,37.475766,34,1046
20,218,459806,27.573975,36,1015
20,218,459840,27.983765,34,1013
20,218,459878,30.624554,38,1003
20,218,459912,36.195362,34,1043
20,218,459958,41.917781,46,1049
20,218,459997,41.265567,39,1024
20,218,460036,38.654225,39,1027
20,218,460077,31.341276,41,1044
20,218,460116,40.297401,39,1048
20,218,460153,40.07393,37,1001
20,218,460184,31.990467,31,1007
20,218,460222,28.393041,38,1020
20,218,460261,42.875597,39,1022
20,218,460304,35.533869,43,1032
20,218,460346,35.442062,42,1036
20,218,460382,37.530468,36,1042
20,218,460417,24.35982,35,1040
20,218,460460,44.173647,43,1032
20,218,460497,26.23514,37,1027
20,218,460538,22.781282,41,1038
20,218,460584,32.550629,46,1032
20,218,460628,37.353814,44,1005
20,218,460665,42.749638,37,1025
20,218,460702,37.151816,37,1046
20,218,460734,23.273218,32,1057
20,218,460764,44.624198,30,1028
20,218,460800,29.132732,36,1036
20,218,460843,35.393086,43,1032
20,218,460882,28.991897,39,1001
20,218,460916,27.44938,34,1012
20,218,460956,38.218174,40,1009
20,218,460997,33.403476,41,1059
20,218,461030,49.870039,33,1024
20,218,461062,29.239044,32,1044
20,218,461103,36.142784,41,1036
20,218,461141,33.248923,38,1020
20,218,461173,23.427752,32,1060
20,218,461212,24.588107,39,1057
20,218,461252,34.653814,40,1048
20,218,461284,33.757546,32,1003
20,218,461321,40.963126,37,1005
20,218,461360,35.325242,39,1043
20,218,461393,39.569439,33,1011
20,218,461438,30.99654,45,1032
20,218,461479,36.314804,41,1050
20,218,461526,41.784343,47,1018
20,218,461564,31.893129,38,1042
20,218,461605,30.950176,41,1018
20,218,461642,41.405366,37,1024
20,218,461679,26.761776,37,1003
20,218,461716,33.057532,37,1047
20,218,461752,37.00446,36,1034
20,218,461792,46.474669,40,1050
20,218,461829,27.687916,37,1044
20,218,461869,27.485612,40,1023
20,218,461898,36.694609,29,1033
20,218,461933,29.593731,35,1041
20,218,461971,20.649031,38,1013
20,218,462005,33.581909,34,1026
20,218,462045,28.3688,40,1039
20,218,462081,36.041873,36,1047
20,218,462116,39.541599,35,1058
20,218,462154,26.778338,38,1060
20,218,462196,34.448179,42,1007
20,218,462231,37.994686,35,1056
20,218,462270,37.880624,39,1001
20,218,462309,33.610745,39,1055
20,218,462354,35.619275,45,1009
20,218,462389,37.518014,35,1014
20,218,462425,42.964006,36,1005
20,218,462463,31.775718,38,1012
20,218,462494,32.158759,31,1014
20,218,462529,31.772442,35,1034
20,218,462564,32.571785,35,1044
20,218,462603,39.022661,39,1018
20,218,462635,36.544347,32,1014
20,218,462670,24.208503,35,1034
20,218,462707,41.982257,37,1017
20,218,462748,35.69593,41,1048
20,218,462784,27.927831,36,1042
20,218,462823,25.523517,39,1022
20,218,462862,34.248725,39,1022
20,218,462898,24.820285,36,1027
20,218,462934,37.078789,36,1023
20,218,462969,21.431852,35,1003
20,218,463010,34.28503,41,1020
20,218,463043,38.870632,33,1034
20,218,463077,27.621914,34,1036
20,218,463108,29.739546,31,1041
20,218,463142,26.665477,34,1019
20,218,463184,37.867677,42,1011
20,218,463228,45.322004,44,1050
20,218,463266,29.556188,38,1019
20,218,463305,31.992255,39,1039
20,218,463334,34.947555,29,1043
20,218,463371,29.219537,37,1043
20,218,463410,28.88122,39,1055
20,218,463450,40.251518,40,1059
20,218,463493,31.563475,43,1036
20,218,463526,28.568524,33,1019
20,218,463563,32.359936,37,1039
20,218,463604,33.957622,41,1032
20,218,463639,38.385823,35,1024
20,218,463672,25.5126,33,1052
20,218,463714,38.111977,42,1004
20,218,463756,36.9493,42,1011
20,218,463792,34.027159,36,1005
20,218,463827,37.42628,35,1006
20,218,463864,32.611209,37,1048
20,218,463901,37.426836,37,1031
20,218,463932,34.695028,31,1034
20,218,463963,29.391618,31,1034
20,218,464002,33.16094,39,1048
20,218,464039,33.356924,37,1031
20,218,464077,32.682735,38,1049
20,218,464116,33.747508,39,1044
20,218,464151,32.537603,35,1058
20,218,464187,33.270153,36,1011
20,218,464228,33.037833,41,1018
20,218,464270,40.309749,42,1059
20,218,464305,28.890543,35,1040
20,218,464334,29.833091,29,1012
20,218,464375,35.408632,41,1024
20,218,464417,36.336682,42,1006
20,218,464453,43.287741,36,1024
20,218,464489,40.432645,36,1048
20,218,464523,35.460693,34,1003
20,218,464564,26.973864,41,1003
20,218,464605,34.67484,41,1005
20,218,464639,35.788499,34,1055
20,218,464677,40.66881,38,1043
20,218,464714,34.597145,37,1015
20,218,464754,44.206849,40,1011
20,218,464794,33.694748,40,1029
20,218,464833,33.203671,39,1056
20,218,464877,38.3297,44,1032
20,218,464913,35.626848,36,1022
20,218,464949,31.406293,36,1026
20,218,464987,28.384401,38,1057
20,218,465026,31.499732,39,1052
20,218,465063,31.767017,37,1042
20,218,465095,31.205541,32,1044
20,218,465128,43.74987,33,1042
20,218,465169,33.043699,41,1013
20,218,465209,42.251476,40,1055
20,218,465249,33.366775,40,1041
20,218,465289,35.245637,40,1045
20,218,465326,36.245389,37,1048
20,218,465363,42.526594,37,1058
20,218,465397,32.636498,34,1048
20,218,465437,38.005325,40,1006
20,218,465479,43.124849,42,1005
20,218,465521,34.476864,42,1024
20,218,465554,48.150732,33,1050
20,218,465593,36.303528,39,1006
20,218,465631,42.119991,38,1043
20,218,465670,29.667329,39,1052
20,218,465713,31.93787,43,1028
20,218,465755,39.092631,42,1029
20,218,465790,34.193979,35,1052
20,218,465831,32.23739,41,1010
20,218,465866,33.273908,35,1031
20,218,465904,24.626646,38,1010
20,218,465945,38.232132,41,1004
20,218,465988,26.405782,43,1007
20,218,466022,28.31284,34,1003
20,218,466058,37.595124,36,1022
20,218,466095,28.819169,37,1038
20,218,466132,29.727925,37,1008
20,218,466168,28.152095,36,1017
20,218,466207,39.297942,39,1050
20,218,466237,38.920345,30,1041
20,218,466273,50.362896,36,1026
20,218,466312,31.917748,39,1018
20,218,466346,31.927994,34,1048
20,218,466387,36.749543,41,1010
20,218,466428,27.255558,41,1039
20,218,466467,25.513676,39,1029
20,218,466500,30.905319,33,1013
20,218,466544,42.704524,44,1059
20,218,466583,34.437802,39,1002
20,218,466620,36.585252,37,1007
20,218,466652,37.969483,32,1005
20,218,466697,42.743261,45,1032
20,218,466734,35.710911,37,1019
20,218,466779,39.975709,45,1025
20,218,466817,26.505613,38,1013
20,218,466852,38.613963,35,1055
20,218,466888,36.191563,36,1037
20,218,466930,51.709617,42,1004
20,218,466972,29.50282,42,1034
20,218,467014,35.637855,42,1056
20,218,467052,25.760566,38,1043
20,218,467089,41.033865,37,1006
20,218,467124,30.238612,35,1008
20,218,467156,38.321059,32,1042
20,218,467189,37.470106,33,1037
20,218,467228,30.231007,39,1009
20,218,467264,43.0645,36,1052
20,218,467297,27.550546,33,1015
20,218,467340,32.42184,43,1018
20,218,467381,38.73311,41,1011
20,218,467423,31.682347,42,1016
20,218,467461,34.903588,38,1027
20,218,467500,34.039308,39,1036
20,218,467530,28.961582,30,1027
20,218,467570,39.930389,40,1058
20,218,467602,27.065114,32,1012
20,218,467639,31.693413,37,1053
20,218,467676,30.050589,37,1001
20,218,467710,36.955382,34,1039
20,218,467743,21.965032,33,1044
20,218,467781,27.176249,38,1052
20,218,467816,36.930105,35,1027
20,218,467851,24.524804,35,1038
20,218,467889,39.201584,38,1037
20,218,467923,31.062713,34,1017
20,218,467967,40.310466,44,1009
20,218,468005,34.818408,38,1028
20,218,468036,24.783238,31,1016
20,218,468070,40.110992,34,1022
20,218,468105,36.712137,35,1022
20,218,468144,36.907051,39,1007
20,218,468176,34.476357,32,1027
20,218,468215,35.669955,39,1032
20,218,468258,28.27955,43,1036
20,218,468294,26.948243,36,1060
20,218,468328,32.627545,34,1041
20,218,468376,40.521267,48,1056
20,218,468408,36.140121,32,1036
20,218,468451,28.730045,43,1057
20,218,468492,42.773145,41,1045
20,218,468530,28.918419,38,1029
20,218,468566,36.824439,36,1009
20,218,468604,27.85399,38,1030
20,218,468641,33.937007,37,1035
20,218,468673,42.412484,32,1037
20,218,468705,36.549725,32,1038
20,218,468745,39.638644,40,1058
20,218,468781,28.850409,36,1057
20,218,468821,35.536193,40,1028
20,218,468857,39.980867,36,1009
20,218,468896,32.640701,39,1002
20,218,468933,27.300321,37,1036
20,218,468968,35.903029,35,1036
20,218,469003,34.333199,35,1048
20,218,469047,42.122744,44,1028
20,218,469086,36.621229,39,1006
20,218,469124,35.423645,38,1040
20,218,469165,27.703149,41,1048
20,218,469203,30.833696,38,1014
20,218,469239,35.994439,36,1001
20,218,469275,34.325607,36,1059
20,218,469303,34.562122,28,1053
20,218,469342,35.621587,39,1010
20,218,469376,19.998289,34,1030
20,218,469409,34.735735,33,1038
20,218,469444,30.709288,35,1038
20,218,469479,45.106694,35,1046
20,218,469519,34.877248,40,1037
20,218,469555,35.139343,36,1023
20,218,469587,33.23935,32,1039
20,218,469621,37.842713,34,1024
20,218,469658,27.347662,37,1033
20,218,469697,32.453992,39,1016
20,218,469737,32.705008,40,1040
20,218,469778,34.613307,41,1058
20,218,469814,27.962266,36,1051
20,218,469847,37.252344,33,1026
20,218,469887,27.841429,40,1040
20,218,469932,36.762755,45,1016
20,218,469970,38.296794,38,1056
20,218,470008,28.928262,38,1019
20,218,470044,33.384259,36,1045
20,218,470080,29.349627,36,1060
20,218,470116,45.108512,36,1043
20,218,470154,35.548807,38,1043
20,218,470193,30.805953,39,1019
20,218,470235,33.384576,42,1023
20,218,470275,43.157883,40,1037
20,218,470315,33.859409,40,1045
20,218,470351,33.901957,36,1029
20,218,470387,20.654786,36,1019
20,218,470427,33.196054,40,1037
20,218,470462,28.155638,35,1053
20,218,470500,37.077631,38,1059
20,218,470537,36.774056,37,1024
20,218,470583,28.543936,46,1045
20,218,470617,25.945796,34,1010
20,218,470655,34.164458,38,1026
20,218,470690,27.392923,35,1052
20,218,470724,31.094255,34,1055
20,218,470763,38.776347,39,1028
20,218,470801,37.048365,38,1026
20,218,470839,29.065252,38,1044
20,218,470872,29.159474,33,1044
20,218,470905,47.280262,33,1026
20,218,470940,28.954231,35,1012
20,218,470976,41.765308,36,1009
20,218,471010,28.83925,34,1031
20,218,471049,30.3469,39,1050
20,218,471099,35.195419,50,1056
20,218,471136,34.303062,37,1050
20,218,471176,34.25486,40,1027
20,218,471223,33.741671,47,1033
20,218,471259,20.464591,36,1039
20,218,471293,32.734204,34,1034
20,218,471327,40.313557,34,1027
20,218,471366,39.950878,39,1025
20,218,471405,27.469663,39,1045
20,218,471446,40.796457,41,1056
20,218,471487,27.705232,41,1053
20,218,471523,39.301989,36,1005
20,218,471560,35.326019,37,1007
20,218,471593,41.667346,33,1048
20,218,471637,34.445484,44,1016
20,218,471674,43.088243,37,1020
20,218,471715,31.193096,41,1035
20,218,471757,34.627886,42,1020
20,218,471783,34.789786,26,1039
20,218,471821,38.86323,38,1041
20,218,471859,34.611507,38,1048
20,218,471899,34.357962,40,1011
20,218,471943,39.300514,44,1020
20,218,471980,35.641176,37,1017
20,218,472018,28.234147,38,1034
20,218,472054,34.489369,36,1030
20,218,472093,32.475245,39,1022
20,218,472129,36.963732,36,1035
20,218,472168,19.145944,39,1052
20,218,472198,29.390698,30,1038
20,218,472238,19.809535,40,1008
20,218,472276,37.77961,38,1059
20,218,472317,36.160269,41,1037
20,218,472345,44.720728,28,1046
20,218,472383,18.223355,38,1053
20,218,472423,26.518761,40,1012
20,218,472465,33.85336,42,1029
20,218,472502,23.26589,37,1048
20,218,472533,29.467527,31,1030
20,218,472569,32.143239,36,1007
20,218,472613,32.945786,44,1005
20,218,472651,30.668511,38,1015
20,218,472686,27.614247,35,1015
20,218,472720,23.739925,34,1060
20,218,472755,33.246753,35,1046
20,218,472787,24.622273,32,1060
20,218,472827,34.168233,40,1033
20,218,472858,33.390126,31,1053
20,218,472907,34.806823,49,1032
20,218,472943,32.317451,36,1013
20,218,472986,45.751108,43,1032
20,218,473021,36.490511,35,1002
20,218,473054,35.740703,33,1044
20,218,473095,36.387538,41,1015
20,218,473131,26.140193,36,1010
20,218,473171,41.012153,40,1028
20,218,473201,37.282338,30,1022
20,218,473238,38.961415,37,1018
20,218,473277,39.390269,39,1055
20,218,473315,34.752184,38,1058
20,218,473354,27.897702,39,1047
20,218,473401,40.649879,47,1032
20,218,473433,36.750569,32,1013
20,218,473467,37.190863,34,1023
20,218,473506,37.370778,39,1034
20,218,473546,32.682882,40,1015
20,218,473588,37.652745,42,1016
20,218,473628,30.316602,40,1054
20,218,473666,22.40434,38,1052
20,218,473706,41.428738,40,1031
20,218,473740,26.871277,34,1017
20,218,473775,40.912818,35,1022
20,218,473814,29.219633,39,1047
20,218,473846,33.36157,32,1014
20,218,473887,38.426133,41,1037
20,218,473927,37.263394,40,1024
20,218,473972,30.57593,45,1029
20,218,474009,31.915172,37,1017
20,218,474047,30.58484,38,1054
20,218,474080,36.952636,33,1054
20,218,474120,35.035305,40,1023
20,218,474158,30.296097,38,1055
20,218,474189,33.944678,31,1058
20,218,474223,34.305599,34,1055
20,218,474259,31.460241,36,1010
20,218,474299,24.123938,40,1041
20,218,474343,31.359379,44,1029
20,218,474386,52.199998,43,1004
20,218,474420,25.775479,34,1050
20,218,474463,37.935018,43,1032
20,218,474497,41.759111,34,1031
20,218,474526,37.010964,29,1011
20,218,474562,29.166912,36,1007
20,218,474598,38.141305,36,1025
20,218,474639,48.645033,41,1006
20,218,474677,25.704222,38,1040
20,218,474717,28.570326,40,1027
20,218,474753,33.365323,36,1043
20,218,474793,28.851881,40,1003
20,218,474829,40.004036,36,1043
20,218,474867,23.713397,38,1003
20,218,474901,30.315814,34,1060
20,218,474939,33.803495,38,1048
20,218,474978,37.601701,39,1031
20,218,475012,29.468641,34,1038
20,218,475047,23.235986,35,1033
20,218,475076,35.637236,29,1046
20,218,475109,29.629208,33,1052
20,218,475141,30.669282,32,1027
20,218,475187,36.057539,46,1048
20,218,475224,27.879153,37,1040
20,218,475273,44.9518,49,1056
20,218,475306,22.094346,33,1040
20,218,475341,35.343136,35,1009
20,218,475380,40.615297,39,1050
20,218,475420,31.020336,40,1047
20,218,475455,33.493185,35,1022
20,218,475494,33.47702,39,1031
20,218,475539,34.251861,45,1036
20,218,475580,33.983621,41,1029
20,218,475615,37.576818,35,1058
20,218,475656,34.085532,41,1042
20,218,475701,42.296294,45,1049
20,218,475740,27.372712,39,1008
20,218,475773,38.197365,33,1014
20,218,475811,28.967165,38,1054
20,218,475848,24.751684,37,1030
20,218,475887,37.720099,39,1059
20,218,475929,43.4378,42,1009
20,218,475968,47.12523,39,1037
20,218,476006,37.729093,38,1014
20,218,476046,28.759748,40,1059
20,218,476087,36.06875,41,1039
20,218,476124,24.876004,37,1040
20,218,476166,33.982371,42,1019
20,218,476200,35.256008,34,1020
20,218,476235,23.441374,35,1019
20,218,476271,38.221303,36,1018
20,218,476310,43.44428,39,1004
20,218,476346,27.053895,36,1050
20,218,476383,40.322478,37,1045
20,218,476422,40.297287,39,1026
20,218,476456,36.963267,34,1018
20,218,476501,38.43402,45,1024
20,218,476536,40.288469,35,1026
20,218,476576,26.003343,40,1056
20,218,476614,25.403226,38,1055
20,218,476648,25.274383,34,1054
20,218,476680,32.118266,32,1011
20,218,476725,44.686075,45,1007
20,218,476763,21.969332,38,1060
20,218,476805,36.977767,42,1050
20,218,476842,37.772634,37,1014
20,218,476876,27.243941,34,1001
20,218,476911,33.47709,35,1015
20,218,476954,41.216891,43,1041
20,218,476993,28.329558,39,1054
20,218,477028,41.277325,35,1059
20,218,477061,22.433112,33,1008
20,218,477095,36.63411,34,1027
20,218,477137,38.165015,42,1018
20,218,477170,28.949344,33,1040
20,218,477203,27.539122,33,1053
20,218,477235,22.792832,32,1013
20,218,477273,36.403157,38,1025
20,218,477314,36.315444,41,1011
20,218,477346,39.769306,32,1023
20,218,477390,25.987385,44,1040
20,218,477430,31.939027,40,1032
20,218,477466,29.867485,36,1023
20,218,477505,35.254736,39,1042
20,218,477543,35.687185,38,1002
20,218,477584,42.233879,41,1025
20,218,477625,31.618926,41,1039
20,218,477670,35.207103,45,1037
20,218,477703,20.652919,33,1035
20,218,477739,30.10541,36,1054
20,218,477781,37.338181,42,1048
20,218,477815,38.273584,34,1055
20,218,477852,26.389605,37,1030
20,218,477893,36.686535,41,1016
20,218,477931,35.624602,38,1041
20,218,477974,36.200201,43,1049
20,218,478006,26.981585,32,1053
20,218,478038,34.613823,32,1034
20,218,478083,37.382408,45,1016
20,218,478120,24.180204,37,1014
20,218,478158,34.414439,38,1001
20,218,478196,28.085322,38,1038
20,218,478234,33.165014,38,1042
20,218,478279,45.535681,45,1032
20,218,478319,36.347749,40,1039
20,218,478358,34.254669,39,1021
20,218,478397,37.640002,39,1042
20,218,478430,27.012301,33,1010
20,218,478475,30.146796,45,1018
20,218,478517,35.292628,42,1029
20,218,478560,29.770344,43,1002
20,218,478601,31.696096,41,1020
20,218,478639,23.660428,38,1033
20,218,478670,26.924284,31,1044
20,218,478712,33.415468,42,1048
20,218,478736,23.972924,24,1015
20,218,478775,45.452092,39,1001
20,218,478816,30.154994,41,1051
20,218,478859,32.78729,43,1016
20,218,478891,28.587036,32,1052
20,218,478935,33.468386,44,1036
20,218,478965,34.0195,30,1044
20,218,479005,39.982996,40,1024
20,218,479047,42.745386,42,1059
20,218,479084,34.294837,37,1011
20,218,479117,27.369176,33,1001
20,218,479152,32.200741,35,1051
20,218,479191,21.562767,39,1019
20,218,479230,35.273248,39,1011
20,218,479264,28.039619,34,1014
20,218,479305,36.664256,41,1043
20,218,479347,35.900923,42,1007
20,218,479385,33.385505,38,1015
20,218,479414,28.701831,29,1030
20,218,479444,32.6174,30,1030
20,218,479481,48.458501,37,1024
20,218,479517,32.613461,36,1024
20,218,479548,24.388062,31,1030
20,218,479592,34.298357,44,1049
20,218,479634,37.122126,42,1039
20,218,479674,33.957643,40,1042
20,218,479711,42.726393,37,1050
20,218,479742,20.259881,31,1060
20,218,479773,26.35721,31,1041
20,218,479805,30.519994,32,1046
20,218,479844,38.379175,39,1045
20,218,479882,34.593122,38,1016
20,218,479920,40.215962,38,1058
20,218,479953,42.708543,33,1025
20,218,479982,25.673017,29,1013
20,218,480019,35.034608,37,1041
20,218,480063,42.57744,44,1025
20,218,480100,29.773553,37,1048
20,218,480136,23.411599,36,1013
20,218,480175,32.759422,39,1021
20,218,480212,37.921631,37,1046
20,218,480249,33.576329,37,1050
20,218,480287,35.641303,38,1041
20,218,480327,30.691641,40,1032
20,218,480361,47.938422,34,1004
20,218,480398,31.114828,37,1019
20,218,480437,32.140065,39,1031
20,218,480472,30.852242,35,1005
20,218,480511,38.588842,39,1027
20,218,480549,40.964732,38,1026
20,218,480586,43.452212,37,1024
20,218,480625,24.912868,39,1039
20,218,480664,38.807111,39,1002
20,218,480702,35.251275,38,1033
20,218,480737,24.882901,35,1003
20,218,480769,37.270619,32,1026
20,218,480805,49.002297,36,1050
20,218,480844,39.033214,39,1009
20,218,480879,29.487321,35,1051
20,218,480913,29.851197,34,1047
20,218,480948,34.743322,35,1037
20,218,480987,35.299009,39,1013
20,218,481028,38.702037,41,1059
20,218,481064,33.605892,36,1040
20,218,481104,31.763598,40,1045
20,218,481140,46.416897,36,1018
20,218,481177,36.77399,37,1046
20,218,481223,33.352926,46,1005
20,218,481265,29.682259,42,1008
20,218,481308,27.90366,43,1020
20,218,481348,38.678003,40,1031
20,218,481392,35.19687,44,1043
20,218,481424,25.398956,32,1060
20,218,481467,38.759986,43,1004
20,218,481505,25.985937,38,1028
20,218,481541,32.578545,36,1049
20,218,481581,42.734802,40,1032
20,218,481615,30.041243,34,1051
20,218,481653,30.466377,38,1027
20,218,481686,45.012427,33,1046
20,218,481716,33.145244,30,1034
20,218,481757,39.332024,41,1049
20,218,481797,39.682112,40,1045
20,218,481837,40.02243,40,1025
20,218,481866,39.938855,29,1022
20,218,481903,41.300003,37,1026
20,218,481946,40.360959,43,1010
20,218,481980,22.562788,34,1013
20,218,482020,44.998407,40,1049
20,218,482060,39.491962,40,1006
20,218,482099,24.595036,39,1057
20,218,482131,32.134108,32,1047
20,218,482164,21.85014,33,1060
20,218,482197,34.673767,33,1044
20,218,482240,32.757564,43,1019
20,218,482285,45.166174,45,1056
20,218,482316,38.50379,31,1001
20,218,482349,25.317149,33,1052
20,218,482389,27.849307,40,1040
20,218,482426,41.887068,37,1022
20,218,482462,37.713663,36,1026
20,218,482502,45.388309,40,1005
20,218,482538,49.080955,36,1004
20,218,482576,29.666042,38,1027
20,218,482616,29.208371,40,1037
20,218,482651,34.670049,35,1002
20,218,482681,25.067618,30,1013
20,218,482722,32.872485,41,1053
20,218,482766,37.938473,44,1004
20,218,482808,37.165067,42,1004
20,218,482847,45.217397,39,1018
20,218,482880,42.100499,33,1028
20,218,482919,30.543866,39,1002
20,218,482954,30.789725,35,1017
20,218,482992,26.428076,38,1023
20,218,483028,34.176889,36,1054
20,218,483065,29.902501,37,1037
20,218,483105,41.332342,40,1032
20,218,483143,25.769815,38,1039
20,218,483180,35.698823,37,1019
20,218,483219,33.233231,39,1048
20,218,483258,36.69665,39,1015
20,218,483284,23.873233,26,1030
20,218,483318,26.676496,34,1008
20,218,483359,35.509785,41,1027
20,218,483394,29.736508,35,1015
20,218,483435,40.423308,41,1022
20,218,483475,37.212916,40,1058
20,218,483511,31.404388,36,1034
20,218,483549,22.849325,38,1003
20,218,483588,33.840766,39,1034
20,218,483627,28.851719,39,1002
20,218,483665,41.084247,38,1059
20,218,483700,18.281699,35,1044
20,218,483740,32.450273,40,1047
20,218,483778,26.02905,38,1057
20,218,483818,35.03753,40,1047
20,218,483856,31.751848,38,1027
20,218,483893,37.712446,37,1041
20,218,483929,46.126804,36,1028
20,218,483969,31.009166,40,1004
20,218,484005,27.081935,36,1017
20,218,484045,34.527796,40,1002
20,218,484077,27.983401,32,1013
20,218,484115,30.70991,38,1011
20,218,484148,39.02766,33,1045
20,218,484183,26.342389,35,1014
20,218,484226,34.832849,43,1018
20,218,484248,21.567544,22,1053
20,218,484290,36.441529,42,1050
20,218,484335,40.16199,45,1059
20,218,484375,35.078933,40,1032
20,218,484411,26.251246,36,1040
20,218,484444,24.053159,33,1010
20,218,484479,34.935739,35,1024
20,218,484512,31.425745,33,1036
20,218,484552,35.874397,40,1037
20,218,484588,31.031956,36,1008
20,218,484631,33.057617,43,1047
20,218,484667,23.101564,36,1010
20,218,484710,27.333615,43,1004
20,218,484747,31.547954,37,1014
20,218,484792,38.66985,45,1049
20,218,484834,40.925561,42,1032
20,218,484876,27.002554,42,1021
20,218,484911,29.510073,35,1022
20,218,484947,23.568013,36,1017
20,218,484985,40.664343,38,1058
20,218,485027,31.074584,42,1036
20,218,485063,29.445471,36,1003
20,218,485101,24.156307,38,1054
20,218,485137,23.885634,36,1008
20,218,485175,39.827482,38,1002
20,218,485214,38.343953,39,1050
20,218,485254,38.484124,40,1010
20,218,485295,39.079151,41,1006
20,218,485336,40.77256,41,1053
20,218,485368,25.847093,32,1034
20,218,485404,34.637982,36,1039
20,218,485441,44.215712,37,1049
20,218,485479,25.840825,38,1012
20,218,485515,43.394533,36,1040
20,218,485557,21.771042,42,1057
20,218,485588,33.059535,31,1030
20,218,485630,37.67208,42,1049
20,218,485664,27.983755,34,1019
20,218,485707,37.774494,43,1059
20,218,485743,32.938302,36,1018
20,218,485789,33.978887,46,1031
20,218,485829,35.819165,40,1021
20,218,485863,39.142125,34,1023
20,218,485898,33.163906,35,1054
20,218,485933,30.751693,35,1017
20,218,485971,35.965421,38,1024
20,218,486004,29.664659,33,1044
20,218,486038,37.737365,34,1003
20,218,486079,27.850164,41,1044
20,218,486129,39.728234,50,1020
20,218,486162,32.432278,33,1036
20,218,486203,30.692479,41,1018
20,218,486242,27.028075,39,1029
20,218,486283,28.486172,41,1031
20,218,486321,29.698324,38,1022
20,218,486356,29.888404,35,1040
20,218,486395,26.747364,39,1051
20,218,486438,27.752787,43,1020
20,218,486473,27.006967,35,1010
20,218,486504,31.070794,31,1047
20,218,486539,25.789271,35,1010
20,218,486575,28.706845,36,1003
20,218,486611,36.510268,36,1019
20,218,486645,35.546191,34,1019
20,218,486683,39.26433,38,1017
20,218,486720,37.083778,37,1041
20,218,486759,28.993614,39,1035
20,218,486789,37.494618,30,1026
20,218,486825,23.771129,36,1044
20,218,486867,46.978093,42,1032
20,218,486901,28.972505,34,1012
20,218,486939,36.468422,38,1037
20,218,486975,25.238416,36,1051
20,218,487014,30.119624,39,1002
20,218,487052,33.811687,38,1046
20,218,487081,31.460563,29,1034
20,218,487113,29.412324,32,1012
20,218,487149,23.957623,36,1060
20,218,487186,40.558492,37,1031
20,218,487221,42.676814,35,1026
20,218,487260,39.419523,39,1043
20,218,487290,34.224666,30,1034
20,218,487329,28.252056,39,1021
20,218,487362,33.398402,33,1058
20,218,487398,43.965385,36,1026
20,218,487434,24.830477,36,1008
20,218,487471,39.771506,37,1030
20,218,487509,37.88341,38,1039
20,218,487546,36.122421,37,1032
20,218,487580,40.473808,34,1050
20,218,487619,32.42354,39,1021
20,218,487654,31.731674,35,1013
20,218,487688,28.272876,34,1034
20,218,487722,38.742865,34,1053
20,218,487762,32.606199,40,1033
20,218,487799,35.79839,37,1042
20,218,487837,33.528375,38,1016
20,218,487880,29.388194,43,1005
20,218,487917,33.168261,37,1036
20,218,487944,38.389505,27,1002
20,218,487984,41.890487,40,1016
20,218,488017,25.65669,33,1017
20,218,488053,26.387608,36,1029
20,218,488095,39.958402,42,1055
20,218,488136,38.754832,41,1023
20,218,488178,30.344984,42,1021
20,218,488214,25.025447,36,1053
20,218,488254,29.034225,40,1021
20,218,488291,25.673169,37,1057
20,218,488323,28.038573,32,1012
20,218,488362,24.863977,39,1003
20,218,488398,32.17643,36,1035
20,218,488431,35.960933,33,1042
20,218,488469,33.582723,38,1054
20,218,488514,37.798085,45,1016
20,218,488552,42.381264,38,1032
20,218,488592,25.358335,40,1029
20,218,488626,33.215208,34,1015
20,218,488661,38.172751,35,1022
20,218,488695,39.056101,34,1009
20,218,488727,37.246879,32,1054
20,218,488768,33.340261,41,1035
20,218,488803,30.823826,35,1042
20,218,488837,34.088563,34,1038
20,218,488875,29.738676,38,1022
20,218,488907,32.816631,32,1033
20,218,488940,28.984556,33,1041
20,218,488976,29.859207,36,1002
20,218,489018,38.616516,42,1005
20,218,489050,38.411288,32,1014
20,218,489091,30.354353,41,1024
20,218,489132,31.498823,41,1042
20,218,489169,27.501285,37,1040
20,218,489214,19.730723,45,1030
20,218,489254,31.910024,40,1030
20,218,489293,25.698413,39,1034
20,218,489332,41.566863,39,1006
20,218,489374,34.249073,42,1059
20,218,489417,30.339828,43,1051
20,218,489450,24.094861,33,1022
20,218,489487,29.025246,37,1038
20,218,489529,34.887374,42,1026
20,218,489568,31.605996,39,1041
20,218,489607,43.018153,39,1007
20,218,489640,23.591454,33,1012
20,218,489677,34.301543,37,1056
20,218,489713,40.063929,36,1002
20,218,489751,31.884327,38,1055
20,218,489789,28.166998,38,1023
20,218,489835,44.136191,46,1049
20,218,489867,33.992866,32,1039
20,218,489904,37.206978,37,1050
20,218,489945,36.15626,41,1041
20,218,489974,35.341037,29,1015
20,218,490008,28.404625,34,1044
20,218,490045,41.272442,37,1059
20,218,490086,31.342246,41,1033
20,218,490122,41.261564,36,1055
20,218,490170,36.734086,48,1059
20,218,490215,34.055295,45,1005
20,218,490255,35.112218,40,1032
20,218,490297,35.886987,42,1055
20,218,490336,34.759803,39,1038
20,218,490374,28.476884,38,1047
20,218,490411,33.319196,37,1041
20,218,490440,32.614849,29,1034
20,218,490473,29.69887,33,1052
20,218,490514,36.313694,41,1004
20,218,490548,28.368221,34,1042
20,218,490582,33.203084,34,1017
20,218,490618,35.711771,36,1041
20,218,490655,38.019454,37,1009
20,218,490693,34.648463,38,1048
20,218,490732,35.03403,39,1005
20,218,490771,37.70512,39,1043
20,218,490809,27.083125,38,1048
20,218,490849,39.394071,40,1002
20,218,490884,32.766649,35,1015
20,218,490924,33.143759,40,1022
20,218,490961,29.19927,37,1027
20,218,490993,26.380535,32,1010
20,218,491029,23.786086,36,1044
20,218,491065,38.362071,36,1023
20,218,491092,41.606479,27,1028
20,218,491130,16.705488,38,1044
20,218,491161,32.105617,31,1053
20,218,491198,31.66994,37,1054
20,218,491229,29.381336,31,1057
20,218,491264,25.071353,35,1051
20,218,491297,23.994352,33,1022
20,218,491334,29.106364,37,1046
20,218,491375,39.262595,41,1031
20,218,491407,37.084967,32,1034
20,218,491445,35.199813,38,1021
20,218,491486,30.761369,41,1042
20,218,491520,31.013463,34,1054
20,218,491561,32.597109,41,1041
20,218,491601,35.855155,40,1016
20,218,491648,30.489779,47,1016
20,218,491696,31.794363,48,1016
20,218,491740,34.211766,44,1016
20,218,491783,22.959228,43,1008
20,218,491821,35.450927,38,1036
20,218,491859,32.957468,38,1023
20,218,491899,33.804282,40,1046
20,218,491935,40.626869,36,1050
20,218,491973,42.640212,38,1028
20,218,492012,44.433944,39,1032
20,218,492056,38.639383,44,1032
20,218,492093,30.378688,37,1030
20,218,492134,33.256975,41,1009
20,218,492169,33.615634,35,1022
20,218,492205,36.156151,36,1025
20,218,492248,29.409603,43,1056
20,218,492288,39.473554,40,1016
20,218,492332,26.043461,44,1037
20,218,492367,26.156384,35,1053
20,218,492402,35.980652,35,1015
20,218,492445,30.213798,43,1029
20,218,492481,30.434494,36,1038
20,218,492516,37.992623,35,1001
20,218,492559,37.701018,43,1059
20,218,492603,33.728311,44,1004
20,218,492640,37.432202,37,1002
20,218,492682,32.827602,42,1007
20,218,492721,33.613772,39,1002
20,218,492766,44.537225,45,1006
20,218,492810,37.797369,44,1037
20,218,492849,19.753136,39,1030
20,218,492885,35.956035,36,1022
20,218,492919,35.384399,34,1029
20,218,492960,34.804583,41,1021
20,218,492999,33.476016,39,1031
20,218,493025,31.899634,26,1044
20,218,493061,30.312156,36,1012
20,218,493099,36.009005,38,1042
20,218,493133,27.631702,34,1013
20,218,493172,47.024075,39,1004
20,218,493209,36.293667,37,1036
20,218,493254,30.429819,45,1020
20,218,493290,41.00583,36,1046
20,218,493324,24.660106,34,1051
20,218,493366,33.196054,42,1010
20,218,493400,33.087919,34,1027
20,218,493440,23.831087,40,1060
20,218,493476,33.379202,36,1046
20,218,493517,43.331409,41,1045
20,218,493557,39.004978,40,1015
20,218,493600,31.657805,43,1033
20,218,493639,39.423453,39,1042
20,218,493676,24.165373,37,1012
20,218,493708,33.001415,32,1042
20,218,493745,30.902644,37,1050
20,218,493778,20.034158,33,1030
20,218,493817,35.527281,39,1041
20,218,493856,30.25176,39,1034
20,218,493889,32.538549,33,1036
20,218,493926,27.552926,37,1047
20,218,493963,38.925377,37,1052
20,218,494001,40.454832,38,1045
20,218,494039,27.637695,38,1025
20,218,494081,48.206615,42,1004
20,218,494119,32.053877,38,1055
20,218,494159,45.153509,40,1004
20,218,494193,34.619708,34,1042
20,218,494231,41.43189,38,1023
20,218,494269,33.086325,38,1038
20,218,494309,32.110514,40,1031
20,218,494342,23.968569,33,1015
20,218,494380,29.104745,38,1047
20,218,494422,33.946877,42,1058
20,218,494460,35.939153,38,1037
20,218,494503,37.722726,43,1036
20,218,494543,43.241411,40,1025
20,218,494575,25.178661,32,1019
20,218,494616,30.840658,41,1052
20,218,494650,48.057682,34,1028
20,218,494691,36.25644,41,1028
20,218,494728,23.949813,37,1040
20,218,494765,31.224468,37,1038
20,218,494808,34.555539,43,1011
20,218,494847,37.000447,39,1055
20,218,494888,31.849869,41,1046
20,218,494934,39.684443,46,1031
20,218,494974,43.906155,40,1004
20,218,495014,21.155056,40,1019
20,218,495055,32.098983,41,1001
20,218,495091,37.194832,36,1023
20,218,495130,43.499042,39,1009
20,218,495171,32.912993,41,1015
20,218,495202,28.7216,31,1013
20,218,495239,31.875004,37,1029
20,218,495274,36.942035,35,1054
20,218,495310,23.597555,36,1019
20,218,495350,28.115098,40,1013
20,218,495383,35.151248,33,1011
20,218,495419,42.233223,36,1024
20,218,495462,29.187984,43,1016
20,218,495506,36.781219,44,1048
20,218,495541,24.338875,35,1007
20,218,495582,32.977125,41,1021
20,218,495620,36.67786,38,1011
20,218,495657,19.743422,37,1051
20,218,495689,44.135364,32,1046
20,218,495725,34.887985,36,1031
20,218,495760,33.626353,35,1047
20,218,495804,31.734252,44,1029
20,218,495848,26.675327,44,1042
20,218,495888,23.322422,40,1019
20,218,495926,35.482164,38,1004
20,218,495968,29.895053,42,1022
20,218,496003,31.602418,35,1036
20,218,496038,24.827279,35,1060
20,218,496078,21.992391,40,1003
20,218,496121,33.481184,43,1007
20,218,496161,34.713456,40,1055
20,218,496205,40.894012,44,1032
20,218,496240,23.406986,35,1013
20,218,496277,24.783732,37,1060
20,218,496318,47.957586,41,1004
20,218,496357,36.975969,39,1043
20,218,496399,30.177464,42,1031
20,218,496437,34.647811,38,1023
20,218,496473,28.320093,36,1047
20,218,496518,44.523191,45,1016
20,218,496559,42.691259,41,1059
20,218,496596,31.488492,37,1027
20,218,496636,21.602429,40,1054
20,218,496678,40.219995,42,1025
20,218,496712,29.180331,34,1013
20,218,496748,21.632557,36,1008
20,218,496786,41.847695,38,1032
20,218,496826,47.863439,40,1025
20,218,496858,31.330549,32,1054
20,218,496897,34.912464,39,1016
20,218,496931,34.934916,34,1015
20,218,496970,25.573098,39,1052
20,218,497002,30.566993,32,1008
20,218,497041,35.651532,39,1041
20,218,497081,44.930706,40,1050
20,218,497116,34.661821,35,1039
20,218,497151,33.577861,35,1017
20,218,497191,36.435041,40,1026
20,218,497229,39.108067,38,1046
20,218,497269,38.670894,40,1039
20,218,497311,29.013808,42,1057
20,218,497344,42.816126,33,1022
20,218,497383,35.311893,39,1042
20,218,497412,35.967052,29,1053
20,218,497448,36.416163,36,1026
20,218,497488,36.788319,40,1049
20,218,497526,38.931283,38,1005
20,218,497567,38.392878,41,1045
20,218,497612,39.039386,45,1024
20,218,497653,38.79337,41,1045
20,218,497689,41.393615,36,1026
20,218,497728,35.94575,39,1055
20,218,497768,40.250924,40,1024
20,218,497796,22.939521,28,1008
20,218,497832,39.078467,36,1010
20,218,497871,37.445546,39,1033
20,218,497912,37.253597,41,1006
20,218,497951,23.093569,39,1022
20,218,497986,33.126819,35,1039
20,218,498015,28.777684,29,1044
20,218,498055,27.369138,40,1045
20,218,498090,33.270762,35,1017
20,218,498133,39.987287,43,1006
20,218,498173,35.349486,40,1042
20,218,498210,35.002475,37,1042
20,218,498251,28.702222,41,1014
20,218,498287,35.728746,36,1017
20,218,498325,32.275283,38,1003
20,218,498364,39.612217,39,1001
20,218,498400,30.008711,36,1010
20,218,498441,31.311854,41,1001
20,218,498481,35.446478,40,1043
20,218,498524,32.62074,43,1041
20,218,498568,31.495889,44,1021
20,218,498605,32.056241,37,1005
20,218,498636,25.440952,31,1013
20,218,498675,29.540789,39,1042
20,218,498714,23.385785,39,1003
20,218,498750,33.134881,36,1043
20,218,498794,38.706884,44,1015
20,218,498832,27.903653,38,1013
20,218,498870,42.745353,38,1028
20,218,498911,30.876085,41,1045
20,218,498952,34.559025,41,1031
20,218,498995,34.679043,43,1007
20,218,499041,35.707784,46,1056
20,218,499080,29.844361,39,1017
20,218,499118,32.291901,38,1053
20,218,499153,39.69397,35,1028
20,218,499194,40.779729,41,1022
20,218,499240,33.352576,46,1007
20,218,499277,41.17293,37,1042
20,218,499316,37.790598,39,1059
20,218,499363,36.594229,47,1005
20,218,499400,29.498328,37,1011
20,218,499438,36.403917,38,1026
20,218,499477,33.9409,39,1010
20,218,499514,26.282368,37,1008
20,218,499551,31.713576,37,1027
20,218,499590,30.626228,39,1043
20,218,499628,28.46675,38,1036
20,218,499672,41.697186,44,1032
20,218,499711,45.703754,39,1020
20,218,499745,36.586154,34,1058
20,218,499788,30.642671,43,1034
20,218,499829,36.537655,41,1036
20,218,499865,29.190044,36,1010
20,218,499909,43.73395,44,1018
20,218,499951,37.56589,42,1026
20,218,499990,25.896725,39,1060
20,218,500034,53.134494,44,1004
20,218,500071,28.532999,37,1018
20,218,500119,35.30322,48,1020
20,218,500148,41.505477,29,1001
20,218,500182,18.578472,34,1045
20,218,500212,39.034711,30,1058
20,218,500246,25.091275,34,1057
20,218,500291,27.297708,45,1019
20,218,500332,37.155745,41,1007
20,218,500368,29.984253,36,1053
20,218,500406,34.14372,38,1035
20,218,500443,44.695132,37,1025
20,218,500483,27.378783,40,1030
20,218,500519,27.177637,36,1052
20,218,500553,33.270579,34,1010
20,218,500590,28.37227,37,1057
20,218,500629,25.019203,39,1012
20,218,500666,37.797003,37,1058
20,218,500708,31.151389,42,1031
20,218,500742,31.058306,34,1054
20,218,500783,35.65216,41,1033
20,218,500822,28.69465,39,1017
20,218,500858,33.104395,36,1031
20,218,500899,28.089032,41,1013
20,218,500946,37.311465,47,1020
20,218,500988,24.167012,42,1013
20,218,501034,33.4482,46,1016
20,218,501075,31.212808,41,1038
20,218,501107,36.007885,32,1010
20,218,501150,38.254291,43,1055
20,218,501188,29.318218,38,1054
20,218,501226,24.627371,38,1008
20,218,501264,21.430999,38,1013
20,218,501304,33.044793,40,1056
20,218,501344,22.717191,40,1051
20,218,501376,24.392237,32,1060
20,218,501412,27.984859,36,1030
20,218,501457,36.481101,45,1059
20,218,501495,39.918296,38,1024
20,218,501540,33.041501,45,1021
20,218,501584,40.926425,44,1006
20,218,501627,38.623989,43,1009
20,218,501668,36.191374,41,1009
20,218,501712,31.969568,44,1009
20,218,501755,33.021552,43,1004
20,218,501796,21.118378,41,1003
20,218,501832,31.930492,36,1056
20,218,501873,36.551058,41,1005
20,218,501906,23.671552,33,1003
20,218,501948,30.636119,42,1035
20,218,501993,35.214473,45,1020
20,218,502031,26.149274,38,1013
20,218,502069,44.280647,38,1025
20,218,502103,36.900699,34,1033
20,218,502144,35.065574,41,1059
20,218,502183,43.050961,39,1048
20,218,502220,29.270783,37,1004
20,218,502261,39.97578,41,1009
20,218,502298,46.022497,37,1025
20,218,502340,19.65827,42,1013
20,218,502372,25.464052,32,1057
20,218,502412,30.291212,40,1058
20,218,502447,33.137137,35,1034
20,218,502490,33.365061,43,1049
20,218,502526,29.48997,36,1051
20,218,502564,31.186432,38,1026
20,218,502604,25.755098,40,1053
20,218,502640,38.724489,36,1055
20,218,502680,40.292706,40,1032
20,218,502717,29.009223,37,1019
20,218,502754,23.603027,37,1057
20,218,502793,40.938005,39,1024
20,218,502830,37.330504,37,1016
20,218,502864,25.720561,34,1034
20,218,502907,42.095478,43,1004
20,218,502947,23.316133,40,1039
20,218,502990,35.940784,43,1032
20,218,503028,29.967342,38,1038
20,218,503065,38.704851,37,1043
20,218,503095,29.263095,30,1030
20,218,503135,33.068512,40,1042
20,218,503177,34.875962,42,1018
20,218,503216,36.321879,39,1005
20,218,503257,32.024405,41,1006
20,218,503296,29.857485,39,1037
20,218,503326,35.448078,30,1046
20,218,503364,21.633537,38,1057
20,218,503406,42.437024,42,1009
20,218,503444,36.134113,38,1056
20,218,503474,33.207434,30,1010
20,218,503519,41.461987,45,1056
20,218,503558,29.643906,39,1042
20,218,503601,34.988613,43,1032
20,218,503643,29.588196,42,1040
20,218,503681,35.401137,38,1016
20,218,503716,24.611164,35,1044
20,218,503754,35.060608,38,1041
20,218,503786,27.668262,32,1053
