Scenario,Tasks,Method,Accumulated Benefit,Physical Completed Tasks,Average Response Time,Maximum Response Time,Productive Time,Active Time,Total Task Flight Time,Total Return Flight Time,Total Flight Time,Total Recovery Time,Operational Cost Proxy,Runtime sec,Optimal Certified,MIP Gap,Variables,Constraints
6helos_7areas_T20_S1,20,Greedy,0.6142218130058903,17,33.0,82.0,259.04505933124994,429.34751782205194,157.04505933124997,152.302458490802,309.34751782205194,18.0,327.34751782205194,0.0006082057952880859,False,,,
6helos_7areas_T20_S1,20,Exact-HiGHS,0.6793252525886518,19,30.105263157894736,72.0,257.82649420224936,334.5849409284039,143.82649420224936,66.75844672615453,210.5849409284039,10.0,220.5849409284039,18.676608085632324,True,0.0,83317.0,26053.0
6helos_7areas_T30_S1,30,Greedy,0.4508922602311836,21,39.61904761904762,90.0,331.9363385862953,549.5238547231481,205.93633858629525,195.58751613685283,401.5238547231481,22.0,423.5238547231481,0.0003237724304199219,False,,,
6helos_7areas_T30_S1,30,Exact-HiGHS,0.528899340040033,24,39.5,101.0,334.33115970521635,541.8648609632783,190.33115970521635,183.53370125806188,373.86486096327826,24.0,397.86486096327826,38.686009883880615,True,0.0,170653.0,52843.0
6helos_7areas_T40_S1,40,Greedy,0.35984064396747595,27,48.7037037037037,115.0,391.2590403131247,625.3529532799323,229.25904031312467,208.09391296680766,437.3529532799323,26.0,463.3529532799323,0.000614166259765625,False,,,
6helos_7areas_T40_S1,40,Exact-HiGHS,0.43047725303215,29,45.13793103448276,115.0,395.810015513574,628.1543921097725,221.810015513574,204.34437659619846,426.15439210977246,28.0,454.15439210977246,418.8400630950928,True,0.0,452702.0,129830.0
6helos_7areas_T50_S1,50,Greedy,0.3044862925527771,28,49.142857142857146,116.0,407.4562609528583,671.5698597578013,239.45626095285832,234.11359880494297,473.5698597578013,30.0,503.5698597578013,0.0010159015655517578,False,,,
6helos_7areas_T50_S1,50,Exact-HiGHS,0.36803417956208906,30,44.5,116.0,392.5584606768242,628.3384317041123,212.55846067682424,207.77997102728807,420.3384317041123,28.0,448.3384317041123,991.5800898075104,True,0.0,700762.0,197407.0
6helos_7areas_T60_S1,60,Greedy,0.2962909207879837,31,47.38709677419355,123.0,416.6351220352261,655.3705293710491,230.6351220352261,206.73540733582297,437.3705293710491,32.0,469.3705293710491,0.0011630058288574219,False,,,
